month_date,state,maker,powertrain,registrations
2026-01-01,Andaman and Nicobar Islands,JSW MG MOTOR INDIA PVT LTD,Electric (EV),4
2026-03-01,Andaman and Nicobar Islands,JSW MG MOTOR INDIA PVT LTD,Electric (EV),1
2026-04-01,Andaman and Nicobar Islands,JSW MG MOTOR INDIA PVT LTD,Electric (EV),2
2026-05-01,Andaman and Nicobar Islands,JSW MG MOTOR INDIA PVT LTD,Electric (EV),1
2026-06-01,Andaman and Nicobar Islands,JSW MG MOTOR INDIA PVT LTD,Electric (EV),1
2026-02-01,Andaman and Nicobar Islands,MAHINDRA ELECTRIC AUTOMOBILE LTD,Electric (EV),1
2026-04-01,Andaman and Nicobar Islands,MAHINDRA ELECTRIC AUTOMOBILE LTD,Electric (EV),1
2026-04-01,Andaman and Nicobar Islands,MARUTI SUZUKI INDIA LTD,Electric (EV),1
2026-05-01,Andaman and Nicobar Islands,MARUTI SUZUKI INDIA LTD,Electric (EV),1
2026-01-01,Andaman and Nicobar Islands,TATA PASSENGER ELECTRIC MOBILITY LTD,Electric (EV),3
2026-02-01,Andaman and Nicobar Islands,TATA PASSENGER ELECTRIC MOBILITY LTD,Electric (EV),4
2026-03-01,Andaman and Nicobar Islands,TATA PASSENGER ELECTRIC MOBILITY LTD,Electric (EV),1
2026-05-01,Andaman and Nicobar Islands,TATA PASSENGER ELECTRIC MOBILITY LTD,Electric (EV),2
2026-06-01,Andaman and Nicobar Islands,TATA PASSENGER ELECTRIC MOBILITY LTD,Electric (EV),1
2026-01-01,Andhra Pradesh,BMW INDIA PVT LTD,Electric (EV),7
2026-02-01,Andhra Pradesh,BMW INDIA PVT LTD,Electric (EV),3
2026-03-01,Andhra Pradesh,BMW INDIA PVT LTD,Electric (EV),9
2026-04-01,Andhra Pradesh,BMW INDIA PVT LTD,Electric (EV),13
2026-05-01,Andhra Pradesh,BMW INDIA PVT LTD,Electric (EV),4
2026-06-01,Andhra Pradesh,BMW INDIA PVT LTD,Electric (EV),7
2026-01-01,Andhra Pradesh,BYD INDIA PRIVATE LIMITED,Electric (EV),5
2026-02-01,Andhra Pradesh,BYD INDIA PRIVATE LIMITED,Electric (EV),4
2026-03-01,Andhra Pradesh,BYD INDIA PRIVATE LIMITED,Electric (EV),12
2026-04-01,Andhra Pradesh,BYD INDIA PRIVATE LIMITED,Electric (EV),12
2026-05-01,Andhra Pradesh,BYD INDIA PRIVATE LIMITED,Electric (EV),19
2026-06-01,Andhra Pradesh,BYD INDIA PRIVATE LIMITED,Electric (EV),18
2026-01-01,Andhra Pradesh,HYUNDAI MOTOR INDIA LTD,Electric (EV),11
2026-02-01,Andhra Pradesh,HYUNDAI MOTOR INDIA LTD,Electric (EV),10
2026-03-01,Andhra Pradesh,HYUNDAI MOTOR INDIA LTD,Electric (EV),6
2026-04-01,Andhra Pradesh,HYUNDAI MOTOR INDIA LTD,Electric (EV),12
2026-05-01,Andhra Pradesh,HYUNDAI MOTOR INDIA LTD,Electric (EV),16
2026-06-01,Andhra Pradesh,HYUNDAI MOTOR INDIA LTD,Electric (EV),8
2026-01-01,Andhra Pradesh,JSW MG MOTOR INDIA PVT LTD,Electric (EV),115
2026-02-01,Andhra Pradesh,JSW MG MOTOR INDIA PVT LTD,Electric (EV),114
2026-03-01,Andhra Pradesh,JSW MG MOTOR INDIA PVT LTD,Electric (EV),144
2026-04-01,Andhra Pradesh,JSW MG MOTOR INDIA PVT LTD,Electric (EV),195
2026-05-01,Andhra Pradesh,JSW MG MOTOR INDIA PVT LTD,Electric (EV),143
2026-06-01,Andhra Pradesh,JSW MG MOTOR INDIA PVT LTD,Electric (EV),98
2026-01-01,Andhra Pradesh,KIA INDIA PRIVATE LIMITED,Electric (EV),6
2026-02-01,Andhra Pradesh,KIA INDIA PRIVATE LIMITED,Electric (EV),5
2026-03-01,Andhra Pradesh,KIA INDIA PRIVATE LIMITED,Electric (EV),11
2026-04-01,Andhra Pradesh,KIA INDIA PRIVATE LIMITED,Electric (EV),7
2026-05-01,Andhra Pradesh,KIA INDIA PRIVATE LIMITED,Electric (EV),6
2026-06-01,Andhra Pradesh,KIA INDIA PRIVATE LIMITED,Electric (EV),8
2026-01-01,Andhra Pradesh,MAHINDRA & MAHINDRA LIMITED,Electric (EV),13
2026-02-01,Andhra Pradesh,MAHINDRA & MAHINDRA LIMITED,Electric (EV),4
2026-03-01,Andhra Pradesh,MAHINDRA & MAHINDRA LIMITED,Electric (EV),3
2026-04-01,Andhra Pradesh,MAHINDRA & MAHINDRA LIMITED,Electric (EV),6
2026-05-01,Andhra Pradesh,MAHINDRA & MAHINDRA LIMITED,Electric (EV),26
2026-06-01,Andhra Pradesh,MAHINDRA & MAHINDRA LIMITED,Electric (EV),14
2026-01-01,Andhra Pradesh,MAHINDRA ELECTRIC AUTOMOBILE LTD,Electric (EV),145
2026-02-01,Andhra Pradesh,MAHINDRA ELECTRIC AUTOMOBILE LTD,Electric (EV),127
2026-03-01,Andhra Pradesh,MAHINDRA ELECTRIC AUTOMOBILE LTD,Electric (EV),206
2026-04-01,Andhra Pradesh,MAHINDRA ELECTRIC AUTOMOBILE LTD,Electric (EV),271
2026-05-01,Andhra Pradesh,MAHINDRA ELECTRIC AUTOMOBILE LTD,Electric (EV),295
2026-06-01,Andhra Pradesh,MAHINDRA ELECTRIC AUTOMOBILE LTD,Electric (EV),226
2026-01-01,Andhra Pradesh,MARUTI SUZUKI INDIA LTD,Electric (EV),2
2026-02-01,Andhra Pradesh,MARUTI SUZUKI INDIA LTD,Electric (EV),8
2026-03-01,Andhra Pradesh,MARUTI SUZUKI INDIA LTD,Electric (EV),23
2026-04-01,Andhra Pradesh,MARUTI SUZUKI INDIA LTD,Electric (EV),42
2026-05-01,Andhra Pradesh,MARUTI SUZUKI INDIA LTD,Electric (EV),61
2026-06-01,Andhra Pradesh,MARUTI SUZUKI INDIA LTD,Electric (EV),45
2026-01-01,Andhra Pradesh,MERCEDES-BENZ AG,Electric (EV),1
2026-05-01,Andhra Pradesh,MERCEDES-BENZ AG,Electric (EV),2
2026-06-01,Andhra Pradesh,MERCEDES-BENZ AG,Electric (EV),3
2026-01-01,Andhra Pradesh,MERCEDES-BENZ INDIA PVT LTD,Electric (EV),3
2026-02-01,Andhra Pradesh,MERCEDES-BENZ INDIA PVT LTD,Electric (EV),2
2026-03-01,Andhra Pradesh,MERCEDES-BENZ INDIA PVT LTD,Electric (EV),1
2026-04-01,Andhra Pradesh,MERCEDES-BENZ INDIA PVT LTD,Electric (EV),1
2026-05-01,Andhra Pradesh,MERCEDES-BENZ INDIA PVT LTD,Electric (EV),2
2026-06-01,Andhra Pradesh,MERCEDES-BENZ INDIA PVT LTD,Electric (EV),2
2026-01-01,Andhra Pradesh,NANJING GOLDEN (IMPORTER: KALY EMOTORS),Electric (EV),1
2026-01-01,Andhra Pradesh,TATA PASSENGER ELECTRIC MOBILITY LTD,Electric (EV),209
2026-02-01,Andhra Pradesh,TATA PASSENGER ELECTRIC MOBILITY LTD,Electric (EV),155
2026-03-01,Andhra Pradesh,TATA PASSENGER ELECTRIC MOBILITY LTD,Electric (EV),219
2026-04-01,Andhra Pradesh,TATA PASSENGER ELECTRIC MOBILITY LTD,Electric (EV),297
2026-05-01,Andhra Pradesh,TATA PASSENGER ELECTRIC MOBILITY LTD,Electric (EV),346
2026-06-01,Andhra Pradesh,TATA PASSENGER ELECTRIC MOBILITY LTD,Electric (EV),229
2026-01-01,Andhra Pradesh,VINFAST AUTO INDIA PVT LTD,Electric (EV),28
2026-02-01,Andhra Pradesh,VINFAST AUTO INDIA PVT LTD,Electric (EV),9
2026-03-01,Andhra Pradesh,VINFAST AUTO INDIA PVT LTD,Electric (EV),12
2026-04-01,Andhra Pradesh,VINFAST AUTO INDIA PVT LTD,Electric (EV),46
2026-05-01,Andhra Pradesh,VINFAST AUTO INDIA PVT LTD,Electric (EV),64
2026-06-01,Andhra Pradesh,VINFAST AUTO INDIA PVT LTD,Electric (EV),57
2026-05-01,Andhra Pradesh,VOLVO AUTO INDIA PVT LTD,Electric (EV),3
2026-06-01,Andhra Pradesh,VOLVO AUTO INDIA PVT LTD,Electric (EV),1
2026-01-01,Arunachal Pradesh,JSW MG MOTOR INDIA PVT LTD,Electric (EV),1
2026-02-01,Arunachal Pradesh,JSW MG MOTOR INDIA PVT LTD,Electric (EV),2
2026-03-01,Arunachal Pradesh,JSW MG MOTOR INDIA PVT LTD,Electric (EV),1
2026-06-01,Arunachal Pradesh,JSW MG MOTOR INDIA PVT LTD,Electric (EV),1
2026-01-01,Arunachal Pradesh,MAHINDRA ELECTRIC AUTOMOBILE LTD,Electric (EV),3
2026-03-01,Arunachal Pradesh,MAHINDRA ELECTRIC AUTOMOBILE LTD,Electric (EV),2
2026-04-01,Arunachal Pradesh,MAHINDRA ELECTRIC AUTOMOBILE LTD,Electric (EV),3
2026-05-01,Arunachal Pradesh,MAHINDRA ELECTRIC AUTOMOBILE LTD,Electric (EV),1
2026-06-01,Arunachal Pradesh,MAHINDRA ELECTRIC AUTOMOBILE LTD,Electric (EV),1
2026-01-01,Arunachal Pradesh,MARUTI SUZUKI INDIA LTD,Electric (EV),1
2026-05-01,Arunachal Pradesh,MARUTI SUZUKI INDIA LTD,Electric (EV),1
2026-06-01,Arunachal Pradesh,MARUTI SUZUKI INDIA LTD,Electric (EV),2
2026-01-01,Arunachal Pradesh,TATA PASSENGER ELECTRIC MOBILITY LTD,Electric (EV),2
2026-02-01,Arunachal Pradesh,TATA PASSENGER ELECTRIC MOBILITY LTD,Electric (EV),2
2026-03-01,Arunachal Pradesh,TATA PASSENGER ELECTRIC MOBILITY LTD,Electric (EV),4
2026-04-01,Arunachal Pradesh,TATA PASSENGER ELECTRIC MOBILITY LTD,Electric (EV),5
2026-06-01,Arunachal Pradesh,TATA PASSENGER ELECTRIC MOBILITY LTD,Electric (EV),2
2026-06-01,Assam,BMW INDIA PVT LTD,Electric (EV),1
2026-02-01,Assam,HYUNDAI MOTOR INDIA LTD,Electric (EV),1
2026-03-01,Assam,HYUNDAI MOTOR INDIA LTD,Electric (EV),1
2026-05-01,Assam,HYUNDAI MOTOR INDIA LTD,Electric (EV),2
2026-01-01,Assam,JSW MG MOTOR INDIA PVT LTD,Electric (EV),10
2026-02-01,Assam,JSW MG MOTOR INDIA PVT LTD,Electric (EV),11
2026-03-01,Assam,JSW MG MOTOR INDIA PVT LTD,Electric (EV),19
2026-04-01,Assam,JSW MG MOTOR INDIA PVT LTD,Electric (EV),7
2026-05-01,Assam,JSW MG MOTOR INDIA PVT LTD,Electric (EV),25
2026-06-01,Assam,JSW MG MOTOR INDIA PVT LTD,Electric (EV),11
2026-03-01,Assam,KIA INDIA PRIVATE LIMITED,Electric (EV),1
2026-04-01,Assam,KIA INDIA PRIVATE LIMITED,Electric (EV),1
2026-01-01,Assam,MAHINDRA ELECTRIC AUTOMOBILE LTD,Electric (EV),3
2026-02-01,Assam,MAHINDRA ELECTRIC AUTOMOBILE LTD,Electric (EV),3
2026-03-01,Assam,MAHINDRA ELECTRIC AUTOMOBILE LTD,Electric (EV),3
2026-04-01,Assam,MAHINDRA ELECTRIC AUTOMOBILE LTD,Electric (EV),1
2026-05-01,Assam,MAHINDRA ELECTRIC AUTOMOBILE LTD,Electric (EV),13
2026-06-01,Assam,MAHINDRA ELECTRIC AUTOMOBILE LTD,Electric (EV),10
2026-01-01,Assam,MARUTI SUZUKI INDIA LTD,Electric (EV),5
2026-02-01,Assam,MARUTI SUZUKI INDIA LTD,Electric (EV),7
2026-03-01,Assam,MARUTI SUZUKI INDIA LTD,Electric (EV),2
2026-04-01,Assam,MARUTI SUZUKI INDIA LTD,Electric (EV),12
2026-05-01,Assam,MARUTI SUZUKI INDIA LTD,Electric (EV),5
2026-06-01,Assam,MARUTI SUZUKI INDIA LTD,Electric (EV),5
2026-01-01,Assam,MERCEDES-BENZ AG,Electric (EV),1
2026-01-01,Assam,TATA PASSENGER ELECTRIC MOBILITY LTD,Electric (EV),12
2026-02-01,Assam,TATA PASSENGER ELECTRIC MOBILITY LTD,Electric (EV),18
2026-03-01,Assam,TATA PASSENGER ELECTRIC MOBILITY LTD,Electric (EV),14
2026-04-01,Assam,TATA PASSENGER ELECTRIC MOBILITY LTD,Electric (EV),24
2026-05-01,Assam,TATA PASSENGER ELECTRIC MOBILITY LTD,Electric (EV),41
2026-06-01,Assam,TATA PASSENGER ELECTRIC MOBILITY LTD,Electric (EV),10
2026-01-01,Assam,TESLA INDIA MOTORS AND ENERGY PVT LTD,Electric (EV),1
2026-02-01,Bihar,BMW INDIA PVT LTD,Electric (EV),4
2026-03-01,Bihar,BMW INDIA PVT LTD,Electric (EV),1
2026-04-01,Bihar,BMW INDIA PVT LTD,Electric (EV),3
2026-06-01,Bihar,BMW INDIA PVT LTD,Electric (EV),1
2026-03-01,Bihar,HYUNDAI MOTOR INDIA LTD,Electric (EV),2
2026-04-01,Bihar,HYUNDAI MOTOR INDIA LTD,Electric (EV),1
2026-05-01,Bihar,HYUNDAI MOTOR INDIA LTD,Electric (EV),2
2026-06-01,Bihar,HYUNDAI MOTOR INDIA LTD,Electric (EV),1
2026-01-01,Bihar,JSW MG MOTOR INDIA PVT LTD,Electric (EV),12
2026-02-01,Bihar,JSW MG MOTOR INDIA PVT LTD,Electric (EV),12
2026-03-01,Bihar,JSW MG MOTOR INDIA PVT LTD,Electric (EV),11
2026-04-01,Bihar,JSW MG MOTOR INDIA PVT LTD,Electric (EV),15
2026-05-01,Bihar,JSW MG MOTOR INDIA PVT LTD,Electric (EV),17
2026-06-01,Bihar,JSW MG MOTOR INDIA PVT LTD,Electric (EV),5
2026-01-01,Bihar,KIA INDIA PRIVATE LIMITED,Electric (EV),2
2026-02-01,Bihar,KIA INDIA PRIVATE LIMITED,Electric (EV),2
2026-04-01,Bihar,KIA INDIA PRIVATE LIMITED,Electric (EV),3
2026-05-01,Bihar,KIA INDIA PRIVATE LIMITED,Electric (EV),3
2026-06-01,Bihar,KIA INDIA PRIVATE LIMITED,Electric (EV),1
2026-04-01,Bihar,MAHINDRA & MAHINDRA LIMITED,Electric (EV),1
2026-05-01,Bihar,MAHINDRA & MAHINDRA LIMITED,Electric (EV),1
2026-01-01,Bihar,MAHINDRA ELECTRIC AUTOMOBILE LTD,Electric (EV),12
2026-02-01,Bihar,MAHINDRA ELECTRIC AUTOMOBILE LTD,Electric (EV),14
2026-03-01,Bihar,MAHINDRA ELECTRIC AUTOMOBILE LTD,Electric (EV),10
2026-04-01,Bihar,MAHINDRA ELECTRIC AUTOMOBILE LTD,Electric (EV),31
2026-05-01,Bihar,MAHINDRA ELECTRIC AUTOMOBILE LTD,Electric (EV),31
2026-06-01,Bihar,MAHINDRA ELECTRIC AUTOMOBILE LTD,Electric (EV),19
2026-01-01,Bihar,MARUTI SUZUKI INDIA LTD,Electric (EV),9
2026-02-01,Bihar,MARUTI SUZUKI INDIA LTD,Electric (EV),4
2026-03-01,Bihar,MARUTI SUZUKI INDIA LTD,Electric (EV),6
2026-04-01,Bihar,MARUTI SUZUKI INDIA LTD,Electric (EV),8
2026-05-01,Bihar,MARUTI SUZUKI INDIA LTD,Electric (EV),13
2026-06-01,Bihar,MARUTI SUZUKI INDIA LTD,Electric (EV),4
2026-01-01,Bihar,TATA PASSENGER ELECTRIC MOBILITY LTD,Electric (EV),100
2026-02-01,Bihar,TATA PASSENGER ELECTRIC MOBILITY LTD,Electric (EV),68
2026-03-01,Bihar,TATA PASSENGER ELECTRIC MOBILITY LTD,Electric (EV),81
2026-04-01,Bihar,TATA PASSENGER ELECTRIC MOBILITY LTD,Electric (EV),114
2026-05-01,Bihar,TATA PASSENGER ELECTRIC MOBILITY LTD,Electric (EV),134
2026-06-01,Bihar,TATA PASSENGER ELECTRIC MOBILITY LTD,Electric (EV),63
2026-05-01,Bihar,VINFAST AUTO INDIA PVT LTD,Electric (EV),9
2026-06-01,Bihar,VINFAST AUTO INDIA PVT LTD,Electric (EV),1
2026-01-01,Chandigarh,BMW INDIA PVT LTD,Electric (EV),3
2026-03-01,Chandigarh,BMW INDIA PVT LTD,Electric (EV),10
2026-04-01,Chandigarh,BMW INDIA PVT LTD,Electric (EV),3
2026-05-01,Chandigarh,BMW INDIA PVT LTD,Electric (EV),6
2026-06-01,Chandigarh,BMW INDIA PVT LTD,Electric (EV),2
2026-01-01,Chandigarh,BYD INDIA PRIVATE LIMITED,Electric (EV),6
2026-02-01,Chandigarh,BYD INDIA PRIVATE LIMITED,Electric (EV),4
2026-03-01,Chandigarh,BYD INDIA PRIVATE LIMITED,Electric (EV),7
2026-04-01,Chandigarh,BYD INDIA PRIVATE LIMITED,Electric (EV),7
2026-05-01,Chandigarh,BYD INDIA PRIVATE LIMITED,Electric (EV),5
2026-06-01,Chandigarh,BYD INDIA PRIVATE LIMITED,Electric (EV),15
2026-01-01,Chandigarh,HYUNDAI MOTOR INDIA LTD,Electric (EV),5
2026-02-01,Chandigarh,HYUNDAI MOTOR INDIA LTD,Electric (EV),4
2026-03-01,Chandigarh,HYUNDAI MOTOR INDIA LTD,Electric (EV),4
2026-05-01,Chandigarh,HYUNDAI MOTOR INDIA LTD,Electric (EV),6
2026-06-01,Chandigarh,HYUNDAI MOTOR INDIA LTD,Electric (EV),3
2026-01-01,Chandigarh,JSW MG MOTOR INDIA PVT LTD,Electric (EV),67
2026-02-01,Chandigarh,JSW MG MOTOR INDIA PVT LTD,Electric (EV),35
2026-03-01,Chandigarh,JSW MG MOTOR INDIA PVT LTD,Electric (EV),82
2026-04-01,Chandigarh,JSW MG MOTOR INDIA PVT LTD,Electric (EV),53
2026-05-01,Chandigarh,JSW MG MOTOR INDIA PVT LTD,Electric (EV),53
2026-06-01,Chandigarh,JSW MG MOTOR INDIA PVT LTD,Electric (EV),48
2026-01-01,Chandigarh,KIA INDIA PRIVATE LIMITED,Electric (EV),1
2026-02-01,Chandigarh,KIA INDIA PRIVATE LIMITED,Electric (EV),3
2026-03-01,Chandigarh,KIA INDIA PRIVATE LIMITED,Electric (EV),5
2026-04-01,Chandigarh,KIA INDIA PRIVATE LIMITED,Electric (EV),2
2026-05-01,Chandigarh,KIA INDIA PRIVATE LIMITED,Electric (EV),3
2026-06-01,Chandigarh,KIA INDIA PRIVATE LIMITED,Electric (EV),1
2026-01-01,Chandigarh,MAHINDRA & MAHINDRA LIMITED,Electric (EV),2
2026-02-01,Chandigarh,MAHINDRA & MAHINDRA LIMITED,Electric (EV),2
2026-03-01,Chandigarh,MAHINDRA & MAHINDRA LIMITED,Electric (EV),1
2026-04-01,Chandigarh,MAHINDRA & MAHINDRA LIMITED,Electric (EV),2
2026-05-01,Chandigarh,MAHINDRA & MAHINDRA LIMITED,Electric (EV),1
2026-01-01,Chandigarh,MAHINDRA ELECTRIC AUTOMOBILE LTD,Electric (EV),67
2026-02-01,Chandigarh,MAHINDRA ELECTRIC AUTOMOBILE LTD,Electric (EV),46
2026-03-01,Chandigarh,MAHINDRA ELECTRIC AUTOMOBILE LTD,Electric (EV),71
2026-04-01,Chandigarh,MAHINDRA ELECTRIC AUTOMOBILE LTD,Electric (EV),65
2026-05-01,Chandigarh,MAHINDRA ELECTRIC AUTOMOBILE LTD,Electric (EV),63
2026-06-01,Chandigarh,MAHINDRA ELECTRIC AUTOMOBILE LTD,Electric (EV),75
2026-01-01,Chandigarh,MARUTI SUZUKI INDIA LTD,Electric (EV),2
2026-02-01,Chandigarh,MARUTI SUZUKI INDIA LTD,Electric (EV),5
2026-03-01,Chandigarh,MARUTI SUZUKI INDIA LTD,Electric (EV),8
2026-04-01,Chandigarh,MARUTI SUZUKI INDIA LTD,Electric (EV),7
2026-05-01,Chandigarh,MARUTI SUZUKI INDIA LTD,Electric (EV),8
2026-06-01,Chandigarh,MARUTI SUZUKI INDIA LTD,Electric (EV),5
2026-02-01,Chandigarh,MERCEDES-BENZ AG,Electric (EV),1
2026-04-01,Chandigarh,MERCEDES-BENZ AG,Electric (EV),4
2026-06-01,Chandigarh,MERCEDES-BENZ AG,Electric (EV),1
2026-01-01,Chandigarh,MERCEDES-BENZ INDIA PVT LTD,Electric (EV),1
2026-03-01,Chandigarh,MERCEDES-BENZ INDIA PVT LTD,Electric (EV),1
2026-01-01,Chandigarh,TATA PASSENGER ELECTRIC MOBILITY LTD,Electric (EV),86
2026-02-01,Chandigarh,TATA PASSENGER ELECTRIC MOBILITY LTD,Electric (EV),46
2026-03-01,Chandigarh,TATA PASSENGER ELECTRIC MOBILITY LTD,Electric (EV),74
2026-04-01,Chandigarh,TATA PASSENGER ELECTRIC MOBILITY LTD,Electric (EV),106
2026-05-01,Chandigarh,TATA PASSENGER ELECTRIC MOBILITY LTD,Electric (EV),88
2026-06-01,Chandigarh,TATA PASSENGER ELECTRIC MOBILITY LTD,Electric (EV),61
2026-01-01,Chandigarh,TESLA INDIA MOTORS AND ENERGY PVT LTD,Electric (EV),1
2026-05-01,Chandigarh,TESLA INDIA MOTORS AND ENERGY PVT LTD,Electric (EV),1
2026-06-01,Chandigarh,TESLA INDIA MOTORS AND ENERGY PVT LTD,Electric (EV),1
2026-01-01,Chandigarh,VINFAST AUTO INDIA PVT LTD,Electric (EV),4
2026-02-01,Chandigarh,VINFAST AUTO INDIA PVT LTD,Electric (EV),2
2026-03-01,Chandigarh,VINFAST AUTO INDIA PVT LTD,Electric (EV),15
2026-04-01,Chandigarh,VINFAST AUTO INDIA PVT LTD,Electric (EV),12
2026-05-01,Chandigarh,VINFAST AUTO INDIA PVT LTD,Electric (EV),5
2026-06-01,Chandigarh,VINFAST AUTO INDIA PVT LTD,Electric (EV),16
2026-01-01,Chhattisgarh,BMW INDIA PVT LTD,Electric (EV),3
2026-02-01,Chhattisgarh,BMW INDIA PVT LTD,Electric (EV),3
2026-03-01,Chhattisgarh,BMW INDIA PVT LTD,Electric (EV),5
2026-04-01,Chhattisgarh,BMW INDIA PVT LTD,Electric (EV),3
2026-05-01,Chhattisgarh,BMW INDIA PVT LTD,Electric (EV),4
2026-01-01,Chhattisgarh,BYD INDIA PRIVATE LIMITED,Electric (EV),1
2026-03-01,Chhattisgarh,BYD INDIA PRIVATE LIMITED,Electric (EV),2
2026-04-01,Chhattisgarh,BYD INDIA PRIVATE LIMITED,Electric (EV),3
2026-05-01,Chhattisgarh,BYD INDIA PRIVATE LIMITED,Electric (EV),3
2026-06-01,Chhattisgarh,BYD INDIA PRIVATE LIMITED,Electric (EV),1
2026-01-01,Chhattisgarh,HYUNDAI MOTOR INDIA LTD,Electric (EV),4
2026-02-01,Chhattisgarh,HYUNDAI MOTOR INDIA LTD,Electric (EV),5
2026-03-01,Chhattisgarh,HYUNDAI MOTOR INDIA LTD,Electric (EV),12
2026-04-01,Chhattisgarh,HYUNDAI MOTOR INDIA LTD,Electric (EV),8
2026-05-01,Chhattisgarh,HYUNDAI MOTOR INDIA LTD,Electric (EV),8
2026-06-01,Chhattisgarh,HYUNDAI MOTOR INDIA LTD,Electric (EV),1
2026-01-01,Chhattisgarh,JSW MG MOTOR INDIA PVT LTD,Electric (EV),51
2026-02-01,Chhattisgarh,JSW MG MOTOR INDIA PVT LTD,Electric (EV),65
2026-03-01,Chhattisgarh,JSW MG MOTOR INDIA PVT LTD,Electric (EV),72
2026-04-01,Chhattisgarh,JSW MG MOTOR INDIA PVT LTD,Electric (EV),57
2026-05-01,Chhattisgarh,JSW MG MOTOR INDIA PVT LTD,Electric (EV),73
2026-06-01,Chhattisgarh,JSW MG MOTOR INDIA PVT LTD,Electric (EV),5
2026-01-01,Chhattisgarh,KIA INDIA PRIVATE LIMITED,Electric (EV),2
2026-02-01,Chhattisgarh,KIA INDIA PRIVATE LIMITED,Electric (EV),2
2026-03-01,Chhattisgarh,KIA INDIA PRIVATE LIMITED,Electric (EV),4
2026-04-01,Chhattisgarh,KIA INDIA PRIVATE LIMITED,Electric (EV),3
2026-05-01,Chhattisgarh,KIA INDIA PRIVATE LIMITED,Electric (EV),7
2026-01-01,Chhattisgarh,MAHINDRA & MAHINDRA LIMITED,Electric (EV),6
2026-03-01,Chhattisgarh,MAHINDRA & MAHINDRA LIMITED,Electric (EV),1
2026-04-01,Chhattisgarh,MAHINDRA & MAHINDRA LIMITED,Electric (EV),2
2026-05-01,Chhattisgarh,MAHINDRA & MAHINDRA LIMITED,Electric (EV),8
2026-06-01,Chhattisgarh,MAHINDRA & MAHINDRA LIMITED,Electric (EV),2
2026-01-01,Chhattisgarh,MAHINDRA ELECTRIC AUTOMOBILE LTD,Electric (EV),35
2026-02-01,Chhattisgarh,MAHINDRA ELECTRIC AUTOMOBILE LTD,Electric (EV),38
2026-03-01,Chhattisgarh,MAHINDRA ELECTRIC AUTOMOBILE LTD,Electric (EV),52
2026-04-01,Chhattisgarh,MAHINDRA ELECTRIC AUTOMOBILE LTD,Electric (EV),53
2026-05-01,Chhattisgarh,MAHINDRA ELECTRIC AUTOMOBILE LTD,Electric (EV),67
2026-06-01,Chhattisgarh,MAHINDRA ELECTRIC AUTOMOBILE LTD,Electric (EV),8
2026-02-01,Chhattisgarh,MARUTI SUZUKI INDIA LTD,Electric (EV),10
2026-03-01,Chhattisgarh,MARUTI SUZUKI INDIA LTD,Electric (EV),21
2026-04-01,Chhattisgarh,MARUTI SUZUKI INDIA LTD,Electric (EV),28
2026-05-01,Chhattisgarh,MARUTI SUZUKI INDIA LTD,Electric (EV),38
2026-06-01,Chhattisgarh,MARUTI SUZUKI INDIA LTD,Electric (EV),7
2026-05-01,Chhattisgarh,MERCEDES-BENZ AG,Electric (EV),2
2026-01-01,Chhattisgarh,MERCEDES-BENZ INDIA PVT LTD,Electric (EV),1
2026-01-01,Chhattisgarh,TATA PASSENGER ELECTRIC MOBILITY LTD,Electric (EV),159
2026-02-01,Chhattisgarh,TATA PASSENGER ELECTRIC MOBILITY LTD,Electric (EV),134
2026-03-01,Chhattisgarh,TATA PASSENGER ELECTRIC MOBILITY LTD,Electric (EV),182
2026-04-01,Chhattisgarh,TATA PASSENGER ELECTRIC MOBILITY LTD,Electric (EV),169
2026-05-01,Chhattisgarh,TATA PASSENGER ELECTRIC MOBILITY LTD,Electric (EV),235
2026-06-01,Chhattisgarh,TATA PASSENGER ELECTRIC MOBILITY LTD,Electric (EV),75
2026-04-01,Chhattisgarh,TESLA INDIA MOTORS AND ENERGY PVT LTD,Electric (EV),1
2026-01-01,Chhattisgarh,VINFAST AUTO INDIA PVT LTD,Electric (EV),4
2026-02-01,Chhattisgarh,VINFAST AUTO INDIA PVT LTD,Electric (EV),9
2026-03-01,Chhattisgarh,VINFAST AUTO INDIA PVT LTD,Electric (EV),8
2026-04-01,Chhattisgarh,VINFAST AUTO INDIA PVT LTD,Electric (EV),7
2026-05-01,Chhattisgarh,VINFAST AUTO INDIA PVT LTD,Electric (EV),8
2026-06-01,Chhattisgarh,VINFAST AUTO INDIA PVT LTD,Electric (EV),3
2026-01-01,Chhattisgarh,VOLVO AUTO INDIA PVT LTD,Electric (EV),1
2026-03-01,Chhattisgarh,VOLVO AUTO INDIA PVT LTD,Electric (EV),1
2026-05-01,Chhattisgarh,VOLVO AUTO INDIA PVT LTD,Electric (EV),2
2026-01-01,Dadra and Nagar Haveli and Daman and Diu,BYD INDIA PRIVATE LIMITED,Electric (EV),1
2026-02-01,Dadra and Nagar Haveli and Daman and Diu,JSW MG MOTOR INDIA PVT LTD,Electric (EV),2
2026-04-01,Dadra and Nagar Haveli and Daman and Diu,JSW MG MOTOR INDIA PVT LTD,Electric (EV),4
2026-06-01,Dadra and Nagar Haveli and Daman and Diu,JSW MG MOTOR INDIA PVT LTD,Electric (EV),1
2026-06-01,Dadra and Nagar Haveli and Daman and Diu,KIA INDIA PRIVATE LIMITED,Electric (EV),1
2026-02-01,Dadra and Nagar Haveli and Daman and Diu,MAHINDRA ELECTRIC AUTOMOBILE LTD,Electric (EV),3
2026-03-01,Dadra and Nagar Haveli and Daman and Diu,MAHINDRA ELECTRIC AUTOMOBILE LTD,Electric (EV),3
2026-04-01,Dadra and Nagar Haveli and Daman and Diu,MAHINDRA ELECTRIC AUTOMOBILE LTD,Electric (EV),2
2026-05-01,Dadra and Nagar Haveli and Daman and Diu,MAHINDRA ELECTRIC AUTOMOBILE LTD,Electric (EV),1
2026-03-01,Dadra and Nagar Haveli and Daman and Diu,MARUTI SUZUKI INDIA LTD,Electric (EV),1
2026-06-01,Dadra and Nagar Haveli and Daman and Diu,MARUTI SUZUKI INDIA LTD,Electric (EV),1
2026-01-01,Dadra and Nagar Haveli and Daman and Diu,TATA PASSENGER ELECTRIC MOBILITY LTD,Electric (EV),3
2026-02-01,Dadra and Nagar Haveli and Daman and Diu,TATA PASSENGER ELECTRIC MOBILITY LTD,Electric (EV),2
2026-03-01,Dadra and Nagar Haveli and Daman and Diu,TATA PASSENGER ELECTRIC MOBILITY LTD,Electric (EV),1
2026-04-01,Dadra and Nagar Haveli and Daman and Diu,TATA PASSENGER ELECTRIC MOBILITY LTD,Electric (EV),1
2026-05-01,Dadra and Nagar Haveli and Daman and Diu,TATA PASSENGER ELECTRIC MOBILITY LTD,Electric (EV),5
2026-06-01,Dadra and Nagar Haveli and Daman and Diu,TATA PASSENGER ELECTRIC MOBILITY LTD,Electric (EV),3
2026-06-01,Dadra and Nagar Haveli and Daman and Diu,TESLA INDIA MOTORS AND ENERGY PVT LTD,Electric (EV),1
2026-05-01,Dadra and Nagar Haveli and Daman and Diu,VINFAST AUTO INDIA PVT LTD,Electric (EV),1
2026-06-01,Dadra and Nagar Haveli and Daman and Diu,VINFAST AUTO INDIA PVT LTD,Electric (EV),2
2026-01-01,Delhi,BMW INDIA PVT LTD,Electric (EV),84
2026-02-01,Delhi,BMW INDIA PVT LTD,Electric (EV),48
2026-03-01,Delhi,BMW INDIA PVT LTD,Electric (EV),87
2026-04-01,Delhi,BMW INDIA PVT LTD,Electric (EV),47
2026-05-01,Delhi,BMW INDIA PVT LTD,Electric (EV),60
2026-06-01,Delhi,BMW INDIA PVT LTD,Electric (EV),50
2026-01-01,Delhi,BYD INDIA PRIVATE LIMITED,Electric (EV),51
2026-02-01,Delhi,BYD INDIA PRIVATE LIMITED,Electric (EV),51
2026-03-01,Delhi,BYD INDIA PRIVATE LIMITED,Electric (EV),92
2026-04-01,Delhi,BYD INDIA PRIVATE LIMITED,Electric (EV),77
2026-05-01,Delhi,BYD INDIA PRIVATE LIMITED,Electric (EV),147
2026-06-01,Delhi,BYD INDIA PRIVATE LIMITED,Electric (EV),51
2026-01-01,Delhi,HYUNDAI MOTOR INDIA LTD,Electric (EV),31
2026-02-01,Delhi,HYUNDAI MOTOR INDIA LTD,Electric (EV),28
2026-03-01,Delhi,HYUNDAI MOTOR INDIA LTD,Electric (EV),43
2026-04-01,Delhi,HYUNDAI MOTOR INDIA LTD,Electric (EV),43
2026-05-01,Delhi,HYUNDAI MOTOR INDIA LTD,Electric (EV),35
2026-06-01,Delhi,HYUNDAI MOTOR INDIA LTD,Electric (EV),19
2026-01-01,Delhi,JSW MG MOTOR INDIA PVT LTD,Electric (EV),565
2026-02-01,Delhi,JSW MG MOTOR INDIA PVT LTD,Electric (EV),383
2026-03-01,Delhi,JSW MG MOTOR INDIA PVT LTD,Electric (EV),572
2026-04-01,Delhi,JSW MG MOTOR INDIA PVT LTD,Electric (EV),487
2026-05-01,Delhi,JSW MG MOTOR INDIA PVT LTD,Electric (EV),528
2026-06-01,Delhi,JSW MG MOTOR INDIA PVT LTD,Electric (EV),306
2026-01-01,Delhi,KIA INDIA PRIVATE LIMITED,Electric (EV),41
2026-02-01,Delhi,KIA INDIA PRIVATE LIMITED,Electric (EV),28
2026-03-01,Delhi,KIA INDIA PRIVATE LIMITED,Electric (EV),31
2026-04-01,Delhi,KIA INDIA PRIVATE LIMITED,Electric (EV),36
2026-05-01,Delhi,KIA INDIA PRIVATE LIMITED,Electric (EV),23
2026-06-01,Delhi,KIA INDIA PRIVATE LIMITED,Electric (EV),13
2026-01-01,Delhi,MAHINDRA & MAHINDRA LIMITED,Electric (EV),43
2026-02-01,Delhi,MAHINDRA & MAHINDRA LIMITED,Electric (EV),8
2026-03-01,Delhi,MAHINDRA & MAHINDRA LIMITED,Electric (EV),1
2026-04-01,Delhi,MAHINDRA & MAHINDRA LIMITED,Electric (EV),9
2026-05-01,Delhi,MAHINDRA & MAHINDRA LIMITED,Electric (EV),13
2026-06-01,Delhi,MAHINDRA & MAHINDRA LIMITED,Electric (EV),16
2026-01-01,Delhi,MAHINDRA ELECTRIC AUTOMOBILE LTD,Electric (EV),425
2026-02-01,Delhi,MAHINDRA ELECTRIC AUTOMOBILE LTD,Electric (EV),351
2026-03-01,Delhi,MAHINDRA ELECTRIC AUTOMOBILE LTD,Electric (EV),598
2026-04-01,Delhi,MAHINDRA ELECTRIC AUTOMOBILE LTD,Electric (EV),433
2026-05-01,Delhi,MAHINDRA ELECTRIC AUTOMOBILE LTD,Electric (EV),585
2026-06-01,Delhi,MAHINDRA ELECTRIC AUTOMOBILE LTD,Electric (EV),306
2026-01-01,Delhi,MARUTI SUZUKI INDIA LTD,Electric (EV),13
2026-02-01,Delhi,MARUTI SUZUKI INDIA LTD,Electric (EV),12
2026-03-01,Delhi,MARUTI SUZUKI INDIA LTD,Electric (EV),97
2026-04-01,Delhi,MARUTI SUZUKI INDIA LTD,Electric (EV),101
2026-05-01,Delhi,MARUTI SUZUKI INDIA LTD,Electric (EV),142
2026-06-01,Delhi,MARUTI SUZUKI INDIA LTD,Electric (EV),83
2026-01-01,Delhi,MERCEDES-BENZ AG,Electric (EV),2
2026-02-01,Delhi,MERCEDES-BENZ AG,Electric (EV),4
2026-03-01,Delhi,MERCEDES-BENZ AG,Electric (EV),8
2026-04-01,Delhi,MERCEDES-BENZ AG,Electric (EV),3
2026-05-01,Delhi,MERCEDES-BENZ AG,Electric (EV),18
2026-06-01,Delhi,MERCEDES-BENZ AG,Electric (EV),6
2026-01-01,Delhi,MERCEDES-BENZ INDIA PVT LTD,Electric (EV),4
2026-02-01,Delhi,MERCEDES-BENZ INDIA PVT LTD,Electric (EV),9
2026-03-01,Delhi,MERCEDES-BENZ INDIA PVT LTD,Electric (EV),4
2026-04-01,Delhi,MERCEDES-BENZ INDIA PVT LTD,Electric (EV),9
2026-05-01,Delhi,MERCEDES-BENZ INDIA PVT LTD,Electric (EV),2
2026-06-01,Delhi,MERCEDES-BENZ INDIA PVT LTD,Electric (EV),5
2026-02-01,Delhi,PORSCHE AG GERMANY,Electric (EV),1
2026-03-01,Delhi,PORSCHE AG GERMANY,Electric (EV),1
2026-06-01,Delhi,PORSCHE AG GERMANY,Electric (EV),1
2026-01-01,Delhi,ROLLS-ROYCE MOTOR CARS(IMPORTER:SELECT CARS P LTD),Electric (EV),2
2026-02-01,Delhi,ROLLS-ROYCE MOTOR CARS(IMPORTER:SELECT CARS P LTD),Electric (EV),1
2026-03-01,Delhi,STELLANTIS AUTOMOBILES INDIA PVT LTD,Electric (EV),1
2026-01-01,Delhi,TATA PASSENGER ELECTRIC MOBILITY LTD,Electric (EV),434
2026-02-01,Delhi,TATA PASSENGER ELECTRIC MOBILITY LTD,Electric (EV),339
2026-03-01,Delhi,TATA PASSENGER ELECTRIC MOBILITY LTD,Electric (EV),565
2026-04-01,Delhi,TATA PASSENGER ELECTRIC MOBILITY LTD,Electric (EV),465
2026-05-01,Delhi,TATA PASSENGER ELECTRIC MOBILITY LTD,Electric (EV),580
2026-06-01,Delhi,TATA PASSENGER ELECTRIC MOBILITY LTD,Electric (EV),298
2026-01-01,Delhi,TESLA INDIA MOTORS AND ENERGY PVT LTD,Electric (EV),6
2026-02-01,Delhi,TESLA INDIA MOTORS AND ENERGY PVT LTD,Electric (EV),3
2026-03-01,Delhi,TESLA INDIA MOTORS AND ENERGY PVT LTD,Electric (EV),10
2026-04-01,Delhi,TESLA INDIA MOTORS AND ENERGY PVT LTD,Electric (EV),8
2026-05-01,Delhi,TESLA INDIA MOTORS AND ENERGY PVT LTD,Electric (EV),12
2026-06-01,Delhi,TESLA INDIA MOTORS AND ENERGY PVT LTD,Electric (EV),5
2026-01-01,Delhi,VINFAST AUTO INDIA PVT LTD,Electric (EV),54
2026-02-01,Delhi,VINFAST AUTO INDIA PVT LTD,Electric (EV),62
2026-03-01,Delhi,VINFAST AUTO INDIA PVT LTD,Electric (EV),84
2026-04-01,Delhi,VINFAST AUTO INDIA PVT LTD,Electric (EV),99
2026-05-01,Delhi,VINFAST AUTO INDIA PVT LTD,Electric (EV),93
2026-06-01,Delhi,VINFAST AUTO INDIA PVT LTD,Electric (EV),68
2026-01-01,Delhi,VOLVO AUTO INDIA PVT LTD,Electric (EV),2
2026-02-01,Delhi,VOLVO AUTO INDIA PVT LTD,Electric (EV),3
2026-03-01,Delhi,VOLVO AUTO INDIA PVT LTD,Electric (EV),2
2026-04-01,Delhi,VOLVO AUTO INDIA PVT LTD,Electric (EV),5
2026-05-01,Delhi,VOLVO AUTO INDIA PVT LTD,Electric (EV),3
2026-06-01,Delhi,VOLVO AUTO INDIA PVT LTD,Electric (EV),5
2026-02-01,Delhi,WUHAN LOTUS (IMPORTER: EXCLUSIVE MOTORS PVT LTD),Electric (EV),1
2026-06-01,Delhi,WUHAN LOTUS (IMPORTER: EXCLUSIVE MOTORS PVT LTD),Electric (EV),1
2026-02-01,Goa,BMW INDIA PVT LTD,Electric (EV),1
2026-03-01,Goa,BMW INDIA PVT LTD,Electric (EV),5
2026-04-01,Goa,BMW INDIA PVT LTD,Electric (EV),1
2026-05-01,Goa,BMW INDIA PVT LTD,Electric (EV),1
2026-02-01,Goa,BYD INDIA PRIVATE LIMITED,Electric (EV),3
2026-03-01,Goa,BYD INDIA PRIVATE LIMITED,Electric (EV),2
2026-04-01,Goa,BYD INDIA PRIVATE LIMITED,Electric (EV),2
2026-05-01,Goa,BYD INDIA PRIVATE LIMITED,Electric (EV),4
2026-06-01,Goa,BYD INDIA PRIVATE LIMITED,Electric (EV),3
2026-01-01,Goa,HYUNDAI MOTOR INDIA LTD,Electric (EV),4
2026-02-01,Goa,HYUNDAI MOTOR INDIA LTD,Electric (EV),3
2026-03-01,Goa,HYUNDAI MOTOR INDIA LTD,Electric (EV),8
2026-04-01,Goa,HYUNDAI MOTOR INDIA LTD,Electric (EV),8
2026-05-01,Goa,HYUNDAI MOTOR INDIA LTD,Electric (EV),8
2026-06-01,Goa,HYUNDAI MOTOR INDIA LTD,Electric (EV),2
2026-01-01,Goa,JSW MG MOTOR INDIA PVT LTD,Electric (EV),30
2026-02-01,Goa,JSW MG MOTOR INDIA PVT LTD,Electric (EV),28
2026-03-01,Goa,JSW MG MOTOR INDIA PVT LTD,Electric (EV),37
2026-04-01,Goa,JSW MG MOTOR INDIA PVT LTD,Electric (EV),41
2026-05-01,Goa,JSW MG MOTOR INDIA PVT LTD,Electric (EV),37
2026-06-01,Goa,JSW MG MOTOR INDIA PVT LTD,Electric (EV),22
2026-01-01,Goa,KIA INDIA PRIVATE LIMITED,Electric (EV),2
2026-02-01,Goa,KIA INDIA PRIVATE LIMITED,Electric (EV),2
2026-03-01,Goa,KIA INDIA PRIVATE LIMITED,Electric (EV),9
2026-04-01,Goa,KIA INDIA PRIVATE LIMITED,Electric (EV),3
2026-05-01,Goa,KIA INDIA PRIVATE LIMITED,Electric (EV),2
2026-06-01,Goa,KIA INDIA PRIVATE LIMITED,Electric (EV),2
2026-01-01,Goa,MAHINDRA & MAHINDRA LIMITED,Electric (EV),1
2026-03-01,Goa,MAHINDRA & MAHINDRA LIMITED,Electric (EV),1
2026-05-01,Goa,MAHINDRA & MAHINDRA LIMITED,Electric (EV),3
2026-06-01,Goa,MAHINDRA & MAHINDRA LIMITED,Electric (EV),2
2026-01-01,Goa,MAHINDRA ELECTRIC AUTOMOBILE LTD,Electric (EV),16
2026-02-01,Goa,MAHINDRA ELECTRIC AUTOMOBILE LTD,Electric (EV),18
2026-03-01,Goa,MAHINDRA ELECTRIC AUTOMOBILE LTD,Electric (EV),38
2026-04-01,Goa,MAHINDRA ELECTRIC AUTOMOBILE LTD,Electric (EV),29
2026-05-01,Goa,MAHINDRA ELECTRIC AUTOMOBILE LTD,Electric (EV),29
2026-06-01,Goa,MAHINDRA ELECTRIC AUTOMOBILE LTD,Electric (EV),11
2026-01-01,Goa,MARUTI SUZUKI INDIA LTD,Electric (EV),2
2026-03-01,Goa,MARUTI SUZUKI INDIA LTD,Electric (EV),12
2026-04-01,Goa,MARUTI SUZUKI INDIA LTD,Electric (EV),17
2026-05-01,Goa,MARUTI SUZUKI INDIA LTD,Electric (EV),15
2026-06-01,Goa,MARUTI SUZUKI INDIA LTD,Electric (EV),12
2026-04-01,Goa,MERCEDES-BENZ INDIA PVT LTD,Electric (EV),1
2026-04-01,Goa,PORSCHE AG GERMANY,Electric (EV),1
2026-01-01,Goa,TATA PASSENGER ELECTRIC MOBILITY LTD,Electric (EV),81
2026-02-01,Goa,TATA PASSENGER ELECTRIC MOBILITY LTD,Electric (EV),64
2026-03-01,Goa,TATA PASSENGER ELECTRIC MOBILITY LTD,Electric (EV),88
2026-04-01,Goa,TATA PASSENGER ELECTRIC MOBILITY LTD,Electric (EV),113
2026-05-01,Goa,TATA PASSENGER ELECTRIC MOBILITY LTD,Electric (EV),118
2026-06-01,Goa,TATA PASSENGER ELECTRIC MOBILITY LTD,Electric (EV),55
2026-03-01,Goa,VINFAST AUTO INDIA PVT LTD,Electric (EV),1
2026-06-01,Goa,VINFAST AUTO INDIA PVT LTD,Electric (EV),1
2026-01-01,Goa,VOLVO AUTO INDIA PVT LTD,Electric (EV),1
2026-01-01,Gujarat,BMW INDIA PVT LTD,Electric (EV),28
2026-02-01,Gujarat,BMW INDIA PVT LTD,Electric (EV),17
2026-03-01,Gujarat,BMW INDIA PVT LTD,Electric (EV),50
2026-04-01,Gujarat,BMW INDIA PVT LTD,Electric (EV),22
2026-05-01,Gujarat,BMW INDIA PVT LTD,Electric (EV),27
2026-06-01,Gujarat,BMW INDIA PVT LTD,Electric (EV),16
2026-01-01,Gujarat,BYD INDIA PRIVATE LIMITED,Electric (EV),17
2026-02-01,Gujarat,BYD INDIA PRIVATE LIMITED,Electric (EV),28
2026-03-01,Gujarat,BYD INDIA PRIVATE LIMITED,Electric (EV),42
2026-04-01,Gujarat,BYD INDIA PRIVATE LIMITED,Electric (EV),32
2026-05-01,Gujarat,BYD INDIA PRIVATE LIMITED,Electric (EV),58
2026-06-01,Gujarat,BYD INDIA PRIVATE LIMITED,Electric (EV),46
2026-01-01,Gujarat,HYUNDAI MOTOR INDIA LTD,Electric (EV),24
2026-02-01,Gujarat,HYUNDAI MOTOR INDIA LTD,Electric (EV),16
2026-03-01,Gujarat,HYUNDAI MOTOR INDIA LTD,Electric (EV),50
2026-04-01,Gujarat,HYUNDAI MOTOR INDIA LTD,Electric (EV),40
2026-05-01,Gujarat,HYUNDAI MOTOR INDIA LTD,Electric (EV),32
2026-06-01,Gujarat,HYUNDAI MOTOR INDIA LTD,Electric (EV),22
2026-01-01,Gujarat,JSW MG MOTOR INDIA PVT LTD,Electric (EV),395
2026-02-01,Gujarat,JSW MG MOTOR INDIA PVT LTD,Electric (EV),253
2026-03-01,Gujarat,JSW MG MOTOR INDIA PVT LTD,Electric (EV),531
2026-04-01,Gujarat,JSW MG MOTOR INDIA PVT LTD,Electric (EV),526
2026-05-01,Gujarat,JSW MG MOTOR INDIA PVT LTD,Electric (EV),340
2026-06-01,Gujarat,JSW MG MOTOR INDIA PVT LTD,Electric (EV),217
2026-01-01,Gujarat,KIA INDIA PRIVATE LIMITED,Electric (EV),13
2026-02-01,Gujarat,KIA INDIA PRIVATE LIMITED,Electric (EV),19
2026-03-01,Gujarat,KIA INDIA PRIVATE LIMITED,Electric (EV),26
2026-04-01,Gujarat,KIA INDIA PRIVATE LIMITED,Electric (EV),17
2026-05-01,Gujarat,KIA INDIA PRIVATE LIMITED,Electric (EV),14
2026-06-01,Gujarat,KIA INDIA PRIVATE LIMITED,Electric (EV),8
2026-01-01,Gujarat,MAHINDRA & MAHINDRA LIMITED,Electric (EV),7
2026-03-01,Gujarat,MAHINDRA & MAHINDRA LIMITED,Electric (EV),4
2026-04-01,Gujarat,MAHINDRA & MAHINDRA LIMITED,Electric (EV),8
2026-05-01,Gujarat,MAHINDRA & MAHINDRA LIMITED,Electric (EV),17
2026-06-01,Gujarat,MAHINDRA & MAHINDRA LIMITED,Electric (EV),27
2026-01-01,Gujarat,MAHINDRA ELECTRIC AUTOMOBILE LTD,Electric (EV),320
2026-02-01,Gujarat,MAHINDRA ELECTRIC AUTOMOBILE LTD,Electric (EV),286
2026-03-01,Gujarat,MAHINDRA ELECTRIC AUTOMOBILE LTD,Electric (EV),664
2026-04-01,Gujarat,MAHINDRA ELECTRIC AUTOMOBILE LTD,Electric (EV),579
2026-05-01,Gujarat,MAHINDRA ELECTRIC AUTOMOBILE LTD,Electric (EV),520
2026-06-01,Gujarat,MAHINDRA ELECTRIC AUTOMOBILE LTD,Electric (EV),484
2026-01-01,Gujarat,MARUTI SUZUKI INDIA LTD,Electric (EV),15
2026-02-01,Gujarat,MARUTI SUZUKI INDIA LTD,Electric (EV),23
2026-03-01,Gujarat,MARUTI SUZUKI INDIA LTD,Electric (EV),99
2026-04-01,Gujarat,MARUTI SUZUKI INDIA LTD,Electric (EV),74
2026-05-01,Gujarat,MARUTI SUZUKI INDIA LTD,Electric (EV),105
2026-06-01,Gujarat,MARUTI SUZUKI INDIA LTD,Electric (EV),69
2026-01-01,Gujarat,MERCEDES-BENZ AG,Electric (EV),2
2026-02-01,Gujarat,MERCEDES-BENZ AG,Electric (EV),3
2026-03-01,Gujarat,MERCEDES-BENZ AG,Electric (EV),1
2026-04-01,Gujarat,MERCEDES-BENZ AG,Electric (EV),5
2026-05-01,Gujarat,MERCEDES-BENZ AG,Electric (EV),6
2026-06-01,Gujarat,MERCEDES-BENZ AG,Electric (EV),10
2026-01-01,Gujarat,MERCEDES-BENZ INDIA PVT LTD,Electric (EV),3
2026-02-01,Gujarat,MERCEDES-BENZ INDIA PVT LTD,Electric (EV),6
2026-03-01,Gujarat,MERCEDES-BENZ INDIA PVT LTD,Electric (EV),14
2026-04-01,Gujarat,MERCEDES-BENZ INDIA PVT LTD,Electric (EV),10
2026-05-01,Gujarat,MERCEDES-BENZ INDIA PVT LTD,Electric (EV),2
2026-06-01,Gujarat,MERCEDES-BENZ INDIA PVT LTD,Electric (EV),2
2026-01-01,Gujarat,PORSCHE AG GERMANY,Electric (EV),1
2026-05-01,Gujarat,PORSCHE AG GERMANY,Electric (EV),1
2026-01-01,Gujarat,TATA PASSENGER ELECTRIC MOBILITY LTD,Electric (EV),442
2026-02-01,Gujarat,TATA PASSENGER ELECTRIC MOBILITY LTD,Electric (EV),318
2026-03-01,Gujarat,TATA PASSENGER ELECTRIC MOBILITY LTD,Electric (EV),565
2026-04-01,Gujarat,TATA PASSENGER ELECTRIC MOBILITY LTD,Electric (EV),549
2026-05-01,Gujarat,TATA PASSENGER ELECTRIC MOBILITY LTD,Electric (EV),530
2026-06-01,Gujarat,TATA PASSENGER ELECTRIC MOBILITY LTD,Electric (EV),379
2026-02-01,Gujarat,TESLA INDIA MOTORS AND ENERGY PVT LTD,Electric (EV),1
2026-03-01,Gujarat,TESLA INDIA MOTORS AND ENERGY PVT LTD,Electric (EV),5
2026-04-01,Gujarat,TESLA INDIA MOTORS AND ENERGY PVT LTD,Electric (EV),3
2026-05-01,Gujarat,TESLA INDIA MOTORS AND ENERGY PVT LTD,Electric (EV),1
2026-06-01,Gujarat,TESLA INDIA MOTORS AND ENERGY PVT LTD,Electric (EV),2
2026-01-01,Gujarat,VINFAST AUTO INDIA PVT LTD,Electric (EV),49
2026-02-01,Gujarat,VINFAST AUTO INDIA PVT LTD,Electric (EV),65
2026-03-01,Gujarat,VINFAST AUTO INDIA PVT LTD,Electric (EV),130
2026-04-01,Gujarat,VINFAST AUTO INDIA PVT LTD,Electric (EV),124
2026-05-01,Gujarat,VINFAST AUTO INDIA PVT LTD,Electric (EV),111
2026-06-01,Gujarat,VINFAST AUTO INDIA PVT LTD,Electric (EV),110
2026-01-01,Gujarat,VOLVO AUTO INDIA PVT LTD,Electric (EV),5
2026-02-01,Gujarat,VOLVO AUTO INDIA PVT LTD,Electric (EV),2
2026-03-01,Gujarat,VOLVO AUTO INDIA PVT LTD,Electric (EV),1
2026-04-01,Gujarat,VOLVO AUTO INDIA PVT LTD,Electric (EV),6
2026-05-01,Gujarat,VOLVO AUTO INDIA PVT LTD,Electric (EV),2
2026-06-01,Gujarat,VOLVO AUTO INDIA PVT LTD,Electric (EV),4
2026-01-01,Gujarat,VYOMEV MOTORS PVT LTD,Electric (EV),1
2026-06-01,Haryana,ATHER ENERGY LTD,Electric (EV),1
2026-02-01,Haryana,BMW INDIA PVT LTD,Electric (EV),1
2026-03-01,Haryana,BMW INDIA PVT LTD,Electric (EV),3
2026-04-01,Haryana,BMW INDIA PVT LTD,Electric (EV),3
2026-05-01,Haryana,BMW INDIA PVT LTD,Electric (EV),3
2026-01-01,Haryana,BYD INDIA PRIVATE LIMITED,Electric (EV),1
2026-02-01,Haryana,BYD INDIA PRIVATE LIMITED,Electric (EV),3
2026-03-01,Haryana,BYD INDIA PRIVATE LIMITED,Electric (EV),9
2026-04-01,Haryana,BYD INDIA PRIVATE LIMITED,Electric (EV),3
2026-05-01,Haryana,BYD INDIA PRIVATE LIMITED,Electric (EV),4
2026-06-01,Haryana,BYD INDIA PRIVATE LIMITED,Electric (EV),3
2026-01-01,Haryana,HYUNDAI MOTOR INDIA LTD,Electric (EV),2
2026-02-01,Haryana,HYUNDAI MOTOR INDIA LTD,Electric (EV),6
2026-03-01,Haryana,HYUNDAI MOTOR INDIA LTD,Electric (EV),3
2026-04-01,Haryana,HYUNDAI MOTOR INDIA LTD,Electric (EV),5
2026-05-01,Haryana,HYUNDAI MOTOR INDIA LTD,Electric (EV),3
2026-06-01,Haryana,HYUNDAI MOTOR INDIA LTD,Electric (EV),1
2026-01-01,Haryana,JSW MG MOTOR INDIA PVT LTD,Electric (EV),22
2026-02-01,Haryana,JSW MG MOTOR INDIA PVT LTD,Electric (EV),27
2026-03-01,Haryana,JSW MG MOTOR INDIA PVT LTD,Electric (EV),25
2026-04-01,Haryana,JSW MG MOTOR INDIA PVT LTD,Electric (EV),26
2026-05-01,Haryana,JSW MG MOTOR INDIA PVT LTD,Electric (EV),24
2026-06-01,Haryana,JSW MG MOTOR INDIA PVT LTD,Electric (EV),12
2026-01-01,Haryana,KIA INDIA PRIVATE LIMITED,Electric (EV),1
2026-02-01,Haryana,KIA INDIA PRIVATE LIMITED,Electric (EV),2
2026-03-01,Haryana,KIA INDIA PRIVATE LIMITED,Electric (EV),4
2026-04-01,Haryana,KIA INDIA PRIVATE LIMITED,Electric (EV),1
2026-05-01,Haryana,KIA INDIA PRIVATE LIMITED,Electric (EV),1
2026-05-01,Haryana,MAHINDRA & MAHINDRA LIMITED,Electric (EV),1
2026-01-01,Haryana,MAHINDRA ELECTRIC AUTOMOBILE LTD,Electric (EV),21
2026-02-01,Haryana,MAHINDRA ELECTRIC AUTOMOBILE LTD,Electric (EV),9
2026-03-01,Haryana,MAHINDRA ELECTRIC AUTOMOBILE LTD,Electric (EV),13
2026-04-01,Haryana,MAHINDRA ELECTRIC AUTOMOBILE LTD,Electric (EV),25
2026-05-01,Haryana,MAHINDRA ELECTRIC AUTOMOBILE LTD,Electric (EV),30
2026-06-01,Haryana,MAHINDRA ELECTRIC AUTOMOBILE LTD,Electric (EV),10
2026-01-01,Haryana,MARUTI SUZUKI INDIA LTD,Electric (EV),16
2026-02-01,Haryana,MARUTI SUZUKI INDIA LTD,Electric (EV),11
2026-03-01,Haryana,MARUTI SUZUKI INDIA LTD,Electric (EV),10
2026-04-01,Haryana,MARUTI SUZUKI INDIA LTD,Electric (EV),27
2026-05-01,Haryana,MARUTI SUZUKI INDIA LTD,Electric (EV),6
2026-06-01,Haryana,MARUTI SUZUKI INDIA LTD,Electric (EV),3
2026-05-01,Haryana,MERCEDES-BENZ AG,Electric (EV),1
2026-02-01,Haryana,MERCEDES-BENZ INDIA PVT LTD,Electric (EV),2
2026-03-01,Haryana,MERCEDES-BENZ INDIA PVT LTD,Electric (EV),3
2026-04-01,Haryana,MERCEDES-BENZ INDIA PVT LTD,Electric (EV),2
2026-05-01,Haryana,MERCEDES-BENZ INDIA PVT LTD,Electric (EV),3
2026-01-01,Haryana,TATA PASSENGER ELECTRIC MOBILITY LTD,Electric (EV),18
2026-02-01,Haryana,TATA PASSENGER ELECTRIC MOBILITY LTD,Electric (EV),24
2026-03-01,Haryana,TATA PASSENGER ELECTRIC MOBILITY LTD,Electric (EV),27
2026-04-01,Haryana,TATA PASSENGER ELECTRIC MOBILITY LTD,Electric (EV),38
2026-05-01,Haryana,TATA PASSENGER ELECTRIC MOBILITY LTD,Electric (EV),44
2026-06-01,Haryana,TATA PASSENGER ELECTRIC MOBILITY LTD,Electric (EV),25
2026-01-01,Haryana,TESLA INDIA MOTORS AND ENERGY PVT LTD,Electric (EV),2
2026-04-01,Haryana,TESLA INDIA MOTORS AND ENERGY PVT LTD,Electric (EV),2
2026-05-01,Haryana,TESLA INDIA MOTORS AND ENERGY PVT LTD,Electric (EV),1
2026-03-01,Haryana,TI CLEAN MOBILITY PVT LTD,Electric (EV),2
2026-04-01,Haryana,TI CLEAN MOBILITY PVT LTD,Electric (EV),3
2026-01-01,Haryana,VINFAST AUTO INDIA PVT LTD,Electric (EV),3
2026-02-01,Haryana,VINFAST AUTO INDIA PVT LTD,Electric (EV),3
2026-03-01,Haryana,VINFAST AUTO INDIA PVT LTD,Electric (EV),4
2026-04-01,Haryana,VINFAST AUTO INDIA PVT LTD,Electric (EV),4
2026-05-01,Haryana,VINFAST AUTO INDIA PVT LTD,Electric (EV),4
2026-06-01,Haryana,VINFAST AUTO INDIA PVT LTD,Electric (EV),1
2026-06-01,Himachal Pradesh,BMW INDIA PVT LTD,Electric (EV),1
2026-01-01,Himachal Pradesh,BYD INDIA PRIVATE LIMITED,Electric (EV),1
2026-02-01,Himachal Pradesh,BYD INDIA PRIVATE LIMITED,Electric (EV),1
2026-03-01,Himachal Pradesh,BYD INDIA PRIVATE LIMITED,Electric (EV),1
2026-04-01,Himachal Pradesh,BYD INDIA PRIVATE LIMITED,Electric (EV),1
2026-05-01,Himachal Pradesh,BYD INDIA PRIVATE LIMITED,Electric (EV),3
2026-02-01,Himachal Pradesh,HYUNDAI MOTOR INDIA LTD,Electric (EV),1
2026-04-01,Himachal Pradesh,HYUNDAI MOTOR INDIA LTD,Electric (EV),1
2026-01-01,Himachal Pradesh,JSW MG MOTOR INDIA PVT LTD,Electric (EV),21
2026-02-01,Himachal Pradesh,JSW MG MOTOR INDIA PVT LTD,Electric (EV),7
2026-03-01,Himachal Pradesh,JSW MG MOTOR INDIA PVT LTD,Electric (EV),8
2026-04-01,Himachal Pradesh,JSW MG MOTOR INDIA PVT LTD,Electric (EV),14
2026-05-01,Himachal Pradesh,JSW MG MOTOR INDIA PVT LTD,Electric (EV),9
2026-06-01,Himachal Pradesh,JSW MG MOTOR INDIA PVT LTD,Electric (EV),7
2026-02-01,Himachal Pradesh,KIA INDIA PRIVATE LIMITED,Electric (EV),1
2026-03-01,Himachal Pradesh,KIA INDIA PRIVATE LIMITED,Electric (EV),1
2026-05-01,Himachal Pradesh,KIA INDIA PRIVATE LIMITED,Electric (EV),3
2026-01-01,Himachal Pradesh,MAHINDRA & MAHINDRA LIMITED,Electric (EV),1
2026-02-01,Himachal Pradesh,MAHINDRA & MAHINDRA LIMITED,Electric (EV),2
2026-05-01,Himachal Pradesh,MAHINDRA & MAHINDRA LIMITED,Electric (EV),1
2026-01-01,Himachal Pradesh,MAHINDRA ELECTRIC AUTOMOBILE LTD,Electric (EV),10
2026-02-01,Himachal Pradesh,MAHINDRA ELECTRIC AUTOMOBILE LTD,Electric (EV),15
2026-03-01,Himachal Pradesh,MAHINDRA ELECTRIC AUTOMOBILE LTD,Electric (EV),15
2026-04-01,Himachal Pradesh,MAHINDRA ELECTRIC AUTOMOBILE LTD,Electric (EV),21
2026-05-01,Himachal Pradesh,MAHINDRA ELECTRIC AUTOMOBILE LTD,Electric (EV),22
2026-06-01,Himachal Pradesh,MAHINDRA ELECTRIC AUTOMOBILE LTD,Electric (EV),15
2026-01-01,Himachal Pradesh,MARUTI SUZUKI INDIA LTD,Electric (EV),3
2026-02-01,Himachal Pradesh,MARUTI SUZUKI INDIA LTD,Electric (EV),2
2026-03-01,Himachal Pradesh,MARUTI SUZUKI INDIA LTD,Electric (EV),2
2026-04-01,Himachal Pradesh,MARUTI SUZUKI INDIA LTD,Electric (EV),5
2026-05-01,Himachal Pradesh,MARUTI SUZUKI INDIA LTD,Electric (EV),7
2026-06-01,Himachal Pradesh,MARUTI SUZUKI INDIA LTD,Electric (EV),2
2026-05-01,Himachal Pradesh,MERCEDES-BENZ AG,Electric (EV),1
2026-06-01,Himachal Pradesh,MERCEDES-BENZ AG,Electric (EV),1
2026-02-01,Himachal Pradesh,MERCEDES-BENZ INDIA PVT LTD,Electric (EV),1
2026-03-01,Himachal Pradesh,MERCEDES-BENZ INDIA PVT LTD,Electric (EV),1
2026-01-01,Himachal Pradesh,TATA PASSENGER ELECTRIC MOBILITY LTD,Electric (EV),17
2026-02-01,Himachal Pradesh,TATA PASSENGER ELECTRIC MOBILITY LTD,Electric (EV),19
2026-03-01,Himachal Pradesh,TATA PASSENGER ELECTRIC MOBILITY LTD,Electric (EV),17
2026-04-01,Himachal Pradesh,TATA PASSENGER ELECTRIC MOBILITY LTD,Electric (EV),25
2026-05-01,Himachal Pradesh,TATA PASSENGER ELECTRIC MOBILITY LTD,Electric (EV),37
2026-06-01,Himachal Pradesh,TATA PASSENGER ELECTRIC MOBILITY LTD,Electric (EV),17
2026-04-01,Himachal Pradesh,TESLA INDIA MOTORS AND ENERGY PVT LTD,Electric (EV),1
2026-01-01,Himachal Pradesh,VINFAST AUTO INDIA PVT LTD,Electric (EV),2
2026-03-01,Himachal Pradesh,VINFAST AUTO INDIA PVT LTD,Electric (EV),2
2026-04-01,Himachal Pradesh,VINFAST AUTO INDIA PVT LTD,Electric (EV),2
2026-05-01,Himachal Pradesh,VINFAST AUTO INDIA PVT LTD,Electric (EV),1
2026-04-01,Jammu and Kashmir,BMW INDIA PVT LTD,Electric (EV),1
2026-05-01,Jammu and Kashmir,BYD INDIA PRIVATE LIMITED,Electric (EV),1
2026-01-01,Jammu and Kashmir,HYUNDAI MOTOR INDIA LTD,Electric (EV),1
2026-02-01,Jammu and Kashmir,HYUNDAI MOTOR INDIA LTD,Electric (EV),2
2026-03-01,Jammu and Kashmir,HYUNDAI MOTOR INDIA LTD,Electric (EV),2
2026-04-01,Jammu and Kashmir,HYUNDAI MOTOR INDIA LTD,Electric (EV),8
2026-05-01,Jammu and Kashmir,HYUNDAI MOTOR INDIA LTD,Electric (EV),3
2026-06-01,Jammu and Kashmir,HYUNDAI MOTOR INDIA LTD,Electric (EV),3
2026-01-01,Jammu and Kashmir,JSW MG MOTOR INDIA PVT LTD,Electric (EV),8
2026-02-01,Jammu and Kashmir,JSW MG MOTOR INDIA PVT LTD,Electric (EV),8
2026-03-01,Jammu and Kashmir,JSW MG MOTOR INDIA PVT LTD,Electric (EV),5
2026-04-01,Jammu and Kashmir,JSW MG MOTOR INDIA PVT LTD,Electric (EV),9
2026-05-01,Jammu and Kashmir,JSW MG MOTOR INDIA PVT LTD,Electric (EV),13
2026-06-01,Jammu and Kashmir,JSW MG MOTOR INDIA PVT LTD,Electric (EV),4
2026-03-01,Jammu and Kashmir,KIA INDIA PRIVATE LIMITED,Electric (EV),1
2026-05-01,Jammu and Kashmir,KIA INDIA PRIVATE LIMITED,Electric (EV),2
2026-04-01,Jammu and Kashmir,MAHINDRA & MAHINDRA LIMITED,Electric (EV),1
2026-05-01,Jammu and Kashmir,MAHINDRA & MAHINDRA LIMITED,Electric (EV),2
2026-01-01,Jammu and Kashmir,MAHINDRA ELECTRIC AUTOMOBILE LTD,Electric (EV),9
2026-02-01,Jammu and Kashmir,MAHINDRA ELECTRIC AUTOMOBILE LTD,Electric (EV),12
2026-03-01,Jammu and Kashmir,MAHINDRA ELECTRIC AUTOMOBILE LTD,Electric (EV),13
2026-04-01,Jammu and Kashmir,MAHINDRA ELECTRIC AUTOMOBILE LTD,Electric (EV),11
2026-05-01,Jammu and Kashmir,MAHINDRA ELECTRIC AUTOMOBILE LTD,Electric (EV),25
2026-06-01,Jammu and Kashmir,MAHINDRA ELECTRIC AUTOMOBILE LTD,Electric (EV),10
2026-01-01,Jammu and Kashmir,MARUTI SUZUKI INDIA LTD,Electric (EV),4
2026-02-01,Jammu and Kashmir,MARUTI SUZUKI INDIA LTD,Electric (EV),1
2026-03-01,Jammu and Kashmir,MARUTI SUZUKI INDIA LTD,Electric (EV),3
2026-04-01,Jammu and Kashmir,MARUTI SUZUKI INDIA LTD,Electric (EV),4
2026-05-01,Jammu and Kashmir,MARUTI SUZUKI INDIA LTD,Electric (EV),8
2026-06-01,Jammu and Kashmir,MARUTI SUZUKI INDIA LTD,Electric (EV),3
2026-01-01,Jammu and Kashmir,TATA PASSENGER ELECTRIC MOBILITY LTD,Electric (EV),26
2026-02-01,Jammu and Kashmir,TATA PASSENGER ELECTRIC MOBILITY LTD,Electric (EV),15
2026-03-01,Jammu and Kashmir,TATA PASSENGER ELECTRIC MOBILITY LTD,Electric (EV),24
2026-04-01,Jammu and Kashmir,TATA PASSENGER ELECTRIC MOBILITY LTD,Electric (EV),34
2026-05-01,Jammu and Kashmir,TATA PASSENGER ELECTRIC MOBILITY LTD,Electric (EV),33
2026-06-01,Jammu and Kashmir,TATA PASSENGER ELECTRIC MOBILITY LTD,Electric (EV),8
2026-01-01,Jammu and Kashmir,VINFAST AUTO INDIA PVT LTD,Electric (EV),1
2026-02-01,Jammu and Kashmir,VINFAST AUTO INDIA PVT LTD,Electric (EV),10
2026-03-01,Jammu and Kashmir,VINFAST AUTO INDIA PVT LTD,Electric (EV),4
2026-04-01,Jammu and Kashmir,VINFAST AUTO INDIA PVT LTD,Electric (EV),11
2026-05-01,Jammu and Kashmir,VINFAST AUTO INDIA PVT LTD,Electric (EV),9
2026-06-01,Jammu and Kashmir,VINFAST AUTO INDIA PVT LTD,Electric (EV),3
2026-01-01,Jharkhand,BMW INDIA PVT LTD,Electric (EV),1
2026-02-01,Jharkhand,BMW INDIA PVT LTD,Electric (EV),2
2026-03-01,Jharkhand,BMW INDIA PVT LTD,Electric (EV),1
2026-05-01,Jharkhand,BMW INDIA PVT LTD,Electric (EV),2
2026-06-01,Jharkhand,BMW INDIA PVT LTD,Electric (EV),2
2026-02-01,Jharkhand,HYUNDAI MOTOR INDIA LTD,Electric (EV),2
2026-03-01,Jharkhand,HYUNDAI MOTOR INDIA LTD,Electric (EV),1
2026-04-01,Jharkhand,HYUNDAI MOTOR INDIA LTD,Electric (EV),6
2026-05-01,Jharkhand,HYUNDAI MOTOR INDIA LTD,Electric (EV),4
2026-06-01,Jharkhand,HYUNDAI MOTOR INDIA LTD,Electric (EV),1
2026-01-01,Jharkhand,JSW MG MOTOR INDIA PVT LTD,Electric (EV),6
2026-02-01,Jharkhand,JSW MG MOTOR INDIA PVT LTD,Electric (EV),4
2026-03-01,Jharkhand,JSW MG MOTOR INDIA PVT LTD,Electric (EV),8
2026-04-01,Jharkhand,JSW MG MOTOR INDIA PVT LTD,Electric (EV),14
2026-05-01,Jharkhand,JSW MG MOTOR INDIA PVT LTD,Electric (EV),10
2026-06-01,Jharkhand,JSW MG MOTOR INDIA PVT LTD,Electric (EV),2
2026-01-01,Jharkhand,KIA INDIA PRIVATE LIMITED,Electric (EV),1
2026-02-01,Jharkhand,KIA INDIA PRIVATE LIMITED,Electric (EV),1
2026-04-01,Jharkhand,KIA INDIA PRIVATE LIMITED,Electric (EV),2
2026-04-01,Jharkhand,MAHINDRA & MAHINDRA LIMITED,Electric (EV),1
2026-05-01,Jharkhand,MAHINDRA & MAHINDRA LIMITED,Electric (EV),1
2026-01-01,Jharkhand,MAHINDRA ELECTRIC AUTOMOBILE LTD,Electric (EV),20
2026-02-01,Jharkhand,MAHINDRA ELECTRIC AUTOMOBILE LTD,Electric (EV),17
2026-03-01,Jharkhand,MAHINDRA ELECTRIC AUTOMOBILE LTD,Electric (EV),11
2026-04-01,Jharkhand,MAHINDRA ELECTRIC AUTOMOBILE LTD,Electric (EV),22
2026-05-01,Jharkhand,MAHINDRA ELECTRIC AUTOMOBILE LTD,Electric (EV),26
2026-06-01,Jharkhand,MAHINDRA ELECTRIC AUTOMOBILE LTD,Electric (EV),9
2026-01-01,Jharkhand,MARUTI SUZUKI INDIA LTD,Electric (EV),2
2026-02-01,Jharkhand,MARUTI SUZUKI INDIA LTD,Electric (EV),5
2026-03-01,Jharkhand,MARUTI SUZUKI INDIA LTD,Electric (EV),6
2026-04-01,Jharkhand,MARUTI SUZUKI INDIA LTD,Electric (EV),14
2026-05-01,Jharkhand,MARUTI SUZUKI INDIA LTD,Electric (EV),12
2026-06-01,Jharkhand,MARUTI SUZUKI INDIA LTD,Electric (EV),4
2026-02-01,Jharkhand,MERCEDES-BENZ INDIA PVT LTD,Electric (EV),1
2026-01-01,Jharkhand,TATA PASSENGER ELECTRIC MOBILITY LTD,Electric (EV),35
2026-02-01,Jharkhand,TATA PASSENGER ELECTRIC MOBILITY LTD,Electric (EV),26
2026-03-01,Jharkhand,TATA PASSENGER ELECTRIC MOBILITY LTD,Electric (EV),33
2026-04-01,Jharkhand,TATA PASSENGER ELECTRIC MOBILITY LTD,Electric (EV),52
2026-05-01,Jharkhand,TATA PASSENGER ELECTRIC MOBILITY LTD,Electric (EV),62
2026-06-01,Jharkhand,TATA PASSENGER ELECTRIC MOBILITY LTD,Electric (EV),32
2026-05-01,Jharkhand,VINFAST AUTO INDIA PVT LTD,Electric (EV),5
2026-06-01,Jharkhand,VINFAST AUTO INDIA PVT LTD,Electric (EV),2
2026-01-01,Karnataka,BMW INDIA PVT LTD,Electric (EV),20
2026-02-01,Karnataka,BMW INDIA PVT LTD,Electric (EV),27
2026-03-01,Karnataka,BMW INDIA PVT LTD,Electric (EV),35
2026-04-01,Karnataka,BMW INDIA PVT LTD,Electric (EV),31
2026-05-01,Karnataka,BMW INDIA PVT LTD,Electric (EV),20
2026-06-01,Karnataka,BMW INDIA PVT LTD,Electric (EV),11
2026-01-01,Karnataka,BYD INDIA PRIVATE LIMITED,Electric (EV),15
2026-02-01,Karnataka,BYD INDIA PRIVATE LIMITED,Electric (EV),29
2026-03-01,Karnataka,BYD INDIA PRIVATE LIMITED,Electric (EV),52
2026-04-01,Karnataka,BYD INDIA PRIVATE LIMITED,Electric (EV),36
2026-05-01,Karnataka,BYD INDIA PRIVATE LIMITED,Electric (EV),27
2026-06-01,Karnataka,BYD INDIA PRIVATE LIMITED,Electric (EV),16
2026-01-01,Karnataka,HYUNDAI MOTOR INDIA LTD,Electric (EV),41
2026-02-01,Karnataka,HYUNDAI MOTOR INDIA LTD,Electric (EV),43
2026-03-01,Karnataka,HYUNDAI MOTOR INDIA LTD,Electric (EV),100
2026-04-01,Karnataka,HYUNDAI MOTOR INDIA LTD,Electric (EV),59
2026-05-01,Karnataka,HYUNDAI MOTOR INDIA LTD,Electric (EV),19
2026-06-01,Karnataka,HYUNDAI MOTOR INDIA LTD,Electric (EV),13
2026-01-01,Karnataka,JSW MG MOTOR INDIA PVT LTD,Electric (EV),758
2026-02-01,Karnataka,JSW MG MOTOR INDIA PVT LTD,Electric (EV),535
2026-03-01,Karnataka,JSW MG MOTOR INDIA PVT LTD,Electric (EV),1125
2026-04-01,Karnataka,JSW MG MOTOR INDIA PVT LTD,Electric (EV),869
2026-05-01,Karnataka,JSW MG MOTOR INDIA PVT LTD,Electric (EV),428
2026-06-01,Karnataka,JSW MG MOTOR INDIA PVT LTD,Electric (EV),299
2026-01-01,Karnataka,KIA INDIA PRIVATE LIMITED,Electric (EV),38
2026-02-01,Karnataka,KIA INDIA PRIVATE LIMITED,Electric (EV),33
2026-03-01,Karnataka,KIA INDIA PRIVATE LIMITED,Electric (EV),55
2026-04-01,Karnataka,KIA INDIA PRIVATE LIMITED,Electric (EV),48
2026-05-01,Karnataka,KIA INDIA PRIVATE LIMITED,Electric (EV),15
2026-06-01,Karnataka,KIA INDIA PRIVATE LIMITED,Electric (EV),8
2026-01-01,Karnataka,MAHINDRA & MAHINDRA LIMITED,Electric (EV),27
2026-02-01,Karnataka,MAHINDRA & MAHINDRA LIMITED,Electric (EV),9
2026-03-01,Karnataka,MAHINDRA & MAHINDRA LIMITED,Electric (EV),24
2026-04-01,Karnataka,MAHINDRA & MAHINDRA LIMITED,Electric (EV),36
2026-05-01,Karnataka,MAHINDRA & MAHINDRA LIMITED,Electric (EV),23
2026-06-01,Karnataka,MAHINDRA & MAHINDRA LIMITED,Electric (EV),36
2026-01-01,Karnataka,MAHINDRA ELECTRIC AUTOMOBILE LTD,Electric (EV),445
2026-02-01,Karnataka,MAHINDRA ELECTRIC AUTOMOBILE LTD,Electric (EV),293
2026-03-01,Karnataka,MAHINDRA ELECTRIC AUTOMOBILE LTD,Electric (EV),668
2026-04-01,Karnataka,MAHINDRA ELECTRIC AUTOMOBILE LTD,Electric (EV),670
2026-05-01,Karnataka,MAHINDRA ELECTRIC AUTOMOBILE LTD,Electric (EV),395
2026-06-01,Karnataka,MAHINDRA ELECTRIC AUTOMOBILE LTD,Electric (EV),252
2026-01-01,Karnataka,MARUTI SUZUKI INDIA LTD,Electric (EV),25
2026-02-01,Karnataka,MARUTI SUZUKI INDIA LTD,Electric (EV),10
2026-03-01,Karnataka,MARUTI SUZUKI INDIA LTD,Electric (EV),197
2026-04-01,Karnataka,MARUTI SUZUKI INDIA LTD,Electric (EV),157
2026-05-01,Karnataka,MARUTI SUZUKI INDIA LTD,Electric (EV),76
2026-06-01,Karnataka,MARUTI SUZUKI INDIA LTD,Electric (EV),48
2026-01-01,Karnataka,MERCEDES-BENZ AG,Electric (EV),3
2026-02-01,Karnataka,MERCEDES-BENZ AG,Electric (EV),1
2026-04-01,Karnataka,MERCEDES-BENZ AG,Electric (EV),4
2026-05-01,Karnataka,MERCEDES-BENZ AG,Electric (EV),6
2026-06-01,Karnataka,MERCEDES-BENZ AG,Electric (EV),4
2026-01-01,Karnataka,MERCEDES-BENZ INDIA PVT LTD,Electric (EV),6
2026-02-01,Karnataka,MERCEDES-BENZ INDIA PVT LTD,Electric (EV),1
2026-03-01,Karnataka,MERCEDES-BENZ INDIA PVT LTD,Electric (EV),14
2026-04-01,Karnataka,MERCEDES-BENZ INDIA PVT LTD,Electric (EV),12
2026-05-01,Karnataka,MERCEDES-BENZ INDIA PVT LTD,Electric (EV),9
2026-06-01,Karnataka,MERCEDES-BENZ INDIA PVT LTD,Electric (EV),3
2026-03-01,Karnataka,PORSCHE AG GERMANY,Electric (EV),1
2026-01-01,Karnataka,STELLANTIS AUTOMOBILES INDIA PVT LTD,Electric (EV),1
2026-05-01,Karnataka,STELLANTIS AUTOMOBILES INDIA PVT LTD,Electric (EV),1
2026-06-01,Karnataka,STELLANTIS AUTOMOBILES INDIA PVT LTD,Electric (EV),2
2026-01-01,Karnataka,TATA PASSENGER ELECTRIC MOBILITY LTD,Electric (EV),800
2026-02-01,Karnataka,TATA PASSENGER ELECTRIC MOBILITY LTD,Electric (EV),599
2026-03-01,Karnataka,TATA PASSENGER ELECTRIC MOBILITY LTD,Electric (EV),1219
2026-04-01,Karnataka,TATA PASSENGER ELECTRIC MOBILITY LTD,Electric (EV),966
2026-05-01,Karnataka,TATA PASSENGER ELECTRIC MOBILITY LTD,Electric (EV),550
2026-06-01,Karnataka,TATA PASSENGER ELECTRIC MOBILITY LTD,Electric (EV),329
2026-02-01,Karnataka,TESLA INDIA MOTORS AND ENERGY PVT LTD,Electric (EV),7
2026-03-01,Karnataka,TESLA INDIA MOTORS AND ENERGY PVT LTD,Electric (EV),5
2026-04-01,Karnataka,TESLA INDIA MOTORS AND ENERGY PVT LTD,Electric (EV),6
2026-05-01,Karnataka,TESLA INDIA MOTORS AND ENERGY PVT LTD,Electric (EV),2
2026-06-01,Karnataka,TESLA INDIA MOTORS AND ENERGY PVT LTD,Electric (EV),3
2026-01-01,Karnataka,VINFAST AUTO INDIA PVT LTD,Electric (EV),53
2026-02-01,Karnataka,VINFAST AUTO INDIA PVT LTD,Electric (EV),31
2026-03-01,Karnataka,VINFAST AUTO INDIA PVT LTD,Electric (EV),104
2026-04-01,Karnataka,VINFAST AUTO INDIA PVT LTD,Electric (EV),112
2026-05-01,Karnataka,VINFAST AUTO INDIA PVT LTD,Electric (EV),53
2026-06-01,Karnataka,VINFAST AUTO INDIA PVT LTD,Electric (EV),30
2026-01-01,Karnataka,VOLVO AUTO INDIA PVT LTD,Electric (EV),5
2026-03-01,Karnataka,VOLVO AUTO INDIA PVT LTD,Electric (EV),4
2026-04-01,Karnataka,VOLVO AUTO INDIA PVT LTD,Electric (EV),3
2026-05-01,Karnataka,VOLVO AUTO INDIA PVT LTD,Electric (EV),1
2026-06-01,Karnataka,VOLVO AUTO INDIA PVT LTD,Electric (EV),1
2026-01-01,Kerala,BMW INDIA PVT LTD,Electric (EV),25
2026-02-01,Kerala,BMW INDIA PVT LTD,Electric (EV),11
2026-03-01,Kerala,BMW INDIA PVT LTD,Electric (EV),13
2026-04-01,Kerala,BMW INDIA PVT LTD,Electric (EV),18
2026-05-01,Kerala,BMW INDIA PVT LTD,Electric (EV),17
2026-06-01,Kerala,BMW INDIA PVT LTD,Electric (EV),4
2026-01-01,Kerala,BYD INDIA PRIVATE LIMITED,Electric (EV),21
2026-02-01,Kerala,BYD INDIA PRIVATE LIMITED,Electric (EV),19
2026-03-01,Kerala,BYD INDIA PRIVATE LIMITED,Electric (EV),26
2026-04-01,Kerala,BYD INDIA PRIVATE LIMITED,Electric (EV),28
2026-05-01,Kerala,BYD INDIA PRIVATE LIMITED,Electric (EV),37
2026-06-01,Kerala,BYD INDIA PRIVATE LIMITED,Electric (EV),10
2026-01-01,Kerala,HYUNDAI MOTOR INDIA LTD,Electric (EV),20
2026-02-01,Kerala,HYUNDAI MOTOR INDIA LTD,Electric (EV),27
2026-03-01,Kerala,HYUNDAI MOTOR INDIA LTD,Electric (EV),19
2026-04-01,Kerala,HYUNDAI MOTOR INDIA LTD,Electric (EV),31
2026-05-01,Kerala,HYUNDAI MOTOR INDIA LTD,Electric (EV),24
2026-06-01,Kerala,HYUNDAI MOTOR INDIA LTD,Electric (EV),8
2026-01-01,Kerala,JSW MG MOTOR INDIA PVT LTD,Electric (EV),373
2026-02-01,Kerala,JSW MG MOTOR INDIA PVT LTD,Electric (EV),351
2026-03-01,Kerala,JSW MG MOTOR INDIA PVT LTD,Electric (EV),372
2026-04-01,Kerala,JSW MG MOTOR INDIA PVT LTD,Electric (EV),376
2026-05-01,Kerala,JSW MG MOTOR INDIA PVT LTD,Electric (EV),361
2026-06-01,Kerala,JSW MG MOTOR INDIA PVT LTD,Electric (EV),166
2026-01-01,Kerala,KIA INDIA PRIVATE LIMITED,Electric (EV),19
2026-02-01,Kerala,KIA INDIA PRIVATE LIMITED,Electric (EV),16
2026-03-01,Kerala,KIA INDIA PRIVATE LIMITED,Electric (EV),34
2026-04-01,Kerala,KIA INDIA PRIVATE LIMITED,Electric (EV),28
2026-05-01,Kerala,KIA INDIA PRIVATE LIMITED,Electric (EV),20
2026-06-01,Kerala,KIA INDIA PRIVATE LIMITED,Electric (EV),12
2026-01-01,Kerala,MAHINDRA & MAHINDRA LIMITED,Electric (EV),22
2026-02-01,Kerala,MAHINDRA & MAHINDRA LIMITED,Electric (EV),12
2026-03-01,Kerala,MAHINDRA & MAHINDRA LIMITED,Electric (EV),6
2026-04-01,Kerala,MAHINDRA & MAHINDRA LIMITED,Electric (EV),7
2026-05-01,Kerala,MAHINDRA & MAHINDRA LIMITED,Electric (EV),20
2026-06-01,Kerala,MAHINDRA & MAHINDRA LIMITED,Electric (EV),19
2026-01-01,Kerala,MAHINDRA ELECTRIC AUTOMOBILE LTD,Electric (EV),268
2026-02-01,Kerala,MAHINDRA ELECTRIC AUTOMOBILE LTD,Electric (EV),199
2026-03-01,Kerala,MAHINDRA ELECTRIC AUTOMOBILE LTD,Electric (EV),239
2026-04-01,Kerala,MAHINDRA ELECTRIC AUTOMOBILE LTD,Electric (EV),332
2026-05-01,Kerala,MAHINDRA ELECTRIC AUTOMOBILE LTD,Electric (EV),306
2026-06-01,Kerala,MAHINDRA ELECTRIC AUTOMOBILE LTD,Electric (EV),134
2026-01-01,Kerala,MARUTI SUZUKI INDIA LTD,Electric (EV),14
2026-02-01,Kerala,MARUTI SUZUKI INDIA LTD,Electric (EV),13
2026-03-01,Kerala,MARUTI SUZUKI INDIA LTD,Electric (EV),25
2026-04-01,Kerala,MARUTI SUZUKI INDIA LTD,Electric (EV),109
2026-05-01,Kerala,MARUTI SUZUKI INDIA LTD,Electric (EV),134
2026-06-01,Kerala,MARUTI SUZUKI INDIA LTD,Electric (EV),87
2026-01-01,Kerala,MERCEDES-BENZ AG,Electric (EV),1
2026-02-01,Kerala,MERCEDES-BENZ AG,Electric (EV),1
2026-04-01,Kerala,MERCEDES-BENZ AG,Electric (EV),1
2026-05-01,Kerala,MERCEDES-BENZ AG,Electric (EV),4
2026-06-01,Kerala,MERCEDES-BENZ AG,Electric (EV),1
2026-01-01,Kerala,MERCEDES-BENZ INDIA PVT LTD,Electric (EV),1
2026-02-01,Kerala,MERCEDES-BENZ INDIA PVT LTD,Electric (EV),1
2026-03-01,Kerala,MERCEDES-BENZ INDIA PVT LTD,Electric (EV),2
2026-04-01,Kerala,MERCEDES-BENZ INDIA PVT LTD,Electric (EV),2
2026-05-01,Kerala,MERCEDES-BENZ INDIA PVT LTD,Electric (EV),5
2026-06-01,Kerala,MERCEDES-BENZ INDIA PVT LTD,Electric (EV),1
2026-02-01,Kerala,PORSCHE AG GERMANY,Electric (EV),1
2026-03-01,Kerala,PORSCHE AG GERMANY,Electric (EV),1
2026-05-01,Kerala,PORSCHE AG GERMANY,Electric (EV),1
2026-01-01,Kerala,STELLANTIS AUTOMOBILES INDIA PVT LTD,Electric (EV),11
2026-02-01,Kerala,STELLANTIS AUTOMOBILES INDIA PVT LTD,Electric (EV),3
2026-04-01,Kerala,STELLANTIS AUTOMOBILES INDIA PVT LTD,Electric (EV),3
2026-05-01,Kerala,STELLANTIS AUTOMOBILES INDIA PVT LTD,Electric (EV),3
2026-01-01,Kerala,TATA PASSENGER ELECTRIC MOBILITY LTD,Electric (EV),1084
2026-02-01,Kerala,TATA PASSENGER ELECTRIC MOBILITY LTD,Electric (EV),746
2026-03-01,Kerala,TATA PASSENGER ELECTRIC MOBILITY LTD,Electric (EV),847
2026-04-01,Kerala,TATA PASSENGER ELECTRIC MOBILITY LTD,Electric (EV),974
2026-05-01,Kerala,TATA PASSENGER ELECTRIC MOBILITY LTD,Electric (EV),1198
2026-06-01,Kerala,TATA PASSENGER ELECTRIC MOBILITY LTD,Electric (EV),544
2026-01-01,Kerala,TESLA INDIA MOTORS AND ENERGY PVT LTD,Electric (EV),1
2026-05-01,Kerala,TESLA INDIA MOTORS AND ENERGY PVT LTD,Electric (EV),1
2026-01-01,Kerala,VINFAST AUTO INDIA PVT LTD,Electric (EV),21
2026-02-01,Kerala,VINFAST AUTO INDIA PVT LTD,Electric (EV),20
2026-03-01,Kerala,VINFAST AUTO INDIA PVT LTD,Electric (EV),25
2026-04-01,Kerala,VINFAST AUTO INDIA PVT LTD,Electric (EV),24
2026-05-01,Kerala,VINFAST AUTO INDIA PVT LTD,Electric (EV),24
2026-06-01,Kerala,VINFAST AUTO INDIA PVT LTD,Electric (EV),6
2026-01-01,Kerala,VOLVO AUTO INDIA PVT LTD,Electric (EV),7
2026-02-01,Kerala,VOLVO AUTO INDIA PVT LTD,Electric (EV),7
2026-03-01,Kerala,VOLVO AUTO INDIA PVT LTD,Electric (EV),3
2026-04-01,Kerala,VOLVO AUTO INDIA PVT LTD,Electric (EV),4
2026-05-01,Kerala,VOLVO AUTO INDIA PVT LTD,Electric (EV),3
2026-06-01,Kerala,VOLVO AUTO INDIA PVT LTD,Electric (EV),4
2026-01-01,Ladakh,BYD INDIA PRIVATE LIMITED,Electric (EV),1
2026-04-01,Ladakh,TATA PASSENGER ELECTRIC MOBILITY LTD,Electric (EV),1
2026-03-01,Lakshadweep,JSW MG MOTOR INDIA PVT LTD,Electric (EV),1
2026-01-01,Madhya Pradesh,BMW INDIA PVT LTD,Electric (EV),2
2026-02-01,Madhya Pradesh,BMW INDIA PVT LTD,Electric (EV),5
2026-03-01,Madhya Pradesh,BMW INDIA PVT LTD,Electric (EV),7
2026-04-01,Madhya Pradesh,BMW INDIA PVT LTD,Electric (EV),3
2026-05-01,Madhya Pradesh,BMW INDIA PVT LTD,Electric (EV),1
2026-06-01,Madhya Pradesh,BMW INDIA PVT LTD,Electric (EV),1
2026-02-01,Madhya Pradesh,BYD INDIA PRIVATE LIMITED,Electric (EV),7
2026-03-01,Madhya Pradesh,BYD INDIA PRIVATE LIMITED,Electric (EV),3
2026-04-01,Madhya Pradesh,BYD INDIA PRIVATE LIMITED,Electric (EV),8
2026-05-01,Madhya Pradesh,BYD INDIA PRIVATE LIMITED,Electric (EV),7
2026-06-01,Madhya Pradesh,BYD INDIA PRIVATE LIMITED,Electric (EV),3
2026-01-01,Madhya Pradesh,HYUNDAI MOTOR INDIA LTD,Electric (EV),16
2026-02-01,Madhya Pradesh,HYUNDAI MOTOR INDIA LTD,Electric (EV),18
2026-03-01,Madhya Pradesh,HYUNDAI MOTOR INDIA LTD,Electric (EV),22
2026-04-01,Madhya Pradesh,HYUNDAI MOTOR INDIA LTD,Electric (EV),9
2026-05-01,Madhya Pradesh,HYUNDAI MOTOR INDIA LTD,Electric (EV),10
2026-06-01,Madhya Pradesh,HYUNDAI MOTOR INDIA LTD,Electric (EV),4
2026-01-01,Madhya Pradesh,JSW MG MOTOR INDIA PVT LTD,Electric (EV),142
2026-02-01,Madhya Pradesh,JSW MG MOTOR INDIA PVT LTD,Electric (EV),98
2026-03-01,Madhya Pradesh,JSW MG MOTOR INDIA PVT LTD,Electric (EV),234
2026-04-01,Madhya Pradesh,JSW MG MOTOR INDIA PVT LTD,Electric (EV),58
2026-05-01,Madhya Pradesh,JSW MG MOTOR INDIA PVT LTD,Electric (EV),113
2026-06-01,Madhya Pradesh,JSW MG MOTOR INDIA PVT LTD,Electric (EV),39
2026-01-01,Madhya Pradesh,KIA INDIA PRIVATE LIMITED,Electric (EV),3
2026-02-01,Madhya Pradesh,KIA INDIA PRIVATE LIMITED,Electric (EV),4
2026-03-01,Madhya Pradesh,KIA INDIA PRIVATE LIMITED,Electric (EV),10
2026-04-01,Madhya Pradesh,KIA INDIA PRIVATE LIMITED,Electric (EV),3
2026-06-01,Madhya Pradesh,KIA INDIA PRIVATE LIMITED,Electric (EV),5
2026-01-01,Madhya Pradesh,MAHINDRA & MAHINDRA LIMITED,Electric (EV),4
2026-03-01,Madhya Pradesh,MAHINDRA & MAHINDRA LIMITED,Electric (EV),4
2026-04-01,Madhya Pradesh,MAHINDRA & MAHINDRA LIMITED,Electric (EV),10
2026-05-01,Madhya Pradesh,MAHINDRA & MAHINDRA LIMITED,Electric (EV),10
2026-06-01,Madhya Pradesh,MAHINDRA & MAHINDRA LIMITED,Electric (EV),6
2026-01-01,Madhya Pradesh,MAHINDRA ELECTRIC AUTOMOBILE LTD,Electric (EV),118
2026-02-01,Madhya Pradesh,MAHINDRA ELECTRIC AUTOMOBILE LTD,Electric (EV),117
2026-03-01,Madhya Pradesh,MAHINDRA ELECTRIC AUTOMOBILE LTD,Electric (EV),242
2026-04-01,Madhya Pradesh,MAHINDRA ELECTRIC AUTOMOBILE LTD,Electric (EV),113
2026-05-01,Madhya Pradesh,MAHINDRA ELECTRIC AUTOMOBILE LTD,Electric (EV),110
2026-06-01,Madhya Pradesh,MAHINDRA ELECTRIC AUTOMOBILE LTD,Electric (EV),42
2026-01-01,Madhya Pradesh,MARUTI SUZUKI INDIA LTD,Electric (EV),1
2026-02-01,Madhya Pradesh,MARUTI SUZUKI INDIA LTD,Electric (EV),1
2026-03-01,Madhya Pradesh,MARUTI SUZUKI INDIA LTD,Electric (EV),59
2026-04-01,Madhya Pradesh,MARUTI SUZUKI INDIA LTD,Electric (EV),38
2026-05-01,Madhya Pradesh,MARUTI SUZUKI INDIA LTD,Electric (EV),34
2026-06-01,Madhya Pradesh,MARUTI SUZUKI INDIA LTD,Electric (EV),19
2026-01-01,Madhya Pradesh,MERCEDES-BENZ AG,Electric (EV),2
2026-04-01,Madhya Pradesh,MERCEDES-BENZ AG,Electric (EV),1
2026-05-01,Madhya Pradesh,MERCEDES-BENZ AG,Electric (EV),3
2026-02-01,Madhya Pradesh,MERCEDES-BENZ INDIA PVT LTD,Electric (EV),1
2026-01-01,Madhya Pradesh,TATA PASSENGER ELECTRIC MOBILITY LTD,Electric (EV),307
2026-02-01,Madhya Pradesh,TATA PASSENGER ELECTRIC MOBILITY LTD,Electric (EV),250
2026-03-01,Madhya Pradesh,TATA PASSENGER ELECTRIC MOBILITY LTD,Electric (EV),478
2026-04-01,Madhya Pradesh,TATA PASSENGER ELECTRIC MOBILITY LTD,Electric (EV),202
2026-05-01,Madhya Pradesh,TATA PASSENGER ELECTRIC MOBILITY LTD,Electric (EV),276
2026-06-01,Madhya Pradesh,TATA PASSENGER ELECTRIC MOBILITY LTD,Electric (EV),119
2026-01-01,Madhya Pradesh,TESLA INDIA MOTORS AND ENERGY PVT LTD,Electric (EV),3
2026-03-01,Madhya Pradesh,TESLA INDIA MOTORS AND ENERGY PVT LTD,Electric (EV),1
2026-05-01,Madhya Pradesh,TESLA INDIA MOTORS AND ENERGY PVT LTD,Electric (EV),1
2026-01-01,Madhya Pradesh,VINFAST AUTO INDIA PVT LTD,Electric (EV),2
2026-02-01,Madhya Pradesh,VINFAST AUTO INDIA PVT LTD,Electric (EV),2
2026-03-01,Madhya Pradesh,VINFAST AUTO INDIA PVT LTD,Electric (EV),15
2026-04-01,Madhya Pradesh,VINFAST AUTO INDIA PVT LTD,Electric (EV),7
2026-05-01,Madhya Pradesh,VINFAST AUTO INDIA PVT LTD,Electric (EV),11
2026-06-01,Madhya Pradesh,VINFAST AUTO INDIA PVT LTD,Electric (EV),1
2026-02-01,Madhya Pradesh,VOLVO AUTO INDIA PVT LTD,Electric (EV),1
2026-03-01,Madhya Pradesh,VOLVO AUTO INDIA PVT LTD,Electric (EV),1
2026-01-01,Maharashtra,BMW INDIA PVT LTD,Electric (EV),90
2026-02-01,Maharashtra,BMW INDIA PVT LTD,Electric (EV),65
2026-03-01,Maharashtra,BMW INDIA PVT LTD,Electric (EV),111
2026-04-01,Maharashtra,BMW INDIA PVT LTD,Electric (EV),74
2026-05-01,Maharashtra,BMW INDIA PVT LTD,Electric (EV),59
2026-06-01,Maharashtra,BMW INDIA PVT LTD,Electric (EV),43
2026-01-01,Maharashtra,BYD INDIA PRIVATE LIMITED,Electric (EV),50
2026-02-01,Maharashtra,BYD INDIA PRIVATE LIMITED,Electric (EV),85
2026-03-01,Maharashtra,BYD INDIA PRIVATE LIMITED,Electric (EV),100
2026-04-01,Maharashtra,BYD INDIA PRIVATE LIMITED,Electric (EV),127
2026-05-01,Maharashtra,BYD INDIA PRIVATE LIMITED,Electric (EV),120
2026-06-01,Maharashtra,BYD INDIA PRIVATE LIMITED,Electric (EV),96
2026-01-01,Maharashtra,HYUNDAI MOTOR INDIA LTD,Electric (EV),64
2026-02-01,Maharashtra,HYUNDAI MOTOR INDIA LTD,Electric (EV),55
2026-03-01,Maharashtra,HYUNDAI MOTOR INDIA LTD,Electric (EV),99
2026-04-01,Maharashtra,HYUNDAI MOTOR INDIA LTD,Electric (EV),115
2026-05-01,Maharashtra,HYUNDAI MOTOR INDIA LTD,Electric (EV),89
2026-06-01,Maharashtra,HYUNDAI MOTOR INDIA LTD,Electric (EV),40
2026-01-01,Maharashtra,JSW MG MOTOR INDIA PVT LTD,Electric (EV),830
2026-02-01,Maharashtra,JSW MG MOTOR INDIA PVT LTD,Electric (EV),505
2026-03-01,Maharashtra,JSW MG MOTOR INDIA PVT LTD,Electric (EV),779
2026-04-01,Maharashtra,JSW MG MOTOR INDIA PVT LTD,Electric (EV),809
2026-05-01,Maharashtra,JSW MG MOTOR INDIA PVT LTD,Electric (EV),669
2026-06-01,Maharashtra,JSW MG MOTOR INDIA PVT LTD,Electric (EV),419
2026-01-01,Maharashtra,KIA INDIA PRIVATE LIMITED,Electric (EV),62
2026-02-01,Maharashtra,KIA INDIA PRIVATE LIMITED,Electric (EV),38
2026-03-01,Maharashtra,KIA INDIA PRIVATE LIMITED,Electric (EV),91
2026-04-01,Maharashtra,KIA INDIA PRIVATE LIMITED,Electric (EV),48
2026-05-01,Maharashtra,KIA INDIA PRIVATE LIMITED,Electric (EV),52
2026-06-01,Maharashtra,KIA INDIA PRIVATE LIMITED,Electric (EV),32
2026-01-01,Maharashtra,MAHINDRA & MAHINDRA LIMITED,Electric (EV),32
2026-02-01,Maharashtra,MAHINDRA & MAHINDRA LIMITED,Electric (EV),11
2026-03-01,Maharashtra,MAHINDRA & MAHINDRA LIMITED,Electric (EV),18
2026-04-01,Maharashtra,MAHINDRA & MAHINDRA LIMITED,Electric (EV),18
2026-05-01,Maharashtra,MAHINDRA & MAHINDRA LIMITED,Electric (EV),35
2026-06-01,Maharashtra,MAHINDRA & MAHINDRA LIMITED,Electric (EV),15
2026-01-01,Maharashtra,MAHINDRA ELECTRIC AUTOMOBILE LTD,Electric (EV),615
2026-02-01,Maharashtra,MAHINDRA ELECTRIC AUTOMOBILE LTD,Electric (EV),531
2026-03-01,Maharashtra,MAHINDRA ELECTRIC AUTOMOBILE LTD,Electric (EV),1053
2026-04-01,Maharashtra,MAHINDRA ELECTRIC AUTOMOBILE LTD,Electric (EV),1036
2026-05-01,Maharashtra,MAHINDRA ELECTRIC AUTOMOBILE LTD,Electric (EV),997
2026-06-01,Maharashtra,MAHINDRA ELECTRIC AUTOMOBILE LTD,Electric (EV),623
2026-01-01,Maharashtra,MARUTI SUZUKI INDIA LTD,Electric (EV),32
2026-02-01,Maharashtra,MARUTI SUZUKI INDIA LTD,Electric (EV),24
2026-03-01,Maharashtra,MARUTI SUZUKI INDIA LTD,Electric (EV),150
2026-04-01,Maharashtra,MARUTI SUZUKI INDIA LTD,Electric (EV),162
2026-05-01,Maharashtra,MARUTI SUZUKI INDIA LTD,Electric (EV),217
2026-06-01,Maharashtra,MARUTI SUZUKI INDIA LTD,Electric (EV),81
2026-01-01,Maharashtra,MERCEDES-BENZ AG,Electric (EV),8
2026-02-01,Maharashtra,MERCEDES-BENZ AG,Electric (EV),5
2026-03-01,Maharashtra,MERCEDES-BENZ AG,Electric (EV),6
2026-04-01,Maharashtra,MERCEDES-BENZ AG,Electric (EV),13
2026-05-01,Maharashtra,MERCEDES-BENZ AG,Electric (EV),48
2026-06-01,Maharashtra,MERCEDES-BENZ AG,Electric (EV),26
2026-01-01,Maharashtra,MERCEDES-BENZ INDIA PVT LTD,Electric (EV),10
2026-02-01,Maharashtra,MERCEDES-BENZ INDIA PVT LTD,Electric (EV),17
2026-03-01,Maharashtra,MERCEDES-BENZ INDIA PVT LTD,Electric (EV),31
2026-04-01,Maharashtra,MERCEDES-BENZ INDIA PVT LTD,Electric (EV),19
2026-05-01,Maharashtra,MERCEDES-BENZ INDIA PVT LTD,Electric (EV),12
2026-06-01,Maharashtra,MERCEDES-BENZ INDIA PVT LTD,Electric (EV),14
2026-05-01,Maharashtra,PINNACLE MOBILITY SOLUTIONS PVT LTD,Electric (EV),1
2026-04-01,Maharashtra,PORSCHE AG GERMANY,Electric (EV),1
2026-05-01,Maharashtra,PORSCHE AG GERMANY,Electric (EV),1
2026-02-01,Maharashtra,ROLLS-ROYCE MOTOR CARS(IMPORTER:SELECT CARS P LTD),Electric (EV),1
2026-01-01,Maharashtra,STELLANTIS AUTOMOBILES INDIA PVT LTD,Electric (EV),1
2026-03-01,Maharashtra,STELLANTIS AUTOMOBILES INDIA PVT LTD,Electric (EV),1
2026-01-01,Maharashtra,TATA PASSENGER ELECTRIC MOBILITY LTD,Electric (EV),1172
2026-02-01,Maharashtra,TATA PASSENGER ELECTRIC MOBILITY LTD,Electric (EV),740
2026-03-01,Maharashtra,TATA PASSENGER ELECTRIC MOBILITY LTD,Electric (EV),1168
2026-04-01,Maharashtra,TATA PASSENGER ELECTRIC MOBILITY LTD,Electric (EV),1391
2026-05-01,Maharashtra,TATA PASSENGER ELECTRIC MOBILITY LTD,Electric (EV),1350
2026-06-01,Maharashtra,TATA PASSENGER ELECTRIC MOBILITY LTD,Electric (EV),727
2026-01-01,Maharashtra,TESLA INDIA MOTORS AND ENERGY PVT LTD,Electric (EV),12
2026-02-01,Maharashtra,TESLA INDIA MOTORS AND ENERGY PVT LTD,Electric (EV),11
2026-03-01,Maharashtra,TESLA INDIA MOTORS AND ENERGY PVT LTD,Electric (EV),23
2026-04-01,Maharashtra,TESLA INDIA MOTORS AND ENERGY PVT LTD,Electric (EV),17
2026-05-01,Maharashtra,TESLA INDIA MOTORS AND ENERGY PVT LTD,Electric (EV),10
2026-06-01,Maharashtra,TESLA INDIA MOTORS AND ENERGY PVT LTD,Electric (EV),10
2026-02-01,Maharashtra,TI CLEAN MOBILITY PVT LTD,Electric (EV),2
2026-04-01,Maharashtra,TIVOLT ELECTRIC VEHICLES PVT LTD,Electric (EV),1
2026-05-01,Maharashtra,VE COMMERCIAL VEHICLES LTD,Electric (EV),1
2026-01-01,Maharashtra,VINFAST AUTO INDIA PVT LTD,Electric (EV),74
2026-02-01,Maharashtra,VINFAST AUTO INDIA PVT LTD,Electric (EV),44
2026-03-01,Maharashtra,VINFAST AUTO INDIA PVT LTD,Electric (EV),110
2026-04-01,Maharashtra,VINFAST AUTO INDIA PVT LTD,Electric (EV),123
2026-05-01,Maharashtra,VINFAST AUTO INDIA PVT LTD,Electric (EV),141
2026-06-01,Maharashtra,VINFAST AUTO INDIA PVT LTD,Electric (EV),84
2026-01-01,Maharashtra,VOLVO AUTO INDIA PVT LTD,Electric (EV),8
2026-02-01,Maharashtra,VOLVO AUTO INDIA PVT LTD,Electric (EV),3
2026-03-01,Maharashtra,VOLVO AUTO INDIA PVT LTD,Electric (EV),4
2026-04-01,Maharashtra,VOLVO AUTO INDIA PVT LTD,Electric (EV),10
2026-05-01,Maharashtra,VOLVO AUTO INDIA PVT LTD,Electric (EV),3
2026-06-01,Maharashtra,VOLVO AUTO INDIA PVT LTD,Electric (EV),1
2026-05-01,Manipur,BMW INDIA PVT LTD,Electric (EV),1
2026-01-01,Manipur,JSW MG MOTOR INDIA PVT LTD,Electric (EV),1
2026-02-01,Manipur,JSW MG MOTOR INDIA PVT LTD,Electric (EV),5
2026-03-01,Manipur,JSW MG MOTOR INDIA PVT LTD,Electric (EV),1
2026-02-01,Manipur,MAHINDRA ELECTRIC AUTOMOBILE LTD,Electric (EV),1
2026-03-01,Manipur,MAHINDRA ELECTRIC AUTOMOBILE LTD,Electric (EV),1
2026-05-01,Manipur,MAHINDRA ELECTRIC AUTOMOBILE LTD,Electric (EV),1
2026-02-01,Manipur,MARUTI SUZUKI INDIA LTD,Electric (EV),1
2026-03-01,Manipur,MARUTI SUZUKI INDIA LTD,Electric (EV),4
2026-05-01,Manipur,MARUTI SUZUKI INDIA LTD,Electric (EV),6
2026-01-01,Manipur,TATA PASSENGER ELECTRIC MOBILITY LTD,Electric (EV),8
2026-02-01,Manipur,TATA PASSENGER ELECTRIC MOBILITY LTD,Electric (EV),12
2026-03-01,Manipur,TATA PASSENGER ELECTRIC MOBILITY LTD,Electric (EV),7
2026-04-01,Manipur,TATA PASSENGER ELECTRIC MOBILITY LTD,Electric (EV),9
2026-05-01,Manipur,TATA PASSENGER ELECTRIC MOBILITY LTD,Electric (EV),6
2026-06-01,Manipur,TATA PASSENGER ELECTRIC MOBILITY LTD,Electric (EV),1
2026-03-01,Meghalaya,BYD INDIA PRIVATE LIMITED,Electric (EV),1
2026-01-01,Meghalaya,HYUNDAI MOTOR INDIA LTD,Electric (EV),1
2026-04-01,Meghalaya,HYUNDAI MOTOR INDIA LTD,Electric (EV),1
2026-02-01,Meghalaya,JSW MG MOTOR INDIA PVT LTD,Electric (EV),2
2026-03-01,Meghalaya,JSW MG MOTOR INDIA PVT LTD,Electric (EV),4
2026-04-01,Meghalaya,JSW MG MOTOR INDIA PVT LTD,Electric (EV),1
2026-05-01,Meghalaya,JSW MG MOTOR INDIA PVT LTD,Electric (EV),4
2026-06-01,Meghalaya,JSW MG MOTOR INDIA PVT LTD,Electric (EV),2
2026-01-01,Meghalaya,MAHINDRA ELECTRIC AUTOMOBILE LTD,Electric (EV),3
2026-02-01,Meghalaya,MAHINDRA ELECTRIC AUTOMOBILE LTD,Electric (EV),1
2026-03-01,Meghalaya,MAHINDRA ELECTRIC AUTOMOBILE LTD,Electric (EV),5
2026-04-01,Meghalaya,MAHINDRA ELECTRIC AUTOMOBILE LTD,Electric (EV),4
2026-01-01,Meghalaya,MARUTI SUZUKI INDIA LTD,Electric (EV),1
2026-02-01,Meghalaya,MARUTI SUZUKI INDIA LTD,Electric (EV),1
2026-04-01,Meghalaya,MARUTI SUZUKI INDIA LTD,Electric (EV),2
2026-05-01,Meghalaya,MARUTI SUZUKI INDIA LTD,Electric (EV),3
2026-01-01,Meghalaya,TATA PASSENGER ELECTRIC MOBILITY LTD,Electric (EV),3
2026-02-01,Meghalaya,TATA PASSENGER ELECTRIC MOBILITY LTD,Electric (EV),3
2026-03-01,Meghalaya,TATA PASSENGER ELECTRIC MOBILITY LTD,Electric (EV),3
2026-04-01,Meghalaya,TATA PASSENGER ELECTRIC MOBILITY LTD,Electric (EV),10
2026-05-01,Meghalaya,TATA PASSENGER ELECTRIC MOBILITY LTD,Electric (EV),1
2026-01-01,Mizoram,HYUNDAI MOTOR INDIA LTD,Electric (EV),1
2026-02-01,Mizoram,JSW MG MOTOR INDIA PVT LTD,Electric (EV),1
2026-02-01,Mizoram,MAHINDRA ELECTRIC AUTOMOBILE LTD,Electric (EV),1
2026-03-01,Mizoram,MAHINDRA ELECTRIC AUTOMOBILE LTD,Electric (EV),1
2026-04-01,Mizoram,MAHINDRA ELECTRIC AUTOMOBILE LTD,Electric (EV),2
2026-05-01,Mizoram,MAHINDRA ELECTRIC AUTOMOBILE LTD,Electric (EV),1
2026-06-01,Mizoram,MAHINDRA ELECTRIC AUTOMOBILE LTD,Electric (EV),1
2026-01-01,Mizoram,MARUTI SUZUKI INDIA LTD,Electric (EV),1
2026-03-01,Mizoram,MARUTI SUZUKI INDIA LTD,Electric (EV),1
2026-04-01,Mizoram,MARUTI SUZUKI INDIA LTD,Electric (EV),1
2026-01-01,Nagaland,JSW MG MOTOR INDIA PVT LTD,Electric (EV),1
2026-02-01,Nagaland,MAHINDRA ELECTRIC AUTOMOBILE LTD,Electric (EV),2
2026-06-01,Nagaland,MAHINDRA ELECTRIC AUTOMOBILE LTD,Electric (EV),1
2026-02-01,Nagaland,MARUTI SUZUKI INDIA LTD,Electric (EV),2
2026-05-01,Nagaland,MARUTI SUZUKI INDIA LTD,Electric (EV),2
2026-05-01,Nagaland,TATA PASSENGER ELECTRIC MOBILITY LTD,Electric (EV),1
2026-01-01,Odisha,BMW INDIA PVT LTD,Electric (EV),3
2026-02-01,Odisha,BMW INDIA PVT LTD,Electric (EV),5
2026-03-01,Odisha,BMW INDIA PVT LTD,Electric (EV),5
2026-04-01,Odisha,BMW INDIA PVT LTD,Electric (EV),2
2026-05-01,Odisha,BMW INDIA PVT LTD,Electric (EV),8
2026-06-01,Odisha,BMW INDIA PVT LTD,Electric (EV),1
2026-01-01,Odisha,BYD INDIA PRIVATE LIMITED,Electric (EV),3
2026-02-01,Odisha,BYD INDIA PRIVATE LIMITED,Electric (EV),6
2026-03-01,Odisha,BYD INDIA PRIVATE LIMITED,Electric (EV),3
2026-04-01,Odisha,BYD INDIA PRIVATE LIMITED,Electric (EV),11
2026-05-01,Odisha,BYD INDIA PRIVATE LIMITED,Electric (EV),6
2026-06-01,Odisha,BYD INDIA PRIVATE LIMITED,Electric (EV),9
2026-01-01,Odisha,HYUNDAI MOTOR INDIA LTD,Electric (EV),10
2026-02-01,Odisha,HYUNDAI MOTOR INDIA LTD,Electric (EV),13
2026-03-01,Odisha,HYUNDAI MOTOR INDIA LTD,Electric (EV),11
2026-04-01,Odisha,HYUNDAI MOTOR INDIA LTD,Electric (EV),15
2026-05-01,Odisha,HYUNDAI MOTOR INDIA LTD,Electric (EV),16
2026-06-01,Odisha,HYUNDAI MOTOR INDIA LTD,Electric (EV),6
2026-01-01,Odisha,JSW MG MOTOR INDIA PVT LTD,Electric (EV),108
2026-02-01,Odisha,JSW MG MOTOR INDIA PVT LTD,Electric (EV),73
2026-03-01,Odisha,JSW MG MOTOR INDIA PVT LTD,Electric (EV),158
2026-04-01,Odisha,JSW MG MOTOR INDIA PVT LTD,Electric (EV),126
2026-05-01,Odisha,JSW MG MOTOR INDIA PVT LTD,Electric (EV),155
2026-06-01,Odisha,JSW MG MOTOR INDIA PVT LTD,Electric (EV),55
2026-01-01,Odisha,KIA INDIA PRIVATE LIMITED,Electric (EV),3
2026-02-01,Odisha,KIA INDIA PRIVATE LIMITED,Electric (EV),1
2026-03-01,Odisha,KIA INDIA PRIVATE LIMITED,Electric (EV),13
2026-04-01,Odisha,KIA INDIA PRIVATE LIMITED,Electric (EV),10
2026-05-01,Odisha,KIA INDIA PRIVATE LIMITED,Electric (EV),9
2026-06-01,Odisha,KIA INDIA PRIVATE LIMITED,Electric (EV),9
2026-01-01,Odisha,MAHINDRA & MAHINDRA LIMITED,Electric (EV),3
2026-02-01,Odisha,MAHINDRA & MAHINDRA LIMITED,Electric (EV),6
2026-03-01,Odisha,MAHINDRA & MAHINDRA LIMITED,Electric (EV),6
2026-04-01,Odisha,MAHINDRA & MAHINDRA LIMITED,Electric (EV),9
2026-05-01,Odisha,MAHINDRA & MAHINDRA LIMITED,Electric (EV),27
2026-06-01,Odisha,MAHINDRA & MAHINDRA LIMITED,Electric (EV),26
2026-01-01,Odisha,MAHINDRA ELECTRIC AUTOMOBILE LTD,Electric (EV),59
2026-02-01,Odisha,MAHINDRA ELECTRIC AUTOMOBILE LTD,Electric (EV),56
2026-03-01,Odisha,MAHINDRA ELECTRIC AUTOMOBILE LTD,Electric (EV),94
2026-04-01,Odisha,MAHINDRA ELECTRIC AUTOMOBILE LTD,Electric (EV),103
2026-05-01,Odisha,MAHINDRA ELECTRIC AUTOMOBILE LTD,Electric (EV),127
2026-06-01,Odisha,MAHINDRA ELECTRIC AUTOMOBILE LTD,Electric (EV),64
2026-01-01,Odisha,MARUTI SUZUKI INDIA LTD,Electric (EV),9
2026-02-01,Odisha,MARUTI SUZUKI INDIA LTD,Electric (EV),2
2026-03-01,Odisha,MARUTI SUZUKI INDIA LTD,Electric (EV),19
2026-04-01,Odisha,MARUTI SUZUKI INDIA LTD,Electric (EV),43
2026-05-01,Odisha,MARUTI SUZUKI INDIA LTD,Electric (EV),45
2026-06-01,Odisha,MARUTI SUZUKI INDIA LTD,Electric (EV),16
2026-01-01,Odisha,MERCEDES-BENZ AG,Electric (EV),2
2026-04-01,Odisha,MERCEDES-BENZ AG,Electric (EV),1
2026-05-01,Odisha,MERCEDES-BENZ AG,Electric (EV),5
2026-06-01,Odisha,MERCEDES-BENZ AG,Electric (EV),2
2026-04-01,Odisha,MERCEDES-BENZ INDIA PVT LTD,Electric (EV),2
2026-03-01,Odisha,PORSCHE AG GERMANY,Electric (EV),1
2026-01-01,Odisha,TATA PASSENGER ELECTRIC MOBILITY LTD,Electric (EV),239
2026-02-01,Odisha,TATA PASSENGER ELECTRIC MOBILITY LTD,Electric (EV),209
2026-03-01,Odisha,TATA PASSENGER ELECTRIC MOBILITY LTD,Electric (EV),364
2026-04-01,Odisha,TATA PASSENGER ELECTRIC MOBILITY LTD,Electric (EV),299
2026-05-01,Odisha,TATA PASSENGER ELECTRIC MOBILITY LTD,Electric (EV),392
2026-06-01,Odisha,TATA PASSENGER ELECTRIC MOBILITY LTD,Electric (EV),210
2026-01-01,Odisha,TESLA INDIA MOTORS AND ENERGY PVT LTD,Electric (EV),2
2026-06-01,Odisha,TOYOTA KIRLOSKAR MOTOR PVT LTD,Electric (EV),2
2026-01-01,Odisha,VINFAST AUTO INDIA PVT LTD,Electric (EV),15
2026-02-01,Odisha,VINFAST AUTO INDIA PVT LTD,Electric (EV),13
2026-03-01,Odisha,VINFAST AUTO INDIA PVT LTD,Electric (EV),11
2026-04-01,Odisha,VINFAST AUTO INDIA PVT LTD,Electric (EV),25
2026-05-01,Odisha,VINFAST AUTO INDIA PVT LTD,Electric (EV),33
2026-06-01,Odisha,VINFAST AUTO INDIA PVT LTD,Electric (EV),13
2026-05-01,Odisha,VOLVO AUTO INDIA PVT LTD,Electric (EV),1
2026-01-01,Puducherry,BYD INDIA PRIVATE LIMITED,Electric (EV),1
2026-01-01,Puducherry,JSW MG MOTOR INDIA PVT LTD,Electric (EV),6
2026-02-01,Puducherry,JSW MG MOTOR INDIA PVT LTD,Electric (EV),1
2026-03-01,Puducherry,JSW MG MOTOR INDIA PVT LTD,Electric (EV),7
2026-04-01,Puducherry,JSW MG MOTOR INDIA PVT LTD,Electric (EV),7
2026-05-01,Puducherry,JSW MG MOTOR INDIA PVT LTD,Electric (EV),5
2026-06-01,Puducherry,JSW MG MOTOR INDIA PVT LTD,Electric (EV),4
2026-05-01,Puducherry,KIA INDIA PRIVATE LIMITED,Electric (EV),1
2026-01-01,Puducherry,MAHINDRA ELECTRIC AUTOMOBILE LTD,Electric (EV),1
2026-02-01,Puducherry,MAHINDRA ELECTRIC AUTOMOBILE LTD,Electric (EV),5
2026-03-01,Puducherry,MAHINDRA ELECTRIC AUTOMOBILE LTD,Electric (EV),9
2026-04-01,Puducherry,MAHINDRA ELECTRIC AUTOMOBILE LTD,Electric (EV),6
2026-05-01,Puducherry,MAHINDRA ELECTRIC AUTOMOBILE LTD,Electric (EV),6
2026-06-01,Puducherry,MAHINDRA ELECTRIC AUTOMOBILE LTD,Electric (EV),2
2026-02-01,Puducherry,MARUTI SUZUKI INDIA LTD,Electric (EV),1
2026-03-01,Puducherry,MARUTI SUZUKI INDIA LTD,Electric (EV),1
2026-04-01,Puducherry,MARUTI SUZUKI INDIA LTD,Electric (EV),2
2026-05-01,Puducherry,MARUTI SUZUKI INDIA LTD,Electric (EV),3
2026-06-01,Puducherry,MARUTI SUZUKI INDIA LTD,Electric (EV),2
2026-01-01,Puducherry,TATA PASSENGER ELECTRIC MOBILITY LTD,Electric (EV),1
2026-02-01,Puducherry,TATA PASSENGER ELECTRIC MOBILITY LTD,Electric (EV),2
2026-03-01,Puducherry,TATA PASSENGER ELECTRIC MOBILITY LTD,Electric (EV),4
2026-04-01,Puducherry,TATA PASSENGER ELECTRIC MOBILITY LTD,Electric (EV),5
2026-05-01,Puducherry,TATA PASSENGER ELECTRIC MOBILITY LTD,Electric (EV),7
2026-06-01,Puducherry,TATA PASSENGER ELECTRIC MOBILITY LTD,Electric (EV),6
2026-01-01,Puducherry,VINFAST AUTO INDIA PVT LTD,Electric (EV),1
2026-04-01,Puducherry,VINFAST AUTO INDIA PVT LTD,Electric (EV),1
2026-05-01,Puducherry,VINFAST AUTO INDIA PVT LTD,Electric (EV),1
2026-01-01,Punjab,BMW INDIA PVT LTD,Electric (EV),8
2026-02-01,Punjab,BMW INDIA PVT LTD,Electric (EV),8
2026-03-01,Punjab,BMW INDIA PVT LTD,Electric (EV),2
2026-04-01,Punjab,BMW INDIA PVT LTD,Electric (EV),8
2026-05-01,Punjab,BMW INDIA PVT LTD,Electric (EV),14
2026-06-01,Punjab,BMW INDIA PVT LTD,Electric (EV),3
2026-01-01,Punjab,BYD INDIA PRIVATE LIMITED,Electric (EV),7
2026-02-01,Punjab,BYD INDIA PRIVATE LIMITED,Electric (EV),11
2026-03-01,Punjab,BYD INDIA PRIVATE LIMITED,Electric (EV),6
2026-04-01,Punjab,BYD INDIA PRIVATE LIMITED,Electric (EV),19
2026-05-01,Punjab,BYD INDIA PRIVATE LIMITED,Electric (EV),16
2026-06-01,Punjab,BYD INDIA PRIVATE LIMITED,Electric (EV),7
2026-01-01,Punjab,HYUNDAI MOTOR INDIA LTD,Electric (EV),6
2026-02-01,Punjab,HYUNDAI MOTOR INDIA LTD,Electric (EV),4
2026-03-01,Punjab,HYUNDAI MOTOR INDIA LTD,Electric (EV),7
2026-04-01,Punjab,HYUNDAI MOTOR INDIA LTD,Electric (EV),8
2026-05-01,Punjab,HYUNDAI MOTOR INDIA LTD,Electric (EV),4
2026-06-01,Punjab,HYUNDAI MOTOR INDIA LTD,Electric (EV),1
2026-01-01,Punjab,JSW MG MOTOR INDIA PVT LTD,Electric (EV),170
2026-02-01,Punjab,JSW MG MOTOR INDIA PVT LTD,Electric (EV),118
2026-03-01,Punjab,JSW MG MOTOR INDIA PVT LTD,Electric (EV),148
2026-04-01,Punjab,JSW MG MOTOR INDIA PVT LTD,Electric (EV),193
2026-05-01,Punjab,JSW MG MOTOR INDIA PVT LTD,Electric (EV),151
2026-06-01,Punjab,JSW MG MOTOR INDIA PVT LTD,Electric (EV),89
2026-01-01,Punjab,KIA INDIA PRIVATE LIMITED,Electric (EV),6
2026-02-01,Punjab,KIA INDIA PRIVATE LIMITED,Electric (EV),6
2026-03-01,Punjab,KIA INDIA PRIVATE LIMITED,Electric (EV),17
2026-04-01,Punjab,KIA INDIA PRIVATE LIMITED,Electric (EV),10
2026-05-01,Punjab,KIA INDIA PRIVATE LIMITED,Electric (EV),4
2026-06-01,Punjab,KIA INDIA PRIVATE LIMITED,Electric (EV),5
2026-02-01,Punjab,MAHINDRA & MAHINDRA LIMITED,Electric (EV),1
2026-03-01,Punjab,MAHINDRA & MAHINDRA LIMITED,Electric (EV),2
2026-04-01,Punjab,MAHINDRA & MAHINDRA LIMITED,Electric (EV),4
2026-05-01,Punjab,MAHINDRA & MAHINDRA LIMITED,Electric (EV),8
2026-06-01,Punjab,MAHINDRA & MAHINDRA LIMITED,Electric (EV),5
2026-01-01,Punjab,MAHINDRA ELECTRIC AUTOMOBILE LTD,Electric (EV),115
2026-02-01,Punjab,MAHINDRA ELECTRIC AUTOMOBILE LTD,Electric (EV),97
2026-03-01,Punjab,MAHINDRA ELECTRIC AUTOMOBILE LTD,Electric (EV),119
2026-04-01,Punjab,MAHINDRA ELECTRIC AUTOMOBILE LTD,Electric (EV),158
2026-05-01,Punjab,MAHINDRA ELECTRIC AUTOMOBILE LTD,Electric (EV),160
2026-06-01,Punjab,MAHINDRA ELECTRIC AUTOMOBILE LTD,Electric (EV),106
2026-01-01,Punjab,MARUTI SUZUKI INDIA LTD,Electric (EV),14
2026-02-01,Punjab,MARUTI SUZUKI INDIA LTD,Electric (EV),5
2026-03-01,Punjab,MARUTI SUZUKI INDIA LTD,Electric (EV),17
2026-04-01,Punjab,MARUTI SUZUKI INDIA LTD,Electric (EV),48
2026-05-01,Punjab,MARUTI SUZUKI INDIA LTD,Electric (EV),58
2026-06-01,Punjab,MARUTI SUZUKI INDIA LTD,Electric (EV),28
2026-02-01,Punjab,MERCEDES-BENZ AG,Electric (EV),1
2026-04-01,Punjab,MERCEDES-BENZ AG,Electric (EV),2
2026-05-01,Punjab,MERCEDES-BENZ AG,Electric (EV),4
2026-02-01,Punjab,MERCEDES-BENZ INDIA PVT LTD,Electric (EV),1
2026-04-01,Punjab,MERCEDES-BENZ INDIA PVT LTD,Electric (EV),1
2026-06-01,Punjab,MERCEDES-BENZ INDIA PVT LTD,Electric (EV),1
2026-01-01,Punjab,TATA PASSENGER ELECTRIC MOBILITY LTD,Electric (EV),119
2026-02-01,Punjab,TATA PASSENGER ELECTRIC MOBILITY LTD,Electric (EV),54
2026-03-01,Punjab,TATA PASSENGER ELECTRIC MOBILITY LTD,Electric (EV),113
2026-04-01,Punjab,TATA PASSENGER ELECTRIC MOBILITY LTD,Electric (EV),160
2026-05-01,Punjab,TATA PASSENGER ELECTRIC MOBILITY LTD,Electric (EV),156
2026-06-01,Punjab,TATA PASSENGER ELECTRIC MOBILITY LTD,Electric (EV),104
2026-02-01,Punjab,TESLA INDIA MOTORS AND ENERGY PVT LTD,Electric (EV),1
2026-05-01,Punjab,TESLA INDIA MOTORS AND ENERGY PVT LTD,Electric (EV),3
2026-01-01,Punjab,VINFAST AUTO INDIA PVT LTD,Electric (EV),19
2026-02-01,Punjab,VINFAST AUTO INDIA PVT LTD,Electric (EV),18
2026-03-01,Punjab,VINFAST AUTO INDIA PVT LTD,Electric (EV),26
2026-04-01,Punjab,VINFAST AUTO INDIA PVT LTD,Electric (EV),36
2026-05-01,Punjab,VINFAST AUTO INDIA PVT LTD,Electric (EV),28
2026-06-01,Punjab,VINFAST AUTO INDIA PVT LTD,Electric (EV),21
2026-01-01,Rajasthan,BMW INDIA PVT LTD,Electric (EV),12
2026-02-01,Rajasthan,BMW INDIA PVT LTD,Electric (EV),3
2026-03-01,Rajasthan,BMW INDIA PVT LTD,Electric (EV),23
2026-04-01,Rajasthan,BMW INDIA PVT LTD,Electric (EV),8
2026-05-01,Rajasthan,BMW INDIA PVT LTD,Electric (EV),13
2026-01-01,Rajasthan,BYD INDIA PRIVATE LIMITED,Electric (EV),9
2026-02-01,Rajasthan,BYD INDIA PRIVATE LIMITED,Electric (EV),12
2026-03-01,Rajasthan,BYD INDIA PRIVATE LIMITED,Electric (EV),15
2026-04-01,Rajasthan,BYD INDIA PRIVATE LIMITED,Electric (EV),21
2026-05-01,Rajasthan,BYD INDIA PRIVATE LIMITED,Electric (EV),27
2026-06-01,Rajasthan,BYD INDIA PRIVATE LIMITED,Electric (EV),11
2026-01-01,Rajasthan,HYUNDAI MOTOR INDIA LTD,Electric (EV),15
2026-02-01,Rajasthan,HYUNDAI MOTOR INDIA LTD,Electric (EV),14
2026-03-01,Rajasthan,HYUNDAI MOTOR INDIA LTD,Electric (EV),30
2026-04-01,Rajasthan,HYUNDAI MOTOR INDIA LTD,Electric (EV),22
2026-05-01,Rajasthan,HYUNDAI MOTOR INDIA LTD,Electric (EV),30
2026-06-01,Rajasthan,HYUNDAI MOTOR INDIA LTD,Electric (EV),11
2026-01-01,Rajasthan,JSW MG MOTOR INDIA PVT LTD,Electric (EV),155
2026-02-01,Rajasthan,JSW MG MOTOR INDIA PVT LTD,Electric (EV),110
2026-03-01,Rajasthan,JSW MG MOTOR INDIA PVT LTD,Electric (EV),175
2026-04-01,Rajasthan,JSW MG MOTOR INDIA PVT LTD,Electric (EV),219
2026-05-01,Rajasthan,JSW MG MOTOR INDIA PVT LTD,Electric (EV),216
2026-06-01,Rajasthan,JSW MG MOTOR INDIA PVT LTD,Electric (EV),72
2026-01-01,Rajasthan,KIA INDIA PRIVATE LIMITED,Electric (EV),11
2026-02-01,Rajasthan,KIA INDIA PRIVATE LIMITED,Electric (EV),14
2026-03-01,Rajasthan,KIA INDIA PRIVATE LIMITED,Electric (EV),21
2026-04-01,Rajasthan,KIA INDIA PRIVATE LIMITED,Electric (EV),18
2026-05-01,Rajasthan,KIA INDIA PRIVATE LIMITED,Electric (EV),25
2026-06-01,Rajasthan,KIA INDIA PRIVATE LIMITED,Electric (EV),6
2026-01-01,Rajasthan,MAHINDRA & MAHINDRA LIMITED,Electric (EV),22
2026-02-01,Rajasthan,MAHINDRA & MAHINDRA LIMITED,Electric (EV),5
2026-03-01,Rajasthan,MAHINDRA & MAHINDRA LIMITED,Electric (EV),10
2026-04-01,Rajasthan,MAHINDRA & MAHINDRA LIMITED,Electric (EV),17
2026-05-01,Rajasthan,MAHINDRA & MAHINDRA LIMITED,Electric (EV),28
2026-06-01,Rajasthan,MAHINDRA & MAHINDRA LIMITED,Electric (EV),14
2026-01-01,Rajasthan,MAHINDRA ELECTRIC AUTOMOBILE LTD,Electric (EV),161
2026-02-01,Rajasthan,MAHINDRA ELECTRIC AUTOMOBILE LTD,Electric (EV),195
2026-03-01,Rajasthan,MAHINDRA ELECTRIC AUTOMOBILE LTD,Electric (EV),311
2026-04-01,Rajasthan,MAHINDRA ELECTRIC AUTOMOBILE LTD,Electric (EV),307
2026-05-01,Rajasthan,MAHINDRA ELECTRIC AUTOMOBILE LTD,Electric (EV),349
2026-06-01,Rajasthan,MAHINDRA ELECTRIC AUTOMOBILE LTD,Electric (EV),179
2026-01-01,Rajasthan,MARUTI SUZUKI INDIA LTD,Electric (EV),16
2026-02-01,Rajasthan,MARUTI SUZUKI INDIA LTD,Electric (EV),13
2026-03-01,Rajasthan,MARUTI SUZUKI INDIA LTD,Electric (EV),87
2026-04-01,Rajasthan,MARUTI SUZUKI INDIA LTD,Electric (EV),78
2026-05-01,Rajasthan,MARUTI SUZUKI INDIA LTD,Electric (EV),139
2026-06-01,Rajasthan,MARUTI SUZUKI INDIA LTD,Electric (EV),45
2026-01-01,Rajasthan,MERCEDES-BENZ AG,Electric (EV),1
2026-05-01,Rajasthan,MERCEDES-BENZ AG,Electric (EV),8
2026-06-01,Rajasthan,MERCEDES-BENZ AG,Electric (EV),2
2026-02-01,Rajasthan,MERCEDES-BENZ INDIA PVT LTD,Electric (EV),1
2026-03-01,Rajasthan,MERCEDES-BENZ INDIA PVT LTD,Electric (EV),3
2026-04-01,Rajasthan,MERCEDES-BENZ INDIA PVT LTD,Electric (EV),2
2026-05-01,Rajasthan,MERCEDES-BENZ INDIA PVT LTD,Electric (EV),1
2026-01-01,Rajasthan,TATA PASSENGER ELECTRIC MOBILITY LTD,Electric (EV),992
2026-02-01,Rajasthan,TATA PASSENGER ELECTRIC MOBILITY LTD,Electric (EV),631
2026-03-01,Rajasthan,TATA PASSENGER ELECTRIC MOBILITY LTD,Electric (EV),1038
2026-04-01,Rajasthan,TATA PASSENGER ELECTRIC MOBILITY LTD,Electric (EV),1028
2026-05-01,Rajasthan,TATA PASSENGER ELECTRIC MOBILITY LTD,Electric (EV),1297
2026-06-01,Rajasthan,TATA PASSENGER ELECTRIC MOBILITY LTD,Electric (EV),571
2026-01-01,Rajasthan,TESLA INDIA MOTORS AND ENERGY PVT LTD,Electric (EV),2
2026-02-01,Rajasthan,TESLA INDIA MOTORS AND ENERGY PVT LTD,Electric (EV),2
2026-04-01,Rajasthan,TESLA INDIA MOTORS AND ENERGY PVT LTD,Electric (EV),1
2026-05-01,Rajasthan,TESLA INDIA MOTORS AND ENERGY PVT LTD,Electric (EV),1
2026-01-01,Rajasthan,VINFAST AUTO INDIA PVT LTD,Electric (EV),39
2026-02-01,Rajasthan,VINFAST AUTO INDIA PVT LTD,Electric (EV),43
2026-03-01,Rajasthan,VINFAST AUTO INDIA PVT LTD,Electric (EV),77
2026-04-01,Rajasthan,VINFAST AUTO INDIA PVT LTD,Electric (EV),96
2026-05-01,Rajasthan,VINFAST AUTO INDIA PVT LTD,Electric (EV),118
2026-06-01,Rajasthan,VINFAST AUTO INDIA PVT LTD,Electric (EV),69
2026-05-01,Rajasthan,VOLVO AUTO INDIA PVT LTD,Electric (EV),1
2026-06-01,Rajasthan,VOLVO AUTO INDIA PVT LTD,Electric (EV),1
2026-05-01,Sikkim,MAHINDRA ELECTRIC AUTOMOBILE LTD,Electric (EV),1
2026-01-01,Sikkim,TATA PASSENGER ELECTRIC MOBILITY LTD,Electric (EV),3
2026-05-01,Sikkim,TATA PASSENGER ELECTRIC MOBILITY LTD,Electric (EV),1
2026-01-01,Tamil Nadu,BMW INDIA PVT LTD,Electric (EV),11
2026-02-01,Tamil Nadu,BMW INDIA PVT LTD,Electric (EV),18
2026-03-01,Tamil Nadu,BMW INDIA PVT LTD,Electric (EV),28
2026-04-01,Tamil Nadu,BMW INDIA PVT LTD,Electric (EV),28
2026-05-01,Tamil Nadu,BMW INDIA PVT LTD,Electric (EV),17
2026-06-01,Tamil Nadu,BMW INDIA PVT LTD,Electric (EV),7
2026-01-01,Tamil Nadu,BYD INDIA PRIVATE LIMITED,Electric (EV),16
2026-02-01,Tamil Nadu,BYD INDIA PRIVATE LIMITED,Electric (EV),23
2026-03-01,Tamil Nadu,BYD INDIA PRIVATE LIMITED,Electric (EV),45
2026-04-01,Tamil Nadu,BYD INDIA PRIVATE LIMITED,Electric (EV),56
2026-05-01,Tamil Nadu,BYD INDIA PRIVATE LIMITED,Electric (EV),53
2026-06-01,Tamil Nadu,BYD INDIA PRIVATE LIMITED,Electric (EV),29
2026-01-01,Tamil Nadu,HYUNDAI MOTOR INDIA LTD,Electric (EV),18
2026-02-01,Tamil Nadu,HYUNDAI MOTOR INDIA LTD,Electric (EV),30
2026-03-01,Tamil Nadu,HYUNDAI MOTOR INDIA LTD,Electric (EV),47
2026-04-01,Tamil Nadu,HYUNDAI MOTOR INDIA LTD,Electric (EV),62
2026-05-01,Tamil Nadu,HYUNDAI MOTOR INDIA LTD,Electric (EV),33
2026-06-01,Tamil Nadu,HYUNDAI MOTOR INDIA LTD,Electric (EV),17
2026-01-01,Tamil Nadu,JSW MG MOTOR INDIA PVT LTD,Electric (EV),248
2026-02-01,Tamil Nadu,JSW MG MOTOR INDIA PVT LTD,Electric (EV),282
2026-03-01,Tamil Nadu,JSW MG MOTOR INDIA PVT LTD,Electric (EV),437
2026-04-01,Tamil Nadu,JSW MG MOTOR INDIA PVT LTD,Electric (EV),448
2026-05-01,Tamil Nadu,JSW MG MOTOR INDIA PVT LTD,Electric (EV),320
2026-06-01,Tamil Nadu,JSW MG MOTOR INDIA PVT LTD,Electric (EV),228
2026-01-01,Tamil Nadu,KIA INDIA PRIVATE LIMITED,Electric (EV),33
2026-02-01,Tamil Nadu,KIA INDIA PRIVATE LIMITED,Electric (EV),32
2026-03-01,Tamil Nadu,KIA INDIA PRIVATE LIMITED,Electric (EV),51
2026-04-01,Tamil Nadu,KIA INDIA PRIVATE LIMITED,Electric (EV),30
2026-05-01,Tamil Nadu,KIA INDIA PRIVATE LIMITED,Electric (EV),26
2026-06-01,Tamil Nadu,KIA INDIA PRIVATE LIMITED,Electric (EV),23
2026-01-01,Tamil Nadu,MAHINDRA & MAHINDRA LIMITED,Electric (EV),16
2026-02-01,Tamil Nadu,MAHINDRA & MAHINDRA LIMITED,Electric (EV),9
2026-03-01,Tamil Nadu,MAHINDRA & MAHINDRA LIMITED,Electric (EV),2
2026-04-01,Tamil Nadu,MAHINDRA & MAHINDRA LIMITED,Electric (EV),17
2026-05-01,Tamil Nadu,MAHINDRA & MAHINDRA LIMITED,Electric (EV),20
2026-06-01,Tamil Nadu,MAHINDRA & MAHINDRA LIMITED,Electric (EV),19
2026-01-01,Tamil Nadu,MAHINDRA ELECTRIC AUTOMOBILE LTD,Electric (EV),301
2026-02-01,Tamil Nadu,MAHINDRA ELECTRIC AUTOMOBILE LTD,Electric (EV),273
2026-03-01,Tamil Nadu,MAHINDRA ELECTRIC AUTOMOBILE LTD,Electric (EV),559
2026-04-01,Tamil Nadu,MAHINDRA ELECTRIC AUTOMOBILE LTD,Electric (EV),658
2026-05-01,Tamil Nadu,MAHINDRA ELECTRIC AUTOMOBILE LTD,Electric (EV),437
2026-06-01,Tamil Nadu,MAHINDRA ELECTRIC AUTOMOBILE LTD,Electric (EV),423
2026-01-01,Tamil Nadu,MARUTI SUZUKI INDIA LTD,Electric (EV),2
2026-02-01,Tamil Nadu,MARUTI SUZUKI INDIA LTD,Electric (EV),33
2026-03-01,Tamil Nadu,MARUTI SUZUKI INDIA LTD,Electric (EV),53
2026-04-01,Tamil Nadu,MARUTI SUZUKI INDIA LTD,Electric (EV),158
2026-05-01,Tamil Nadu,MARUTI SUZUKI INDIA LTD,Electric (EV),128
2026-06-01,Tamil Nadu,MARUTI SUZUKI INDIA LTD,Electric (EV),87
2026-01-01,Tamil Nadu,MERCEDES-BENZ AG,Electric (EV),2
2026-02-01,Tamil Nadu,MERCEDES-BENZ AG,Electric (EV),2
2026-03-01,Tamil Nadu,MERCEDES-BENZ AG,Electric (EV),3
2026-04-01,Tamil Nadu,MERCEDES-BENZ AG,Electric (EV),7
2026-05-01,Tamil Nadu,MERCEDES-BENZ AG,Electric (EV),15
2026-06-01,Tamil Nadu,MERCEDES-BENZ AG,Electric (EV),13
2026-01-01,Tamil Nadu,MERCEDES-BENZ INDIA PVT LTD,Electric (EV),2
2026-02-01,Tamil Nadu,MERCEDES-BENZ INDIA PVT LTD,Electric (EV),3
2026-03-01,Tamil Nadu,MERCEDES-BENZ INDIA PVT LTD,Electric (EV),8
2026-04-01,Tamil Nadu,MERCEDES-BENZ INDIA PVT LTD,Electric (EV),7
2026-05-01,Tamil Nadu,MERCEDES-BENZ INDIA PVT LTD,Electric (EV),1
2026-06-01,Tamil Nadu,MERCEDES-BENZ INDIA PVT LTD,Electric (EV),5
2026-05-01,Tamil Nadu,PORSCHE AG GERMANY,Electric (EV),1
2026-06-01,Tamil Nadu,PORSCHE AG GERMANY,Electric (EV),1
2026-01-01,Tamil Nadu,STELLANTIS AUTOMOBILES INDIA PVT LTD,Electric (EV),1
2026-05-01,Tamil Nadu,STELLANTIS AUTOMOBILES INDIA PVT LTD,Electric (EV),1
2026-01-01,Tamil Nadu,TATA PASSENGER ELECTRIC MOBILITY LTD,Electric (EV),702
2026-02-01,Tamil Nadu,TATA PASSENGER ELECTRIC MOBILITY LTD,Electric (EV),477
2026-03-01,Tamil Nadu,TATA PASSENGER ELECTRIC MOBILITY LTD,Electric (EV),547
2026-04-01,Tamil Nadu,TATA PASSENGER ELECTRIC MOBILITY LTD,Electric (EV),845
2026-05-01,Tamil Nadu,TATA PASSENGER ELECTRIC MOBILITY LTD,Electric (EV),718
2026-06-01,Tamil Nadu,TATA PASSENGER ELECTRIC MOBILITY LTD,Electric (EV),570
2026-01-01,Tamil Nadu,TESLA INDIA MOTORS AND ENERGY PVT LTD,Electric (EV),2
2026-02-01,Tamil Nadu,TESLA INDIA MOTORS AND ENERGY PVT LTD,Electric (EV),3
2026-03-01,Tamil Nadu,TESLA INDIA MOTORS AND ENERGY PVT LTD,Electric (EV),5
2026-04-01,Tamil Nadu,TESLA INDIA MOTORS AND ENERGY PVT LTD,Electric (EV),2
2026-06-01,Tamil Nadu,TESLA INDIA MOTORS AND ENERGY PVT LTD,Electric (EV),1
2026-05-01,Tamil Nadu,TI CLEAN MOBILITY PVT LTD,Electric (EV),1
2026-04-01,Tamil Nadu,TVS MOTOR COMPANY LTD,Electric (EV),1
2026-01-01,Tamil Nadu,VINFAST AUTO INDIA PVT LTD,Electric (EV),36
2026-02-01,Tamil Nadu,VINFAST AUTO INDIA PVT LTD,Electric (EV),46
2026-03-01,Tamil Nadu,VINFAST AUTO INDIA PVT LTD,Electric (EV),65
2026-04-01,Tamil Nadu,VINFAST AUTO INDIA PVT LTD,Electric (EV),91
2026-05-01,Tamil Nadu,VINFAST AUTO INDIA PVT LTD,Electric (EV),86
2026-06-01,Tamil Nadu,VINFAST AUTO INDIA PVT LTD,Electric (EV),78
2026-01-01,Tamil Nadu,VOLVO AUTO INDIA PVT LTD,Electric (EV),5
2026-02-01,Tamil Nadu,VOLVO AUTO INDIA PVT LTD,Electric (EV),3
2026-03-01,Tamil Nadu,VOLVO AUTO INDIA PVT LTD,Electric (EV),5
2026-04-01,Tamil Nadu,VOLVO AUTO INDIA PVT LTD,Electric (EV),8
2026-05-01,Tamil Nadu,VOLVO AUTO INDIA PVT LTD,Electric (EV),3
2026-06-01,Tamil Nadu,VOLVO AUTO INDIA PVT LTD,Electric (EV),3
2026-04-01,Telangana,BMW INDIA PVT LTD,Electric (EV),4
2026-05-01,Telangana,BMW INDIA PVT LTD,Electric (EV),52
2026-06-01,Telangana,BMW INDIA PVT LTD,Electric (EV),35
2026-04-01,Telangana,BYD INDIA PRIVATE LIMITED,Electric (EV),14
2026-05-01,Telangana,BYD INDIA PRIVATE LIMITED,Electric (EV),90
2026-06-01,Telangana,BYD INDIA PRIVATE LIMITED,Electric (EV),87
2026-04-01,Telangana,HYUNDAI MOTOR INDIA LTD,Electric (EV),11
2026-05-01,Telangana,HYUNDAI MOTOR INDIA LTD,Electric (EV),70
2026-06-01,Telangana,HYUNDAI MOTOR INDIA LTD,Electric (EV),36
2026-04-01,Telangana,JSW MG MOTOR INDIA PVT LTD,Electric (EV),102
2026-05-01,Telangana,JSW MG MOTOR INDIA PVT LTD,Electric (EV),672
2026-06-01,Telangana,JSW MG MOTOR INDIA PVT LTD,Electric (EV),418
2026-04-01,Telangana,KIA INDIA PRIVATE LIMITED,Electric (EV),7
2026-05-01,Telangana,KIA INDIA PRIVATE LIMITED,Electric (EV),45
2026-06-01,Telangana,KIA INDIA PRIVATE LIMITED,Electric (EV),29
2026-04-01,Telangana,MAHINDRA & MAHINDRA LIMITED,Electric (EV),4
2026-05-01,Telangana,MAHINDRA & MAHINDRA LIMITED,Electric (EV),42
2026-06-01,Telangana,MAHINDRA & MAHINDRA LIMITED,Electric (EV),32
2026-04-01,Telangana,MAHINDRA ELECTRIC AUTOMOBILE LTD,Electric (EV),89
2026-05-01,Telangana,MAHINDRA ELECTRIC AUTOMOBILE LTD,Electric (EV),813
2026-06-01,Telangana,MAHINDRA ELECTRIC AUTOMOBILE LTD,Electric (EV),554
2026-04-01,Telangana,MARUTI SUZUKI INDIA LTD,Electric (EV),40
2026-05-01,Telangana,MARUTI SUZUKI INDIA LTD,Electric (EV),202
2026-06-01,Telangana,MARUTI SUZUKI INDIA LTD,Electric (EV),127
2026-04-01,Telangana,MERCEDES-BENZ AG,Electric (EV),3
2026-05-01,Telangana,MERCEDES-BENZ AG,Electric (EV),16
2026-06-01,Telangana,MERCEDES-BENZ AG,Electric (EV),18
2026-04-01,Telangana,MERCEDES-BENZ INDIA PVT LTD,Electric (EV),1
2026-05-01,Telangana,MERCEDES-BENZ INDIA PVT LTD,Electric (EV),23
2026-06-01,Telangana,MERCEDES-BENZ INDIA PVT LTD,Electric (EV),14
2026-04-01,Telangana,PORSCHE AG GERMANY,Electric (EV),1
2026-05-01,Telangana,PORSCHE AG GERMANY,Electric (EV),1
2026-06-01,Telangana,PORSCHE AG GERMANY,Electric (EV),2
2026-04-01,Telangana,TATA PASSENGER ELECTRIC MOBILITY LTD,Electric (EV),185
2026-05-01,Telangana,TATA PASSENGER ELECTRIC MOBILITY LTD,Electric (EV),1140
2026-06-01,Telangana,TATA PASSENGER ELECTRIC MOBILITY LTD,Electric (EV),569
2026-05-01,Telangana,TESLA INDIA MOTORS AND ENERGY PVT LTD,Electric (EV),1
2026-06-01,Telangana,TESLA INDIA MOTORS AND ENERGY PVT LTD,Electric (EV),2
2026-04-01,Telangana,VINFAST AUTO INDIA PVT LTD,Electric (EV),9
2026-05-01,Telangana,VINFAST AUTO INDIA PVT LTD,Electric (EV),88
2026-06-01,Telangana,VINFAST AUTO INDIA PVT LTD,Electric (EV),52
2026-04-01,Telangana,VOLVO AUTO INDIA PVT LTD,Electric (EV),1
2026-05-01,Telangana,VOLVO AUTO INDIA PVT LTD,Electric (EV),7
2026-03-01,Tripura,JSW MG MOTOR INDIA PVT LTD,Electric (EV),1
2026-02-01,Tripura,MAHINDRA ELECTRIC AUTOMOBILE LTD,Electric (EV),1
2026-02-01,Tripura,MARUTI SUZUKI INDIA LTD,Electric (EV),1
2026-04-01,Tripura,MARUTI SUZUKI INDIA LTD,Electric (EV),1
2026-05-01,Tripura,MARUTI SUZUKI INDIA LTD,Electric (EV),1
2026-03-01,Tripura,STELLANTIS AUTOMOBILES INDIA PVT LTD,Electric (EV),1
2026-01-01,Tripura,TATA PASSENGER ELECTRIC MOBILITY LTD,Electric (EV),4
2026-02-01,Tripura,TATA PASSENGER ELECTRIC MOBILITY LTD,Electric (EV),1
2026-04-01,Tripura,TATA PASSENGER ELECTRIC MOBILITY LTD,Electric (EV),1
2026-05-01,Tripura,TATA PASSENGER ELECTRIC MOBILITY LTD,Electric (EV),2
2026-06-01,Tripura,TATA PASSENGER ELECTRIC MOBILITY LTD,Electric (EV),1
2026-01-01,Uttar Pradesh,BMW INDIA PVT LTD,Electric (EV),17
2026-02-01,Uttar Pradesh,BMW INDIA PVT LTD,Electric (EV),13
2026-03-01,Uttar Pradesh,BMW INDIA PVT LTD,Electric (EV),29
2026-04-01,Uttar Pradesh,BMW INDIA PVT LTD,Electric (EV),24
2026-05-01,Uttar Pradesh,BMW INDIA PVT LTD,Electric (EV),16
2026-06-01,Uttar Pradesh,BMW INDIA PVT LTD,Electric (EV),3
2026-01-01,Uttar Pradesh,BYD INDIA PRIVATE LIMITED,Electric (EV),17
2026-02-01,Uttar Pradesh,BYD INDIA PRIVATE LIMITED,Electric (EV),22
2026-03-01,Uttar Pradesh,BYD INDIA PRIVATE LIMITED,Electric (EV),14
2026-04-01,Uttar Pradesh,BYD INDIA PRIVATE LIMITED,Electric (EV),33
2026-05-01,Uttar Pradesh,BYD INDIA PRIVATE LIMITED,Electric (EV),38
2026-06-01,Uttar Pradesh,BYD INDIA PRIVATE LIMITED,Electric (EV),8
2026-01-01,Uttar Pradesh,HYUNDAI MOTOR INDIA LTD,Electric (EV),14
2026-02-01,Uttar Pradesh,HYUNDAI MOTOR INDIA LTD,Electric (EV),16
2026-03-01,Uttar Pradesh,HYUNDAI MOTOR INDIA LTD,Electric (EV),28
2026-04-01,Uttar Pradesh,HYUNDAI MOTOR INDIA LTD,Electric (EV),30
2026-05-01,Uttar Pradesh,HYUNDAI MOTOR INDIA LTD,Electric (EV),22
2026-06-01,Uttar Pradesh,HYUNDAI MOTOR INDIA LTD,Electric (EV),8
2026-01-01,Uttar Pradesh,JSW MG MOTOR INDIA PVT LTD,Electric (EV),460
2026-02-01,Uttar Pradesh,JSW MG MOTOR INDIA PVT LTD,Electric (EV),258
2026-03-01,Uttar Pradesh,JSW MG MOTOR INDIA PVT LTD,Electric (EV),294
2026-04-01,Uttar Pradesh,JSW MG MOTOR INDIA PVT LTD,Electric (EV),372
2026-05-01,Uttar Pradesh,JSW MG MOTOR INDIA PVT LTD,Electric (EV),343
2026-06-01,Uttar Pradesh,JSW MG MOTOR INDIA PVT LTD,Electric (EV),123
2026-01-01,Uttar Pradesh,KIA INDIA PRIVATE LIMITED,Electric (EV),15
2026-02-01,Uttar Pradesh,KIA INDIA PRIVATE LIMITED,Electric (EV),17
2026-03-01,Uttar Pradesh,KIA INDIA PRIVATE LIMITED,Electric (EV),28
2026-04-01,Uttar Pradesh,KIA INDIA PRIVATE LIMITED,Electric (EV),30
2026-05-01,Uttar Pradesh,KIA INDIA PRIVATE LIMITED,Electric (EV),18
2026-06-01,Uttar Pradesh,KIA INDIA PRIVATE LIMITED,Electric (EV),7
2026-01-01,Uttar Pradesh,MAHINDRA & MAHINDRA LIMITED,Electric (EV),11
2026-02-01,Uttar Pradesh,MAHINDRA & MAHINDRA LIMITED,Electric (EV),4
2026-03-01,Uttar Pradesh,MAHINDRA & MAHINDRA LIMITED,Electric (EV),4
2026-04-01,Uttar Pradesh,MAHINDRA & MAHINDRA LIMITED,Electric (EV),14
2026-05-01,Uttar Pradesh,MAHINDRA & MAHINDRA LIMITED,Electric (EV),21
2026-06-01,Uttar Pradesh,MAHINDRA & MAHINDRA LIMITED,Electric (EV),16
2026-01-01,Uttar Pradesh,MAHINDRA ELECTRIC AUTOMOBILE LTD,Electric (EV),320
2026-02-01,Uttar Pradesh,MAHINDRA ELECTRIC AUTOMOBILE LTD,Electric (EV),277
2026-03-01,Uttar Pradesh,MAHINDRA ELECTRIC AUTOMOBILE LTD,Electric (EV),462
2026-04-01,Uttar Pradesh,MAHINDRA ELECTRIC AUTOMOBILE LTD,Electric (EV),383
2026-05-01,Uttar Pradesh,MAHINDRA ELECTRIC AUTOMOBILE LTD,Electric (EV),463
2026-06-01,Uttar Pradesh,MAHINDRA ELECTRIC AUTOMOBILE LTD,Electric (EV),167
2026-01-01,Uttar Pradesh,MARUTI SUZUKI INDIA LTD,Electric (EV),23
2026-02-01,Uttar Pradesh,MARUTI SUZUKI INDIA LTD,Electric (EV),20
2026-03-01,Uttar Pradesh,MARUTI SUZUKI INDIA LTD,Electric (EV),78
2026-04-01,Uttar Pradesh,MARUTI SUZUKI INDIA LTD,Electric (EV),107
2026-05-01,Uttar Pradesh,MARUTI SUZUKI INDIA LTD,Electric (EV),122
2026-06-01,Uttar Pradesh,MARUTI SUZUKI INDIA LTD,Electric (EV),42
2026-01-01,Uttar Pradesh,MERCEDES-BENZ AG,Electric (EV),1
2026-04-01,Uttar Pradesh,MERCEDES-BENZ AG,Electric (EV),2
2026-05-01,Uttar Pradesh,MERCEDES-BENZ AG,Electric (EV),10
2026-06-01,Uttar Pradesh,MERCEDES-BENZ AG,Electric (EV),2
2026-02-01,Uttar Pradesh,MERCEDES-BENZ INDIA PVT LTD,Electric (EV),1
2026-03-01,Uttar Pradesh,MERCEDES-BENZ INDIA PVT LTD,Electric (EV),5
2026-04-01,Uttar Pradesh,MERCEDES-BENZ INDIA PVT LTD,Electric (EV),1
2026-05-01,Uttar Pradesh,MERCEDES-BENZ INDIA PVT LTD,Electric (EV),2
2026-01-01,Uttar Pradesh,TATA PASSENGER ELECTRIC MOBILITY LTD,Electric (EV),725
2026-02-01,Uttar Pradesh,TATA PASSENGER ELECTRIC MOBILITY LTD,Electric (EV),432
2026-03-01,Uttar Pradesh,TATA PASSENGER ELECTRIC MOBILITY LTD,Electric (EV),621
2026-04-01,Uttar Pradesh,TATA PASSENGER ELECTRIC MOBILITY LTD,Electric (EV),717
2026-05-01,Uttar Pradesh,TATA PASSENGER ELECTRIC MOBILITY LTD,Electric (EV),804
2026-06-01,Uttar Pradesh,TATA PASSENGER ELECTRIC MOBILITY LTD,Electric (EV),245
2026-01-01,Uttar Pradesh,TESLA INDIA MOTORS AND ENERGY PVT LTD,Electric (EV),3
2026-02-01,Uttar Pradesh,TESLA INDIA MOTORS AND ENERGY PVT LTD,Electric (EV),1
2026-04-01,Uttar Pradesh,TESLA INDIA MOTORS AND ENERGY PVT LTD,Electric (EV),1
2026-02-01,Uttar Pradesh,TI CLEAN MOBILITY PVT LTD,Electric (EV),1
2026-01-01,Uttar Pradesh,VINFAST AUTO INDIA PVT LTD,Electric (EV),20
2026-02-01,Uttar Pradesh,VINFAST AUTO INDIA PVT LTD,Electric (EV),28
2026-03-01,Uttar Pradesh,VINFAST AUTO INDIA PVT LTD,Electric (EV),39
2026-04-01,Uttar Pradesh,VINFAST AUTO INDIA PVT LTD,Electric (EV),48
2026-05-01,Uttar Pradesh,VINFAST AUTO INDIA PVT LTD,Electric (EV),44
2026-06-01,Uttar Pradesh,VINFAST AUTO INDIA PVT LTD,Electric (EV),28
2026-01-01,Uttar Pradesh,VOLVO AUTO INDIA PVT LTD,Electric (EV),2
2026-02-01,Uttar Pradesh,VOLVO AUTO INDIA PVT LTD,Electric (EV),2
2026-03-01,Uttar Pradesh,VOLVO AUTO INDIA PVT LTD,Electric (EV),1
2026-04-01,Uttar Pradesh,VOLVO AUTO INDIA PVT LTD,Electric (EV),3
2026-05-01,Uttar Pradesh,VOLVO AUTO INDIA PVT LTD,Electric (EV),2
2026-01-01,Uttarakhand,BMW INDIA PVT LTD,Electric (EV),3
2026-02-01,Uttarakhand,BMW INDIA PVT LTD,Electric (EV),4
2026-03-01,Uttarakhand,BMW INDIA PVT LTD,Electric (EV),4
2026-04-01,Uttarakhand,BMW INDIA PVT LTD,Electric (EV),2
2026-05-01,Uttarakhand,BMW INDIA PVT LTD,Electric (EV),2
2026-01-01,Uttarakhand,BYD INDIA PRIVATE LIMITED,Electric (EV),4
2026-02-01,Uttarakhand,BYD INDIA PRIVATE LIMITED,Electric (EV),3
2026-03-01,Uttarakhand,BYD INDIA PRIVATE LIMITED,Electric (EV),3
2026-04-01,Uttarakhand,BYD INDIA PRIVATE LIMITED,Electric (EV),8
2026-05-01,Uttarakhand,BYD INDIA PRIVATE LIMITED,Electric (EV),9
2026-06-01,Uttarakhand,BYD INDIA PRIVATE LIMITED,Electric (EV),6
2026-02-01,Uttarakhand,HYUNDAI MOTOR INDIA LTD,Electric (EV),2
2026-03-01,Uttarakhand,HYUNDAI MOTOR INDIA LTD,Electric (EV),1
2026-04-01,Uttarakhand,HYUNDAI MOTOR INDIA LTD,Electric (EV),6
2026-05-01,Uttarakhand,HYUNDAI MOTOR INDIA LTD,Electric (EV),1
2026-06-01,Uttarakhand,HYUNDAI MOTOR INDIA LTD,Electric (EV),3
2026-01-01,Uttarakhand,JSW MG MOTOR INDIA PVT LTD,Electric (EV),21
2026-02-01,Uttarakhand,JSW MG MOTOR INDIA PVT LTD,Electric (EV),28
2026-03-01,Uttarakhand,JSW MG MOTOR INDIA PVT LTD,Electric (EV),14
2026-04-01,Uttarakhand,JSW MG MOTOR INDIA PVT LTD,Electric (EV),45
2026-05-01,Uttarakhand,JSW MG MOTOR INDIA PVT LTD,Electric (EV),47
2026-06-01,Uttarakhand,JSW MG MOTOR INDIA PVT LTD,Electric (EV),13
2026-01-01,Uttarakhand,KIA INDIA PRIVATE LIMITED,Electric (EV),1
2026-02-01,Uttarakhand,KIA INDIA PRIVATE LIMITED,Electric (EV),2
2026-03-01,Uttarakhand,KIA INDIA PRIVATE LIMITED,Electric (EV),4
2026-04-01,Uttarakhand,KIA INDIA PRIVATE LIMITED,Electric (EV),4
2026-05-01,Uttarakhand,KIA INDIA PRIVATE LIMITED,Electric (EV),1
2026-01-01,Uttarakhand,MAHINDRA & MAHINDRA LIMITED,Electric (EV),2
2026-02-01,Uttarakhand,MAHINDRA & MAHINDRA LIMITED,Electric (EV),2
2026-03-01,Uttarakhand,MAHINDRA & MAHINDRA LIMITED,Electric (EV),1
2026-05-01,Uttarakhand,MAHINDRA & MAHINDRA LIMITED,Electric (EV),1
2026-06-01,Uttarakhand,MAHINDRA & MAHINDRA LIMITED,Electric (EV),1
2026-01-01,Uttarakhand,MAHINDRA ELECTRIC AUTOMOBILE LTD,Electric (EV),39
2026-02-01,Uttarakhand,MAHINDRA ELECTRIC AUTOMOBILE LTD,Electric (EV),29
2026-03-01,Uttarakhand,MAHINDRA ELECTRIC AUTOMOBILE LTD,Electric (EV),38
2026-04-01,Uttarakhand,MAHINDRA ELECTRIC AUTOMOBILE LTD,Electric (EV),73
2026-05-01,Uttarakhand,MAHINDRA ELECTRIC AUTOMOBILE LTD,Electric (EV),57
2026-06-01,Uttarakhand,MAHINDRA ELECTRIC AUTOMOBILE LTD,Electric (EV),27
2026-01-01,Uttarakhand,MARUTI SUZUKI INDIA LTD,Electric (EV),1
2026-02-01,Uttarakhand,MARUTI SUZUKI INDIA LTD,Electric (EV),4
2026-03-01,Uttarakhand,MARUTI SUZUKI INDIA LTD,Electric (EV),5
2026-04-01,Uttarakhand,MARUTI SUZUKI INDIA LTD,Electric (EV),12
2026-05-01,Uttarakhand,MARUTI SUZUKI INDIA LTD,Electric (EV),16
2026-06-01,Uttarakhand,MARUTI SUZUKI INDIA LTD,Electric (EV),8
2026-01-01,Uttarakhand,TATA PASSENGER ELECTRIC MOBILITY LTD,Electric (EV),56
2026-02-01,Uttarakhand,TATA PASSENGER ELECTRIC MOBILITY LTD,Electric (EV),41
2026-03-01,Uttarakhand,TATA PASSENGER ELECTRIC MOBILITY LTD,Electric (EV),36
2026-04-01,Uttarakhand,TATA PASSENGER ELECTRIC MOBILITY LTD,Electric (EV),74
2026-05-01,Uttarakhand,TATA PASSENGER ELECTRIC MOBILITY LTD,Electric (EV),86
2026-06-01,Uttarakhand,TATA PASSENGER ELECTRIC MOBILITY LTD,Electric (EV),49
2026-03-01,Uttarakhand,TESLA INDIA MOTORS AND ENERGY PVT LTD,Electric (EV),1
2026-05-01,Uttarakhand,TESLA INDIA MOTORS AND ENERGY PVT LTD,Electric (EV),1
2026-01-01,Uttarakhand,VINFAST AUTO INDIA PVT LTD,Electric (EV),1
2026-02-01,Uttarakhand,VINFAST AUTO INDIA PVT LTD,Electric (EV),3
2026-03-01,Uttarakhand,VINFAST AUTO INDIA PVT LTD,Electric (EV),1
2026-04-01,Uttarakhand,VINFAST AUTO INDIA PVT LTD,Electric (EV),2
2026-06-01,Uttarakhand,VINFAST AUTO INDIA PVT LTD,Electric (EV),2
2026-03-01,Andaman and Nicobar Islands,ESCORTS KUBOTA LIMITED (AGRI MACHINERY GROUP),Petrol/Diesel/CNG/Hybrid,4
2026-06-01,Andaman and Nicobar Islands,ESCORTS KUBOTA LIMITED (AGRI MACHINERY GROUP),Petrol/Diesel/CNG/Hybrid,1
2026-01-01,Andaman and Nicobar Islands,HONDA CARS INDIA LTD,Petrol/Diesel/CNG/Hybrid,1
2026-02-01,Andaman and Nicobar Islands,HONDA CARS INDIA LTD,Petrol/Diesel/CNG/Hybrid,1
2026-03-01,Andaman and Nicobar Islands,HONDA CARS INDIA LTD,Petrol/Diesel/CNG/Hybrid,2
2026-04-01,Andaman and Nicobar Islands,HONDA CARS INDIA LTD,Petrol/Diesel/CNG/Hybrid,3
2026-05-01,Andaman and Nicobar Islands,HONDA CARS INDIA LTD,Petrol/Diesel/CNG/Hybrid,1
2026-06-01,Andaman and Nicobar Islands,HONDA CARS INDIA LTD,Petrol/Diesel/CNG/Hybrid,1
2026-01-01,Andaman and Nicobar Islands,HYUNDAI MOTOR INDIA LTD,Petrol/Diesel/CNG/Hybrid,54
2026-02-01,Andaman and Nicobar Islands,HYUNDAI MOTOR INDIA LTD,Petrol/Diesel/CNG/Hybrid,37
2026-03-01,Andaman and Nicobar Islands,HYUNDAI MOTOR INDIA LTD,Petrol/Diesel/CNG/Hybrid,46
2026-04-01,Andaman and Nicobar Islands,HYUNDAI MOTOR INDIA LTD,Petrol/Diesel/CNG/Hybrid,33
2026-05-01,Andaman and Nicobar Islands,HYUNDAI MOTOR INDIA LTD,Petrol/Diesel/CNG/Hybrid,30
2026-06-01,Andaman and Nicobar Islands,HYUNDAI MOTOR INDIA LTD,Petrol/Diesel/CNG/Hybrid,15
2026-01-01,Andaman and Nicobar Islands,JSW MG MOTOR INDIA PVT LTD,Petrol/Diesel/CNG/Hybrid,7
2026-02-01,Andaman and Nicobar Islands,JSW MG MOTOR INDIA PVT LTD,Petrol/Diesel/CNG/Hybrid,1
2026-03-01,Andaman and Nicobar Islands,JSW MG MOTOR INDIA PVT LTD,Petrol/Diesel/CNG/Hybrid,6
2026-04-01,Andaman and Nicobar Islands,JSW MG MOTOR INDIA PVT LTD,Petrol/Diesel/CNG/Hybrid,1
2026-01-01,Andaman and Nicobar Islands,KIA INDIA PRIVATE LIMITED,Petrol/Diesel/CNG/Hybrid,18
2026-02-01,Andaman and Nicobar Islands,KIA INDIA PRIVATE LIMITED,Petrol/Diesel/CNG/Hybrid,14
2026-03-01,Andaman and Nicobar Islands,KIA INDIA PRIVATE LIMITED,Petrol/Diesel/CNG/Hybrid,17
2026-04-01,Andaman and Nicobar Islands,KIA INDIA PRIVATE LIMITED,Petrol/Diesel/CNG/Hybrid,16
2026-05-01,Andaman and Nicobar Islands,KIA INDIA PRIVATE LIMITED,Petrol/Diesel/CNG/Hybrid,16
2026-06-01,Andaman and Nicobar Islands,KIA INDIA PRIVATE LIMITED,Petrol/Diesel/CNG/Hybrid,11
2026-01-01,Andaman and Nicobar Islands,MAHINDRA & MAHINDRA LIMITED,Petrol/Diesel/CNG/Hybrid,14
2026-02-01,Andaman and Nicobar Islands,MAHINDRA & MAHINDRA LIMITED,Petrol/Diesel/CNG/Hybrid,24
2026-03-01,Andaman and Nicobar Islands,MAHINDRA & MAHINDRA LIMITED,Petrol/Diesel/CNG/Hybrid,34
2026-04-01,Andaman and Nicobar Islands,MAHINDRA & MAHINDRA LIMITED,Petrol/Diesel/CNG/Hybrid,28
2026-05-01,Andaman and Nicobar Islands,MAHINDRA & MAHINDRA LIMITED,Petrol/Diesel/CNG/Hybrid,19
2026-06-01,Andaman and Nicobar Islands,MAHINDRA & MAHINDRA LIMITED,Petrol/Diesel/CNG/Hybrid,10
2026-05-01,Andaman and Nicobar Islands,MAHINDRA & MAHINDRA LIMITED (TRACTOR),Petrol/Diesel/CNG/Hybrid,1
2026-01-01,Andaman and Nicobar Islands,MARUTI SUZUKI INDIA LTD,Petrol/Diesel/CNG/Hybrid,75
2026-02-01,Andaman and Nicobar Islands,MARUTI SUZUKI INDIA LTD,Petrol/Diesel/CNG/Hybrid,65
2026-03-01,Andaman and Nicobar Islands,MARUTI SUZUKI INDIA LTD,Petrol/Diesel/CNG/Hybrid,84
2026-04-01,Andaman and Nicobar Islands,MARUTI SUZUKI INDIA LTD,Petrol/Diesel/CNG/Hybrid,74
2026-05-01,Andaman and Nicobar Islands,MARUTI SUZUKI INDIA LTD,Petrol/Diesel/CNG/Hybrid,68
2026-06-01,Andaman and Nicobar Islands,MARUTI SUZUKI INDIA LTD,Petrol/Diesel/CNG/Hybrid,38
2026-01-01,Andaman and Nicobar Islands,NISSAN MOTOR INDIA PVT LTD,Petrol/Diesel/CNG/Hybrid,1
2026-02-01,Andaman and Nicobar Islands,NISSAN MOTOR INDIA PVT LTD,Petrol/Diesel/CNG/Hybrid,1
2026-03-01,Andaman and Nicobar Islands,NISSAN MOTOR INDIA PVT LTD,Petrol/Diesel/CNG/Hybrid,1
2026-04-01,Andaman and Nicobar Islands,NISSAN MOTOR INDIA PVT LTD,Petrol/Diesel/CNG/Hybrid,2
2026-05-01,Andaman and Nicobar Islands,NISSAN MOTOR INDIA PVT LTD,Petrol/Diesel/CNG/Hybrid,1
2026-01-01,Andaman and Nicobar Islands,RENAULT INDIA PVT LTD,Petrol/Diesel/CNG/Hybrid,1
2026-04-01,Andaman and Nicobar Islands,RENAULT INDIA PVT LTD,Petrol/Diesel/CNG/Hybrid,2
2026-01-01,Andaman and Nicobar Islands,SKODA AUTO VOLKSWAGEN INDIA PVT LTD,Petrol/Diesel/CNG/Hybrid,1
2026-04-01,Andaman and Nicobar Islands,SKODA AUTO VOLKSWAGEN INDIA PVT LTD,Petrol/Diesel/CNG/Hybrid,1
2026-06-01,Andaman and Nicobar Islands,SKODA AUTO VOLKSWAGEN INDIA PVT LTD,Petrol/Diesel/CNG/Hybrid,1
2026-01-01,Andaman and Nicobar Islands,TATA MOTORS PASSENGER VEHICLES LTD,Petrol/Diesel/CNG/Hybrid,32
2026-02-01,Andaman and Nicobar Islands,TATA MOTORS PASSENGER VEHICLES LTD,Petrol/Diesel/CNG/Hybrid,21
2026-03-01,Andaman and Nicobar Islands,TATA MOTORS PASSENGER VEHICLES LTD,Petrol/Diesel/CNG/Hybrid,37
2026-04-01,Andaman and Nicobar Islands,TATA MOTORS PASSENGER VEHICLES LTD,Petrol/Diesel/CNG/Hybrid,24
2026-05-01,Andaman and Nicobar Islands,TATA MOTORS PASSENGER VEHICLES LTD,Petrol/Diesel/CNG/Hybrid,19
2026-06-01,Andaman and Nicobar Islands,TATA MOTORS PASSENGER VEHICLES LTD,Petrol/Diesel/CNG/Hybrid,15
2026-01-01,Andaman and Nicobar Islands,TOYOTA KIRLOSKAR MOTOR PVT LTD,Petrol/Diesel/CNG/Hybrid,20
2026-02-01,Andaman and Nicobar Islands,TOYOTA KIRLOSKAR MOTOR PVT LTD,Petrol/Diesel/CNG/Hybrid,13
2026-03-01,Andaman and Nicobar Islands,TOYOTA KIRLOSKAR MOTOR PVT LTD,Petrol/Diesel/CNG/Hybrid,26
2026-04-01,Andaman and Nicobar Islands,TOYOTA KIRLOSKAR MOTOR PVT LTD,Petrol/Diesel/CNG/Hybrid,14
2026-05-01,Andaman and Nicobar Islands,TOYOTA KIRLOSKAR MOTOR PVT LTD,Petrol/Diesel/CNG/Hybrid,16
2026-06-01,Andaman and Nicobar Islands,TOYOTA KIRLOSKAR MOTOR PVT LTD,Petrol/Diesel/CNG/Hybrid,6
2026-01-01,Andhra Pradesh,A.B. AGRO ENGINEERING WORKS&ENTERPRISES,Petrol/Diesel/CNG/Hybrid,2
2026-02-01,Andhra Pradesh,A.B. AGRO ENGINEERING WORKS&ENTERPRISES,Petrol/Diesel/CNG/Hybrid,2
2026-03-01,Andhra Pradesh,A.B. AGRO ENGINEERING WORKS&ENTERPRISES,Petrol/Diesel/CNG/Hybrid,4
2026-04-01,Andhra Pradesh,A.B. AGRO ENGINEERING WORKS&ENTERPRISES,Petrol/Diesel/CNG/Hybrid,4
2026-05-01,Andhra Pradesh,A.B. AGRO ENGINEERING WORKS&ENTERPRISES,Petrol/Diesel/CNG/Hybrid,8
2026-02-01,Andhra Pradesh,A.K.S. GEN. & AGRL. INDUSTRIES,Petrol/Diesel/CNG/Hybrid,1
2026-03-01,Andhra Pradesh,A.K.S. GEN. & AGRL. INDUSTRIES,Petrol/Diesel/CNG/Hybrid,1
2026-04-01,Andhra Pradesh,A.K.S. GEN. & AGRL. INDUSTRIES,Petrol/Diesel/CNG/Hybrid,3
2026-01-01,Andhra Pradesh,ACTION CONSTRUCTION EQUIPMENT LTD,Petrol/Diesel/CNG/Hybrid,4
2026-02-01,Andhra Pradesh,ACTION CONSTRUCTION EQUIPMENT LTD,Petrol/Diesel/CNG/Hybrid,1
2026-03-01,Andhra Pradesh,ACTION CONSTRUCTION EQUIPMENT LTD,Petrol/Diesel/CNG/Hybrid,4
2026-04-01,Andhra Pradesh,ACTION CONSTRUCTION EQUIPMENT LTD,Petrol/Diesel/CNG/Hybrid,7
2026-05-01,Andhra Pradesh,ACTION CONSTRUCTION EQUIPMENT LTD,Petrol/Diesel/CNG/Hybrid,3
2026-06-01,Andhra Pradesh,ACTION CONSTRUCTION EQUIPMENT LTD,Petrol/Diesel/CNG/Hybrid,4
2026-01-01,Andhra Pradesh,AGRO TRAILERS,Petrol/Diesel/CNG/Hybrid,2
2026-02-01,Andhra Pradesh,AGRO TRAILERS,Petrol/Diesel/CNG/Hybrid,2
2026-03-01,Andhra Pradesh,AGRO TRAILERS,Petrol/Diesel/CNG/Hybrid,2
2026-04-01,Andhra Pradesh,AGRO TRAILERS,Petrol/Diesel/CNG/Hybrid,4
2026-05-01,Andhra Pradesh,AGRO TRAILERS,Petrol/Diesel/CNG/Hybrid,3
2026-06-01,Andhra Pradesh,AGRO TRAILERS,Petrol/Diesel/CNG/Hybrid,5
2026-02-01,Andhra Pradesh,AJAX ENGINEERING LTD,Petrol/Diesel/CNG/Hybrid,1
2026-01-01,Andhra Pradesh,AL-KHADEER ENGINEERING WORKS,Petrol/Diesel/CNG/Hybrid,5
2026-02-01,Andhra Pradesh,AL-KHADEER ENGINEERING WORKS,Petrol/Diesel/CNG/Hybrid,1
2026-03-01,Andhra Pradesh,AL-KHADEER ENGINEERING WORKS,Petrol/Diesel/CNG/Hybrid,3
2026-05-01,Andhra Pradesh,AL-KHADEER ENGINEERING WORKS,Petrol/Diesel/CNG/Hybrid,3
2026-06-01,Andhra Pradesh,AL-KHADEER ENGINEERING WORKS,Petrol/Diesel/CNG/Hybrid,1
2026-01-01,Andhra Pradesh,ANNAPURNA TRAILER IMPLEMENTS,Petrol/Diesel/CNG/Hybrid,3
2026-02-01,Andhra Pradesh,ANNAPURNA TRAILER IMPLEMENTS,Petrol/Diesel/CNG/Hybrid,2
2026-03-01,Andhra Pradesh,ANNAPURNA TRAILER IMPLEMENTS,Petrol/Diesel/CNG/Hybrid,3
2026-04-01,Andhra Pradesh,ANNAPURNA TRAILER IMPLEMENTS,Petrol/Diesel/CNG/Hybrid,7
2026-05-01,Andhra Pradesh,ANNAPURNA TRAILER IMPLEMENTS,Petrol/Diesel/CNG/Hybrid,5
2026-06-01,Andhra Pradesh,ANNAPURNA TRAILER IMPLEMENTS,Petrol/Diesel/CNG/Hybrid,3
2026-04-01,Andhra Pradesh,APSAGROINDUSTRIESDEVOLPMENTCORPORATIONLT,Petrol/Diesel/CNG/Hybrid,1
2026-03-01,Andhra Pradesh,ARUNA ENGINEERING WORKSHOP,Petrol/Diesel/CNG/Hybrid,3
2026-04-01,Andhra Pradesh,ARUNA ENGINEERING WORKSHOP,Petrol/Diesel/CNG/Hybrid,4
2026-05-01,Andhra Pradesh,ARUNA ENGINEERING WORKSHOP,Petrol/Diesel/CNG/Hybrid,4
2026-06-01,Andhra Pradesh,ARUNA ENGINEERING WORKSHOP,Petrol/Diesel/CNG/Hybrid,8
2026-04-01,Andhra Pradesh,ASTON MARTIN LAGONDA LTD,Petrol/Diesel/CNG/Hybrid,1
2026-02-01,Andhra Pradesh,BABAR AGRO INDUSTRIES,Petrol/Diesel/CNG/Hybrid,3
2026-06-01,Andhra Pradesh,BABAR AGRO INDUSTRIES,Petrol/Diesel/CNG/Hybrid,5
2026-03-01,Andhra Pradesh,BAJAJ AUTO LTD,Petrol/Diesel/CNG/Hybrid,1
2026-01-01,Andhra Pradesh,BALAJI FARM & STEEL WORKS,Petrol/Diesel/CNG/Hybrid,1
2026-03-01,Andhra Pradesh,BALAJI FARM & STEEL WORKS,Petrol/Diesel/CNG/Hybrid,1
2026-05-01,Andhra Pradesh,BALAJI FARM & STEEL WORKS,Petrol/Diesel/CNG/Hybrid,1
2026-01-01,Andhra Pradesh,BHARATHI TRAILERS,Petrol/Diesel/CNG/Hybrid,1
2026-02-01,Andhra Pradesh,BHARATHI TRAILERS,Petrol/Diesel/CNG/Hybrid,1
2026-03-01,Andhra Pradesh,BHARATHI TRAILERS,Petrol/Diesel/CNG/Hybrid,1
2026-04-01,Andhra Pradesh,BHARATHI TRAILERS,Petrol/Diesel/CNG/Hybrid,3
2026-05-01,Andhra Pradesh,BHARATHI TRAILERS,Petrol/Diesel/CNG/Hybrid,1
2026-06-01,Andhra Pradesh,BHARATHI TRAILERS,Petrol/Diesel/CNG/Hybrid,2
2026-01-01,Andhra Pradesh,BHASKARA INDUSTRIES,Petrol/Diesel/CNG/Hybrid,1
2026-03-01,Andhra Pradesh,BHASKARA INDUSTRIES,Petrol/Diesel/CNG/Hybrid,1
2026-04-01,Andhra Pradesh,BHASKARA INDUSTRIES,Petrol/Diesel/CNG/Hybrid,2
2026-05-01,Andhra Pradesh,BHASKARA INDUSTRIES,Petrol/Diesel/CNG/Hybrid,1
2026-01-01,Andhra Pradesh,BMW INDIA PVT LTD,Petrol/Diesel/CNG/Hybrid,38
2026-02-01,Andhra Pradesh,BMW INDIA PVT LTD,Petrol/Diesel/CNG/Hybrid,18
2026-03-01,Andhra Pradesh,BMW INDIA PVT LTD,Petrol/Diesel/CNG/Hybrid,17
2026-04-01,Andhra Pradesh,BMW INDIA PVT LTD,Petrol/Diesel/CNG/Hybrid,15
2026-05-01,Andhra Pradesh,BMW INDIA PVT LTD,Petrol/Diesel/CNG/Hybrid,22
2026-06-01,Andhra Pradesh,BMW INDIA PVT LTD,Petrol/Diesel/CNG/Hybrid,13
2026-02-01,Andhra Pradesh,BYD INDIA PRIVATE LIMITED,Petrol/Diesel/CNG/Hybrid,1
2026-03-01,Andhra Pradesh,BYD INDIA PRIVATE LIMITED,Petrol/Diesel/CNG/Hybrid,2
2026-04-01,Andhra Pradesh,BYD INDIA PRIVATE LIMITED,Petrol/Diesel/CNG/Hybrid,1
2026-01-01,Andhra Pradesh,CAPTAIN TRACTORS PVT. LTD,Petrol/Diesel/CNG/Hybrid,4
2026-02-01,Andhra Pradesh,CAPTAIN TRACTORS PVT. LTD,Petrol/Diesel/CNG/Hybrid,1
2026-04-01,Andhra Pradesh,CAPTAIN TRACTORS PVT. LTD,Petrol/Diesel/CNG/Hybrid,20
2026-01-01,Andhra Pradesh,CHAND BABA ENGINEERING WORKS,Petrol/Diesel/CNG/Hybrid,2
2026-03-01,Andhra Pradesh,CHAND BABA ENGINEERING WORKS,Petrol/Diesel/CNG/Hybrid,1
2026-04-01,Andhra Pradesh,CHAND BABA ENGINEERING WORKS,Petrol/Diesel/CNG/Hybrid,4
2026-06-01,Andhra Pradesh,CHAND BABA ENGINEERING WORKS,Petrol/Diesel/CNG/Hybrid,2
2026-01-01,Andhra Pradesh,CHARWICK ENGINEERING WORKS,Petrol/Diesel/CNG/Hybrid,4
2026-02-01,Andhra Pradesh,CHARWICK ENGINEERING WORKS,Petrol/Diesel/CNG/Hybrid,2
2026-03-01,Andhra Pradesh,CHARWICK ENGINEERING WORKS,Petrol/Diesel/CNG/Hybrid,4
2026-04-01,Andhra Pradesh,CHARWICK ENGINEERING WORKS,Petrol/Diesel/CNG/Hybrid,2
2026-05-01,Andhra Pradesh,CHARWICK ENGINEERING WORKS,Petrol/Diesel/CNG/Hybrid,2
2026-06-01,Andhra Pradesh,CHARWICK ENGINEERING WORKS,Petrol/Diesel/CNG/Hybrid,1
2026-01-01,Andhra Pradesh,CNH INDUSTRIAL (INDIA) PVT LTD,Petrol/Diesel/CNG/Hybrid,63
2026-02-01,Andhra Pradesh,CNH INDUSTRIAL (INDIA) PVT LTD,Petrol/Diesel/CNG/Hybrid,72
2026-03-01,Andhra Pradesh,CNH INDUSTRIAL (INDIA) PVT LTD,Petrol/Diesel/CNG/Hybrid,66
2026-04-01,Andhra Pradesh,CNH INDUSTRIAL (INDIA) PVT LTD,Petrol/Diesel/CNG/Hybrid,54
2026-05-01,Andhra Pradesh,CNH INDUSTRIAL (INDIA) PVT LTD,Petrol/Diesel/CNG/Hybrid,100
2026-06-01,Andhra Pradesh,CNH INDUSTRIAL (INDIA) PVT LTD,Petrol/Diesel/CNG/Hybrid,61
2026-01-01,Andhra Pradesh,DEVI ENGG WORKS,Petrol/Diesel/CNG/Hybrid,1
2026-02-01,Andhra Pradesh,DEVI ENGG WORKS,Petrol/Diesel/CNG/Hybrid,1
2026-03-01,Andhra Pradesh,DEVI ENGG WORKS,Petrol/Diesel/CNG/Hybrid,1
2026-04-01,Andhra Pradesh,DEVI ENGG WORKS,Petrol/Diesel/CNG/Hybrid,1
2026-05-01,Andhra Pradesh,DEVI ENGG WORKS,Petrol/Diesel/CNG/Hybrid,1
2026-01-01,Andhra Pradesh,DIVYA VARALAKSHMI INDUSTRY,Petrol/Diesel/CNG/Hybrid,3
2026-02-01,Andhra Pradesh,DIVYA VARALAKSHMI INDUSTRY,Petrol/Diesel/CNG/Hybrid,3
2026-03-01,Andhra Pradesh,DIVYA VARALAKSHMI INDUSTRY,Petrol/Diesel/CNG/Hybrid,1
2026-04-01,Andhra Pradesh,DIVYA VARALAKSHMI INDUSTRY,Petrol/Diesel/CNG/Hybrid,4
2026-05-01,Andhra Pradesh,DIVYA VARALAKSHMI INDUSTRY,Petrol/Diesel/CNG/Hybrid,2
2026-06-01,Andhra Pradesh,DIVYA VARALAKSHMI INDUSTRY,Petrol/Diesel/CNG/Hybrid,1
2026-02-01,Andhra Pradesh,DIVYA VINAYAKA AGRO INDUSTRIES,Petrol/Diesel/CNG/Hybrid,2
2026-03-01,Andhra Pradesh,DIVYA VINAYAKA AGRO INDUSTRIES,Petrol/Diesel/CNG/Hybrid,2
2026-04-01,Andhra Pradesh,DIVYA VINAYAKA AGRO INDUSTRIES,Petrol/Diesel/CNG/Hybrid,3
2026-05-01,Andhra Pradesh,DIVYA VINAYAKA AGRO INDUSTRIES,Petrol/Diesel/CNG/Hybrid,3
2026-06-01,Andhra Pradesh,DOOSAN BOBCAT INDIA PVT LTD,Petrol/Diesel/CNG/Hybrid,1
2026-01-01,Andhra Pradesh,DURGA INDUSTRIES,Petrol/Diesel/CNG/Hybrid,2
2026-02-01,Andhra Pradesh,DURGA INDUSTRIES,Petrol/Diesel/CNG/Hybrid,7
2026-03-01,Andhra Pradesh,DURGA INDUSTRIES,Petrol/Diesel/CNG/Hybrid,3
2026-04-01,Andhra Pradesh,DURGA INDUSTRIES,Petrol/Diesel/CNG/Hybrid,6
2026-05-01,Andhra Pradesh,DURGA INDUSTRIES,Petrol/Diesel/CNG/Hybrid,2
2026-06-01,Andhra Pradesh,DURGA INDUSTRIES,Petrol/Diesel/CNG/Hybrid,4
2026-01-01,Andhra Pradesh,EICHER TRACTORS,Petrol/Diesel/CNG/Hybrid,128
2026-02-01,Andhra Pradesh,EICHER TRACTORS,Petrol/Diesel/CNG/Hybrid,171
2026-03-01,Andhra Pradesh,EICHER TRACTORS,Petrol/Diesel/CNG/Hybrid,155
2026-04-01,Andhra Pradesh,EICHER TRACTORS,Petrol/Diesel/CNG/Hybrid,159
2026-05-01,Andhra Pradesh,EICHER TRACTORS,Petrol/Diesel/CNG/Hybrid,161
2026-06-01,Andhra Pradesh,EICHER TRACTORS,Petrol/Diesel/CNG/Hybrid,119
2026-01-01,Andhra Pradesh,ESCORTS KUBOTA LIMITED (AGRI MACHINERY GROUP),Petrol/Diesel/CNG/Hybrid,155
2026-02-01,Andhra Pradesh,ESCORTS KUBOTA LIMITED (AGRI MACHINERY GROUP),Petrol/Diesel/CNG/Hybrid,189
2026-03-01,Andhra Pradesh,ESCORTS KUBOTA LIMITED (AGRI MACHINERY GROUP),Petrol/Diesel/CNG/Hybrid,184
2026-04-01,Andhra Pradesh,ESCORTS KUBOTA LIMITED (AGRI MACHINERY GROUP),Petrol/Diesel/CNG/Hybrid,164
2026-05-01,Andhra Pradesh,ESCORTS KUBOTA LIMITED (AGRI MACHINERY GROUP),Petrol/Diesel/CNG/Hybrid,204
2026-06-01,Andhra Pradesh,ESCORTS KUBOTA LIMITED (AGRI MACHINERY GROUP),Petrol/Diesel/CNG/Hybrid,182
2026-01-01,Andhra Pradesh,FORCE MOTORS LIMITED,Petrol/Diesel/CNG/Hybrid,3
2026-02-01,Andhra Pradesh,FORCE MOTORS LIMITED,Petrol/Diesel/CNG/Hybrid,2
2026-03-01,Andhra Pradesh,FORCE MOTORS LIMITED,Petrol/Diesel/CNG/Hybrid,3
2026-05-01,Andhra Pradesh,FORCE MOTORS LIMITED,Petrol/Diesel/CNG/Hybrid,1
2026-06-01,Andhra Pradesh,FORCE MOTORS LIMITED,Petrol/Diesel/CNG/Hybrid,1
2026-02-01,Andhra Pradesh,FRIENDS ENGINEERING WORKS,Petrol/Diesel/CNG/Hybrid,1
2026-04-01,Andhra Pradesh,FRIENDS ENGINEERING WORKS,Petrol/Diesel/CNG/Hybrid,1
2026-05-01,Andhra Pradesh,FRIENDS ENGINEERING WORKS,Petrol/Diesel/CNG/Hybrid,1
2026-01-01,Andhra Pradesh,GANESH ENGINEERING WORKS,Petrol/Diesel/CNG/Hybrid,7
2026-02-01,Andhra Pradesh,GANESH ENGINEERING WORKS,Petrol/Diesel/CNG/Hybrid,9
2026-03-01,Andhra Pradesh,GANESH ENGINEERING WORKS,Petrol/Diesel/CNG/Hybrid,7
2026-04-01,Andhra Pradesh,GANESH ENGINEERING WORKS,Petrol/Diesel/CNG/Hybrid,3
2026-01-01,Andhra Pradesh,GOWRI ENGINEERING WORKS,Petrol/Diesel/CNG/Hybrid,5
2026-02-01,Andhra Pradesh,GOWRI ENGINEERING WORKS,Petrol/Diesel/CNG/Hybrid,10
2026-03-01,Andhra Pradesh,GOWRI ENGINEERING WORKS,Petrol/Diesel/CNG/Hybrid,4
2026-04-01,Andhra Pradesh,GOWRI ENGINEERING WORKS,Petrol/Diesel/CNG/Hybrid,2
2026-06-01,Andhra Pradesh,GOWRI ENGINEERING WORKS,Petrol/Diesel/CNG/Hybrid,2
2026-01-01,Andhra Pradesh,GROMAX AGRI EQUIPMENT LTD,Petrol/Diesel/CNG/Hybrid,12
2026-02-01,Andhra Pradesh,GROMAX AGRI EQUIPMENT LTD,Petrol/Diesel/CNG/Hybrid,21
2026-03-01,Andhra Pradesh,GROMAX AGRI EQUIPMENT LTD,Petrol/Diesel/CNG/Hybrid,24
2026-04-01,Andhra Pradesh,GROMAX AGRI EQUIPMENT LTD,Petrol/Diesel/CNG/Hybrid,8
2026-05-01,Andhra Pradesh,GROMAX AGRI EQUIPMENT LTD,Petrol/Diesel/CNG/Hybrid,12
2026-06-01,Andhra Pradesh,GROMAX AGRI EQUIPMENT LTD,Petrol/Diesel/CNG/Hybrid,11
2026-01-01,Andhra Pradesh,HINDUSTAN ENGINEERING WORKS,Petrol/Diesel/CNG/Hybrid,2
2026-02-01,Andhra Pradesh,HINDUSTAN ENGINEERING WORKS,Petrol/Diesel/CNG/Hybrid,2
2026-03-01,Andhra Pradesh,HINDUSTAN ENGINEERING WORKS,Petrol/Diesel/CNG/Hybrid,5
2026-04-01,Andhra Pradesh,HINDUSTAN ENGINEERING WORKS,Petrol/Diesel/CNG/Hybrid,3
2026-05-01,Andhra Pradesh,HINDUSTAN ENGINEERING WORKS,Petrol/Diesel/CNG/Hybrid,6
2026-06-01,Andhra Pradesh,HINDUSTAN ENGINEERING WORKS,Petrol/Diesel/CNG/Hybrid,4
2026-01-01,Andhra Pradesh,HONDA CARS INDIA LTD,Petrol/Diesel/CNG/Hybrid,154
2026-02-01,Andhra Pradesh,HONDA CARS INDIA LTD,Petrol/Diesel/CNG/Hybrid,110
2026-03-01,Andhra Pradesh,HONDA CARS INDIA LTD,Petrol/Diesel/CNG/Hybrid,140
2026-04-01,Andhra Pradesh,HONDA CARS INDIA LTD,Petrol/Diesel/CNG/Hybrid,145
2026-05-01,Andhra Pradesh,HONDA CARS INDIA LTD,Petrol/Diesel/CNG/Hybrid,107
2026-06-01,Andhra Pradesh,HONDA CARS INDIA LTD,Petrol/Diesel/CNG/Hybrid,92
2026-01-01,Andhra Pradesh,HYUNDAI MOTOR INDIA LTD,Petrol/Diesel/CNG/Hybrid,1213
2026-02-01,Andhra Pradesh,HYUNDAI MOTOR INDIA LTD,Petrol/Diesel/CNG/Hybrid,971
2026-03-01,Andhra Pradesh,HYUNDAI MOTOR INDIA LTD,Petrol/Diesel/CNG/Hybrid,941
2026-04-01,Andhra Pradesh,HYUNDAI MOTOR INDIA LTD,Petrol/Diesel/CNG/Hybrid,1004
2026-05-01,Andhra Pradesh,HYUNDAI MOTOR INDIA LTD,Petrol/Diesel/CNG/Hybrid,1002
2026-06-01,Andhra Pradesh,HYUNDAI MOTOR INDIA LTD,Petrol/Diesel/CNG/Hybrid,570
2026-01-01,Andhra Pradesh,INDO FARM EQUIPMENT LIMITED,Petrol/Diesel/CNG/Hybrid,2
2026-02-01,Andhra Pradesh,INDO FARM EQUIPMENT LIMITED,Petrol/Diesel/CNG/Hybrid,1
2026-04-01,Andhra Pradesh,INDO FARM EQUIPMENT LIMITED,Petrol/Diesel/CNG/Hybrid,1
2026-06-01,Andhra Pradesh,INDO FARM EQUIPMENT LIMITED,Petrol/Diesel/CNG/Hybrid,1
2026-01-01,Andhra Pradesh,INTERNATIONAL TRACTORS LIMITED,Petrol/Diesel/CNG/Hybrid,283
2026-02-01,Andhra Pradesh,INTERNATIONAL TRACTORS LIMITED,Petrol/Diesel/CNG/Hybrid,299
2026-03-01,Andhra Pradesh,INTERNATIONAL TRACTORS LIMITED,Petrol/Diesel/CNG/Hybrid,333
2026-04-01,Andhra Pradesh,INTERNATIONAL TRACTORS LIMITED,Petrol/Diesel/CNG/Hybrid,442
2026-05-01,Andhra Pradesh,INTERNATIONAL TRACTORS LIMITED,Petrol/Diesel/CNG/Hybrid,397
2026-06-01,Andhra Pradesh,INTERNATIONAL TRACTORS LIMITED,Petrol/Diesel/CNG/Hybrid,331
2026-01-01,Andhra Pradesh,JAGUAR LAND ROVER INDIA LIMITED,Petrol/Diesel/CNG/Hybrid,7
2026-02-01,Andhra Pradesh,JAGUAR LAND ROVER INDIA LIMITED,Petrol/Diesel/CNG/Hybrid,6
2026-03-01,Andhra Pradesh,JAGUAR LAND ROVER INDIA LIMITED,Petrol/Diesel/CNG/Hybrid,5
2026-04-01,Andhra Pradesh,JAGUAR LAND ROVER INDIA LIMITED,Petrol/Diesel/CNG/Hybrid,15
2026-05-01,Andhra Pradesh,JAGUAR LAND ROVER INDIA LIMITED,Petrol/Diesel/CNG/Hybrid,7
2026-06-01,Andhra Pradesh,JAGUAR LAND ROVER INDIA LIMITED,Petrol/Diesel/CNG/Hybrid,6
2026-01-01,Andhra Pradesh,JAI BHARATI ENGINEERING WORKS,Petrol/Diesel/CNG/Hybrid,1
2026-03-01,Andhra Pradesh,JAI BHARATI ENGINEERING WORKS,Petrol/Diesel/CNG/Hybrid,2
2026-05-01,Andhra Pradesh,JAI BHARATI ENGINEERING WORKS,Petrol/Diesel/CNG/Hybrid,3
2026-04-01,Andhra Pradesh,JAIGURUSAISUGUNAENGINEERINGWORKS,Petrol/Diesel/CNG/Hybrid,1
2026-05-01,Andhra Pradesh,JAIGURUSAISUGUNAENGINEERINGWORKS,Petrol/Diesel/CNG/Hybrid,2
2026-06-01,Andhra Pradesh,JAIGURUSAISUGUNAENGINEERINGWORKS,Petrol/Diesel/CNG/Hybrid,1
2026-01-01,Andhra Pradesh,JAYA LAKSHMI ENGINEERING WORKS,Petrol/Diesel/CNG/Hybrid,1
2026-02-01,Andhra Pradesh,JAYA LAKSHMI ENGINEERING WORKS,Petrol/Diesel/CNG/Hybrid,1
2026-03-01,Andhra Pradesh,JAYA LAKSHMI ENGINEERING WORKS,Petrol/Diesel/CNG/Hybrid,1
2026-01-01,Andhra Pradesh,JCB INDIA LIMITED,Petrol/Diesel/CNG/Hybrid,2
2026-02-01,Andhra Pradesh,JCB INDIA LIMITED,Petrol/Diesel/CNG/Hybrid,1
2026-03-01,Andhra Pradesh,JCB INDIA LIMITED,Petrol/Diesel/CNG/Hybrid,1
2026-04-01,Andhra Pradesh,JCB INDIA LIMITED,Petrol/Diesel/CNG/Hybrid,1
2026-05-01,Andhra Pradesh,JCB INDIA LIMITED,Petrol/Diesel/CNG/Hybrid,1
2026-06-01,Andhra Pradesh,JCB INDIA LIMITED,Petrol/Diesel/CNG/Hybrid,4
2026-01-01,Andhra Pradesh,JOHN DEERE INDIA PVT LTD(TRACTOR DEVISION),Petrol/Diesel/CNG/Hybrid,235
2026-02-01,Andhra Pradesh,JOHN DEERE INDIA PVT LTD(TRACTOR DEVISION),Petrol/Diesel/CNG/Hybrid,296
2026-03-01,Andhra Pradesh,JOHN DEERE INDIA PVT LTD(TRACTOR DEVISION),Petrol/Diesel/CNG/Hybrid,295
2026-04-01,Andhra Pradesh,JOHN DEERE INDIA PVT LTD(TRACTOR DEVISION),Petrol/Diesel/CNG/Hybrid,275
2026-05-01,Andhra Pradesh,JOHN DEERE INDIA PVT LTD(TRACTOR DEVISION),Petrol/Diesel/CNG/Hybrid,308
2026-06-01,Andhra Pradesh,JOHN DEERE INDIA PVT LTD(TRACTOR DEVISION),Petrol/Diesel/CNG/Hybrid,219
2026-01-01,Andhra Pradesh,JSW MG MOTOR INDIA PVT LTD,Petrol/Diesel/CNG/Hybrid,44
2026-02-01,Andhra Pradesh,JSW MG MOTOR INDIA PVT LTD,Petrol/Diesel/CNG/Hybrid,41
2026-03-01,Andhra Pradesh,JSW MG MOTOR INDIA PVT LTD,Petrol/Diesel/CNG/Hybrid,42
2026-04-01,Andhra Pradesh,JSW MG MOTOR INDIA PVT LTD,Petrol/Diesel/CNG/Hybrid,25
2026-05-01,Andhra Pradesh,JSW MG MOTOR INDIA PVT LTD,Petrol/Diesel/CNG/Hybrid,33
2026-06-01,Andhra Pradesh,JSW MG MOTOR INDIA PVT LTD,Petrol/Diesel/CNG/Hybrid,22
2026-04-01,Andhra Pradesh,JVR ENGINEERING WORK SHOP,Petrol/Diesel/CNG/Hybrid,2
2026-03-01,Andhra Pradesh,K.G.N ENGINEERING TRAILER WORKS,Petrol/Diesel/CNG/Hybrid,1
2026-04-01,Andhra Pradesh,K.G.N ENGINEERING TRAILER WORKS,Petrol/Diesel/CNG/Hybrid,1
2026-01-01,Andhra Pradesh,KIA INDIA PRIVATE LIMITED,Petrol/Diesel/CNG/Hybrid,569
2026-02-01,Andhra Pradesh,KIA INDIA PRIVATE LIMITED,Petrol/Diesel/CNG/Hybrid,503
2026-03-01,Andhra Pradesh,KIA INDIA PRIVATE LIMITED,Petrol/Diesel/CNG/Hybrid,578
2026-04-01,Andhra Pradesh,KIA INDIA PRIVATE LIMITED,Petrol/Diesel/CNG/Hybrid,659
2026-05-01,Andhra Pradesh,KIA INDIA PRIVATE LIMITED,Petrol/Diesel/CNG/Hybrid,585
2026-06-01,Andhra Pradesh,KIA INDIA PRIVATE LIMITED,Petrol/Diesel/CNG/Hybrid,345
2026-01-01,Andhra Pradesh,KUBOTA AGRICULTURAL MACHINERY INDIA PVT.LTD,Petrol/Diesel/CNG/Hybrid,2
2026-03-01,Andhra Pradesh,KUBOTA AGRICULTURAL MACHINERY INDIA PVT.LTD,Petrol/Diesel/CNG/Hybrid,1
2026-04-01,Andhra Pradesh,KUBOTA AGRICULTURAL MACHINERY INDIA PVT.LTD,Petrol/Diesel/CNG/Hybrid,1
2026-05-01,Andhra Pradesh,KUBOTA AGRICULTURAL MACHINERY INDIA PVT.LTD,Petrol/Diesel/CNG/Hybrid,1
2026-06-01,Andhra Pradesh,KUBOTA AGRICULTURAL MACHINERY INDIA PVT.LTD,Petrol/Diesel/CNG/Hybrid,2
2026-02-01,Andhra Pradesh,KURSHEED ENGINEERING WORKS,Petrol/Diesel/CNG/Hybrid,1
2026-01-01,Andhra Pradesh,LAKSHMI GANAPATHI INDUSTRIES,Petrol/Diesel/CNG/Hybrid,2
2026-02-01,Andhra Pradesh,LAKSHMI GANAPATHI INDUSTRIES,Petrol/Diesel/CNG/Hybrid,2
2026-04-01,Andhra Pradesh,LAKSHMI GANAPATHI INDUSTRIES,Petrol/Diesel/CNG/Hybrid,1
2026-05-01,Andhra Pradesh,LAKSHMI GANAPATHI INDUSTRIES,Petrol/Diesel/CNG/Hybrid,2
2026-01-01,Andhra Pradesh,LAKSHMI TEJASWINI ENGINEERING WORKS,Petrol/Diesel/CNG/Hybrid,1
2026-02-01,Andhra Pradesh,LAKSHMI TEJASWINI ENGINEERING WORKS,Petrol/Diesel/CNG/Hybrid,3
2026-05-01,Andhra Pradesh,LAKSHMI TEJASWINI ENGINEERING WORKS,Petrol/Diesel/CNG/Hybrid,3
2026-06-01,Andhra Pradesh,LAKSHMI TEJASWINI ENGINEERING WORKS,Petrol/Diesel/CNG/Hybrid,1
2026-05-01,Andhra Pradesh,LEADER AGRO ENGINEERING WORKS,Petrol/Diesel/CNG/Hybrid,1
2026-06-01,Andhra Pradesh,LEADER AGRO ENGINEERING WORKS,Petrol/Diesel/CNG/Hybrid,1
2026-02-01,Andhra Pradesh,LOCAL TRAILER MANUFACTURER,Petrol/Diesel/CNG/Hybrid,3
2026-04-01,Andhra Pradesh,LOCAL TRAILER MANUFACTURER,Petrol/Diesel/CNG/Hybrid,2
2026-02-01,Andhra Pradesh,MADEENA TRAILER WORKS,Petrol/Diesel/CNG/Hybrid,4
2026-03-01,Andhra Pradesh,MADEENA TRAILER WORKS,Petrol/Diesel/CNG/Hybrid,1
2026-04-01,Andhra Pradesh,MADEENA TRAILER WORKS,Petrol/Diesel/CNG/Hybrid,1
2026-05-01,Andhra Pradesh,MADEENA TRAILER WORKS,Petrol/Diesel/CNG/Hybrid,1
2026-01-01,Andhra Pradesh,MADHU ENGINEERING INDUSTRIES,Petrol/Diesel/CNG/Hybrid,2
2026-04-01,Andhra Pradesh,MADHU ENGINEERING INDUSTRIES,Petrol/Diesel/CNG/Hybrid,3
2026-05-01,Andhra Pradesh,MADHU ENGINEERING INDUSTRIES,Petrol/Diesel/CNG/Hybrid,1
2026-06-01,Andhra Pradesh,MADHU ENGINEERING INDUSTRIES,Petrol/Diesel/CNG/Hybrid,2
2026-01-01,Andhra Pradesh,MADHU TRACOR AND TRAILOR WORKS,Petrol/Diesel/CNG/Hybrid,1
2026-03-01,Andhra Pradesh,MADHU TRACOR AND TRAILOR WORKS,Petrol/Diesel/CNG/Hybrid,1
2026-04-01,Andhra Pradesh,MADHU TRACOR AND TRAILOR WORKS,Petrol/Diesel/CNG/Hybrid,1
2026-01-01,Andhra Pradesh,MADINA ENGINEERING WORKS,Petrol/Diesel/CNG/Hybrid,5
2026-02-01,Andhra Pradesh,MADINA ENGINEERING WORKS,Petrol/Diesel/CNG/Hybrid,2
2026-03-01,Andhra Pradesh,MADINA ENGINEERING WORKS,Petrol/Diesel/CNG/Hybrid,2
2026-04-01,Andhra Pradesh,MADINA ENGINEERING WORKS,Petrol/Diesel/CNG/Hybrid,1
2026-05-01,Andhra Pradesh,MADINA ENGINEERING WORKS,Petrol/Diesel/CNG/Hybrid,5
2026-06-01,Andhra Pradesh,MADINA ENGINEERING WORKS,Petrol/Diesel/CNG/Hybrid,1
2026-01-01,Andhra Pradesh,MAHINDRA & MAHINDRA LIMITED,Petrol/Diesel/CNG/Hybrid,821
2026-02-01,Andhra Pradesh,MAHINDRA & MAHINDRA LIMITED,Petrol/Diesel/CNG/Hybrid,818
2026-03-01,Andhra Pradesh,MAHINDRA & MAHINDRA LIMITED,Petrol/Diesel/CNG/Hybrid,970
2026-04-01,Andhra Pradesh,MAHINDRA & MAHINDRA LIMITED,Petrol/Diesel/CNG/Hybrid,971
2026-05-01,Andhra Pradesh,MAHINDRA & MAHINDRA LIMITED,Petrol/Diesel/CNG/Hybrid,905
2026-06-01,Andhra Pradesh,MAHINDRA & MAHINDRA LIMITED,Petrol/Diesel/CNG/Hybrid,566
2026-01-01,Andhra Pradesh,MAHINDRA & MAHINDRA LIMITED (SWARAJ DIVISION),Petrol/Diesel/CNG/Hybrid,301
2026-02-01,Andhra Pradesh,MAHINDRA & MAHINDRA LIMITED (SWARAJ DIVISION),Petrol/Diesel/CNG/Hybrid,415
2026-03-01,Andhra Pradesh,MAHINDRA & MAHINDRA LIMITED (SWARAJ DIVISION),Petrol/Diesel/CNG/Hybrid,393
2026-04-01,Andhra Pradesh,MAHINDRA & MAHINDRA LIMITED (SWARAJ DIVISION),Petrol/Diesel/CNG/Hybrid,415
2026-05-01,Andhra Pradesh,MAHINDRA & MAHINDRA LIMITED (SWARAJ DIVISION),Petrol/Diesel/CNG/Hybrid,475
2026-06-01,Andhra Pradesh,MAHINDRA & MAHINDRA LIMITED (SWARAJ DIVISION),Petrol/Diesel/CNG/Hybrid,352
2026-01-01,Andhra Pradesh,MAHINDRA & MAHINDRA LIMITED (TRACTOR),Petrol/Diesel/CNG/Hybrid,455
2026-02-01,Andhra Pradesh,MAHINDRA & MAHINDRA LIMITED (TRACTOR),Petrol/Diesel/CNG/Hybrid,524
2026-03-01,Andhra Pradesh,MAHINDRA & MAHINDRA LIMITED (TRACTOR),Petrol/Diesel/CNG/Hybrid,521
2026-04-01,Andhra Pradesh,MAHINDRA & MAHINDRA LIMITED (TRACTOR),Petrol/Diesel/CNG/Hybrid,628
2026-05-01,Andhra Pradesh,MAHINDRA & MAHINDRA LIMITED (TRACTOR),Petrol/Diesel/CNG/Hybrid,628
2026-06-01,Andhra Pradesh,MAHINDRA & MAHINDRA LIMITED (TRACTOR),Petrol/Diesel/CNG/Hybrid,478
2026-06-01,Andhra Pradesh,MANI ENGINEERING WORKS,Petrol/Diesel/CNG/Hybrid,2
2026-01-01,Andhra Pradesh,MANIKANTA ENGINEERING WORKS,Petrol/Diesel/CNG/Hybrid,1
2026-02-01,Andhra Pradesh,MANIKANTA ENGINEERING WORKS,Petrol/Diesel/CNG/Hybrid,6
2026-03-01,Andhra Pradesh,MANIKANTA ENGINEERING WORKS,Petrol/Diesel/CNG/Hybrid,3
2026-04-01,Andhra Pradesh,MANIKANTA ENGINEERING WORKS,Petrol/Diesel/CNG/Hybrid,1
2026-05-01,Andhra Pradesh,MANIKANTA ENGINEERING WORKS,Petrol/Diesel/CNG/Hybrid,1
2026-06-01,Andhra Pradesh,MANIKANTA ENGINEERING WORKS,Petrol/Diesel/CNG/Hybrid,2
2026-01-01,Andhra Pradesh,MARUTI SUZUKI INDIA LTD,Petrol/Diesel/CNG/Hybrid,2945
2026-02-01,Andhra Pradesh,MARUTI SUZUKI INDIA LTD,Petrol/Diesel/CNG/Hybrid,2131
2026-03-01,Andhra Pradesh,MARUTI SUZUKI INDIA LTD,Petrol/Diesel/CNG/Hybrid,2409
2026-04-01,Andhra Pradesh,MARUTI SUZUKI INDIA LTD,Petrol/Diesel/CNG/Hybrid,2544
2026-05-01,Andhra Pradesh,MARUTI SUZUKI INDIA LTD,Petrol/Diesel/CNG/Hybrid,2472
2026-06-01,Andhra Pradesh,MARUTI SUZUKI INDIA LTD,Petrol/Diesel/CNG/Hybrid,1747
2026-05-01,Andhra Pradesh,MASTHANVALLI AUTOLORRYBODY BLD,Petrol/Diesel/CNG/Hybrid,5
2026-06-01,Andhra Pradesh,MASTHANVALLI AUTOLORRYBODY BLD,Petrol/Diesel/CNG/Hybrid,6
2026-01-01,Andhra Pradesh,MBH ENGINEERING WORKS,Petrol/Diesel/CNG/Hybrid,6
2026-02-01,Andhra Pradesh,MBH ENGINEERING WORKS,Petrol/Diesel/CNG/Hybrid,3
2026-03-01,Andhra Pradesh,MBH ENGINEERING WORKS,Petrol/Diesel/CNG/Hybrid,4
2026-04-01,Andhra Pradesh,MBH ENGINEERING WORKS,Petrol/Diesel/CNG/Hybrid,4
2026-05-01,Andhra Pradesh,MBH ENGINEERING WORKS,Petrol/Diesel/CNG/Hybrid,4
2026-06-01,Andhra Pradesh,MBH ENGINEERING WORKS,Petrol/Diesel/CNG/Hybrid,2
2026-01-01,Andhra Pradesh,MERCEDES-BENZ AG,Petrol/Diesel/CNG/Hybrid,1
2026-02-01,Andhra Pradesh,MERCEDES-BENZ AG,Petrol/Diesel/CNG/Hybrid,3
2026-04-01,Andhra Pradesh,MERCEDES-BENZ AG,Petrol/Diesel/CNG/Hybrid,3
2026-05-01,Andhra Pradesh,MERCEDES-BENZ AG,Petrol/Diesel/CNG/Hybrid,1
2026-01-01,Andhra Pradesh,MERCEDES-BENZ INDIA PVT LTD,Petrol/Diesel/CNG/Hybrid,30
2026-02-01,Andhra Pradesh,MERCEDES-BENZ INDIA PVT LTD,Petrol/Diesel/CNG/Hybrid,9
2026-03-01,Andhra Pradesh,MERCEDES-BENZ INDIA PVT LTD,Petrol/Diesel/CNG/Hybrid,18
2026-04-01,Andhra Pradesh,MERCEDES-BENZ INDIA PVT LTD,Petrol/Diesel/CNG/Hybrid,20
2026-05-01,Andhra Pradesh,MERCEDES-BENZ INDIA PVT LTD,Petrol/Diesel/CNG/Hybrid,12
2026-06-01,Andhra Pradesh,MERCEDES-BENZ INDIA PVT LTD,Petrol/Diesel/CNG/Hybrid,16
2026-01-01,Andhra Pradesh,"MURUGAN ENGG BODY BUILDERS, PILER",Petrol/Diesel/CNG/Hybrid,2
2026-02-01,Andhra Pradesh,"MURUGAN ENGG BODY BUILDERS, PILER",Petrol/Diesel/CNG/Hybrid,1
2026-03-01,Andhra Pradesh,"MURUGAN ENGG BODY BUILDERS, PILER",Petrol/Diesel/CNG/Hybrid,1
2026-04-01,Andhra Pradesh,NAGAMANIKANTA AGRO INDUSTRIES,Petrol/Diesel/CNG/Hybrid,2
2026-05-01,Andhra Pradesh,NAGAMANIKANTA AGRO INDUSTRIES,Petrol/Diesel/CNG/Hybrid,6
2026-06-01,Andhra Pradesh,NAGAMANIKANTA AGRO INDUSTRIES,Petrol/Diesel/CNG/Hybrid,1
2026-01-01,Andhra Pradesh,NAZEER ENGINEERING WORKS,Petrol/Diesel/CNG/Hybrid,1
2026-04-01,Andhra Pradesh,NAZEER ENGINEERING WORKS,Petrol/Diesel/CNG/Hybrid,1
2026-02-01,Andhra Pradesh,NEW LEADER AGRO ENGINEERING WORKS,Petrol/Diesel/CNG/Hybrid,1
2026-03-01,Andhra Pradesh,NEW LEADER AGRO ENGINEERING WORKS,Petrol/Diesel/CNG/Hybrid,2
2026-05-01,Andhra Pradesh,NEW LEADER AGRO ENGINEERING WORKS,Petrol/Diesel/CNG/Hybrid,2
2026-02-01,Andhra Pradesh,NEW MALLIKARJUNA ENGINEERING WORKS,Petrol/Diesel/CNG/Hybrid,2
2026-03-01,Andhra Pradesh,NEW MALLIKARJUNA ENGINEERING WORKS,Petrol/Diesel/CNG/Hybrid,2
2026-04-01,Andhra Pradesh,NEW MALLIKARJUNA ENGINEERING WORKS,Petrol/Diesel/CNG/Hybrid,8
2026-05-01,Andhra Pradesh,NEW MALLIKARJUNA ENGINEERING WORKS,Petrol/Diesel/CNG/Hybrid,1
2026-06-01,Andhra Pradesh,NEW MALLIKARJUNA ENGINEERING WORKS,Petrol/Diesel/CNG/Hybrid,3
2026-01-01,Andhra Pradesh,NISSAN MOTOR INDIA PVT LTD,Petrol/Diesel/CNG/Hybrid,72
2026-02-01,Andhra Pradesh,NISSAN MOTOR INDIA PVT LTD,Petrol/Diesel/CNG/Hybrid,62
2026-03-01,Andhra Pradesh,NISSAN MOTOR INDIA PVT LTD,Petrol/Diesel/CNG/Hybrid,88
2026-04-01,Andhra Pradesh,NISSAN MOTOR INDIA PVT LTD,Petrol/Diesel/CNG/Hybrid,114
2026-05-01,Andhra Pradesh,NISSAN MOTOR INDIA PVT LTD,Petrol/Diesel/CNG/Hybrid,110
2026-06-01,Andhra Pradesh,NISSAN MOTOR INDIA PVT LTD,Petrol/Diesel/CNG/Hybrid,60
2026-03-01,Andhra Pradesh,PADMAVATHI ENGINEERING WORKS,Petrol/Diesel/CNG/Hybrid,2
2026-04-01,Andhra Pradesh,PADMAVATHI ENGINEERING WORKS,Petrol/Diesel/CNG/Hybrid,2
2026-03-01,Andhra Pradesh,PARVATHI ENGINEERING WORKS,Petrol/Diesel/CNG/Hybrid,2
2026-04-01,Andhra Pradesh,PARVATHI ENGINEERING WORKS,Petrol/Diesel/CNG/Hybrid,10
2026-05-01,Andhra Pradesh,PARVATHI ENGINEERING WORKS,Petrol/Diesel/CNG/Hybrid,3
2026-06-01,Andhra Pradesh,PARVATHI ENGINEERING WORKS,Petrol/Diesel/CNG/Hybrid,5
2026-01-01,Andhra Pradesh,"PEERAENGINEERINGWORKS,ANANTAHPURAM",Petrol/Diesel/CNG/Hybrid,2
2026-02-01,Andhra Pradesh,"PEERAENGINEERINGWORKS,ANANTAHPURAM",Petrol/Diesel/CNG/Hybrid,1
2026-03-01,Andhra Pradesh,"PEERAENGINEERINGWORKS,ANANTAHPURAM",Petrol/Diesel/CNG/Hybrid,3
2026-04-01,Andhra Pradesh,"PEERAENGINEERINGWORKS,ANANTAHPURAM",Petrol/Diesel/CNG/Hybrid,3
2026-05-01,Andhra Pradesh,"PEERAENGINEERINGWORKS,ANANTAHPURAM",Petrol/Diesel/CNG/Hybrid,2
2026-06-01,Andhra Pradesh,"PEERAENGINEERINGWORKS,ANANTAHPURAM",Petrol/Diesel/CNG/Hybrid,1
2026-01-01,Andhra Pradesh,PERFECT ENGINEERING WORKS,Petrol/Diesel/CNG/Hybrid,5
2026-02-01,Andhra Pradesh,PERFECT ENGINEERING WORKS,Petrol/Diesel/CNG/Hybrid,5
2026-03-01,Andhra Pradesh,PERFECT ENGINEERING WORKS,Petrol/Diesel/CNG/Hybrid,8
2026-04-01,Andhra Pradesh,PERFECT ENGINEERING WORKS,Petrol/Diesel/CNG/Hybrid,4
2026-05-01,Andhra Pradesh,PERFECT ENGINEERING WORKS,Petrol/Diesel/CNG/Hybrid,2
2026-06-01,Andhra Pradesh,PERFECT ENGINEERING WORKS,Petrol/Diesel/CNG/Hybrid,3
2026-02-01,Andhra Pradesh,PORSCHE AG GERMANY,Petrol/Diesel/CNG/Hybrid,1
2026-03-01,Andhra Pradesh,PORSCHE AG GERMANY,Petrol/Diesel/CNG/Hybrid,1
2026-04-01,Andhra Pradesh,PORSCHE AG GERMANY,Petrol/Diesel/CNG/Hybrid,2
2026-05-01,Andhra Pradesh,PORSCHE AG GERMANY,Petrol/Diesel/CNG/Hybrid,4
2026-03-01,Andhra Pradesh,PRASAD ENTERPRISES & ENGINEERING,Petrol/Diesel/CNG/Hybrid,1
2026-05-01,Andhra Pradesh,PRASAD ENTERPRISES & ENGINEERING,Petrol/Diesel/CNG/Hybrid,1
2026-01-01,Andhra Pradesh,R.P.ENGINEERING WORKS,Petrol/Diesel/CNG/Hybrid,9
2026-02-01,Andhra Pradesh,R.P.ENGINEERING WORKS,Petrol/Diesel/CNG/Hybrid,6
2026-03-01,Andhra Pradesh,R.P.ENGINEERING WORKS,Petrol/Diesel/CNG/Hybrid,5
2026-04-01,Andhra Pradesh,R.P.ENGINEERING WORKS,Petrol/Diesel/CNG/Hybrid,7
2026-05-01,Andhra Pradesh,R.P.ENGINEERING WORKS,Petrol/Diesel/CNG/Hybrid,9
2026-06-01,Andhra Pradesh,R.P.ENGINEERING WORKS,Petrol/Diesel/CNG/Hybrid,1
2026-04-01,Andhra Pradesh,RAHEEM AGRO WELDING WORKS,Petrol/Diesel/CNG/Hybrid,1
2026-01-01,Andhra Pradesh,RAJ ENGINEERING WORKS,Petrol/Diesel/CNG/Hybrid,9
2026-02-01,Andhra Pradesh,RAJ ENGINEERING WORKS,Petrol/Diesel/CNG/Hybrid,7
2026-03-01,Andhra Pradesh,RAJ ENGINEERING WORKS,Petrol/Diesel/CNG/Hybrid,10
2026-04-01,Andhra Pradesh,RAJ ENGINEERING WORKS,Petrol/Diesel/CNG/Hybrid,7
2026-05-01,Andhra Pradesh,RAJ ENGINEERING WORKS,Petrol/Diesel/CNG/Hybrid,2
2026-06-01,Andhra Pradesh,RAJ ENGINEERING WORKS,Petrol/Diesel/CNG/Hybrid,4
2026-01-01,Andhra Pradesh,RAKSHITA ENGINEERING WORKS,Petrol/Diesel/CNG/Hybrid,2
2026-02-01,Andhra Pradesh,RAKSHITA ENGINEERING WORKS,Petrol/Diesel/CNG/Hybrid,8
2026-03-01,Andhra Pradesh,RAKSHITA ENGINEERING WORKS,Petrol/Diesel/CNG/Hybrid,1
2026-04-01,Andhra Pradesh,RAKSHITA ENGINEERING WORKS,Petrol/Diesel/CNG/Hybrid,12
2026-05-01,Andhra Pradesh,RAKSHITA ENGINEERING WORKS,Petrol/Diesel/CNG/Hybrid,3
2026-06-01,Andhra Pradesh,RAKSHITA ENGINEERING WORKS,Petrol/Diesel/CNG/Hybrid,1
2026-01-01,Andhra Pradesh,RENAULT INDIA PVT LTD,Petrol/Diesel/CNG/Hybrid,87
2026-02-01,Andhra Pradesh,RENAULT INDIA PVT LTD,Petrol/Diesel/CNG/Hybrid,58
2026-03-01,Andhra Pradesh,RENAULT INDIA PVT LTD,Petrol/Diesel/CNG/Hybrid,57
2026-04-01,Andhra Pradesh,RENAULT INDIA PVT LTD,Petrol/Diesel/CNG/Hybrid,72
2026-05-01,Andhra Pradesh,RENAULT INDIA PVT LTD,Petrol/Diesel/CNG/Hybrid,68
2026-06-01,Andhra Pradesh,RENAULT INDIA PVT LTD,Petrol/Diesel/CNG/Hybrid,50
2026-03-01,Andhra Pradesh,RYTHU MITHRA ENGINEERING WORKS,Petrol/Diesel/CNG/Hybrid,3
2026-04-01,Andhra Pradesh,RYTHU MITHRA ENGINEERING WORKS,Petrol/Diesel/CNG/Hybrid,13
2026-05-01,Andhra Pradesh,RYTHU MITHRA ENGINEERING WORKS,Petrol/Diesel/CNG/Hybrid,2
2026-06-01,Andhra Pradesh,RYTHU MITHRA ENGINEERING WORKS,Petrol/Diesel/CNG/Hybrid,1
2026-01-01,Andhra Pradesh,S R K TRAILER WORKS,Petrol/Diesel/CNG/Hybrid,2
2026-02-01,Andhra Pradesh,S R K TRAILER WORKS,Petrol/Diesel/CNG/Hybrid,5
2026-03-01,Andhra Pradesh,S R K TRAILER WORKS,Petrol/Diesel/CNG/Hybrid,4
2026-04-01,Andhra Pradesh,S R K TRAILER WORKS,Petrol/Diesel/CNG/Hybrid,8
2026-05-01,Andhra Pradesh,S R K TRAILER WORKS,Petrol/Diesel/CNG/Hybrid,2
2026-06-01,Andhra Pradesh,S R K TRAILER WORKS,Petrol/Diesel/CNG/Hybrid,5
2026-01-01,Andhra Pradesh,S S ENGINEERING WORKS,Petrol/Diesel/CNG/Hybrid,3
2026-03-01,Andhra Pradesh,S S ENGINEERING WORKS,Petrol/Diesel/CNG/Hybrid,3
2026-04-01,Andhra Pradesh,S S ENGINEERING WORKS,Petrol/Diesel/CNG/Hybrid,2
2026-05-01,Andhra Pradesh,S S ENGINEERING WORKS,Petrol/Diesel/CNG/Hybrid,1
2026-06-01,Andhra Pradesh,S S ENGINEERING WORKS,Petrol/Diesel/CNG/Hybrid,5
2026-04-01,Andhra Pradesh,S S G P INDUSTRIES,Petrol/Diesel/CNG/Hybrid,5
2026-05-01,Andhra Pradesh,S S G P INDUSTRIES,Petrol/Diesel/CNG/Hybrid,3
2026-02-01,Andhra Pradesh,S. SHAREEF ENGINEERING WORK SHOP,Petrol/Diesel/CNG/Hybrid,1
2026-03-01,Andhra Pradesh,S. SHAREEF ENGINEERING WORK SHOP,Petrol/Diesel/CNG/Hybrid,2
2026-04-01,Andhra Pradesh,S. SHAREEF ENGINEERING WORK SHOP,Petrol/Diesel/CNG/Hybrid,3
2026-05-01,Andhra Pradesh,S. SHAREEF ENGINEERING WORK SHOP,Petrol/Diesel/CNG/Hybrid,1
2026-06-01,Andhra Pradesh,S. SHAREEF ENGINEERING WORK SHOP,Petrol/Diesel/CNG/Hybrid,1
2026-01-01,Andhra Pradesh,S.V.RAJ ENGINEERING WORKS,Petrol/Diesel/CNG/Hybrid,1
2026-02-01,Andhra Pradesh,S.V.RAJ ENGINEERING WORKS,Petrol/Diesel/CNG/Hybrid,7
2026-03-01,Andhra Pradesh,S.V.RAJ ENGINEERING WORKS,Petrol/Diesel/CNG/Hybrid,5
2026-04-01,Andhra Pradesh,S.V.RAJ ENGINEERING WORKS,Petrol/Diesel/CNG/Hybrid,3
2026-05-01,Andhra Pradesh,S.V.RAJ ENGINEERING WORKS,Petrol/Diesel/CNG/Hybrid,8
2026-06-01,Andhra Pradesh,S.V.RAJ ENGINEERING WORKS,Petrol/Diesel/CNG/Hybrid,1
2026-02-01,Andhra Pradesh,SAI DURGA ARC WELDING WORKS,Petrol/Diesel/CNG/Hybrid,1
2026-04-01,Andhra Pradesh,SAI DURGA ARC WELDING WORKS,Petrol/Diesel/CNG/Hybrid,2
2026-01-01,Andhra Pradesh,SAI RAM AGRO INDUSTRIES,Petrol/Diesel/CNG/Hybrid,3
2026-02-01,Andhra Pradesh,SAI RAM AGRO INDUSTRIES,Petrol/Diesel/CNG/Hybrid,1
2026-04-01,Andhra Pradesh,SAI RAM AGRO INDUSTRIES,Petrol/Diesel/CNG/Hybrid,2
2026-05-01,Andhra Pradesh,SAI RAM AGRO INDUSTRIES,Petrol/Diesel/CNG/Hybrid,2
2026-01-01,Andhra Pradesh,SAI SARATHKUMAR ENGINEERING WORKS,Petrol/Diesel/CNG/Hybrid,1
2026-02-01,Andhra Pradesh,SAI SARATHKUMAR ENGINEERING WORKS,Petrol/Diesel/CNG/Hybrid,3
2026-03-01,Andhra Pradesh,SAI SARATHKUMAR ENGINEERING WORKS,Petrol/Diesel/CNG/Hybrid,2
2026-04-01,Andhra Pradesh,SAI SARATHKUMAR ENGINEERING WORKS,Petrol/Diesel/CNG/Hybrid,1
2026-05-01,Andhra Pradesh,SAI SARATHKUMAR ENGINEERING WORKS,Petrol/Diesel/CNG/Hybrid,3
2026-06-01,Andhra Pradesh,SAI SARATHKUMAR ENGINEERING WORKS,Petrol/Diesel/CNG/Hybrid,3
2026-03-01,Andhra Pradesh,SAI SIVA ENGINEERING WORKS,Petrol/Diesel/CNG/Hybrid,1
2026-04-01,Andhra Pradesh,SAI SIVA ENGINEERING WORKS,Petrol/Diesel/CNG/Hybrid,1
2026-05-01,Andhra Pradesh,SAI SIVA ENGINEERING WORKS,Petrol/Diesel/CNG/Hybrid,1
2026-05-01,Andhra Pradesh,SAI SRINIVASA HARVESTERS,Petrol/Diesel/CNG/Hybrid,3
2026-02-01,Andhra Pradesh,SAMBASIVA MODERN INDUSTRIES,Petrol/Diesel/CNG/Hybrid,1
2026-04-01,Andhra Pradesh,SAMBASIVA MODERN INDUSTRIES,Petrol/Diesel/CNG/Hybrid,2
2026-05-01,Andhra Pradesh,SAMBASIVA MODERN INDUSTRIES,Petrol/Diesel/CNG/Hybrid,1
2026-01-01,Andhra Pradesh,SAME DEUTZ-FAHR INDIA (P) LTD,Petrol/Diesel/CNG/Hybrid,1
2026-02-01,Andhra Pradesh,SAME DEUTZ-FAHR INDIA (P) LTD,Petrol/Diesel/CNG/Hybrid,3
2026-03-01,Andhra Pradesh,SAME DEUTZ-FAHR INDIA (P) LTD,Petrol/Diesel/CNG/Hybrid,2
2026-04-01,Andhra Pradesh,SAME DEUTZ-FAHR INDIA (P) LTD,Petrol/Diesel/CNG/Hybrid,2
2026-05-01,Andhra Pradesh,SAME DEUTZ-FAHR INDIA (P) LTD,Petrol/Diesel/CNG/Hybrid,4
2026-06-01,Andhra Pradesh,SAME DEUTZ-FAHR INDIA (P) LTD,Petrol/Diesel/CNG/Hybrid,5
2026-04-01,Andhra Pradesh,SHIRIDI SAI ENGINEERING WORKS,Petrol/Diesel/CNG/Hybrid,4
2026-05-01,Andhra Pradesh,SHIRIDI SAI ENGINEERING WORKS,Petrol/Diesel/CNG/Hybrid,1
2026-01-01,Andhra Pradesh,"SHIRIDI SAI TRAILER WORKS,CHITTOOR",Petrol/Diesel/CNG/Hybrid,1
2026-02-01,Andhra Pradesh,"SHIRIDI SAI TRAILER WORKS,CHITTOOR",Petrol/Diesel/CNG/Hybrid,1
2026-05-01,Andhra Pradesh,"SHIRIDI SAI TRAILER WORKS,CHITTOOR",Petrol/Diesel/CNG/Hybrid,2
2026-06-01,Andhra Pradesh,"SHIRIDI SAI TRAILER WORKS,CHITTOOR",Petrol/Diesel/CNG/Hybrid,3
2026-01-01,Andhra Pradesh,SKODA AUTO VOLKSWAGEN INDIA PVT LTD,Petrol/Diesel/CNG/Hybrid,246
2026-02-01,Andhra Pradesh,SKODA AUTO VOLKSWAGEN INDIA PVT LTD,Petrol/Diesel/CNG/Hybrid,172
2026-03-01,Andhra Pradesh,SKODA AUTO VOLKSWAGEN INDIA PVT LTD,Petrol/Diesel/CNG/Hybrid,213
2026-04-01,Andhra Pradesh,SKODA AUTO VOLKSWAGEN INDIA PVT LTD,Petrol/Diesel/CNG/Hybrid,240
2026-05-01,Andhra Pradesh,SKODA AUTO VOLKSWAGEN INDIA PVT LTD,Petrol/Diesel/CNG/Hybrid,256
2026-06-01,Andhra Pradesh,SKODA AUTO VOLKSWAGEN INDIA PVT LTD,Petrol/Diesel/CNG/Hybrid,123
2026-03-01,Andhra Pradesh,SREE PRASANNA DURGA TRAILER WORKS,Petrol/Diesel/CNG/Hybrid,1
2026-04-01,Andhra Pradesh,SREE PRASANNA DURGA TRAILER WORKS,Petrol/Diesel/CNG/Hybrid,2
2026-05-01,Andhra Pradesh,SREE PRASANNA DURGA TRAILER WORKS,Petrol/Diesel/CNG/Hybrid,2
2026-06-01,Andhra Pradesh,SREE PRASANNA DURGA TRAILER WORKS,Petrol/Diesel/CNG/Hybrid,1
2026-02-01,Andhra Pradesh,SREE SARAVANABAVA AGRO INDUSTRIES,Petrol/Diesel/CNG/Hybrid,4
2026-01-01,Andhra Pradesh,SREESIDDIVINAYAKAENGINEERINGWORKS,Petrol/Diesel/CNG/Hybrid,1
2026-02-01,Andhra Pradesh,SREESIDDIVINAYAKAENGINEERINGWORKS,Petrol/Diesel/CNG/Hybrid,3
2026-03-01,Andhra Pradesh,SREESIDDIVINAYAKAENGINEERINGWORKS,Petrol/Diesel/CNG/Hybrid,4
2026-04-01,Andhra Pradesh,SREESIDDIVINAYAKAENGINEERINGWORKS,Petrol/Diesel/CNG/Hybrid,7
2026-05-01,Andhra Pradesh,SREESIDDIVINAYAKAENGINEERINGWORKS,Petrol/Diesel/CNG/Hybrid,4
2026-06-01,Andhra Pradesh,SREESIDDIVINAYAKAENGINEERINGWORKS,Petrol/Diesel/CNG/Hybrid,1
2026-02-01,Andhra Pradesh,SREEVANI INDUSTRIES,Petrol/Diesel/CNG/Hybrid,2
2026-03-01,Andhra Pradesh,SREEVANI INDUSTRIES,Petrol/Diesel/CNG/Hybrid,1
2026-05-01,Andhra Pradesh,SREEVANI INDUSTRIES,Petrol/Diesel/CNG/Hybrid,1
2026-01-01,Andhra Pradesh,SRI BALAJI ENGINEERING WORKS,Petrol/Diesel/CNG/Hybrid,2
2026-02-01,Andhra Pradesh,SRI BALAJI ENGINEERING WORKS,Petrol/Diesel/CNG/Hybrid,2
2026-03-01,Andhra Pradesh,SRI BALAJI ENGINEERING WORKS,Petrol/Diesel/CNG/Hybrid,1
2026-03-01,Andhra Pradesh,SRI BALAJI ENGINEERING WORKS ANTPR,Petrol/Diesel/CNG/Hybrid,4
2026-04-01,Andhra Pradesh,SRI BALAJI ENGINEERING WORKS ANTPR,Petrol/Diesel/CNG/Hybrid,4
2026-06-01,Andhra Pradesh,SRI BALAJI ENGINEERING WORKS ANTPR,Petrol/Diesel/CNG/Hybrid,1
2026-01-01,Andhra Pradesh,SRI BALAKRISHNA FOUNDRY&MECH WORKS,Petrol/Diesel/CNG/Hybrid,1
2026-02-01,Andhra Pradesh,SRI BALAKRISHNA FOUNDRY&MECH WORKS,Petrol/Diesel/CNG/Hybrid,1
2026-05-01,Andhra Pradesh,SRI BALAKRISHNA FOUNDRY&MECH WORKS,Petrol/Diesel/CNG/Hybrid,1
2026-06-01,Andhra Pradesh,SRI BALAKRISHNA FOUNDRY&MECH WORKS,Petrol/Diesel/CNG/Hybrid,2
2026-01-01,Andhra Pradesh,SRI CHENGALAMMA TAILOR WORKS,Petrol/Diesel/CNG/Hybrid,1
2026-03-01,Andhra Pradesh,SRI CHENGALAMMA TAILOR WORKS,Petrol/Diesel/CNG/Hybrid,1
2026-04-01,Andhra Pradesh,SRI CHENGALAMMA TAILOR WORKS,Petrol/Diesel/CNG/Hybrid,1
2026-04-01,Andhra Pradesh,SRI DURGA MANIKANTA WELDING WORKS,Petrol/Diesel/CNG/Hybrid,2
2026-01-01,Andhra Pradesh,SRI DURGA TRAILERS,Petrol/Diesel/CNG/Hybrid,8
2026-02-01,Andhra Pradesh,SRI DURGA TRAILERS,Petrol/Diesel/CNG/Hybrid,3
2026-05-01,Andhra Pradesh,SRI DURGA TRAILERS,Petrol/Diesel/CNG/Hybrid,1
2026-06-01,Andhra Pradesh,SRI DURGA TRAILERS,Petrol/Diesel/CNG/Hybrid,9
2026-05-01,Andhra Pradesh,SRI GAYATHRI ENGINEERING WORKS,Petrol/Diesel/CNG/Hybrid,1
2026-01-01,Andhra Pradesh,SRI GAYATRI ENGINEERING WORKS,Petrol/Diesel/CNG/Hybrid,1
2026-02-01,Andhra Pradesh,SRI GAYATRI ENGINEERING WORKS,Petrol/Diesel/CNG/Hybrid,1
2026-03-01,Andhra Pradesh,SRI GAYATRI ENGINEERING WORKS,Petrol/Diesel/CNG/Hybrid,2
2026-04-01,Andhra Pradesh,SRI GAYATRI ENGINEERING WORKS,Petrol/Diesel/CNG/Hybrid,2
2026-01-01,Andhra Pradesh,SRI KUMAR AGRO INDUSTRIES,Petrol/Diesel/CNG/Hybrid,17
2026-02-01,Andhra Pradesh,SRI KUMAR AGRO INDUSTRIES,Petrol/Diesel/CNG/Hybrid,16
2026-03-01,Andhra Pradesh,SRI KUMAR AGRO INDUSTRIES,Petrol/Diesel/CNG/Hybrid,19
2026-04-01,Andhra Pradesh,SRI KUMAR AGRO INDUSTRIES,Petrol/Diesel/CNG/Hybrid,15
2026-05-01,Andhra Pradesh,SRI KUMAR AGRO INDUSTRIES,Petrol/Diesel/CNG/Hybrid,10
2026-06-01,Andhra Pradesh,SRI KUMAR AGRO INDUSTRIES,Petrol/Diesel/CNG/Hybrid,9
2026-06-01,Andhra Pradesh,SRI LAKSHMI AGRO INDUSTRIES,Petrol/Diesel/CNG/Hybrid,2
2026-02-01,Andhra Pradesh,SRI LAKSHMI ENGINEERING WORKS,Petrol/Diesel/CNG/Hybrid,3
2026-03-01,Andhra Pradesh,SRI LAKSHMI ENGINEERING WORKS,Petrol/Diesel/CNG/Hybrid,4
2026-04-01,Andhra Pradesh,SRI LAKSHMI ENGINEERING WORKS,Petrol/Diesel/CNG/Hybrid,10
2026-05-01,Andhra Pradesh,SRI LAKSHMI ENGINEERING WORKS,Petrol/Diesel/CNG/Hybrid,4
2026-01-01,Andhra Pradesh,SRI LAKSHMI GANAPATHI ENGG WORKS,Petrol/Diesel/CNG/Hybrid,1
2026-05-01,Andhra Pradesh,SRI LAKSHMI GANAPATHI ENGG WORKS,Petrol/Diesel/CNG/Hybrid,1
2026-01-01,Andhra Pradesh,SRI LAKSHMI GANESH ENGINEERING WORKS,Petrol/Diesel/CNG/Hybrid,1
2026-02-01,Andhra Pradesh,SRI LAKSHMI GANESH ENGINEERING WORKS,Petrol/Diesel/CNG/Hybrid,4
2026-03-01,Andhra Pradesh,SRI LAKSHMI GANESH ENGINEERING WORKS,Petrol/Diesel/CNG/Hybrid,2
2026-04-01,Andhra Pradesh,SRI LAKSHMI GANESH ENGINEERING WORKS,Petrol/Diesel/CNG/Hybrid,1
2026-05-01,Andhra Pradesh,SRI LAKSHMI GANESH ENGINEERING WORKS,Petrol/Diesel/CNG/Hybrid,1
2026-06-01,Andhra Pradesh,SRI LAKSHMI GANESH ENGINEERING WORKS,Petrol/Diesel/CNG/Hybrid,1
2026-01-01,Andhra Pradesh,SRI LAKSHMI MOTORS & ENGG WORKS,Petrol/Diesel/CNG/Hybrid,1
2026-02-01,Andhra Pradesh,SRI LAKSHMI SRINIVASA AGRO INDUSTRIES,Petrol/Diesel/CNG/Hybrid,1
2026-06-01,Andhra Pradesh,SRI LAKSHMI SRINIVASA AGRO INDUSTRIES,Petrol/Diesel/CNG/Hybrid,1
2026-01-01,Andhra Pradesh,SRI LAKSHMI SRINIVASA STEELS,Petrol/Diesel/CNG/Hybrid,1
2026-02-01,Andhra Pradesh,SRI LAKSHMI SRINIVASA STEELS,Petrol/Diesel/CNG/Hybrid,5
2026-03-01,Andhra Pradesh,SRI LAKSHMI SRINIVASA STEELS,Petrol/Diesel/CNG/Hybrid,5
2026-04-01,Andhra Pradesh,SRI LAKSHMI SRINIVASA STEELS,Petrol/Diesel/CNG/Hybrid,3
2026-05-01,Andhra Pradesh,SRI LAKSHMI SRINIVASA STEELS,Petrol/Diesel/CNG/Hybrid,2
2026-06-01,Andhra Pradesh,SRI LAKSHMI SRINIVASA STEELS,Petrol/Diesel/CNG/Hybrid,2
2026-06-01,Andhra Pradesh,SRI LAKSHMI TRADERS,Petrol/Diesel/CNG/Hybrid,4
2026-01-01,Andhra Pradesh,SRI LAKSHMI VENKATESWARA ENGG WORKS,Petrol/Diesel/CNG/Hybrid,5
2026-02-01,Andhra Pradesh,SRI LAKSHMI VENKATESWARA ENGG WORKS,Petrol/Diesel/CNG/Hybrid,9
2026-03-01,Andhra Pradesh,SRI LAKSHMI VENKATESWARA ENGG WORKS,Petrol/Diesel/CNG/Hybrid,12
2026-04-01,Andhra Pradesh,SRI LAKSHMI VENKATESWARA ENGG WORKS,Petrol/Diesel/CNG/Hybrid,8
2026-05-01,Andhra Pradesh,SRI LAKSHMI VENKATESWARA ENGG WORKS,Petrol/Diesel/CNG/Hybrid,7
2026-06-01,Andhra Pradesh,SRI LAKSHMI VENKATESWARA ENGG WORKS,Petrol/Diesel/CNG/Hybrid,6
2026-02-01,Andhra Pradesh,SRI PYDITALLAMMA AGR FABRICATIONS,Petrol/Diesel/CNG/Hybrid,1
2026-03-01,Andhra Pradesh,SRI PYDITALLAMMA AGR FABRICATIONS,Petrol/Diesel/CNG/Hybrid,2
2026-04-01,Andhra Pradesh,SRI PYDITALLAMMA AGR FABRICATIONS,Petrol/Diesel/CNG/Hybrid,1
2026-02-01,Andhra Pradesh,SRI RAVI ENGINEERING WORKS,Petrol/Diesel/CNG/Hybrid,6
2026-03-01,Andhra Pradesh,SRI RAVI ENGINEERING WORKS,Petrol/Diesel/CNG/Hybrid,2
2026-04-01,Andhra Pradesh,SRI RAVI ENGINEERING WORKS,Petrol/Diesel/CNG/Hybrid,9
2026-05-01,Andhra Pradesh,SRI RAVI ENGINEERING WORKS,Petrol/Diesel/CNG/Hybrid,6
2026-06-01,Andhra Pradesh,SRI RAVI ENGINEERING WORKS,Petrol/Diesel/CNG/Hybrid,6
2026-02-01,Andhra Pradesh,SRI SAI AGRO INDUSTRIES,Petrol/Diesel/CNG/Hybrid,1
2026-05-01,Andhra Pradesh,SRI SAI AGRO INDUSTRIES,Petrol/Diesel/CNG/Hybrid,3
2026-06-01,Andhra Pradesh,SRI SAI AGRO INDUSTRIES,Petrol/Diesel/CNG/Hybrid,3
2026-06-01,Andhra Pradesh,SRI SAI CHANDRIKA ENGINEERING WORKS,Petrol/Diesel/CNG/Hybrid,2
2026-03-01,Andhra Pradesh,SRI SAI ENGINEERING WORKS,Petrol/Diesel/CNG/Hybrid,1
2026-04-01,Andhra Pradesh,SRI SAI ENGINEERING WORKS,Petrol/Diesel/CNG/Hybrid,1
2026-05-01,Andhra Pradesh,SRI SAI ENGINEERING WORKS,Petrol/Diesel/CNG/Hybrid,1
2026-06-01,Andhra Pradesh,SRI SAI ENGINEERING WORKS,Petrol/Diesel/CNG/Hybrid,1
2026-01-01,Andhra Pradesh,SRI SAI SUDHA ENGINEERING WORKS,Petrol/Diesel/CNG/Hybrid,6
2026-02-01,Andhra Pradesh,SRI SAI SUDHA ENGINEERING WORKS,Petrol/Diesel/CNG/Hybrid,3
2026-03-01,Andhra Pradesh,SRI SAI SUDHA ENGINEERING WORKS,Petrol/Diesel/CNG/Hybrid,1
2026-04-01,Andhra Pradesh,SRI SAI SUDHA ENGINEERING WORKS,Petrol/Diesel/CNG/Hybrid,6
2026-05-01,Andhra Pradesh,SRI SAI SUDHA ENGINEERING WORKS,Petrol/Diesel/CNG/Hybrid,3
2026-02-01,Andhra Pradesh,SRI SAI VISAKHA ENGG WORKS,Petrol/Diesel/CNG/Hybrid,2
2026-03-01,Andhra Pradesh,SRI SAI VISAKHA ENGG WORKS,Petrol/Diesel/CNG/Hybrid,1
2026-02-01,Andhra Pradesh,SRI SAMBA SIVA ENGINEERING WORKS,Petrol/Diesel/CNG/Hybrid,1
2026-06-01,Andhra Pradesh,SRI SAMBA SIVA ENGINEERING WORKS,Petrol/Diesel/CNG/Hybrid,3
2026-01-01,Andhra Pradesh,SRI SANKAR REDDY ENGINEERING WORKS,Petrol/Diesel/CNG/Hybrid,2
2026-02-01,Andhra Pradesh,SRI SANKAR REDDY ENGINEERING WORKS,Petrol/Diesel/CNG/Hybrid,4
2026-03-01,Andhra Pradesh,SRI SANKAR REDDY ENGINEERING WORKS,Petrol/Diesel/CNG/Hybrid,1
2026-04-01,Andhra Pradesh,SRI SANKAR REDDY ENGINEERING WORKS,Petrol/Diesel/CNG/Hybrid,2
2026-05-01,Andhra Pradesh,SRI SANKAR REDDY ENGINEERING WORKS,Petrol/Diesel/CNG/Hybrid,2
2026-06-01,Andhra Pradesh,SRI SANKAR REDDY ENGINEERING WORKS,Petrol/Diesel/CNG/Hybrid,3
2026-01-01,Andhra Pradesh,SRI SATYA AGRO INDUSTRIES,Petrol/Diesel/CNG/Hybrid,3
2026-02-01,Andhra Pradesh,SRI SATYA AGRO INDUSTRIES,Petrol/Diesel/CNG/Hybrid,2
2026-03-01,Andhra Pradesh,SRI SATYA AGRO INDUSTRIES,Petrol/Diesel/CNG/Hybrid,1
2026-04-01,Andhra Pradesh,SRI SATYA AGRO INDUSTRIES,Petrol/Diesel/CNG/Hybrid,1
2026-05-01,Andhra Pradesh,SRI SATYA AGRO INDUSTRIES,Petrol/Diesel/CNG/Hybrid,4
2026-03-01,Andhra Pradesh,SRI SATYANARAYANA ENGINEERING W,Petrol/Diesel/CNG/Hybrid,2
2026-04-01,Andhra Pradesh,SRI SATYANARAYANA ENGINEERING W,Petrol/Diesel/CNG/Hybrid,1
2026-02-01,Andhra Pradesh,SRI SEETHA RAMA INDUSTRIES,Petrol/Diesel/CNG/Hybrid,1
2026-03-01,Andhra Pradesh,SRI SEETHA RAMA INDUSTRIES,Petrol/Diesel/CNG/Hybrid,1
2026-05-01,Andhra Pradesh,SRI SEETHA RAMA INDUSTRIES,Petrol/Diesel/CNG/Hybrid,1
2026-03-01,Andhra Pradesh,SRI SEETHA RAMA SMALL SCALE INDUSTRIES,Petrol/Diesel/CNG/Hybrid,1
2026-06-01,Andhra Pradesh,SRI SIDDHI VINAYAKA ENGINEERING WORKS AP203574,Petrol/Diesel/CNG/Hybrid,1
2026-01-01,Andhra Pradesh,SRI SRI MARUTHI ENGINEERING WORKS,Petrol/Diesel/CNG/Hybrid,1
2026-02-01,Andhra Pradesh,SRI SRINIVASA AUTO ENGNEERING WORKS,Petrol/Diesel/CNG/Hybrid,1
2026-03-01,Andhra Pradesh,SRI SRINIVASA AUTO ENGNEERING WORKS,Petrol/Diesel/CNG/Hybrid,4
2026-04-01,Andhra Pradesh,SRI SRINIVASA AUTO ENGNEERING WORKS,Petrol/Diesel/CNG/Hybrid,2
2026-05-01,Andhra Pradesh,SRI SRINIVASA AUTO ENGNEERING WORKS,Petrol/Diesel/CNG/Hybrid,1
2026-06-01,Andhra Pradesh,SRI SRINIVASA AUTO ENGNEERING WORKS,Petrol/Diesel/CNG/Hybrid,1
2026-01-01,Andhra Pradesh,SRI SURYA ENGINEERING,Petrol/Diesel/CNG/Hybrid,1
2026-03-01,Andhra Pradesh,SRI SURYA ENGINEERING,Petrol/Diesel/CNG/Hybrid,2
2026-04-01,Andhra Pradesh,SRI VARASIDDI VINAYAKA ENGG WORKS,Petrol/Diesel/CNG/Hybrid,1
2026-05-01,Andhra Pradesh,SRI VASU ENGINEERING WORKS,Petrol/Diesel/CNG/Hybrid,2
2026-03-01,Andhra Pradesh,SRI VENKATA SAI ENGINEERING WORKS,Petrol/Diesel/CNG/Hybrid,1
2026-04-01,Andhra Pradesh,SRI VENKATA SAI ENGINEERING WORKS,Petrol/Diesel/CNG/Hybrid,1
2026-06-01,Andhra Pradesh,SRI VENKATA SAI ENGINEERING WORKS,Petrol/Diesel/CNG/Hybrid,1
2026-04-01,Andhra Pradesh,SRI VENKATA SIVA SAI AGRO IND,Petrol/Diesel/CNG/Hybrid,4
2026-05-01,Andhra Pradesh,SRI VENKATA SIVA SAI AGRO IND,Petrol/Diesel/CNG/Hybrid,1
2026-06-01,Andhra Pradesh,SRI VENKATA SIVA SAI AGRO IND,Petrol/Diesel/CNG/Hybrid,3
2026-01-01,Andhra Pradesh,SRI VENKATESWARA ENGINEERING WORKS,Petrol/Diesel/CNG/Hybrid,4
2026-04-01,Andhra Pradesh,SRI VENKATESWARA ENGINEERING WORKS,Petrol/Diesel/CNG/Hybrid,3
2026-05-01,Andhra Pradesh,SRI VENKATESWARA ENGINEERING WORKS,Petrol/Diesel/CNG/Hybrid,5
2026-06-01,Andhra Pradesh,SRI VENKATESWARA ENGINEERING WORKS,Petrol/Diesel/CNG/Hybrid,3
2026-02-01,Andhra Pradesh,SRI VIJAYA SAI ENGINEERING WORKS,Petrol/Diesel/CNG/Hybrid,1
2026-02-01,Andhra Pradesh,SRI VIJAYALAKSHMI AGRO INDUSTRIES,Petrol/Diesel/CNG/Hybrid,3
2026-04-01,Andhra Pradesh,SRI VIJAYALAKSHMI AGRO INDUSTRIES,Petrol/Diesel/CNG/Hybrid,2
2026-05-01,Andhra Pradesh,SRI VIJAYALAKSHMI AGRO INDUSTRIES,Petrol/Diesel/CNG/Hybrid,1
2026-06-01,Andhra Pradesh,SRI VIJAYALAKSHMI AGRO INDUSTRIES,Petrol/Diesel/CNG/Hybrid,1
2026-01-01,Andhra Pradesh,SRI VINAYAKA ENGINEERING WORKS,Petrol/Diesel/CNG/Hybrid,1
2026-03-01,Andhra Pradesh,SRI VINAYAKA ENGINEERING WORKS,Petrol/Diesel/CNG/Hybrid,1
2026-02-01,Andhra Pradesh,SRI VISHNU PRIYA ENGG WORKS,Petrol/Diesel/CNG/Hybrid,1
2026-04-01,Andhra Pradesh,SRI VISHNU PRIYA ENGG WORKS,Petrol/Diesel/CNG/Hybrid,1
2026-05-01,Andhra Pradesh,SRI VISHNU PRIYA ENGG WORKS,Petrol/Diesel/CNG/Hybrid,1
2026-06-01,Andhra Pradesh,SRI VISHNU PRIYA ENGG WORKS,Petrol/Diesel/CNG/Hybrid,1
2026-01-01,Andhra Pradesh,SRINIVASA ENGINEERING WORKS,Petrol/Diesel/CNG/Hybrid,9
2026-02-01,Andhra Pradesh,SRINIVASA ENGINEERING WORKS,Petrol/Diesel/CNG/Hybrid,4
2026-03-01,Andhra Pradesh,SRINIVASA ENGINEERING WORKS,Petrol/Diesel/CNG/Hybrid,12
2026-04-01,Andhra Pradesh,SRINIVASA ENGINEERING WORKS,Petrol/Diesel/CNG/Hybrid,7
2026-05-01,Andhra Pradesh,SRINIVASA ENGINEERING WORKS,Petrol/Diesel/CNG/Hybrid,8
2026-06-01,Andhra Pradesh,SRINIVASA ENGINEERING WORKS,Petrol/Diesel/CNG/Hybrid,5
2026-01-01,Andhra Pradesh,SRINIVASA WELDING WORKS,Petrol/Diesel/CNG/Hybrid,1
2026-03-01,Andhra Pradesh,SRINIVASA WELDING WORKS,Petrol/Diesel/CNG/Hybrid,1
2026-04-01,Andhra Pradesh,SRINIVASA WELDING WORKS,Petrol/Diesel/CNG/Hybrid,3
2026-05-01,Andhra Pradesh,SRINIVASA WELDING WORKS,Petrol/Diesel/CNG/Hybrid,2
2026-02-01,Andhra Pradesh,SRIRAGHAVAKRISHNASMALLSCALEENGINEERING,Petrol/Diesel/CNG/Hybrid,1
2026-02-01,Andhra Pradesh,SRISAILESWARA PRODDATUR TROLLEYWORKS,Petrol/Diesel/CNG/Hybrid,2
2026-03-01,Andhra Pradesh,SRISAILESWARA PRODDATUR TROLLEYWORKS,Petrol/Diesel/CNG/Hybrid,1
2026-04-01,Andhra Pradesh,SRISAILESWARA PRODDATUR TROLLEYWORKS,Petrol/Diesel/CNG/Hybrid,2
2026-03-01,Andhra Pradesh,SRISAIVISAKHAAGROINDUSTRIESKRISHNA,Petrol/Diesel/CNG/Hybrid,1
2026-02-01,Andhra Pradesh,SRIVENKATESWARAENGINEERINGWORKS,Petrol/Diesel/CNG/Hybrid,2
2026-01-01,Andhra Pradesh,"SRT TRAILOR WORKS,CHITTOOR",Petrol/Diesel/CNG/Hybrid,2
2026-02-01,Andhra Pradesh,"SRT TRAILOR WORKS,CHITTOOR",Petrol/Diesel/CNG/Hybrid,5
2026-03-01,Andhra Pradesh,"SRT TRAILOR WORKS,CHITTOOR",Petrol/Diesel/CNG/Hybrid,2
2026-04-01,Andhra Pradesh,"SRT TRAILOR WORKS,CHITTOOR",Petrol/Diesel/CNG/Hybrid,5
2026-05-01,Andhra Pradesh,"SRT TRAILOR WORKS,CHITTOOR",Petrol/Diesel/CNG/Hybrid,1
2026-06-01,Andhra Pradesh,"SRT TRAILOR WORKS,CHITTOOR",Petrol/Diesel/CNG/Hybrid,2
2026-01-01,Andhra Pradesh,STELLANTIS AUTOMOBILES INDIA PVT LTD,Petrol/Diesel/CNG/Hybrid,22
2026-02-01,Andhra Pradesh,STELLANTIS AUTOMOBILES INDIA PVT LTD,Petrol/Diesel/CNG/Hybrid,13
2026-03-01,Andhra Pradesh,STELLANTIS AUTOMOBILES INDIA PVT LTD,Petrol/Diesel/CNG/Hybrid,18
2026-04-01,Andhra Pradesh,STELLANTIS AUTOMOBILES INDIA PVT LTD,Petrol/Diesel/CNG/Hybrid,11
2026-05-01,Andhra Pradesh,STELLANTIS AUTOMOBILES INDIA PVT LTD,Petrol/Diesel/CNG/Hybrid,11
2026-06-01,Andhra Pradesh,STELLANTIS AUTOMOBILES INDIA PVT LTD,Petrol/Diesel/CNG/Hybrid,5
2026-01-01,Andhra Pradesh,STELLANTIS INDIA PVT LTD,Petrol/Diesel/CNG/Hybrid,4
2026-02-01,Andhra Pradesh,STELLANTIS INDIA PVT LTD,Petrol/Diesel/CNG/Hybrid,3
2026-04-01,Andhra Pradesh,STELLANTIS INDIA PVT LTD,Petrol/Diesel/CNG/Hybrid,4
2026-05-01,Andhra Pradesh,STELLANTIS INDIA PVT LTD,Petrol/Diesel/CNG/Hybrid,7
2026-06-01,Andhra Pradesh,STELLANTIS INDIA PVT LTD,Petrol/Diesel/CNG/Hybrid,2
2026-01-01,Andhra Pradesh,SUBRAHMANYESWARA AGRO INDUSTRIES,Petrol/Diesel/CNG/Hybrid,2
2026-02-01,Andhra Pradesh,SUBRAHMANYESWARA AGRO INDUSTRIES,Petrol/Diesel/CNG/Hybrid,2
2026-03-01,Andhra Pradesh,SUBRAHMANYESWARA AGRO INDUSTRIES,Petrol/Diesel/CNG/Hybrid,1
2026-04-01,Andhra Pradesh,SUBRAHMANYESWARA AGRO INDUSTRIES,Petrol/Diesel/CNG/Hybrid,2
2026-05-01,Andhra Pradesh,SUBRAHMANYESWARA AGRO INDUSTRIES,Petrol/Diesel/CNG/Hybrid,2
2026-06-01,Andhra Pradesh,SUBRAHMANYESWARA AGRO INDUSTRIES,Petrol/Diesel/CNG/Hybrid,1
2026-01-01,Andhra Pradesh,SUBRAHMANYESWARA ENGG WORKS,Petrol/Diesel/CNG/Hybrid,8
2026-02-01,Andhra Pradesh,SUBRAHMANYESWARA ENGG WORKS,Petrol/Diesel/CNG/Hybrid,7
2026-03-01,Andhra Pradesh,SUBRAHMANYESWARA ENGG WORKS,Petrol/Diesel/CNG/Hybrid,5
2026-04-01,Andhra Pradesh,SUBRAHMANYESWARA ENGG WORKS,Petrol/Diesel/CNG/Hybrid,4
2026-05-01,Andhra Pradesh,SUBRAHMANYESWARA ENGG WORKS,Petrol/Diesel/CNG/Hybrid,3
2026-01-01,Andhra Pradesh,SURESH AGRO PROODUCTS,Petrol/Diesel/CNG/Hybrid,2
2026-02-01,Andhra Pradesh,SURESH AGRO PROODUCTS,Petrol/Diesel/CNG/Hybrid,1
2026-03-01,Andhra Pradesh,SURESH AGRO PROODUCTS,Petrol/Diesel/CNG/Hybrid,2
2026-04-01,Andhra Pradesh,SURESH AGRO PROODUCTS,Petrol/Diesel/CNG/Hybrid,2
2026-05-01,Andhra Pradesh,SURESH AGRO PROODUCTS,Petrol/Diesel/CNG/Hybrid,4
2026-01-01,Andhra Pradesh,SWARNALATHA ENGINEERING WORKS,Petrol/Diesel/CNG/Hybrid,3
2026-02-01,Andhra Pradesh,SWARNALATHA ENGINEERING WORKS,Petrol/Diesel/CNG/Hybrid,6
2026-03-01,Andhra Pradesh,SWARNALATHA ENGINEERING WORKS,Petrol/Diesel/CNG/Hybrid,2
2026-04-01,Andhra Pradesh,SWARNALATHA ENGINEERING WORKS,Petrol/Diesel/CNG/Hybrid,2
2026-05-01,Andhra Pradesh,SWARNALATHA ENGINEERING WORKS,Petrol/Diesel/CNG/Hybrid,1
2026-01-01,Andhra Pradesh,TAFE LIMITED,Petrol/Diesel/CNG/Hybrid,255
2026-02-01,Andhra Pradesh,TAFE LIMITED,Petrol/Diesel/CNG/Hybrid,314
2026-03-01,Andhra Pradesh,TAFE LIMITED,Petrol/Diesel/CNG/Hybrid,313
2026-04-01,Andhra Pradesh,TAFE LIMITED,Petrol/Diesel/CNG/Hybrid,344
2026-05-01,Andhra Pradesh,TAFE LIMITED,Petrol/Diesel/CNG/Hybrid,342
2026-06-01,Andhra Pradesh,TAFE LIMITED,Petrol/Diesel/CNG/Hybrid,250
2026-01-01,Andhra Pradesh,TATA MOTORS LTD,Petrol/Diesel/CNG/Hybrid,6
2026-02-01,Andhra Pradesh,TATA MOTORS LTD,Petrol/Diesel/CNG/Hybrid,5
2026-03-01,Andhra Pradesh,TATA MOTORS LTD,Petrol/Diesel/CNG/Hybrid,2
2026-04-01,Andhra Pradesh,TATA MOTORS LTD,Petrol/Diesel/CNG/Hybrid,6
2026-05-01,Andhra Pradesh,TATA MOTORS LTD,Petrol/Diesel/CNG/Hybrid,3
2026-06-01,Andhra Pradesh,TATA MOTORS LTD,Petrol/Diesel/CNG/Hybrid,5
2026-01-01,Andhra Pradesh,TATA MOTORS PASSENGER VEHICLES LTD,Petrol/Diesel/CNG/Hybrid,1200
2026-02-01,Andhra Pradesh,TATA MOTORS PASSENGER VEHICLES LTD,Petrol/Diesel/CNG/Hybrid,1246
2026-03-01,Andhra Pradesh,TATA MOTORS PASSENGER VEHICLES LTD,Petrol/Diesel/CNG/Hybrid,1412
2026-04-01,Andhra Pradesh,TATA MOTORS PASSENGER VEHICLES LTD,Petrol/Diesel/CNG/Hybrid,1333
2026-05-01,Andhra Pradesh,TATA MOTORS PASSENGER VEHICLES LTD,Petrol/Diesel/CNG/Hybrid,1150
2026-06-01,Andhra Pradesh,TATA MOTORS PASSENGER VEHICLES LTD,Petrol/Diesel/CNG/Hybrid,688
2026-01-01,Andhra Pradesh,TATA PASSENGER ELECTRIC MOBILITY LTD,Petrol/Diesel/CNG/Hybrid,3
2026-01-01,Andhra Pradesh,THIRUMALA ENGINEERING WORKS,Petrol/Diesel/CNG/Hybrid,6
2026-02-01,Andhra Pradesh,THIRUMALA ENGINEERING WORKS,Petrol/Diesel/CNG/Hybrid,7
2026-03-01,Andhra Pradesh,THIRUMALA ENGINEERING WORKS,Petrol/Diesel/CNG/Hybrid,5
2026-04-01,Andhra Pradesh,THIRUMALA ENGINEERING WORKS,Petrol/Diesel/CNG/Hybrid,7
2026-05-01,Andhra Pradesh,THIRUMALA ENGINEERING WORKS,Petrol/Diesel/CNG/Hybrid,3
2026-06-01,Andhra Pradesh,THIRUMALA ENGINEERING WORKS,Petrol/Diesel/CNG/Hybrid,8
2026-01-01,Andhra Pradesh,TIRUMALA ENGINEERING WORKS,Petrol/Diesel/CNG/Hybrid,3
2026-02-01,Andhra Pradesh,TIRUMALA ENGINEERING WORKS,Petrol/Diesel/CNG/Hybrid,7
2026-03-01,Andhra Pradesh,TIRUMALA ENGINEERING WORKS,Petrol/Diesel/CNG/Hybrid,1
2026-04-01,Andhra Pradesh,TIRUMALA ENGINEERING WORKS,Petrol/Diesel/CNG/Hybrid,4
2026-05-01,Andhra Pradesh,TIRUMALA ENGINEERING WORKS,Petrol/Diesel/CNG/Hybrid,5
2026-06-01,Andhra Pradesh,TIRUMALA ENGINEERING WORKS,Petrol/Diesel/CNG/Hybrid,3
2026-01-01,Andhra Pradesh,TOYOTA KIRLOSKAR MOTOR PVT LTD,Petrol/Diesel/CNG/Hybrid,663
2026-02-01,Andhra Pradesh,TOYOTA KIRLOSKAR MOTOR PVT LTD,Petrol/Diesel/CNG/Hybrid,543
2026-03-01,Andhra Pradesh,TOYOTA KIRLOSKAR MOTOR PVT LTD,Petrol/Diesel/CNG/Hybrid,530
2026-04-01,Andhra Pradesh,TOYOTA KIRLOSKAR MOTOR PVT LTD,Petrol/Diesel/CNG/Hybrid,584
2026-05-01,Andhra Pradesh,TOYOTA KIRLOSKAR MOTOR PVT LTD,Petrol/Diesel/CNG/Hybrid,629
2026-06-01,Andhra Pradesh,TOYOTA KIRLOSKAR MOTOR PVT LTD,Petrol/Diesel/CNG/Hybrid,414
2026-01-01,Andhra Pradesh,UMA INDUSTRY,Petrol/Diesel/CNG/Hybrid,2
2026-02-01,Andhra Pradesh,UMA INDUSTRY,Petrol/Diesel/CNG/Hybrid,4
2026-03-01,Andhra Pradesh,UMA INDUSTRY,Petrol/Diesel/CNG/Hybrid,9
2026-04-01,Andhra Pradesh,UMA INDUSTRY,Petrol/Diesel/CNG/Hybrid,3
2026-05-01,Andhra Pradesh,UMA INDUSTRY,Petrol/Diesel/CNG/Hybrid,3
2026-06-01,Andhra Pradesh,UMA INDUSTRY,Petrol/Diesel/CNG/Hybrid,3
2026-01-01,Andhra Pradesh,USMAN ENGINEERING WORKS,Petrol/Diesel/CNG/Hybrid,6
2026-02-01,Andhra Pradesh,USMAN ENGINEERING WORKS,Petrol/Diesel/CNG/Hybrid,6
2026-03-01,Andhra Pradesh,USMAN ENGINEERING WORKS,Petrol/Diesel/CNG/Hybrid,3
2026-04-01,Andhra Pradesh,USMAN ENGINEERING WORKS,Petrol/Diesel/CNG/Hybrid,5
2026-05-01,Andhra Pradesh,USMAN ENGINEERING WORKS,Petrol/Diesel/CNG/Hybrid,3
2026-06-01,Andhra Pradesh,USMAN ENGINEERING WORKS,Petrol/Diesel/CNG/Hybrid,2
2026-02-01,Andhra Pradesh,V R AGRO EQUIPMENTS,Petrol/Diesel/CNG/Hybrid,2
2026-03-01,Andhra Pradesh,V R AGRO EQUIPMENTS,Petrol/Diesel/CNG/Hybrid,2
2026-04-01,Andhra Pradesh,V R AGRO EQUIPMENTS,Petrol/Diesel/CNG/Hybrid,6
2026-05-01,Andhra Pradesh,V R AGRO EQUIPMENTS,Petrol/Diesel/CNG/Hybrid,4
2026-06-01,Andhra Pradesh,V R AGRO EQUIPMENTS,Petrol/Diesel/CNG/Hybrid,3
2026-01-01,Andhra Pradesh,V.S.T. TILLERS TRACTORS LIMITED,Petrol/Diesel/CNG/Hybrid,11
2026-02-01,Andhra Pradesh,V.S.T. TILLERS TRACTORS LIMITED,Petrol/Diesel/CNG/Hybrid,6
2026-03-01,Andhra Pradesh,V.S.T. TILLERS TRACTORS LIMITED,Petrol/Diesel/CNG/Hybrid,2
2026-04-01,Andhra Pradesh,V.S.T. TILLERS TRACTORS LIMITED,Petrol/Diesel/CNG/Hybrid,6
2026-05-01,Andhra Pradesh,V.S.T. TILLERS TRACTORS LIMITED,Petrol/Diesel/CNG/Hybrid,4
2026-06-01,Andhra Pradesh,V.S.T. TILLERS TRACTORS LIMITED,Petrol/Diesel/CNG/Hybrid,2
2026-04-01,Andhra Pradesh,VENKATESWARA ENGINEERING WORKS,Petrol/Diesel/CNG/Hybrid,1
2026-03-01,Andhra Pradesh,VIJAYA DURGA ENGINEERING WORKS,Petrol/Diesel/CNG/Hybrid,1
2026-05-01,Andhra Pradesh,VIKRANTH TRACTOR WORKS,Petrol/Diesel/CNG/Hybrid,1
2026-01-01,Andhra Pradesh,VISAKHA AUTO GRAGE,Petrol/Diesel/CNG/Hybrid,1
2026-01-01,Andhra Pradesh,VISHNU AGRO ENGINEERING WORKS,Petrol/Diesel/CNG/Hybrid,1
2026-04-01,Andhra Pradesh,VISHNU AGRO ENGINEERING WORKS,Petrol/Diesel/CNG/Hybrid,5
2026-05-01,Andhra Pradesh,VISHNU AGRO ENGINEERING WORKS,Petrol/Diesel/CNG/Hybrid,5
2026-06-01,Andhra Pradesh,VISHNU AGRO ENGINEERING WORKS,Petrol/Diesel/CNG/Hybrid,9
2026-01-01,Andhra Pradesh,VOLKSWAGEN AG,Petrol/Diesel/CNG/Hybrid,5
2026-02-01,Andhra Pradesh,VOLKSWAGEN AG,Petrol/Diesel/CNG/Hybrid,1
2026-03-01,Andhra Pradesh,VOLKSWAGEN AG,Petrol/Diesel/CNG/Hybrid,2
2026-04-01,Andhra Pradesh,VOLKSWAGEN AG,Petrol/Diesel/CNG/Hybrid,1
2026-05-01,Andhra Pradesh,VOLKSWAGEN AG,Petrol/Diesel/CNG/Hybrid,4
2026-06-01,Andhra Pradesh,VOLKSWAGEN AG,Petrol/Diesel/CNG/Hybrid,1
2026-01-01,Andhra Pradesh,VOLVO AUTO INDIA PVT LTD,Petrol/Diesel/CNG/Hybrid,5
2026-02-01,Andhra Pradesh,VOLVO AUTO INDIA PVT LTD,Petrol/Diesel/CNG/Hybrid,4
2026-03-01,Andhra Pradesh,VOLVO AUTO INDIA PVT LTD,Petrol/Diesel/CNG/Hybrid,2
2026-04-01,Andhra Pradesh,VOLVO AUTO INDIA PVT LTD,Petrol/Diesel/CNG/Hybrid,3
2026-05-01,Andhra Pradesh,VOLVO AUTO INDIA PVT LTD,Petrol/Diesel/CNG/Hybrid,9
2026-06-01,Andhra Pradesh,VOLVO AUTO INDIA PVT LTD,Petrol/Diesel/CNG/Hybrid,4
2026-02-01,Andhra Pradesh,VST ZETOR PVT LTD,Petrol/Diesel/CNG/Hybrid,2
2026-05-01,Andhra Pradesh,VST ZETOR PVT LTD,Petrol/Diesel/CNG/Hybrid,1
2026-02-01,Arunachal Pradesh,ASHOK LEYLAND LTD,Petrol/Diesel/CNG/Hybrid,1
2026-01-01,Arunachal Pradesh,AUDI AG,Petrol/Diesel/CNG/Hybrid,1
2026-04-01,Arunachal Pradesh,AUDI AG,Petrol/Diesel/CNG/Hybrid,1
2026-01-01,Arunachal Pradesh,FORCE MOTORS LIMITED,Petrol/Diesel/CNG/Hybrid,1
2026-03-01,Arunachal Pradesh,FORCE MOTORS LIMITED,Petrol/Diesel/CNG/Hybrid,2
2026-04-01,Arunachal Pradesh,FORCE MOTORS LIMITED,Petrol/Diesel/CNG/Hybrid,2
2026-05-01,Arunachal Pradesh,FORCE MOTORS LIMITED,Petrol/Diesel/CNG/Hybrid,2
2026-01-01,Arunachal Pradesh,HONDA CARS INDIA LTD,Petrol/Diesel/CNG/Hybrid,3
2026-02-01,Arunachal Pradesh,HONDA CARS INDIA LTD,Petrol/Diesel/CNG/Hybrid,1
2026-03-01,Arunachal Pradesh,HONDA CARS INDIA LTD,Petrol/Diesel/CNG/Hybrid,3
2026-04-01,Arunachal Pradesh,HONDA CARS INDIA LTD,Petrol/Diesel/CNG/Hybrid,5
2026-05-01,Arunachal Pradesh,HONDA CARS INDIA LTD,Petrol/Diesel/CNG/Hybrid,3
2026-06-01,Arunachal Pradesh,HONDA CARS INDIA LTD,Petrol/Diesel/CNG/Hybrid,1
2026-01-01,Arunachal Pradesh,HYUNDAI MOTOR INDIA LTD,Petrol/Diesel/CNG/Hybrid,147
2026-02-01,Arunachal Pradesh,HYUNDAI MOTOR INDIA LTD,Petrol/Diesel/CNG/Hybrid,101
2026-03-01,Arunachal Pradesh,HYUNDAI MOTOR INDIA LTD,Petrol/Diesel/CNG/Hybrid,131
2026-04-01,Arunachal Pradesh,HYUNDAI MOTOR INDIA LTD,Petrol/Diesel/CNG/Hybrid,146
2026-05-01,Arunachal Pradesh,HYUNDAI MOTOR INDIA LTD,Petrol/Diesel/CNG/Hybrid,148
2026-06-01,Arunachal Pradesh,HYUNDAI MOTOR INDIA LTD,Petrol/Diesel/CNG/Hybrid,90
2026-01-01,Arunachal Pradesh,ISUZU MOTORS INDIA PVT LTD,Petrol/Diesel/CNG/Hybrid,8
2026-02-01,Arunachal Pradesh,ISUZU MOTORS INDIA PVT LTD,Petrol/Diesel/CNG/Hybrid,12
2026-03-01,Arunachal Pradesh,ISUZU MOTORS INDIA PVT LTD,Petrol/Diesel/CNG/Hybrid,11
2026-04-01,Arunachal Pradesh,ISUZU MOTORS INDIA PVT LTD,Petrol/Diesel/CNG/Hybrid,9
2026-05-01,Arunachal Pradesh,ISUZU MOTORS INDIA PVT LTD,Petrol/Diesel/CNG/Hybrid,6
2026-06-01,Arunachal Pradesh,ISUZU MOTORS INDIA PVT LTD,Petrol/Diesel/CNG/Hybrid,5
2026-01-01,Arunachal Pradesh,JAGUAR LAND ROVER INDIA LIMITED,Petrol/Diesel/CNG/Hybrid,1
2026-02-01,Arunachal Pradesh,JAGUAR LAND ROVER INDIA LIMITED,Petrol/Diesel/CNG/Hybrid,1
2026-03-01,Arunachal Pradesh,JAGUAR LAND ROVER INDIA LIMITED,Petrol/Diesel/CNG/Hybrid,1
2026-05-01,Arunachal Pradesh,JAGUAR LAND ROVER INDIA LIMITED,Petrol/Diesel/CNG/Hybrid,1
2026-03-01,Arunachal Pradesh,JCB INDIA LIMITED,Petrol/Diesel/CNG/Hybrid,2
2026-02-01,Arunachal Pradesh,JSW MG MOTOR INDIA PVT LTD,Petrol/Diesel/CNG/Hybrid,4
2026-03-01,Arunachal Pradesh,JSW MG MOTOR INDIA PVT LTD,Petrol/Diesel/CNG/Hybrid,3
2026-05-01,Arunachal Pradesh,JSW MG MOTOR INDIA PVT LTD,Petrol/Diesel/CNG/Hybrid,1
2026-01-01,Arunachal Pradesh,KIA INDIA PRIVATE LIMITED,Petrol/Diesel/CNG/Hybrid,59
2026-02-01,Arunachal Pradesh,KIA INDIA PRIVATE LIMITED,Petrol/Diesel/CNG/Hybrid,54
2026-03-01,Arunachal Pradesh,KIA INDIA PRIVATE LIMITED,Petrol/Diesel/CNG/Hybrid,50
2026-04-01,Arunachal Pradesh,KIA INDIA PRIVATE LIMITED,Petrol/Diesel/CNG/Hybrid,65
2026-05-01,Arunachal Pradesh,KIA INDIA PRIVATE LIMITED,Petrol/Diesel/CNG/Hybrid,63
2026-06-01,Arunachal Pradesh,KIA INDIA PRIVATE LIMITED,Petrol/Diesel/CNG/Hybrid,41
2026-01-01,Arunachal Pradesh,MAHINDRA & MAHINDRA LIMITED,Petrol/Diesel/CNG/Hybrid,542
2026-02-01,Arunachal Pradesh,MAHINDRA & MAHINDRA LIMITED,Petrol/Diesel/CNG/Hybrid,462
2026-03-01,Arunachal Pradesh,MAHINDRA & MAHINDRA LIMITED,Petrol/Diesel/CNG/Hybrid,546
2026-04-01,Arunachal Pradesh,MAHINDRA & MAHINDRA LIMITED,Petrol/Diesel/CNG/Hybrid,512
2026-05-01,Arunachal Pradesh,MAHINDRA & MAHINDRA LIMITED,Petrol/Diesel/CNG/Hybrid,478
2026-06-01,Arunachal Pradesh,MAHINDRA & MAHINDRA LIMITED,Petrol/Diesel/CNG/Hybrid,291
2026-02-01,Arunachal Pradesh,MAHINDRA & MAHINDRA LIMITED (SWARAJ DIVISION),Petrol/Diesel/CNG/Hybrid,1
2026-01-01,Arunachal Pradesh,MAHINDRA & MAHINDRA LIMITED (TRACTOR),Petrol/Diesel/CNG/Hybrid,1
2026-04-01,Arunachal Pradesh,MAHINDRA & MAHINDRA LIMITED (TRACTOR),Petrol/Diesel/CNG/Hybrid,2
2026-05-01,Arunachal Pradesh,MAHINDRA & MAHINDRA LIMITED (TRACTOR),Petrol/Diesel/CNG/Hybrid,4
2026-06-01,Arunachal Pradesh,MAHINDRA & MAHINDRA LIMITED (TRACTOR),Petrol/Diesel/CNG/Hybrid,5
2026-01-01,Arunachal Pradesh,MARUTI SUZUKI INDIA LTD,Petrol/Diesel/CNG/Hybrid,594
2026-02-01,Arunachal Pradesh,MARUTI SUZUKI INDIA LTD,Petrol/Diesel/CNG/Hybrid,603
2026-03-01,Arunachal Pradesh,MARUTI SUZUKI INDIA LTD,Petrol/Diesel/CNG/Hybrid,656
2026-04-01,Arunachal Pradesh,MARUTI SUZUKI INDIA LTD,Petrol/Diesel/CNG/Hybrid,654
2026-05-01,Arunachal Pradesh,MARUTI SUZUKI INDIA LTD,Petrol/Diesel/CNG/Hybrid,675
2026-06-01,Arunachal Pradesh,MARUTI SUZUKI INDIA LTD,Petrol/Diesel/CNG/Hybrid,419
2026-02-01,Arunachal Pradesh,MARUTI UDYOG LTD,Petrol/Diesel/CNG/Hybrid,1
2026-01-01,Arunachal Pradesh,MERCEDES-BENZ AG,Petrol/Diesel/CNG/Hybrid,1
2026-01-01,Arunachal Pradesh,MERCEDES-BENZ INDIA PVT LTD,Petrol/Diesel/CNG/Hybrid,1
2026-02-01,Arunachal Pradesh,MERCEDES-BENZ INDIA PVT LTD,Petrol/Diesel/CNG/Hybrid,1
2026-03-01,Arunachal Pradesh,MERCEDES-BENZ INDIA PVT LTD,Petrol/Diesel/CNG/Hybrid,1
2026-05-01,Arunachal Pradesh,MERCEDES-BENZ INDIA PVT LTD,Petrol/Diesel/CNG/Hybrid,1
2026-06-01,Arunachal Pradesh,MERCEDES-BENZ INDIA PVT LTD,Petrol/Diesel/CNG/Hybrid,1
2026-01-01,Arunachal Pradesh,NISSAN MOTOR INDIA PVT LTD,Petrol/Diesel/CNG/Hybrid,18
2026-02-01,Arunachal Pradesh,NISSAN MOTOR INDIA PVT LTD,Petrol/Diesel/CNG/Hybrid,7
2026-03-01,Arunachal Pradesh,NISSAN MOTOR INDIA PVT LTD,Petrol/Diesel/CNG/Hybrid,18
2026-04-01,Arunachal Pradesh,NISSAN MOTOR INDIA PVT LTD,Petrol/Diesel/CNG/Hybrid,5
2026-05-01,Arunachal Pradesh,NISSAN MOTOR INDIA PVT LTD,Petrol/Diesel/CNG/Hybrid,16
2026-06-01,Arunachal Pradesh,NISSAN MOTOR INDIA PVT LTD,Petrol/Diesel/CNG/Hybrid,6
2026-04-01,Arunachal Pradesh,PORSCHE AG GERMANY,Petrol/Diesel/CNG/Hybrid,1
2026-01-01,Arunachal Pradesh,RENAULT INDIA PVT LTD,Petrol/Diesel/CNG/Hybrid,3
2026-02-01,Arunachal Pradesh,RENAULT INDIA PVT LTD,Petrol/Diesel/CNG/Hybrid,4
2026-03-01,Arunachal Pradesh,RENAULT INDIA PVT LTD,Petrol/Diesel/CNG/Hybrid,4
2026-04-01,Arunachal Pradesh,RENAULT INDIA PVT LTD,Petrol/Diesel/CNG/Hybrid,1
2026-05-01,Arunachal Pradesh,RENAULT INDIA PVT LTD,Petrol/Diesel/CNG/Hybrid,9
2026-06-01,Arunachal Pradesh,RENAULT INDIA PVT LTD,Petrol/Diesel/CNG/Hybrid,9
2026-01-01,Arunachal Pradesh,SKODA AUTO VOLKSWAGEN INDIA PVT LTD,Petrol/Diesel/CNG/Hybrid,19
2026-02-01,Arunachal Pradesh,SKODA AUTO VOLKSWAGEN INDIA PVT LTD,Petrol/Diesel/CNG/Hybrid,20
2026-03-01,Arunachal Pradesh,SKODA AUTO VOLKSWAGEN INDIA PVT LTD,Petrol/Diesel/CNG/Hybrid,12
2026-04-01,Arunachal Pradesh,SKODA AUTO VOLKSWAGEN INDIA PVT LTD,Petrol/Diesel/CNG/Hybrid,18
2026-05-01,Arunachal Pradesh,SKODA AUTO VOLKSWAGEN INDIA PVT LTD,Petrol/Diesel/CNG/Hybrid,19
2026-06-01,Arunachal Pradesh,SKODA AUTO VOLKSWAGEN INDIA PVT LTD,Petrol/Diesel/CNG/Hybrid,7
2026-01-01,Arunachal Pradesh,STELLANTIS AUTOMOBILES INDIA PVT LTD,Petrol/Diesel/CNG/Hybrid,1
2026-05-01,Arunachal Pradesh,STELLANTIS AUTOMOBILES INDIA PVT LTD,Petrol/Diesel/CNG/Hybrid,1
2026-01-01,Arunachal Pradesh,STELLANTIS INDIA PVT LTD,Petrol/Diesel/CNG/Hybrid,1
2026-01-01,Arunachal Pradesh,TATA MOTORS LTD,Petrol/Diesel/CNG/Hybrid,3
2026-02-01,Arunachal Pradesh,TATA MOTORS LTD,Petrol/Diesel/CNG/Hybrid,2
2026-03-01,Arunachal Pradesh,TATA MOTORS LTD,Petrol/Diesel/CNG/Hybrid,2
2026-04-01,Arunachal Pradesh,TATA MOTORS LTD,Petrol/Diesel/CNG/Hybrid,3
2026-05-01,Arunachal Pradesh,TATA MOTORS LTD,Petrol/Diesel/CNG/Hybrid,2
2026-06-01,Arunachal Pradesh,TATA MOTORS LTD,Petrol/Diesel/CNG/Hybrid,2
2026-01-01,Arunachal Pradesh,TATA MOTORS PASSENGER VEHICLES LTD,Petrol/Diesel/CNG/Hybrid,126
2026-02-01,Arunachal Pradesh,TATA MOTORS PASSENGER VEHICLES LTD,Petrol/Diesel/CNG/Hybrid,148
2026-03-01,Arunachal Pradesh,TATA MOTORS PASSENGER VEHICLES LTD,Petrol/Diesel/CNG/Hybrid,188
2026-04-01,Arunachal Pradesh,TATA MOTORS PASSENGER VEHICLES LTD,Petrol/Diesel/CNG/Hybrid,185
2026-05-01,Arunachal Pradesh,TATA MOTORS PASSENGER VEHICLES LTD,Petrol/Diesel/CNG/Hybrid,161
2026-06-01,Arunachal Pradesh,TATA MOTORS PASSENGER VEHICLES LTD,Petrol/Diesel/CNG/Hybrid,80
2026-01-01,Arunachal Pradesh,TOYOTA KIRLOSKAR MOTOR PVT LTD,Petrol/Diesel/CNG/Hybrid,138
2026-02-01,Arunachal Pradesh,TOYOTA KIRLOSKAR MOTOR PVT LTD,Petrol/Diesel/CNG/Hybrid,112
2026-03-01,Arunachal Pradesh,TOYOTA KIRLOSKAR MOTOR PVT LTD,Petrol/Diesel/CNG/Hybrid,120
2026-04-01,Arunachal Pradesh,TOYOTA KIRLOSKAR MOTOR PVT LTD,Petrol/Diesel/CNG/Hybrid,133
2026-05-01,Arunachal Pradesh,TOYOTA KIRLOSKAR MOTOR PVT LTD,Petrol/Diesel/CNG/Hybrid,135
2026-06-01,Arunachal Pradesh,TOYOTA KIRLOSKAR MOTOR PVT LTD,Petrol/Diesel/CNG/Hybrid,91
2026-02-01,Arunachal Pradesh,TVS MOTOR COMPANY LTD,Petrol/Diesel/CNG/Hybrid,1
2026-03-01,Arunachal Pradesh,TVS MOTOR COMPANY LTD,Petrol/Diesel/CNG/Hybrid,1
2026-04-01,Assam,AUDI AG,Petrol/Diesel/CNG/Hybrid,1
2026-06-01,Assam,AUDI AG,Petrol/Diesel/CNG/Hybrid,1
2026-01-01,Assam,BMW INDIA PVT LTD,Petrol/Diesel/CNG/Hybrid,1
2026-02-01,Assam,BMW INDIA PVT LTD,Petrol/Diesel/CNG/Hybrid,2
2026-03-01,Assam,BMW INDIA PVT LTD,Petrol/Diesel/CNG/Hybrid,3
2026-04-01,Assam,BMW INDIA PVT LTD,Petrol/Diesel/CNG/Hybrid,7
2026-05-01,Assam,BMW INDIA PVT LTD,Petrol/Diesel/CNG/Hybrid,3
2026-06-01,Assam,BMW INDIA PVT LTD,Petrol/Diesel/CNG/Hybrid,2
2026-01-01,Assam,CNH INDUSTRIAL (INDIA) PVT LTD,Petrol/Diesel/CNG/Hybrid,1
2026-03-01,Assam,CNH INDUSTRIAL (INDIA) PVT LTD,Petrol/Diesel/CNG/Hybrid,4
2026-04-01,Assam,CNH INDUSTRIAL (INDIA) PVT LTD,Petrol/Diesel/CNG/Hybrid,4
2026-05-01,Assam,CNH INDUSTRIAL (INDIA) PVT LTD,Petrol/Diesel/CNG/Hybrid,4
2026-01-01,Assam,ESCORTS KUBOTA LIMITED (AGRI MACHINERY GROUP),Petrol/Diesel/CNG/Hybrid,1
2026-02-01,Assam,ESCORTS KUBOTA LIMITED (AGRI MACHINERY GROUP),Petrol/Diesel/CNG/Hybrid,11
2026-03-01,Assam,ESCORTS KUBOTA LIMITED (AGRI MACHINERY GROUP),Petrol/Diesel/CNG/Hybrid,1
2026-05-01,Assam,ESCORTS KUBOTA LIMITED (AGRI MACHINERY GROUP),Petrol/Diesel/CNG/Hybrid,3
2026-06-01,Assam,ESCORTS KUBOTA LIMITED (AGRI MACHINERY GROUP),Petrol/Diesel/CNG/Hybrid,3
2026-02-01,Assam,FORCE MOTORS LIMITED,Petrol/Diesel/CNG/Hybrid,4
2026-03-01,Assam,FORCE MOTORS LIMITED,Petrol/Diesel/CNG/Hybrid,1
2026-05-01,Assam,FORCE MOTORS LIMITED,Petrol/Diesel/CNG/Hybrid,3
2026-06-01,Assam,FORCE MOTORS LIMITED,Petrol/Diesel/CNG/Hybrid,1
2026-01-01,Assam,HONDA CARS INDIA LTD,Petrol/Diesel/CNG/Hybrid,33
2026-02-01,Assam,HONDA CARS INDIA LTD,Petrol/Diesel/CNG/Hybrid,33
2026-03-01,Assam,HONDA CARS INDIA LTD,Petrol/Diesel/CNG/Hybrid,33
2026-04-01,Assam,HONDA CARS INDIA LTD,Petrol/Diesel/CNG/Hybrid,30
2026-05-01,Assam,HONDA CARS INDIA LTD,Petrol/Diesel/CNG/Hybrid,30
2026-06-01,Assam,HONDA CARS INDIA LTD,Petrol/Diesel/CNG/Hybrid,13
2026-01-01,Assam,HYUNDAI MOTOR INDIA LTD,Petrol/Diesel/CNG/Hybrid,790
2026-02-01,Assam,HYUNDAI MOTOR INDIA LTD,Petrol/Diesel/CNG/Hybrid,642
2026-03-01,Assam,HYUNDAI MOTOR INDIA LTD,Petrol/Diesel/CNG/Hybrid,687
2026-04-01,Assam,HYUNDAI MOTOR INDIA LTD,Petrol/Diesel/CNG/Hybrid,751
2026-05-01,Assam,HYUNDAI MOTOR INDIA LTD,Petrol/Diesel/CNG/Hybrid,685
2026-06-01,Assam,HYUNDAI MOTOR INDIA LTD,Petrol/Diesel/CNG/Hybrid,348
2026-01-01,Assam,INTERNATIONAL TRACTORS LIMITED,Petrol/Diesel/CNG/Hybrid,7
2026-02-01,Assam,INTERNATIONAL TRACTORS LIMITED,Petrol/Diesel/CNG/Hybrid,5
2026-03-01,Assam,INTERNATIONAL TRACTORS LIMITED,Petrol/Diesel/CNG/Hybrid,9
2026-04-01,Assam,INTERNATIONAL TRACTORS LIMITED,Petrol/Diesel/CNG/Hybrid,12
2026-05-01,Assam,INTERNATIONAL TRACTORS LIMITED,Petrol/Diesel/CNG/Hybrid,13
2026-06-01,Assam,INTERNATIONAL TRACTORS LIMITED,Petrol/Diesel/CNG/Hybrid,15
2026-02-01,Assam,ISUZU MOTORS INDIA PVT LTD,Petrol/Diesel/CNG/Hybrid,3
2026-03-01,Assam,ISUZU MOTORS INDIA PVT LTD,Petrol/Diesel/CNG/Hybrid,2
2026-04-01,Assam,ISUZU MOTORS INDIA PVT LTD,Petrol/Diesel/CNG/Hybrid,2
2026-05-01,Assam,ISUZU MOTORS INDIA PVT LTD,Petrol/Diesel/CNG/Hybrid,1
2026-01-01,Assam,JAGUAR LAND ROVER INDIA LIMITED,Petrol/Diesel/CNG/Hybrid,3
2026-02-01,Assam,JAGUAR LAND ROVER INDIA LIMITED,Petrol/Diesel/CNG/Hybrid,3
2026-03-01,Assam,JAGUAR LAND ROVER INDIA LIMITED,Petrol/Diesel/CNG/Hybrid,1
2026-04-01,Assam,JAGUAR LAND ROVER INDIA LIMITED,Petrol/Diesel/CNG/Hybrid,2
2026-05-01,Assam,JAGUAR LAND ROVER INDIA LIMITED,Petrol/Diesel/CNG/Hybrid,4
2026-06-01,Assam,JAGUAR LAND ROVER INDIA LIMITED,Petrol/Diesel/CNG/Hybrid,1
2026-03-01,Assam,JCB INDIA LIMITED,Petrol/Diesel/CNG/Hybrid,1
2026-05-01,Assam,JCB INDIA LIMITED,Petrol/Diesel/CNG/Hybrid,1
2026-03-01,Assam,JOHN DEERE INDIA PVT LTD(TRACTOR DEVISION),Petrol/Diesel/CNG/Hybrid,1
2026-01-01,Assam,JSW MG MOTOR INDIA PVT LTD,Petrol/Diesel/CNG/Hybrid,11
2026-02-01,Assam,JSW MG MOTOR INDIA PVT LTD,Petrol/Diesel/CNG/Hybrid,17
2026-03-01,Assam,JSW MG MOTOR INDIA PVT LTD,Petrol/Diesel/CNG/Hybrid,10
2026-04-01,Assam,JSW MG MOTOR INDIA PVT LTD,Petrol/Diesel/CNG/Hybrid,8
2026-05-01,Assam,JSW MG MOTOR INDIA PVT LTD,Petrol/Diesel/CNG/Hybrid,17
2026-06-01,Assam,JSW MG MOTOR INDIA PVT LTD,Petrol/Diesel/CNG/Hybrid,7
2026-01-01,Assam,KIA INDIA PRIVATE LIMITED,Petrol/Diesel/CNG/Hybrid,177
2026-02-01,Assam,KIA INDIA PRIVATE LIMITED,Petrol/Diesel/CNG/Hybrid,155
2026-03-01,Assam,KIA INDIA PRIVATE LIMITED,Petrol/Diesel/CNG/Hybrid,185
2026-04-01,Assam,KIA INDIA PRIVATE LIMITED,Petrol/Diesel/CNG/Hybrid,162
2026-05-01,Assam,KIA INDIA PRIVATE LIMITED,Petrol/Diesel/CNG/Hybrid,159
2026-06-01,Assam,KIA INDIA PRIVATE LIMITED,Petrol/Diesel/CNG/Hybrid,96
2026-01-01,Assam,MAHINDRA & MAHINDRA LIMITED,Petrol/Diesel/CNG/Hybrid,937
2026-02-01,Assam,MAHINDRA & MAHINDRA LIMITED,Petrol/Diesel/CNG/Hybrid,878
2026-03-01,Assam,MAHINDRA & MAHINDRA LIMITED,Petrol/Diesel/CNG/Hybrid,928
2026-04-01,Assam,MAHINDRA & MAHINDRA LIMITED,Petrol/Diesel/CNG/Hybrid,831
2026-05-01,Assam,MAHINDRA & MAHINDRA LIMITED,Petrol/Diesel/CNG/Hybrid,712
2026-06-01,Assam,MAHINDRA & MAHINDRA LIMITED,Petrol/Diesel/CNG/Hybrid,409
2026-01-01,Assam,MAHINDRA & MAHINDRA LIMITED (SWARAJ DIVISION),Petrol/Diesel/CNG/Hybrid,5
2026-01-01,Assam,MAHINDRA & MAHINDRA LIMITED (TRACTOR),Petrol/Diesel/CNG/Hybrid,2
2026-02-01,Assam,MAHINDRA & MAHINDRA LIMITED (TRACTOR),Petrol/Diesel/CNG/Hybrid,7
2026-05-01,Assam,MAHINDRA & MAHINDRA LIMITED (TRACTOR),Petrol/Diesel/CNG/Hybrid,2
2026-01-01,Assam,MARUTI SUZUKI INDIA LTD,Petrol/Diesel/CNG/Hybrid,3197
2026-02-01,Assam,MARUTI SUZUKI INDIA LTD,Petrol/Diesel/CNG/Hybrid,3141
2026-03-01,Assam,MARUTI SUZUKI INDIA LTD,Petrol/Diesel/CNG/Hybrid,3514
2026-04-01,Assam,MARUTI SUZUKI INDIA LTD,Petrol/Diesel/CNG/Hybrid,3337
2026-05-01,Assam,MARUTI SUZUKI INDIA LTD,Petrol/Diesel/CNG/Hybrid,3917
2026-06-01,Assam,MARUTI SUZUKI INDIA LTD,Petrol/Diesel/CNG/Hybrid,1687
2026-04-01,Assam,MERCEDES-BENZ AG,Petrol/Diesel/CNG/Hybrid,1
2026-01-01,Assam,MERCEDES-BENZ INDIA PVT LTD,Petrol/Diesel/CNG/Hybrid,8
2026-02-01,Assam,MERCEDES-BENZ INDIA PVT LTD,Petrol/Diesel/CNG/Hybrid,5
2026-03-01,Assam,MERCEDES-BENZ INDIA PVT LTD,Petrol/Diesel/CNG/Hybrid,5
2026-04-01,Assam,MERCEDES-BENZ INDIA PVT LTD,Petrol/Diesel/CNG/Hybrid,8
2026-05-01,Assam,MERCEDES-BENZ INDIA PVT LTD,Petrol/Diesel/CNG/Hybrid,5
2026-06-01,Assam,MERCEDES-BENZ INDIA PVT LTD,Petrol/Diesel/CNG/Hybrid,5
2026-01-01,Assam,NISSAN MOTOR INDIA PVT LTD,Petrol/Diesel/CNG/Hybrid,26
2026-02-01,Assam,NISSAN MOTOR INDIA PVT LTD,Petrol/Diesel/CNG/Hybrid,26
2026-03-01,Assam,NISSAN MOTOR INDIA PVT LTD,Petrol/Diesel/CNG/Hybrid,43
2026-04-01,Assam,NISSAN MOTOR INDIA PVT LTD,Petrol/Diesel/CNG/Hybrid,47
2026-05-01,Assam,NISSAN MOTOR INDIA PVT LTD,Petrol/Diesel/CNG/Hybrid,49
2026-06-01,Assam,NISSAN MOTOR INDIA PVT LTD,Petrol/Diesel/CNG/Hybrid,10
2026-01-01,Assam,RENAULT INDIA PVT LTD,Petrol/Diesel/CNG/Hybrid,34
2026-02-01,Assam,RENAULT INDIA PVT LTD,Petrol/Diesel/CNG/Hybrid,19
2026-03-01,Assam,RENAULT INDIA PVT LTD,Petrol/Diesel/CNG/Hybrid,23
2026-04-01,Assam,RENAULT INDIA PVT LTD,Petrol/Diesel/CNG/Hybrid,27
2026-05-01,Assam,RENAULT INDIA PVT LTD,Petrol/Diesel/CNG/Hybrid,54
2026-06-01,Assam,RENAULT INDIA PVT LTD,Petrol/Diesel/CNG/Hybrid,29
2026-01-01,Assam,SKODA AUTO VOLKSWAGEN INDIA PVT LTD,Petrol/Diesel/CNG/Hybrid,78
2026-02-01,Assam,SKODA AUTO VOLKSWAGEN INDIA PVT LTD,Petrol/Diesel/CNG/Hybrid,69
2026-03-01,Assam,SKODA AUTO VOLKSWAGEN INDIA PVT LTD,Petrol/Diesel/CNG/Hybrid,93
2026-04-01,Assam,SKODA AUTO VOLKSWAGEN INDIA PVT LTD,Petrol/Diesel/CNG/Hybrid,97
2026-05-01,Assam,SKODA AUTO VOLKSWAGEN INDIA PVT LTD,Petrol/Diesel/CNG/Hybrid,76
2026-06-01,Assam,SKODA AUTO VOLKSWAGEN INDIA PVT LTD,Petrol/Diesel/CNG/Hybrid,36
2026-05-01,Assam,SML MAHINDRA LTD,Petrol/Diesel/CNG/Hybrid,1
2026-06-01,Assam,SML MAHINDRA LTD,Petrol/Diesel/CNG/Hybrid,1
2026-02-01,Assam,STELLANTIS AUTOMOBILES INDIA PVT LTD,Petrol/Diesel/CNG/Hybrid,1
2026-05-01,Assam,STELLANTIS AUTOMOBILES INDIA PVT LTD,Petrol/Diesel/CNG/Hybrid,1
2026-01-01,Assam,STELLANTIS INDIA PVT LTD,Petrol/Diesel/CNG/Hybrid,2
2026-02-01,Assam,STELLANTIS INDIA PVT LTD,Petrol/Diesel/CNG/Hybrid,3
2026-03-01,Assam,STELLANTIS INDIA PVT LTD,Petrol/Diesel/CNG/Hybrid,2
2026-04-01,Assam,STELLANTIS INDIA PVT LTD,Petrol/Diesel/CNG/Hybrid,1
2026-01-01,Assam,TAFE LIMITED,Petrol/Diesel/CNG/Hybrid,1
2026-02-01,Assam,TAFE LIMITED,Petrol/Diesel/CNG/Hybrid,1
2026-02-01,Assam,TATA MOTORS LTD,Petrol/Diesel/CNG/Hybrid,3
2026-03-01,Assam,TATA MOTORS LTD,Petrol/Diesel/CNG/Hybrid,1
2026-05-01,Assam,TATA MOTORS LTD,Petrol/Diesel/CNG/Hybrid,2
2026-01-01,Assam,TATA MOTORS PASSENGER VEHICLES LTD,Petrol/Diesel/CNG/Hybrid,871
2026-02-01,Assam,TATA MOTORS PASSENGER VEHICLES LTD,Petrol/Diesel/CNG/Hybrid,1052
2026-03-01,Assam,TATA MOTORS PASSENGER VEHICLES LTD,Petrol/Diesel/CNG/Hybrid,1289
2026-04-01,Assam,TATA MOTORS PASSENGER VEHICLES LTD,Petrol/Diesel/CNG/Hybrid,1027
2026-05-01,Assam,TATA MOTORS PASSENGER VEHICLES LTD,Petrol/Diesel/CNG/Hybrid,963
2026-06-01,Assam,TATA MOTORS PASSENGER VEHICLES LTD,Petrol/Diesel/CNG/Hybrid,307
2026-01-01,Assam,TATA PASSENGER ELECTRIC MOBILITY LTD,Petrol/Diesel/CNG/Hybrid,3
2026-02-01,Assam,TATA PASSENGER ELECTRIC MOBILITY LTD,Petrol/Diesel/CNG/Hybrid,1
2026-01-01,Assam,TOYOTA KIRLOSKAR MOTOR PVT LTD,Petrol/Diesel/CNG/Hybrid,257
2026-02-01,Assam,TOYOTA KIRLOSKAR MOTOR PVT LTD,Petrol/Diesel/CNG/Hybrid,240
2026-03-01,Assam,TOYOTA KIRLOSKAR MOTOR PVT LTD,Petrol/Diesel/CNG/Hybrid,270
2026-04-01,Assam,TOYOTA KIRLOSKAR MOTOR PVT LTD,Petrol/Diesel/CNG/Hybrid,258
2026-05-01,Assam,TOYOTA KIRLOSKAR MOTOR PVT LTD,Petrol/Diesel/CNG/Hybrid,291
2026-06-01,Assam,TOYOTA KIRLOSKAR MOTOR PVT LTD,Petrol/Diesel/CNG/Hybrid,135
2026-01-01,Assam,VISWAKARMA AGRO INDUSTRIES,Petrol/Diesel/CNG/Hybrid,4
2026-02-01,Assam,VISWAKARMA AGRO INDUSTRIES,Petrol/Diesel/CNG/Hybrid,1
2026-03-01,Assam,VISWAKARMA AGRO INDUSTRIES,Petrol/Diesel/CNG/Hybrid,2
2026-04-01,Assam,VISWAKARMA AGRO INDUSTRIES,Petrol/Diesel/CNG/Hybrid,2
2026-05-01,Assam,VISWAKARMA AGRO INDUSTRIES,Petrol/Diesel/CNG/Hybrid,2
2026-06-01,Assam,VISWAKARMA AGRO INDUSTRIES,Petrol/Diesel/CNG/Hybrid,2
2026-01-01,Bihar,ACTION CONSTRUCTION EQUIPMENT LTD,Petrol/Diesel/CNG/Hybrid,3
2026-02-01,Bihar,ACTION CONSTRUCTION EQUIPMENT LTD,Petrol/Diesel/CNG/Hybrid,2
2026-03-01,Bihar,ACTION CONSTRUCTION EQUIPMENT LTD,Petrol/Diesel/CNG/Hybrid,3
2026-04-01,Bihar,ACTION CONSTRUCTION EQUIPMENT LTD,Petrol/Diesel/CNG/Hybrid,3
2026-05-01,Bihar,ACTION CONSTRUCTION EQUIPMENT LTD,Petrol/Diesel/CNG/Hybrid,3
2026-06-01,Bihar,ACTION CONSTRUCTION EQUIPMENT LTD,Petrol/Diesel/CNG/Hybrid,1
2026-01-01,Bihar,ADICO ESCORTS AGRI EQUIPMENTS PVT. LTD,Petrol/Diesel/CNG/Hybrid,1
2026-02-01,Bihar,ADICO ESCORTS AGRI EQUIPMENTS PVT. LTD,Petrol/Diesel/CNG/Hybrid,1
2026-03-01,Bihar,ADICO ESCORTS AGRI EQUIPMENTS PVT. LTD,Petrol/Diesel/CNG/Hybrid,1
2026-04-01,Bihar,ADICO ESCORTS AGRI EQUIPMENTS PVT. LTD,Petrol/Diesel/CNG/Hybrid,5
2026-02-01,Bihar,AJAX ENGINEERING LTD,Petrol/Diesel/CNG/Hybrid,1
2026-02-01,Bihar,ASHOK LEYLAND LTD,Petrol/Diesel/CNG/Hybrid,13
2026-01-01,Bihar,BMW INDIA PVT LTD,Petrol/Diesel/CNG/Hybrid,8
2026-02-01,Bihar,BMW INDIA PVT LTD,Petrol/Diesel/CNG/Hybrid,6
2026-03-01,Bihar,BMW INDIA PVT LTD,Petrol/Diesel/CNG/Hybrid,2
2026-04-01,Bihar,BMW INDIA PVT LTD,Petrol/Diesel/CNG/Hybrid,5
2026-05-01,Bihar,BMW INDIA PVT LTD,Petrol/Diesel/CNG/Hybrid,6
2026-06-01,Bihar,BMW INDIA PVT LTD,Petrol/Diesel/CNG/Hybrid,2
2026-01-01,Bihar,CNH INDUSTRIAL (INDIA) PVT LTD,Petrol/Diesel/CNG/Hybrid,23
2026-02-01,Bihar,CNH INDUSTRIAL (INDIA) PVT LTD,Petrol/Diesel/CNG/Hybrid,16
2026-03-01,Bihar,CNH INDUSTRIAL (INDIA) PVT LTD,Petrol/Diesel/CNG/Hybrid,24
2026-04-01,Bihar,CNH INDUSTRIAL (INDIA) PVT LTD,Petrol/Diesel/CNG/Hybrid,20
2026-05-01,Bihar,CNH INDUSTRIAL (INDIA) PVT LTD,Petrol/Diesel/CNG/Hybrid,25
2026-06-01,Bihar,CNH INDUSTRIAL (INDIA) PVT LTD,Petrol/Diesel/CNG/Hybrid,16
2026-01-01,Bihar,EICHER TRACTORS,Petrol/Diesel/CNG/Hybrid,234
2026-02-01,Bihar,EICHER TRACTORS,Petrol/Diesel/CNG/Hybrid,205
2026-03-01,Bihar,EICHER TRACTORS,Petrol/Diesel/CNG/Hybrid,186
2026-04-01,Bihar,EICHER TRACTORS,Petrol/Diesel/CNG/Hybrid,218
2026-05-01,Bihar,EICHER TRACTORS,Petrol/Diesel/CNG/Hybrid,247
2026-06-01,Bihar,EICHER TRACTORS,Petrol/Diesel/CNG/Hybrid,128
2026-01-01,Bihar,ESCORTS KUBOTA LIMITED (AGRI MACHINERY GROUP),Petrol/Diesel/CNG/Hybrid,329
2026-02-01,Bihar,ESCORTS KUBOTA LIMITED (AGRI MACHINERY GROUP),Petrol/Diesel/CNG/Hybrid,276
2026-03-01,Bihar,ESCORTS KUBOTA LIMITED (AGRI MACHINERY GROUP),Petrol/Diesel/CNG/Hybrid,318
2026-04-01,Bihar,ESCORTS KUBOTA LIMITED (AGRI MACHINERY GROUP),Petrol/Diesel/CNG/Hybrid,298
2026-05-01,Bihar,ESCORTS KUBOTA LIMITED (AGRI MACHINERY GROUP),Petrol/Diesel/CNG/Hybrid,336
2026-06-01,Bihar,ESCORTS KUBOTA LIMITED (AGRI MACHINERY GROUP),Petrol/Diesel/CNG/Hybrid,232
2026-02-01,Bihar,FORCE MOTORS LIMITED,Petrol/Diesel/CNG/Hybrid,1
2026-03-01,Bihar,FORCE MOTORS LIMITED,Petrol/Diesel/CNG/Hybrid,2
2026-05-01,Bihar,FORCE MOTORS LIMITED,Petrol/Diesel/CNG/Hybrid,1
2026-01-01,Bihar,GROMAX AGRI EQUIPMENT LTD,Petrol/Diesel/CNG/Hybrid,3
2026-03-01,Bihar,GROMAX AGRI EQUIPMENT LTD,Petrol/Diesel/CNG/Hybrid,5
2026-04-01,Bihar,GROMAX AGRI EQUIPMENT LTD,Petrol/Diesel/CNG/Hybrid,7
2026-05-01,Bihar,GROMAX AGRI EQUIPMENT LTD,Petrol/Diesel/CNG/Hybrid,3
2026-06-01,Bihar,GROMAX AGRI EQUIPMENT LTD,Petrol/Diesel/CNG/Hybrid,3
2026-01-01,Bihar,HONDA CARS INDIA LTD,Petrol/Diesel/CNG/Hybrid,60
2026-02-01,Bihar,HONDA CARS INDIA LTD,Petrol/Diesel/CNG/Hybrid,77
2026-03-01,Bihar,HONDA CARS INDIA LTD,Petrol/Diesel/CNG/Hybrid,79
2026-04-01,Bihar,HONDA CARS INDIA LTD,Petrol/Diesel/CNG/Hybrid,68
2026-05-01,Bihar,HONDA CARS INDIA LTD,Petrol/Diesel/CNG/Hybrid,47
2026-06-01,Bihar,HONDA CARS INDIA LTD,Petrol/Diesel/CNG/Hybrid,18
2026-01-01,Bihar,HYUNDAI MOTOR INDIA LTD,Petrol/Diesel/CNG/Hybrid,926
2026-02-01,Bihar,HYUNDAI MOTOR INDIA LTD,Petrol/Diesel/CNG/Hybrid,763
2026-03-01,Bihar,HYUNDAI MOTOR INDIA LTD,Petrol/Diesel/CNG/Hybrid,750
2026-04-01,Bihar,HYUNDAI MOTOR INDIA LTD,Petrol/Diesel/CNG/Hybrid,853
2026-05-01,Bihar,HYUNDAI MOTOR INDIA LTD,Petrol/Diesel/CNG/Hybrid,743
2026-06-01,Bihar,HYUNDAI MOTOR INDIA LTD,Petrol/Diesel/CNG/Hybrid,327
2026-03-01,Bihar,INDO FARM EQUIPMENT LIMITED,Petrol/Diesel/CNG/Hybrid,1
2026-01-01,Bihar,INTERNATIONAL TRACTORS LIMITED,Petrol/Diesel/CNG/Hybrid,292
2026-02-01,Bihar,INTERNATIONAL TRACTORS LIMITED,Petrol/Diesel/CNG/Hybrid,247
2026-03-01,Bihar,INTERNATIONAL TRACTORS LIMITED,Petrol/Diesel/CNG/Hybrid,270
2026-04-01,Bihar,INTERNATIONAL TRACTORS LIMITED,Petrol/Diesel/CNG/Hybrid,259
2026-05-01,Bihar,INTERNATIONAL TRACTORS LIMITED,Petrol/Diesel/CNG/Hybrid,293
2026-06-01,Bihar,INTERNATIONAL TRACTORS LIMITED,Petrol/Diesel/CNG/Hybrid,217
2026-04-01,Bihar,ISUZU MOTORS INDIA PVT LTD,Petrol/Diesel/CNG/Hybrid,3
2026-05-01,Bihar,ISUZU MOTORS INDIA PVT LTD,Petrol/Diesel/CNG/Hybrid,7
2026-01-01,Bihar,JAGUAR LAND ROVER INDIA LIMITED,Petrol/Diesel/CNG/Hybrid,2
2026-02-01,Bihar,JAGUAR LAND ROVER INDIA LIMITED,Petrol/Diesel/CNG/Hybrid,6
2026-03-01,Bihar,JAGUAR LAND ROVER INDIA LIMITED,Petrol/Diesel/CNG/Hybrid,3
2026-04-01,Bihar,JAGUAR LAND ROVER INDIA LIMITED,Petrol/Diesel/CNG/Hybrid,3
2026-05-01,Bihar,JAGUAR LAND ROVER INDIA LIMITED,Petrol/Diesel/CNG/Hybrid,2
2026-06-01,Bihar,JAGUAR LAND ROVER INDIA LIMITED,Petrol/Diesel/CNG/Hybrid,1
2026-01-01,Bihar,JCB INDIA LIMITED,Petrol/Diesel/CNG/Hybrid,2
2026-02-01,Bihar,JCB INDIA LIMITED,Petrol/Diesel/CNG/Hybrid,1
2026-03-01,Bihar,JCB INDIA LIMITED,Petrol/Diesel/CNG/Hybrid,2
2026-04-01,Bihar,JCB INDIA LIMITED,Petrol/Diesel/CNG/Hybrid,1
2026-05-01,Bihar,JCB INDIA LIMITED,Petrol/Diesel/CNG/Hybrid,4
2026-06-01,Bihar,JCB INDIA LIMITED,Petrol/Diesel/CNG/Hybrid,2
2026-01-01,Bihar,JOHN DEERE INDIA PVT LTD(TRACTOR DEVISION),Petrol/Diesel/CNG/Hybrid,34
2026-02-01,Bihar,JOHN DEERE INDIA PVT LTD(TRACTOR DEVISION),Petrol/Diesel/CNG/Hybrid,30
2026-03-01,Bihar,JOHN DEERE INDIA PVT LTD(TRACTOR DEVISION),Petrol/Diesel/CNG/Hybrid,33
2026-04-01,Bihar,JOHN DEERE INDIA PVT LTD(TRACTOR DEVISION),Petrol/Diesel/CNG/Hybrid,28
2026-05-01,Bihar,JOHN DEERE INDIA PVT LTD(TRACTOR DEVISION),Petrol/Diesel/CNG/Hybrid,41
2026-06-01,Bihar,JOHN DEERE INDIA PVT LTD(TRACTOR DEVISION),Petrol/Diesel/CNG/Hybrid,19
2026-01-01,Bihar,JSW MG MOTOR INDIA PVT LTD,Petrol/Diesel/CNG/Hybrid,11
2026-02-01,Bihar,JSW MG MOTOR INDIA PVT LTD,Petrol/Diesel/CNG/Hybrid,19
2026-03-01,Bihar,JSW MG MOTOR INDIA PVT LTD,Petrol/Diesel/CNG/Hybrid,13
2026-04-01,Bihar,JSW MG MOTOR INDIA PVT LTD,Petrol/Diesel/CNG/Hybrid,14
2026-05-01,Bihar,JSW MG MOTOR INDIA PVT LTD,Petrol/Diesel/CNG/Hybrid,11
2026-06-01,Bihar,JSW MG MOTOR INDIA PVT LTD,Petrol/Diesel/CNG/Hybrid,7
2026-01-01,Bihar,KIA INDIA PRIVATE LIMITED,Petrol/Diesel/CNG/Hybrid,457
2026-02-01,Bihar,KIA INDIA PRIVATE LIMITED,Petrol/Diesel/CNG/Hybrid,386
2026-03-01,Bihar,KIA INDIA PRIVATE LIMITED,Petrol/Diesel/CNG/Hybrid,402
2026-04-01,Bihar,KIA INDIA PRIVATE LIMITED,Petrol/Diesel/CNG/Hybrid,411
2026-05-01,Bihar,KIA INDIA PRIVATE LIMITED,Petrol/Diesel/CNG/Hybrid,379
2026-06-01,Bihar,KIA INDIA PRIVATE LIMITED,Petrol/Diesel/CNG/Hybrid,134
2026-02-01,Bihar,KUBOTA AGRICULTURAL MACHINERY INDIA PVT.LTD,Petrol/Diesel/CNG/Hybrid,1
2026-05-01,Bihar,KUBOTA AGRICULTURAL MACHINERY INDIA PVT.LTD,Petrol/Diesel/CNG/Hybrid,1
2026-01-01,Bihar,LOCAL TRAILER MANUFACTURER,Petrol/Diesel/CNG/Hybrid,4
2026-02-01,Bihar,LOCAL TRAILER MANUFACTURER,Petrol/Diesel/CNG/Hybrid,11
2026-03-01,Bihar,LOCAL TRAILER MANUFACTURER,Petrol/Diesel/CNG/Hybrid,2
2026-04-01,Bihar,LOCAL TRAILER MANUFACTURER,Petrol/Diesel/CNG/Hybrid,6
2026-05-01,Bihar,LOCAL TRAILER MANUFACTURER,Petrol/Diesel/CNG/Hybrid,6
2026-06-01,Bihar,LOCAL TRAILER MANUFACTURER,Petrol/Diesel/CNG/Hybrid,3
2026-01-01,Bihar,MAHINDRA & MAHINDRA LIMITED,Petrol/Diesel/CNG/Hybrid,2290
2026-02-01,Bihar,MAHINDRA & MAHINDRA LIMITED,Petrol/Diesel/CNG/Hybrid,1719
2026-03-01,Bihar,MAHINDRA & MAHINDRA LIMITED,Petrol/Diesel/CNG/Hybrid,1615
2026-04-01,Bihar,MAHINDRA & MAHINDRA LIMITED,Petrol/Diesel/CNG/Hybrid,1623
2026-05-01,Bihar,MAHINDRA & MAHINDRA LIMITED,Petrol/Diesel/CNG/Hybrid,1387
2026-06-01,Bihar,MAHINDRA & MAHINDRA LIMITED,Petrol/Diesel/CNG/Hybrid,516
2026-01-01,Bihar,MAHINDRA & MAHINDRA LIMITED (SWARAJ DIVISION),Petrol/Diesel/CNG/Hybrid,726
2026-02-01,Bihar,MAHINDRA & MAHINDRA LIMITED (SWARAJ DIVISION),Petrol/Diesel/CNG/Hybrid,623
2026-03-01,Bihar,MAHINDRA & MAHINDRA LIMITED (SWARAJ DIVISION),Petrol/Diesel/CNG/Hybrid,704
2026-04-01,Bihar,MAHINDRA & MAHINDRA LIMITED (SWARAJ DIVISION),Petrol/Diesel/CNG/Hybrid,519
2026-05-01,Bihar,MAHINDRA & MAHINDRA LIMITED (SWARAJ DIVISION),Petrol/Diesel/CNG/Hybrid,728
2026-06-01,Bihar,MAHINDRA & MAHINDRA LIMITED (SWARAJ DIVISION),Petrol/Diesel/CNG/Hybrid,480
2026-01-01,Bihar,MAHINDRA & MAHINDRA LIMITED (TRACTOR),Petrol/Diesel/CNG/Hybrid,414
2026-02-01,Bihar,MAHINDRA & MAHINDRA LIMITED (TRACTOR),Petrol/Diesel/CNG/Hybrid,389
2026-03-01,Bihar,MAHINDRA & MAHINDRA LIMITED (TRACTOR),Petrol/Diesel/CNG/Hybrid,352
2026-04-01,Bihar,MAHINDRA & MAHINDRA LIMITED (TRACTOR),Petrol/Diesel/CNG/Hybrid,362
2026-05-01,Bihar,MAHINDRA & MAHINDRA LIMITED (TRACTOR),Petrol/Diesel/CNG/Hybrid,524
2026-06-01,Bihar,MAHINDRA & MAHINDRA LIMITED (TRACTOR),Petrol/Diesel/CNG/Hybrid,275
2026-01-01,Bihar,MAHINDRA & MAHINDRA LTD FARM MACHINERY DIVISION,Petrol/Diesel/CNG/Hybrid,1
2026-01-01,Bihar,MARUTI SUZUKI INDIA LTD,Petrol/Diesel/CNG/Hybrid,3799
2026-02-01,Bihar,MARUTI SUZUKI INDIA LTD,Petrol/Diesel/CNG/Hybrid,3126
2026-03-01,Bihar,MARUTI SUZUKI INDIA LTD,Petrol/Diesel/CNG/Hybrid,3070
2026-04-01,Bihar,MARUTI SUZUKI INDIA LTD,Petrol/Diesel/CNG/Hybrid,3184
2026-05-01,Bihar,MARUTI SUZUKI INDIA LTD,Petrol/Diesel/CNG/Hybrid,3081
2026-06-01,Bihar,MARUTI SUZUKI INDIA LTD,Petrol/Diesel/CNG/Hybrid,1530
2026-03-01,Bihar,MERCEDES-BENZ AG,Petrol/Diesel/CNG/Hybrid,1
2026-05-01,Bihar,MERCEDES-BENZ AG,Petrol/Diesel/CNG/Hybrid,1
2026-01-01,Bihar,MERCEDES-BENZ INDIA PVT LTD,Petrol/Diesel/CNG/Hybrid,14
2026-02-01,Bihar,MERCEDES-BENZ INDIA PVT LTD,Petrol/Diesel/CNG/Hybrid,13
2026-03-01,Bihar,MERCEDES-BENZ INDIA PVT LTD,Petrol/Diesel/CNG/Hybrid,11
2026-04-01,Bihar,MERCEDES-BENZ INDIA PVT LTD,Petrol/Diesel/CNG/Hybrid,6
2026-05-01,Bihar,MERCEDES-BENZ INDIA PVT LTD,Petrol/Diesel/CNG/Hybrid,7
2026-06-01,Bihar,MERCEDES-BENZ INDIA PVT LTD,Petrol/Diesel/CNG/Hybrid,2
2026-01-01,Bihar,NISSAN MOTOR INDIA PVT LTD,Petrol/Diesel/CNG/Hybrid,23
2026-02-01,Bihar,NISSAN MOTOR INDIA PVT LTD,Petrol/Diesel/CNG/Hybrid,18
2026-03-01,Bihar,NISSAN MOTOR INDIA PVT LTD,Petrol/Diesel/CNG/Hybrid,60
2026-04-01,Bihar,NISSAN MOTOR INDIA PVT LTD,Petrol/Diesel/CNG/Hybrid,74
2026-05-01,Bihar,NISSAN MOTOR INDIA PVT LTD,Petrol/Diesel/CNG/Hybrid,45
2026-06-01,Bihar,NISSAN MOTOR INDIA PVT LTD,Petrol/Diesel/CNG/Hybrid,37
2026-01-01,Bihar,PREET TRACTORS PVT LTD,Petrol/Diesel/CNG/Hybrid,1
2026-01-01,Bihar,RENAULT INDIA PVT LTD,Petrol/Diesel/CNG/Hybrid,184
2026-02-01,Bihar,RENAULT INDIA PVT LTD,Petrol/Diesel/CNG/Hybrid,131
2026-03-01,Bihar,RENAULT INDIA PVT LTD,Petrol/Diesel/CNG/Hybrid,125
2026-04-01,Bihar,RENAULT INDIA PVT LTD,Petrol/Diesel/CNG/Hybrid,152
2026-05-01,Bihar,RENAULT INDIA PVT LTD,Petrol/Diesel/CNG/Hybrid,141
2026-06-01,Bihar,RENAULT INDIA PVT LTD,Petrol/Diesel/CNG/Hybrid,52
2026-01-01,Bihar,SKODA AUTO VOLKSWAGEN INDIA PVT LTD,Petrol/Diesel/CNG/Hybrid,106
2026-02-01,Bihar,SKODA AUTO VOLKSWAGEN INDIA PVT LTD,Petrol/Diesel/CNG/Hybrid,118
2026-03-01,Bihar,SKODA AUTO VOLKSWAGEN INDIA PVT LTD,Petrol/Diesel/CNG/Hybrid,94
2026-04-01,Bihar,SKODA AUTO VOLKSWAGEN INDIA PVT LTD,Petrol/Diesel/CNG/Hybrid,100
2026-05-01,Bihar,SKODA AUTO VOLKSWAGEN INDIA PVT LTD,Petrol/Diesel/CNG/Hybrid,107
2026-06-01,Bihar,SKODA AUTO VOLKSWAGEN INDIA PVT LTD,Petrol/Diesel/CNG/Hybrid,34
2026-01-01,Bihar,STELLANTIS AUTOMOBILES INDIA PVT LTD,Petrol/Diesel/CNG/Hybrid,1
2026-02-01,Bihar,STELLANTIS AUTOMOBILES INDIA PVT LTD,Petrol/Diesel/CNG/Hybrid,1
2026-03-01,Bihar,STELLANTIS AUTOMOBILES INDIA PVT LTD,Petrol/Diesel/CNG/Hybrid,3
2026-04-01,Bihar,STELLANTIS AUTOMOBILES INDIA PVT LTD,Petrol/Diesel/CNG/Hybrid,1
2026-05-01,Bihar,STELLANTIS AUTOMOBILES INDIA PVT LTD,Petrol/Diesel/CNG/Hybrid,1
2026-06-01,Bihar,STELLANTIS AUTOMOBILES INDIA PVT LTD,Petrol/Diesel/CNG/Hybrid,1
2026-01-01,Bihar,STELLANTIS INDIA PVT LTD,Petrol/Diesel/CNG/Hybrid,1
2026-04-01,Bihar,STELLANTIS INDIA PVT LTD,Petrol/Diesel/CNG/Hybrid,2
2026-05-01,Bihar,STELLANTIS INDIA PVT LTD,Petrol/Diesel/CNG/Hybrid,1
2026-01-01,Bihar,TAFE LIMITED,Petrol/Diesel/CNG/Hybrid,112
2026-02-01,Bihar,TAFE LIMITED,Petrol/Diesel/CNG/Hybrid,132
2026-03-01,Bihar,TAFE LIMITED,Petrol/Diesel/CNG/Hybrid,134
2026-04-01,Bihar,TAFE LIMITED,Petrol/Diesel/CNG/Hybrid,122
2026-05-01,Bihar,TAFE LIMITED,Petrol/Diesel/CNG/Hybrid,160
2026-06-01,Bihar,TAFE LIMITED,Petrol/Diesel/CNG/Hybrid,90
2026-01-01,Bihar,TATA MOTORS LTD,Petrol/Diesel/CNG/Hybrid,1
2026-04-01,Bihar,TATA MOTORS LTD,Petrol/Diesel/CNG/Hybrid,1
2026-01-01,Bihar,TATA MOTORS PASSENGER VEHICLES LTD,Petrol/Diesel/CNG/Hybrid,1811
2026-02-01,Bihar,TATA MOTORS PASSENGER VEHICLES LTD,Petrol/Diesel/CNG/Hybrid,1862
2026-03-01,Bihar,TATA MOTORS PASSENGER VEHICLES LTD,Petrol/Diesel/CNG/Hybrid,1985
2026-04-01,Bihar,TATA MOTORS PASSENGER VEHICLES LTD,Petrol/Diesel/CNG/Hybrid,1844
2026-05-01,Bihar,TATA MOTORS PASSENGER VEHICLES LTD,Petrol/Diesel/CNG/Hybrid,1670
2026-06-01,Bihar,TATA MOTORS PASSENGER VEHICLES LTD,Petrol/Diesel/CNG/Hybrid,724
2026-02-01,Bihar,TATA PASSENGER ELECTRIC MOBILITY LTD,Petrol/Diesel/CNG/Hybrid,4
2026-04-01,Bihar,TATA PASSENGER ELECTRIC MOBILITY LTD,Petrol/Diesel/CNG/Hybrid,1
2026-01-01,Bihar,TOYOTA KIRLOSKAR MOTOR PVT LTD,Petrol/Diesel/CNG/Hybrid,607
2026-02-01,Bihar,TOYOTA KIRLOSKAR MOTOR PVT LTD,Petrol/Diesel/CNG/Hybrid,575
2026-03-01,Bihar,TOYOTA KIRLOSKAR MOTOR PVT LTD,Petrol/Diesel/CNG/Hybrid,518
2026-04-01,Bihar,TOYOTA KIRLOSKAR MOTOR PVT LTD,Petrol/Diesel/CNG/Hybrid,543
2026-05-01,Bihar,TOYOTA KIRLOSKAR MOTOR PVT LTD,Petrol/Diesel/CNG/Hybrid,500
2026-06-01,Bihar,TOYOTA KIRLOSKAR MOTOR PVT LTD,Petrol/Diesel/CNG/Hybrid,190
2026-01-01,Bihar,V.S.T. TILLERS TRACTORS LIMITED,Petrol/Diesel/CNG/Hybrid,1
2026-03-01,Bihar,V.S.T. TILLERS TRACTORS LIMITED,Petrol/Diesel/CNG/Hybrid,3
2026-05-01,Bihar,V.S.T. TILLERS TRACTORS LIMITED,Petrol/Diesel/CNG/Hybrid,1
2026-05-01,Bihar,VOLKSWAGEN AG,Petrol/Diesel/CNG/Hybrid,1
2026-02-01,Bihar,VOLVO AUTO INDIA PVT LTD,Petrol/Diesel/CNG/Hybrid,1
2026-03-01,Bihar,VOLVO AUTO INDIA PVT LTD,Petrol/Diesel/CNG/Hybrid,1
2026-04-01,Bihar,VOLVO AUTO INDIA PVT LTD,Petrol/Diesel/CNG/Hybrid,1
2026-02-01,Bihar,VST ZETOR PVT LTD,Petrol/Diesel/CNG/Hybrid,3
2026-03-01,Bihar,VST ZETOR PVT LTD,Petrol/Diesel/CNG/Hybrid,4
2026-05-01,Bihar,VST ZETOR PVT LTD,Petrol/Diesel/CNG/Hybrid,3
2026-06-01,Bihar,VST ZETOR PVT LTD,Petrol/Diesel/CNG/Hybrid,2
2026-01-01,Chandigarh,AUDI AG,Petrol/Diesel/CNG/Hybrid,2
2026-03-01,Chandigarh,AUDI AG,Petrol/Diesel/CNG/Hybrid,1
2026-04-01,Chandigarh,AUDI AG,Petrol/Diesel/CNG/Hybrid,2
2026-06-01,Chandigarh,AUDI AG,Petrol/Diesel/CNG/Hybrid,2
2026-01-01,Chandigarh,AUTOMOBILI LAMBORGHINI S.P.A,Petrol/Diesel/CNG/Hybrid,2
2026-01-01,Chandigarh,BMW INDIA PVT LTD,Petrol/Diesel/CNG/Hybrid,38
2026-02-01,Chandigarh,BMW INDIA PVT LTD,Petrol/Diesel/CNG/Hybrid,22
2026-03-01,Chandigarh,BMW INDIA PVT LTD,Petrol/Diesel/CNG/Hybrid,52
2026-04-01,Chandigarh,BMW INDIA PVT LTD,Petrol/Diesel/CNG/Hybrid,22
2026-05-01,Chandigarh,BMW INDIA PVT LTD,Petrol/Diesel/CNG/Hybrid,19
2026-06-01,Chandigarh,BMW INDIA PVT LTD,Petrol/Diesel/CNG/Hybrid,19
2026-02-01,Chandigarh,BYD INDIA PRIVATE LIMITED,Petrol/Diesel/CNG/Hybrid,1
2026-01-01,Chandigarh,FORCE MOTORS LIMITED,Petrol/Diesel/CNG/Hybrid,1
2026-02-01,Chandigarh,FORCE MOTORS LIMITED,Petrol/Diesel/CNG/Hybrid,1
2026-03-01,Chandigarh,FORCE MOTORS LIMITED,Petrol/Diesel/CNG/Hybrid,1
2026-04-01,Chandigarh,FORCE MOTORS LIMITED,Petrol/Diesel/CNG/Hybrid,2
2026-05-01,Chandigarh,FORCE MOTORS LIMITED,Petrol/Diesel/CNG/Hybrid,2
2026-01-01,Chandigarh,HONDA CARS INDIA LTD,Petrol/Diesel/CNG/Hybrid,74
2026-02-01,Chandigarh,HONDA CARS INDIA LTD,Petrol/Diesel/CNG/Hybrid,52
2026-03-01,Chandigarh,HONDA CARS INDIA LTD,Petrol/Diesel/CNG/Hybrid,80
2026-04-01,Chandigarh,HONDA CARS INDIA LTD,Petrol/Diesel/CNG/Hybrid,55
2026-05-01,Chandigarh,HONDA CARS INDIA LTD,Petrol/Diesel/CNG/Hybrid,40
2026-06-01,Chandigarh,HONDA CARS INDIA LTD,Petrol/Diesel/CNG/Hybrid,28
2026-01-01,Chandigarh,HYUNDAI MOTOR INDIA LTD,Petrol/Diesel/CNG/Hybrid,231
2026-02-01,Chandigarh,HYUNDAI MOTOR INDIA LTD,Petrol/Diesel/CNG/Hybrid,172
2026-03-01,Chandigarh,HYUNDAI MOTOR INDIA LTD,Petrol/Diesel/CNG/Hybrid,222
2026-04-01,Chandigarh,HYUNDAI MOTOR INDIA LTD,Petrol/Diesel/CNG/Hybrid,168
2026-05-01,Chandigarh,HYUNDAI MOTOR INDIA LTD,Petrol/Diesel/CNG/Hybrid,155
2026-06-01,Chandigarh,HYUNDAI MOTOR INDIA LTD,Petrol/Diesel/CNG/Hybrid,92
2026-03-01,Chandigarh,ISUZU MOTORS INDIA PVT LTD,Petrol/Diesel/CNG/Hybrid,1
2026-01-01,Chandigarh,JAGUAR LAND ROVER INDIA LIMITED,Petrol/Diesel/CNG/Hybrid,18
2026-02-01,Chandigarh,JAGUAR LAND ROVER INDIA LIMITED,Petrol/Diesel/CNG/Hybrid,9
2026-03-01,Chandigarh,JAGUAR LAND ROVER INDIA LIMITED,Petrol/Diesel/CNG/Hybrid,31
2026-04-01,Chandigarh,JAGUAR LAND ROVER INDIA LIMITED,Petrol/Diesel/CNG/Hybrid,16
2026-05-01,Chandigarh,JAGUAR LAND ROVER INDIA LIMITED,Petrol/Diesel/CNG/Hybrid,8
2026-06-01,Chandigarh,JAGUAR LAND ROVER INDIA LIMITED,Petrol/Diesel/CNG/Hybrid,19
2026-01-01,Chandigarh,JSW MG MOTOR INDIA PVT LTD,Petrol/Diesel/CNG/Hybrid,7
2026-02-01,Chandigarh,JSW MG MOTOR INDIA PVT LTD,Petrol/Diesel/CNG/Hybrid,10
2026-03-01,Chandigarh,JSW MG MOTOR INDIA PVT LTD,Petrol/Diesel/CNG/Hybrid,9
2026-04-01,Chandigarh,JSW MG MOTOR INDIA PVT LTD,Petrol/Diesel/CNG/Hybrid,16
2026-05-01,Chandigarh,JSW MG MOTOR INDIA PVT LTD,Petrol/Diesel/CNG/Hybrid,4
2026-06-01,Chandigarh,JSW MG MOTOR INDIA PVT LTD,Petrol/Diesel/CNG/Hybrid,13
2026-01-01,Chandigarh,KIA INDIA PRIVATE LIMITED,Petrol/Diesel/CNG/Hybrid,139
2026-02-01,Chandigarh,KIA INDIA PRIVATE LIMITED,Petrol/Diesel/CNG/Hybrid,120
2026-03-01,Chandigarh,KIA INDIA PRIVATE LIMITED,Petrol/Diesel/CNG/Hybrid,160
2026-04-01,Chandigarh,KIA INDIA PRIVATE LIMITED,Petrol/Diesel/CNG/Hybrid,134
2026-05-01,Chandigarh,KIA INDIA PRIVATE LIMITED,Petrol/Diesel/CNG/Hybrid,126
2026-06-01,Chandigarh,KIA INDIA PRIVATE LIMITED,Petrol/Diesel/CNG/Hybrid,61
2026-01-01,Chandigarh,MAHINDRA & MAHINDRA LIMITED,Petrol/Diesel/CNG/Hybrid,330
2026-02-01,Chandigarh,MAHINDRA & MAHINDRA LIMITED,Petrol/Diesel/CNG/Hybrid,319
2026-03-01,Chandigarh,MAHINDRA & MAHINDRA LIMITED,Petrol/Diesel/CNG/Hybrid,412
2026-04-01,Chandigarh,MAHINDRA & MAHINDRA LIMITED,Petrol/Diesel/CNG/Hybrid,366
2026-05-01,Chandigarh,MAHINDRA & MAHINDRA LIMITED,Petrol/Diesel/CNG/Hybrid,228
2026-06-01,Chandigarh,MAHINDRA & MAHINDRA LIMITED,Petrol/Diesel/CNG/Hybrid,190
2026-01-01,Chandigarh,MARUTI SUZUKI INDIA LTD,Petrol/Diesel/CNG/Hybrid,507
2026-02-01,Chandigarh,MARUTI SUZUKI INDIA LTD,Petrol/Diesel/CNG/Hybrid,394
2026-03-01,Chandigarh,MARUTI SUZUKI INDIA LTD,Petrol/Diesel/CNG/Hybrid,416
2026-04-01,Chandigarh,MARUTI SUZUKI INDIA LTD,Petrol/Diesel/CNG/Hybrid,387
2026-05-01,Chandigarh,MARUTI SUZUKI INDIA LTD,Petrol/Diesel/CNG/Hybrid,320
2026-06-01,Chandigarh,MARUTI SUZUKI INDIA LTD,Petrol/Diesel/CNG/Hybrid,210
2026-01-01,Chandigarh,MERCEDES-BENZ AG,Petrol/Diesel/CNG/Hybrid,3
2026-02-01,Chandigarh,MERCEDES-BENZ AG,Petrol/Diesel/CNG/Hybrid,4
2026-03-01,Chandigarh,MERCEDES-BENZ AG,Petrol/Diesel/CNG/Hybrid,6
2026-04-01,Chandigarh,MERCEDES-BENZ AG,Petrol/Diesel/CNG/Hybrid,4
2026-05-01,Chandigarh,MERCEDES-BENZ AG,Petrol/Diesel/CNG/Hybrid,4
2026-06-01,Chandigarh,MERCEDES-BENZ AG,Petrol/Diesel/CNG/Hybrid,5
2026-01-01,Chandigarh,MERCEDES-BENZ INDIA PVT LTD,Petrol/Diesel/CNG/Hybrid,39
2026-02-01,Chandigarh,MERCEDES-BENZ INDIA PVT LTD,Petrol/Diesel/CNG/Hybrid,28
2026-03-01,Chandigarh,MERCEDES-BENZ INDIA PVT LTD,Petrol/Diesel/CNG/Hybrid,57
2026-04-01,Chandigarh,MERCEDES-BENZ INDIA PVT LTD,Petrol/Diesel/CNG/Hybrid,31
2026-05-01,Chandigarh,MERCEDES-BENZ INDIA PVT LTD,Petrol/Diesel/CNG/Hybrid,18
2026-06-01,Chandigarh,MERCEDES-BENZ INDIA PVT LTD,Petrol/Diesel/CNG/Hybrid,30
2026-01-01,Chandigarh,NISSAN MOTOR INDIA PVT LTD,Petrol/Diesel/CNG/Hybrid,2
2026-02-01,Chandigarh,NISSAN MOTOR INDIA PVT LTD,Petrol/Diesel/CNG/Hybrid,5
2026-03-01,Chandigarh,NISSAN MOTOR INDIA PVT LTD,Petrol/Diesel/CNG/Hybrid,7
2026-04-01,Chandigarh,NISSAN MOTOR INDIA PVT LTD,Petrol/Diesel/CNG/Hybrid,5
2026-05-01,Chandigarh,NISSAN MOTOR INDIA PVT LTD,Petrol/Diesel/CNG/Hybrid,3
2026-01-01,Chandigarh,PORSCHE AG GERMANY,Petrol/Diesel/CNG/Hybrid,2
2026-02-01,Chandigarh,PORSCHE AG GERMANY,Petrol/Diesel/CNG/Hybrid,1
2026-03-01,Chandigarh,PORSCHE AG GERMANY,Petrol/Diesel/CNG/Hybrid,1
2026-04-01,Chandigarh,PORSCHE AG GERMANY,Petrol/Diesel/CNG/Hybrid,2
2026-05-01,Chandigarh,PORSCHE AG GERMANY,Petrol/Diesel/CNG/Hybrid,1
2026-06-01,Chandigarh,PORSCHE AG GERMANY,Petrol/Diesel/CNG/Hybrid,3
2026-01-01,Chandigarh,RENAULT INDIA PVT LTD,Petrol/Diesel/CNG/Hybrid,6
2026-02-01,Chandigarh,RENAULT INDIA PVT LTD,Petrol/Diesel/CNG/Hybrid,4
2026-03-01,Chandigarh,RENAULT INDIA PVT LTD,Petrol/Diesel/CNG/Hybrid,2
2026-04-01,Chandigarh,RENAULT INDIA PVT LTD,Petrol/Diesel/CNG/Hybrid,11
2026-05-01,Chandigarh,RENAULT INDIA PVT LTD,Petrol/Diesel/CNG/Hybrid,9
2026-06-01,Chandigarh,RENAULT INDIA PVT LTD,Petrol/Diesel/CNG/Hybrid,5
2026-05-01,Chandigarh,SKODA AUTO AS,Petrol/Diesel/CNG/Hybrid,1
2026-01-01,Chandigarh,SKODA AUTO VOLKSWAGEN INDIA PVT LTD,Petrol/Diesel/CNG/Hybrid,106
2026-02-01,Chandigarh,SKODA AUTO VOLKSWAGEN INDIA PVT LTD,Petrol/Diesel/CNG/Hybrid,75
2026-03-01,Chandigarh,SKODA AUTO VOLKSWAGEN INDIA PVT LTD,Petrol/Diesel/CNG/Hybrid,106
2026-04-01,Chandigarh,SKODA AUTO VOLKSWAGEN INDIA PVT LTD,Petrol/Diesel/CNG/Hybrid,89
2026-05-01,Chandigarh,SKODA AUTO VOLKSWAGEN INDIA PVT LTD,Petrol/Diesel/CNG/Hybrid,80
2026-06-01,Chandigarh,SKODA AUTO VOLKSWAGEN INDIA PVT LTD,Petrol/Diesel/CNG/Hybrid,48
2026-01-01,Chandigarh,STELLANTIS AUTOMOBILES INDIA PVT LTD,Petrol/Diesel/CNG/Hybrid,4
2026-02-01,Chandigarh,STELLANTIS AUTOMOBILES INDIA PVT LTD,Petrol/Diesel/CNG/Hybrid,1
2026-04-01,Chandigarh,STELLANTIS AUTOMOBILES INDIA PVT LTD,Petrol/Diesel/CNG/Hybrid,6
2026-06-01,Chandigarh,STELLANTIS AUTOMOBILES INDIA PVT LTD,Petrol/Diesel/CNG/Hybrid,1
2026-01-01,Chandigarh,STELLANTIS INDIA PVT LTD,Petrol/Diesel/CNG/Hybrid,5
2026-02-01,Chandigarh,STELLANTIS INDIA PVT LTD,Petrol/Diesel/CNG/Hybrid,5
2026-03-01,Chandigarh,STELLANTIS INDIA PVT LTD,Petrol/Diesel/CNG/Hybrid,8
2026-04-01,Chandigarh,STELLANTIS INDIA PVT LTD,Petrol/Diesel/CNG/Hybrid,7
2026-05-01,Chandigarh,STELLANTIS INDIA PVT LTD,Petrol/Diesel/CNG/Hybrid,3
2026-06-01,Chandigarh,STELLANTIS INDIA PVT LTD,Petrol/Diesel/CNG/Hybrid,3
2026-06-01,Chandigarh,TAFE LIMITED,Petrol/Diesel/CNG/Hybrid,1
2026-01-01,Chandigarh,TATA MOTORS PASSENGER VEHICLES LTD,Petrol/Diesel/CNG/Hybrid,152
2026-02-01,Chandigarh,TATA MOTORS PASSENGER VEHICLES LTD,Petrol/Diesel/CNG/Hybrid,133
2026-03-01,Chandigarh,TATA MOTORS PASSENGER VEHICLES LTD,Petrol/Diesel/CNG/Hybrid,175
2026-04-01,Chandigarh,TATA MOTORS PASSENGER VEHICLES LTD,Petrol/Diesel/CNG/Hybrid,184
2026-05-01,Chandigarh,TATA MOTORS PASSENGER VEHICLES LTD,Petrol/Diesel/CNG/Hybrid,107
2026-06-01,Chandigarh,TATA MOTORS PASSENGER VEHICLES LTD,Petrol/Diesel/CNG/Hybrid,59
2026-01-01,Chandigarh,TOYOTA KIRLOSKAR MOTOR PVT LTD,Petrol/Diesel/CNG/Hybrid,293
2026-02-01,Chandigarh,TOYOTA KIRLOSKAR MOTOR PVT LTD,Petrol/Diesel/CNG/Hybrid,222
2026-03-01,Chandigarh,TOYOTA KIRLOSKAR MOTOR PVT LTD,Petrol/Diesel/CNG/Hybrid,296
2026-04-01,Chandigarh,TOYOTA KIRLOSKAR MOTOR PVT LTD,Petrol/Diesel/CNG/Hybrid,243
2026-05-01,Chandigarh,TOYOTA KIRLOSKAR MOTOR PVT LTD,Petrol/Diesel/CNG/Hybrid,177
2026-06-01,Chandigarh,TOYOTA KIRLOSKAR MOTOR PVT LTD,Petrol/Diesel/CNG/Hybrid,202
2026-01-01,Chandigarh,VOLKSWAGEN AG,Petrol/Diesel/CNG/Hybrid,1
2026-02-01,Chandigarh,VOLKSWAGEN AG,Petrol/Diesel/CNG/Hybrid,2
2026-04-01,Chandigarh,VOLKSWAGEN AG,Petrol/Diesel/CNG/Hybrid,1
2026-05-01,Chandigarh,VOLKSWAGEN AG,Petrol/Diesel/CNG/Hybrid,1
2026-01-01,Chandigarh,VOLVO AUTO INDIA PVT LTD,Petrol/Diesel/CNG/Hybrid,4
2026-03-01,Chandigarh,VOLVO AUTO INDIA PVT LTD,Petrol/Diesel/CNG/Hybrid,1
2026-04-01,Chandigarh,VOLVO AUTO INDIA PVT LTD,Petrol/Diesel/CNG/Hybrid,2
2026-05-01,Chandigarh,VOLVO AUTO INDIA PVT LTD,Petrol/Diesel/CNG/Hybrid,1
2026-06-01,Chandigarh,VOLVO AUTO INDIA PVT LTD,Petrol/Diesel/CNG/Hybrid,2
2026-01-01,Chhattisgarh,ACTION CONSTRUCTION EQUIPMENT LTD,Petrol/Diesel/CNG/Hybrid,15
2026-02-01,Chhattisgarh,ACTION CONSTRUCTION EQUIPMENT LTD,Petrol/Diesel/CNG/Hybrid,24
2026-03-01,Chhattisgarh,ACTION CONSTRUCTION EQUIPMENT LTD,Petrol/Diesel/CNG/Hybrid,14
2026-04-01,Chhattisgarh,ACTION CONSTRUCTION EQUIPMENT LTD,Petrol/Diesel/CNG/Hybrid,2
2026-05-01,Chhattisgarh,ACTION CONSTRUCTION EQUIPMENT LTD,Petrol/Diesel/CNG/Hybrid,7
2026-06-01,Chhattisgarh,ACTION CONSTRUCTION EQUIPMENT LTD,Petrol/Diesel/CNG/Hybrid,7
2026-02-01,Chhattisgarh,ADICO ESCORTS AGRI EQUIPMENTS PVT. LTD,Petrol/Diesel/CNG/Hybrid,1
2026-03-01,Chhattisgarh,ASHOKA INDUSTRIES,Petrol/Diesel/CNG/Hybrid,1
2026-02-01,Chhattisgarh,AUDI AG,Petrol/Diesel/CNG/Hybrid,1
2026-05-01,Chhattisgarh,BLACK DIAMOND MOTORS PVT LTD,Petrol/Diesel/CNG/Hybrid,1
2026-01-01,Chhattisgarh,BMW INDIA PVT LTD,Petrol/Diesel/CNG/Hybrid,24
2026-02-01,Chhattisgarh,BMW INDIA PVT LTD,Petrol/Diesel/CNG/Hybrid,32
2026-03-01,Chhattisgarh,BMW INDIA PVT LTD,Petrol/Diesel/CNG/Hybrid,6
2026-04-01,Chhattisgarh,BMW INDIA PVT LTD,Petrol/Diesel/CNG/Hybrid,10
2026-05-01,Chhattisgarh,BMW INDIA PVT LTD,Petrol/Diesel/CNG/Hybrid,8
2026-06-01,Chhattisgarh,BMW INDIA PVT LTD,Petrol/Diesel/CNG/Hybrid,2
2026-01-01,Chhattisgarh,CNH INDUSTRIAL (INDIA) PVT LTD,Petrol/Diesel/CNG/Hybrid,84
2026-02-01,Chhattisgarh,CNH INDUSTRIAL (INDIA) PVT LTD,Petrol/Diesel/CNG/Hybrid,80
2026-03-01,Chhattisgarh,CNH INDUSTRIAL (INDIA) PVT LTD,Petrol/Diesel/CNG/Hybrid,89
2026-04-01,Chhattisgarh,CNH INDUSTRIAL (INDIA) PVT LTD,Petrol/Diesel/CNG/Hybrid,125
2026-05-01,Chhattisgarh,CNH INDUSTRIAL (INDIA) PVT LTD,Petrol/Diesel/CNG/Hybrid,68
2026-06-01,Chhattisgarh,CNH INDUSTRIAL (INDIA) PVT LTD,Petrol/Diesel/CNG/Hybrid,53
2026-01-01,Chhattisgarh,DOOSAN BOBCAT INDIA PVT LTD,Petrol/Diesel/CNG/Hybrid,1
2026-01-01,Chhattisgarh,EICHER TRACTORS,Petrol/Diesel/CNG/Hybrid,202
2026-02-01,Chhattisgarh,EICHER TRACTORS,Petrol/Diesel/CNG/Hybrid,215
2026-03-01,Chhattisgarh,EICHER TRACTORS,Petrol/Diesel/CNG/Hybrid,124
2026-04-01,Chhattisgarh,EICHER TRACTORS,Petrol/Diesel/CNG/Hybrid,163
2026-05-01,Chhattisgarh,EICHER TRACTORS,Petrol/Diesel/CNG/Hybrid,97
2026-06-01,Chhattisgarh,EICHER TRACTORS,Petrol/Diesel/CNG/Hybrid,112
2026-01-01,Chhattisgarh,ESCORTS KUBOTA LIMITED (AGRI MACHINERY GROUP),Petrol/Diesel/CNG/Hybrid,282
2026-02-01,Chhattisgarh,ESCORTS KUBOTA LIMITED (AGRI MACHINERY GROUP),Petrol/Diesel/CNG/Hybrid,232
2026-03-01,Chhattisgarh,ESCORTS KUBOTA LIMITED (AGRI MACHINERY GROUP),Petrol/Diesel/CNG/Hybrid,212
2026-04-01,Chhattisgarh,ESCORTS KUBOTA LIMITED (AGRI MACHINERY GROUP),Petrol/Diesel/CNG/Hybrid,156
2026-05-01,Chhattisgarh,ESCORTS KUBOTA LIMITED (AGRI MACHINERY GROUP),Petrol/Diesel/CNG/Hybrid,136
2026-06-01,Chhattisgarh,ESCORTS KUBOTA LIMITED (AGRI MACHINERY GROUP),Petrol/Diesel/CNG/Hybrid,161
2026-01-01,Chhattisgarh,FORCE MOTORS LIMITED,Petrol/Diesel/CNG/Hybrid,98
2026-02-01,Chhattisgarh,FORCE MOTORS LIMITED,Petrol/Diesel/CNG/Hybrid,88
2026-03-01,Chhattisgarh,FORCE MOTORS LIMITED,Petrol/Diesel/CNG/Hybrid,43
2026-04-01,Chhattisgarh,FORCE MOTORS LIMITED,Petrol/Diesel/CNG/Hybrid,43
2026-05-01,Chhattisgarh,FORCE MOTORS LIMITED,Petrol/Diesel/CNG/Hybrid,21
2026-06-01,Chhattisgarh,FORCE MOTORS LIMITED,Petrol/Diesel/CNG/Hybrid,17
2026-01-01,Chhattisgarh,GROMAX AGRI EQUIPMENT LTD,Petrol/Diesel/CNG/Hybrid,14
2026-02-01,Chhattisgarh,GROMAX AGRI EQUIPMENT LTD,Petrol/Diesel/CNG/Hybrid,23
2026-03-01,Chhattisgarh,GROMAX AGRI EQUIPMENT LTD,Petrol/Diesel/CNG/Hybrid,6
2026-04-01,Chhattisgarh,GROMAX AGRI EQUIPMENT LTD,Petrol/Diesel/CNG/Hybrid,5
2026-05-01,Chhattisgarh,GROMAX AGRI EQUIPMENT LTD,Petrol/Diesel/CNG/Hybrid,13
2026-06-01,Chhattisgarh,GROMAX AGRI EQUIPMENT LTD,Petrol/Diesel/CNG/Hybrid,15
2026-01-01,Chhattisgarh,HONDA CARS INDIA LTD,Petrol/Diesel/CNG/Hybrid,77
2026-02-01,Chhattisgarh,HONDA CARS INDIA LTD,Petrol/Diesel/CNG/Hybrid,59
2026-03-01,Chhattisgarh,HONDA CARS INDIA LTD,Petrol/Diesel/CNG/Hybrid,41
2026-04-01,Chhattisgarh,HONDA CARS INDIA LTD,Petrol/Diesel/CNG/Hybrid,32
2026-05-01,Chhattisgarh,HONDA CARS INDIA LTD,Petrol/Diesel/CNG/Hybrid,49
2026-06-01,Chhattisgarh,HONDA CARS INDIA LTD,Petrol/Diesel/CNG/Hybrid,9
2026-01-01,Chhattisgarh,HYUNDAI MOTOR INDIA LTD,Petrol/Diesel/CNG/Hybrid,1610
2026-02-01,Chhattisgarh,HYUNDAI MOTOR INDIA LTD,Petrol/Diesel/CNG/Hybrid,1136
2026-03-01,Chhattisgarh,HYUNDAI MOTOR INDIA LTD,Petrol/Diesel/CNG/Hybrid,546
2026-04-01,Chhattisgarh,HYUNDAI MOTOR INDIA LTD,Petrol/Diesel/CNG/Hybrid,536
2026-05-01,Chhattisgarh,HYUNDAI MOTOR INDIA LTD,Petrol/Diesel/CNG/Hybrid,585
2026-06-01,Chhattisgarh,HYUNDAI MOTOR INDIA LTD,Petrol/Diesel/CNG/Hybrid,199
2026-01-01,Chhattisgarh,INDO FARM EQUIPMENT LIMITED,Petrol/Diesel/CNG/Hybrid,11
2026-02-01,Chhattisgarh,INDO FARM EQUIPMENT LIMITED,Petrol/Diesel/CNG/Hybrid,6
2026-03-01,Chhattisgarh,INDO FARM EQUIPMENT LIMITED,Petrol/Diesel/CNG/Hybrid,4
2026-04-01,Chhattisgarh,INDO FARM EQUIPMENT LIMITED,Petrol/Diesel/CNG/Hybrid,3
2026-05-01,Chhattisgarh,INDO FARM EQUIPMENT LIMITED,Petrol/Diesel/CNG/Hybrid,10
2026-06-01,Chhattisgarh,INDO FARM EQUIPMENT LIMITED,Petrol/Diesel/CNG/Hybrid,6
2026-01-01,Chhattisgarh,INTERNATIONAL TRACTORS LIMITED,Petrol/Diesel/CNG/Hybrid,703
2026-02-01,Chhattisgarh,INTERNATIONAL TRACTORS LIMITED,Petrol/Diesel/CNG/Hybrid,662
2026-03-01,Chhattisgarh,INTERNATIONAL TRACTORS LIMITED,Petrol/Diesel/CNG/Hybrid,415
2026-04-01,Chhattisgarh,INTERNATIONAL TRACTORS LIMITED,Petrol/Diesel/CNG/Hybrid,474
2026-05-01,Chhattisgarh,INTERNATIONAL TRACTORS LIMITED,Petrol/Diesel/CNG/Hybrid,465
2026-06-01,Chhattisgarh,INTERNATIONAL TRACTORS LIMITED,Petrol/Diesel/CNG/Hybrid,415
2026-01-01,Chhattisgarh,JAGDAMBA TRAILERS PVT LTD,Petrol/Diesel/CNG/Hybrid,11
2026-03-01,Chhattisgarh,JAGDAMBA TRAILERS PVT LTD,Petrol/Diesel/CNG/Hybrid,3
2026-04-01,Chhattisgarh,JAGDAMBA TRAILERS PVT LTD,Petrol/Diesel/CNG/Hybrid,2
2026-05-01,Chhattisgarh,JAGDAMBA TRAILERS PVT LTD,Petrol/Diesel/CNG/Hybrid,2
2026-06-01,Chhattisgarh,JAGDAMBA TRAILERS PVT LTD,Petrol/Diesel/CNG/Hybrid,1
2026-01-01,Chhattisgarh,JAGUAR LAND ROVER INDIA LIMITED,Petrol/Diesel/CNG/Hybrid,16
2026-02-01,Chhattisgarh,JAGUAR LAND ROVER INDIA LIMITED,Petrol/Diesel/CNG/Hybrid,21
2026-03-01,Chhattisgarh,JAGUAR LAND ROVER INDIA LIMITED,Petrol/Diesel/CNG/Hybrid,8
2026-04-01,Chhattisgarh,JAGUAR LAND ROVER INDIA LIMITED,Petrol/Diesel/CNG/Hybrid,6
2026-06-01,Chhattisgarh,JAGUAR LAND ROVER INDIA LIMITED,Petrol/Diesel/CNG/Hybrid,1
2026-01-01,Chhattisgarh,JCB INDIA LIMITED,Petrol/Diesel/CNG/Hybrid,1
2026-02-01,Chhattisgarh,JCB INDIA LIMITED,Petrol/Diesel/CNG/Hybrid,1
2026-03-01,Chhattisgarh,JCB INDIA LIMITED,Petrol/Diesel/CNG/Hybrid,1
2026-04-01,Chhattisgarh,JCB INDIA LIMITED,Petrol/Diesel/CNG/Hybrid,3
2026-05-01,Chhattisgarh,JCB INDIA LIMITED,Petrol/Diesel/CNG/Hybrid,1
2026-01-01,Chhattisgarh,JOHN DEERE INDIA PVT LTD(TRACTOR DEVISION),Petrol/Diesel/CNG/Hybrid,521
2026-02-01,Chhattisgarh,JOHN DEERE INDIA PVT LTD(TRACTOR DEVISION),Petrol/Diesel/CNG/Hybrid,484
2026-03-01,Chhattisgarh,JOHN DEERE INDIA PVT LTD(TRACTOR DEVISION),Petrol/Diesel/CNG/Hybrid,423
2026-04-01,Chhattisgarh,JOHN DEERE INDIA PVT LTD(TRACTOR DEVISION),Petrol/Diesel/CNG/Hybrid,360
2026-05-01,Chhattisgarh,JOHN DEERE INDIA PVT LTD(TRACTOR DEVISION),Petrol/Diesel/CNG/Hybrid,383
2026-06-01,Chhattisgarh,JOHN DEERE INDIA PVT LTD(TRACTOR DEVISION),Petrol/Diesel/CNG/Hybrid,320
2026-01-01,Chhattisgarh,JSW MG MOTOR INDIA PVT LTD,Petrol/Diesel/CNG/Hybrid,20
2026-02-01,Chhattisgarh,JSW MG MOTOR INDIA PVT LTD,Petrol/Diesel/CNG/Hybrid,14
2026-03-01,Chhattisgarh,JSW MG MOTOR INDIA PVT LTD,Petrol/Diesel/CNG/Hybrid,11
2026-04-01,Chhattisgarh,JSW MG MOTOR INDIA PVT LTD,Petrol/Diesel/CNG/Hybrid,14
2026-05-01,Chhattisgarh,JSW MG MOTOR INDIA PVT LTD,Petrol/Diesel/CNG/Hybrid,10
2026-06-01,Chhattisgarh,JSW MG MOTOR INDIA PVT LTD,Petrol/Diesel/CNG/Hybrid,4
2026-03-01,Chhattisgarh,KARTAR TRACTORS PRIVATE LIMITED,Petrol/Diesel/CNG/Hybrid,4
2026-04-01,Chhattisgarh,KARTAR TRACTORS PRIVATE LIMITED,Petrol/Diesel/CNG/Hybrid,4
2026-05-01,Chhattisgarh,KARTAR TRACTORS PRIVATE LIMITED,Petrol/Diesel/CNG/Hybrid,2
2026-06-01,Chhattisgarh,KARTAR TRACTORS PRIVATE LIMITED,Petrol/Diesel/CNG/Hybrid,1
2026-01-01,Chhattisgarh,KIA INDIA PRIVATE LIMITED,Petrol/Diesel/CNG/Hybrid,898
2026-02-01,Chhattisgarh,KIA INDIA PRIVATE LIMITED,Petrol/Diesel/CNG/Hybrid,765
2026-03-01,Chhattisgarh,KIA INDIA PRIVATE LIMITED,Petrol/Diesel/CNG/Hybrid,336
2026-04-01,Chhattisgarh,KIA INDIA PRIVATE LIMITED,Petrol/Diesel/CNG/Hybrid,333
2026-05-01,Chhattisgarh,KIA INDIA PRIVATE LIMITED,Petrol/Diesel/CNG/Hybrid,308
2026-06-01,Chhattisgarh,KIA INDIA PRIVATE LIMITED,Petrol/Diesel/CNG/Hybrid,121
2026-01-01,Chhattisgarh,KUBOTA AGRICULTURAL MACHINERY INDIA PVT.LTD,Petrol/Diesel/CNG/Hybrid,4
2026-02-01,Chhattisgarh,KUBOTA AGRICULTURAL MACHINERY INDIA PVT.LTD,Petrol/Diesel/CNG/Hybrid,3
2026-03-01,Chhattisgarh,KUBOTA AGRICULTURAL MACHINERY INDIA PVT.LTD,Petrol/Diesel/CNG/Hybrid,2
2026-04-01,Chhattisgarh,KUBOTA AGRICULTURAL MACHINERY INDIA PVT.LTD,Petrol/Diesel/CNG/Hybrid,26
2026-05-01,Chhattisgarh,KUBOTA AGRICULTURAL MACHINERY INDIA PVT.LTD,Petrol/Diesel/CNG/Hybrid,3
2026-06-01,Chhattisgarh,KUBOTA AGRICULTURAL MACHINERY INDIA PVT.LTD,Petrol/Diesel/CNG/Hybrid,1
2026-02-01,Chhattisgarh,KUSHAL AGRO IND,Petrol/Diesel/CNG/Hybrid,10
2026-03-01,Chhattisgarh,KUSHAL AGRO IND,Petrol/Diesel/CNG/Hybrid,3
2026-04-01,Chhattisgarh,KUSHAL AGRO IND,Petrol/Diesel/CNG/Hybrid,1
2026-01-01,Chhattisgarh,LOCAL TRAILER MANUFACTURER,Petrol/Diesel/CNG/Hybrid,1336
2026-02-01,Chhattisgarh,LOCAL TRAILER MANUFACTURER,Petrol/Diesel/CNG/Hybrid,991
2026-03-01,Chhattisgarh,LOCAL TRAILER MANUFACTURER,Petrol/Diesel/CNG/Hybrid,1037
2026-04-01,Chhattisgarh,LOCAL TRAILER MANUFACTURER,Petrol/Diesel/CNG/Hybrid,819
2026-05-01,Chhattisgarh,LOCAL TRAILER MANUFACTURER,Petrol/Diesel/CNG/Hybrid,678
2026-06-01,Chhattisgarh,LOCAL TRAILER MANUFACTURER,Petrol/Diesel/CNG/Hybrid,407
2026-01-01,Chhattisgarh,MAHINDRA & MAHINDRA LIMITED,Petrol/Diesel/CNG/Hybrid,1218
2026-02-01,Chhattisgarh,MAHINDRA & MAHINDRA LIMITED,Petrol/Diesel/CNG/Hybrid,1367
2026-03-01,Chhattisgarh,MAHINDRA & MAHINDRA LIMITED,Petrol/Diesel/CNG/Hybrid,800
2026-04-01,Chhattisgarh,MAHINDRA & MAHINDRA LIMITED,Petrol/Diesel/CNG/Hybrid,678
2026-05-01,Chhattisgarh,MAHINDRA & MAHINDRA LIMITED,Petrol/Diesel/CNG/Hybrid,574
2026-06-01,Chhattisgarh,MAHINDRA & MAHINDRA LIMITED,Petrol/Diesel/CNG/Hybrid,242
2026-01-01,Chhattisgarh,MAHINDRA & MAHINDRA LIMITED (SWARAJ DIVISION),Petrol/Diesel/CNG/Hybrid,568
2026-02-01,Chhattisgarh,MAHINDRA & MAHINDRA LIMITED (SWARAJ DIVISION),Petrol/Diesel/CNG/Hybrid,555
2026-03-01,Chhattisgarh,MAHINDRA & MAHINDRA LIMITED (SWARAJ DIVISION),Petrol/Diesel/CNG/Hybrid,402
2026-04-01,Chhattisgarh,MAHINDRA & MAHINDRA LIMITED (SWARAJ DIVISION),Petrol/Diesel/CNG/Hybrid,364
2026-05-01,Chhattisgarh,MAHINDRA & MAHINDRA LIMITED (SWARAJ DIVISION),Petrol/Diesel/CNG/Hybrid,426
2026-06-01,Chhattisgarh,MAHINDRA & MAHINDRA LIMITED (SWARAJ DIVISION),Petrol/Diesel/CNG/Hybrid,243
2026-01-01,Chhattisgarh,MAHINDRA & MAHINDRA LIMITED (TRACTOR),Petrol/Diesel/CNG/Hybrid,1492
2026-02-01,Chhattisgarh,MAHINDRA & MAHINDRA LIMITED (TRACTOR),Petrol/Diesel/CNG/Hybrid,1135
2026-03-01,Chhattisgarh,MAHINDRA & MAHINDRA LIMITED (TRACTOR),Petrol/Diesel/CNG/Hybrid,1110
2026-04-01,Chhattisgarh,MAHINDRA & MAHINDRA LIMITED (TRACTOR),Petrol/Diesel/CNG/Hybrid,944
2026-05-01,Chhattisgarh,MAHINDRA & MAHINDRA LIMITED (TRACTOR),Petrol/Diesel/CNG/Hybrid,1028
2026-06-01,Chhattisgarh,MAHINDRA & MAHINDRA LIMITED (TRACTOR),Petrol/Diesel/CNG/Hybrid,850
2026-05-01,Chhattisgarh,MAHINDRA & MAHINDRA LTD FARM MACHINERY DIVISION,Petrol/Diesel/CNG/Hybrid,1
2026-01-01,Chhattisgarh,MARUTI SUZUKI INDIA LTD,Petrol/Diesel/CNG/Hybrid,5396
2026-02-01,Chhattisgarh,MARUTI SUZUKI INDIA LTD,Petrol/Diesel/CNG/Hybrid,4123
2026-03-01,Chhattisgarh,MARUTI SUZUKI INDIA LTD,Petrol/Diesel/CNG/Hybrid,1953
2026-04-01,Chhattisgarh,MARUTI SUZUKI INDIA LTD,Petrol/Diesel/CNG/Hybrid,2011
2026-05-01,Chhattisgarh,MARUTI SUZUKI INDIA LTD,Petrol/Diesel/CNG/Hybrid,2496
2026-06-01,Chhattisgarh,MARUTI SUZUKI INDIA LTD,Petrol/Diesel/CNG/Hybrid,1016
2026-01-01,Chhattisgarh,MERCEDES-BENZ AG,Petrol/Diesel/CNG/Hybrid,3
2026-02-01,Chhattisgarh,MERCEDES-BENZ AG,Petrol/Diesel/CNG/Hybrid,5
2026-05-01,Chhattisgarh,MERCEDES-BENZ AG,Petrol/Diesel/CNG/Hybrid,1
2026-01-01,Chhattisgarh,MERCEDES-BENZ INDIA PVT LTD,Petrol/Diesel/CNG/Hybrid,26
2026-02-01,Chhattisgarh,MERCEDES-BENZ INDIA PVT LTD,Petrol/Diesel/CNG/Hybrid,39
2026-03-01,Chhattisgarh,MERCEDES-BENZ INDIA PVT LTD,Petrol/Diesel/CNG/Hybrid,9
2026-04-01,Chhattisgarh,MERCEDES-BENZ INDIA PVT LTD,Petrol/Diesel/CNG/Hybrid,13
2026-05-01,Chhattisgarh,MERCEDES-BENZ INDIA PVT LTD,Petrol/Diesel/CNG/Hybrid,10
2026-06-01,Chhattisgarh,MERCEDES-BENZ INDIA PVT LTD,Petrol/Diesel/CNG/Hybrid,1
2026-01-01,Chhattisgarh,NISSAN MOTOR INDIA PVT LTD,Petrol/Diesel/CNG/Hybrid,35
2026-02-01,Chhattisgarh,NISSAN MOTOR INDIA PVT LTD,Petrol/Diesel/CNG/Hybrid,24
2026-03-01,Chhattisgarh,NISSAN MOTOR INDIA PVT LTD,Petrol/Diesel/CNG/Hybrid,19
2026-04-01,Chhattisgarh,NISSAN MOTOR INDIA PVT LTD,Petrol/Diesel/CNG/Hybrid,29
2026-05-01,Chhattisgarh,NISSAN MOTOR INDIA PVT LTD,Petrol/Diesel/CNG/Hybrid,22
2026-06-01,Chhattisgarh,NISSAN MOTOR INDIA PVT LTD,Petrol/Diesel/CNG/Hybrid,6
2026-01-01,Chhattisgarh,PORSCHE AG GERMANY,Petrol/Diesel/CNG/Hybrid,1
2026-04-01,Chhattisgarh,PORSCHE AG GERMANY,Petrol/Diesel/CNG/Hybrid,2
2026-01-01,Chhattisgarh,RENAULT INDIA PVT LTD,Petrol/Diesel/CNG/Hybrid,91
2026-02-01,Chhattisgarh,RENAULT INDIA PVT LTD,Petrol/Diesel/CNG/Hybrid,80
2026-03-01,Chhattisgarh,RENAULT INDIA PVT LTD,Petrol/Diesel/CNG/Hybrid,53
2026-04-01,Chhattisgarh,RENAULT INDIA PVT LTD,Petrol/Diesel/CNG/Hybrid,41
2026-05-01,Chhattisgarh,RENAULT INDIA PVT LTD,Petrol/Diesel/CNG/Hybrid,44
2026-06-01,Chhattisgarh,RENAULT INDIA PVT LTD,Petrol/Diesel/CNG/Hybrid,23
2026-03-01,Chhattisgarh,SAME DEUTZ-FAHR INDIA (P) LTD,Petrol/Diesel/CNG/Hybrid,1
2026-03-01,Chhattisgarh,SHUBHAM AGRO INDUSTRY,Petrol/Diesel/CNG/Hybrid,3
2026-05-01,Chhattisgarh,SHUBHAM AGRO INDUSTRY,Petrol/Diesel/CNG/Hybrid,1
2026-02-01,Chhattisgarh,SKODA AUTO AS,Petrol/Diesel/CNG/Hybrid,1
2026-01-01,Chhattisgarh,SKODA AUTO VOLKSWAGEN INDIA PVT LTD,Petrol/Diesel/CNG/Hybrid,145
2026-02-01,Chhattisgarh,SKODA AUTO VOLKSWAGEN INDIA PVT LTD,Petrol/Diesel/CNG/Hybrid,134
2026-03-01,Chhattisgarh,SKODA AUTO VOLKSWAGEN INDIA PVT LTD,Petrol/Diesel/CNG/Hybrid,48
2026-04-01,Chhattisgarh,SKODA AUTO VOLKSWAGEN INDIA PVT LTD,Petrol/Diesel/CNG/Hybrid,63
2026-05-01,Chhattisgarh,SKODA AUTO VOLKSWAGEN INDIA PVT LTD,Petrol/Diesel/CNG/Hybrid,68
2026-06-01,Chhattisgarh,SKODA AUTO VOLKSWAGEN INDIA PVT LTD,Petrol/Diesel/CNG/Hybrid,17
2026-01-01,Chhattisgarh,STELLANTIS AUTOMOBILES INDIA PVT LTD,Petrol/Diesel/CNG/Hybrid,8
2026-02-01,Chhattisgarh,STELLANTIS AUTOMOBILES INDIA PVT LTD,Petrol/Diesel/CNG/Hybrid,15
2026-03-01,Chhattisgarh,STELLANTIS AUTOMOBILES INDIA PVT LTD,Petrol/Diesel/CNG/Hybrid,2
2026-04-01,Chhattisgarh,STELLANTIS AUTOMOBILES INDIA PVT LTD,Petrol/Diesel/CNG/Hybrid,9
2026-05-01,Chhattisgarh,STELLANTIS AUTOMOBILES INDIA PVT LTD,Petrol/Diesel/CNG/Hybrid,7
2026-06-01,Chhattisgarh,STELLANTIS AUTOMOBILES INDIA PVT LTD,Petrol/Diesel/CNG/Hybrid,1
2026-01-01,Chhattisgarh,STELLANTIS INDIA PVT LTD,Petrol/Diesel/CNG/Hybrid,5
2026-02-01,Chhattisgarh,STELLANTIS INDIA PVT LTD,Petrol/Diesel/CNG/Hybrid,7
2026-03-01,Chhattisgarh,STELLANTIS INDIA PVT LTD,Petrol/Diesel/CNG/Hybrid,1
2026-04-01,Chhattisgarh,STELLANTIS INDIA PVT LTD,Petrol/Diesel/CNG/Hybrid,2
2026-05-01,Chhattisgarh,STELLANTIS INDIA PVT LTD,Petrol/Diesel/CNG/Hybrid,3
2026-01-01,Chhattisgarh,TAFE LIMITED,Petrol/Diesel/CNG/Hybrid,298
2026-02-01,Chhattisgarh,TAFE LIMITED,Petrol/Diesel/CNG/Hybrid,138
2026-03-01,Chhattisgarh,TAFE LIMITED,Petrol/Diesel/CNG/Hybrid,245
2026-04-01,Chhattisgarh,TAFE LIMITED,Petrol/Diesel/CNG/Hybrid,210
2026-05-01,Chhattisgarh,TAFE LIMITED,Petrol/Diesel/CNG/Hybrid,146
2026-06-01,Chhattisgarh,TAFE LIMITED,Petrol/Diesel/CNG/Hybrid,159
2026-01-01,Chhattisgarh,TATA MOTORS LTD,Petrol/Diesel/CNG/Hybrid,10
2026-02-01,Chhattisgarh,TATA MOTORS LTD,Petrol/Diesel/CNG/Hybrid,16
2026-03-01,Chhattisgarh,TATA MOTORS LTD,Petrol/Diesel/CNG/Hybrid,8
2026-04-01,Chhattisgarh,TATA MOTORS LTD,Petrol/Diesel/CNG/Hybrid,8
2026-05-01,Chhattisgarh,TATA MOTORS LTD,Petrol/Diesel/CNG/Hybrid,6
2026-06-01,Chhattisgarh,TATA MOTORS LTD,Petrol/Diesel/CNG/Hybrid,4
2026-01-01,Chhattisgarh,TATA MOTORS PASSENGER VEHICLES LTD,Petrol/Diesel/CNG/Hybrid,1505
2026-02-01,Chhattisgarh,TATA MOTORS PASSENGER VEHICLES LTD,Petrol/Diesel/CNG/Hybrid,1190
2026-03-01,Chhattisgarh,TATA MOTORS PASSENGER VEHICLES LTD,Petrol/Diesel/CNG/Hybrid,654
2026-04-01,Chhattisgarh,TATA MOTORS PASSENGER VEHICLES LTD,Petrol/Diesel/CNG/Hybrid,603
2026-05-01,Chhattisgarh,TATA MOTORS PASSENGER VEHICLES LTD,Petrol/Diesel/CNG/Hybrid,633
2026-06-01,Chhattisgarh,TATA MOTORS PASSENGER VEHICLES LTD,Petrol/Diesel/CNG/Hybrid,189
2026-01-01,Chhattisgarh,TATA PASSENGER ELECTRIC MOBILITY LTD,Petrol/Diesel/CNG/Hybrid,1
2026-05-01,Chhattisgarh,TATA PASSENGER ELECTRIC MOBILITY LTD,Petrol/Diesel/CNG/Hybrid,1
2026-01-01,Chhattisgarh,TOYOTA KIRLOSKAR MOTOR PVT LTD,Petrol/Diesel/CNG/Hybrid,650
2026-02-01,Chhattisgarh,TOYOTA KIRLOSKAR MOTOR PVT LTD,Petrol/Diesel/CNG/Hybrid,461
2026-03-01,Chhattisgarh,TOYOTA KIRLOSKAR MOTOR PVT LTD,Petrol/Diesel/CNG/Hybrid,262
2026-04-01,Chhattisgarh,TOYOTA KIRLOSKAR MOTOR PVT LTD,Petrol/Diesel/CNG/Hybrid,283
2026-05-01,Chhattisgarh,TOYOTA KIRLOSKAR MOTOR PVT LTD,Petrol/Diesel/CNG/Hybrid,272
2026-06-01,Chhattisgarh,TOYOTA KIRLOSKAR MOTOR PVT LTD,Petrol/Diesel/CNG/Hybrid,84
2026-01-01,Chhattisgarh,V.S.T. TILLERS TRACTORS LIMITED,Petrol/Diesel/CNG/Hybrid,1
2026-03-01,Chhattisgarh,V.S.T. TILLERS TRACTORS LIMITED,Petrol/Diesel/CNG/Hybrid,1
2026-05-01,Chhattisgarh,V.S.T. TILLERS TRACTORS LIMITED,Petrol/Diesel/CNG/Hybrid,1
2026-01-01,Chhattisgarh,VOLKSWAGEN AG,Petrol/Diesel/CNG/Hybrid,1
2026-01-01,Chhattisgarh,VOLVO AUTO INDIA PVT LTD,Petrol/Diesel/CNG/Hybrid,7
2026-02-01,Chhattisgarh,VOLVO AUTO INDIA PVT LTD,Petrol/Diesel/CNG/Hybrid,10
2026-03-01,Chhattisgarh,VOLVO AUTO INDIA PVT LTD,Petrol/Diesel/CNG/Hybrid,3
2026-04-01,Chhattisgarh,VOLVO AUTO INDIA PVT LTD,Petrol/Diesel/CNG/Hybrid,2
2026-05-01,Chhattisgarh,VOLVO AUTO INDIA PVT LTD,Petrol/Diesel/CNG/Hybrid,3
2026-02-01,Dadra and Nagar Haveli and Daman and Diu,AUDI AG,Petrol/Diesel/CNG/Hybrid,1
2026-03-01,Dadra and Nagar Haveli and Daman and Diu,AUDI AG,Petrol/Diesel/CNG/Hybrid,1
2026-01-01,Dadra and Nagar Haveli and Daman and Diu,BMW INDIA PVT LTD,Petrol/Diesel/CNG/Hybrid,150
2026-02-01,Dadra and Nagar Haveli and Daman and Diu,BMW INDIA PVT LTD,Petrol/Diesel/CNG/Hybrid,98
2026-03-01,Dadra and Nagar Haveli and Daman and Diu,BMW INDIA PVT LTD,Petrol/Diesel/CNG/Hybrid,80
2026-04-01,Dadra and Nagar Haveli and Daman and Diu,BMW INDIA PVT LTD,Petrol/Diesel/CNG/Hybrid,81
2026-05-01,Dadra and Nagar Haveli and Daman and Diu,BMW INDIA PVT LTD,Petrol/Diesel/CNG/Hybrid,84
2026-06-01,Dadra and Nagar Haveli and Daman and Diu,BMW INDIA PVT LTD,Petrol/Diesel/CNG/Hybrid,34
2026-01-01,Dadra and Nagar Haveli and Daman and Diu,FORCE MOTORS LIMITED,Petrol/Diesel/CNG/Hybrid,1
2026-02-01,Dadra and Nagar Haveli and Daman and Diu,FORCE MOTORS LIMITED,Petrol/Diesel/CNG/Hybrid,1
2026-05-01,Dadra and Nagar Haveli and Daman and Diu,FORCE MOTORS LIMITED,Petrol/Diesel/CNG/Hybrid,3
2026-06-01,Dadra and Nagar Haveli and Daman and Diu,FORCE MOTORS LIMITED,Petrol/Diesel/CNG/Hybrid,1
2026-01-01,Dadra and Nagar Haveli and Daman and Diu,HONDA CARS INDIA LTD,Petrol/Diesel/CNG/Hybrid,6
2026-02-01,Dadra and Nagar Haveli and Daman and Diu,HONDA CARS INDIA LTD,Petrol/Diesel/CNG/Hybrid,3
2026-03-01,Dadra and Nagar Haveli and Daman and Diu,HONDA CARS INDIA LTD,Petrol/Diesel/CNG/Hybrid,2
2026-04-01,Dadra and Nagar Haveli and Daman and Diu,HONDA CARS INDIA LTD,Petrol/Diesel/CNG/Hybrid,4
2026-05-01,Dadra and Nagar Haveli and Daman and Diu,HONDA CARS INDIA LTD,Petrol/Diesel/CNG/Hybrid,5
2026-06-01,Dadra and Nagar Haveli and Daman and Diu,HONDA CARS INDIA LTD,Petrol/Diesel/CNG/Hybrid,2
2026-01-01,Dadra and Nagar Haveli and Daman and Diu,HYUNDAI MOTOR INDIA LTD,Petrol/Diesel/CNG/Hybrid,62
2026-02-01,Dadra and Nagar Haveli and Daman and Diu,HYUNDAI MOTOR INDIA LTD,Petrol/Diesel/CNG/Hybrid,60
2026-03-01,Dadra and Nagar Haveli and Daman and Diu,HYUNDAI MOTOR INDIA LTD,Petrol/Diesel/CNG/Hybrid,56
2026-04-01,Dadra and Nagar Haveli and Daman and Diu,HYUNDAI MOTOR INDIA LTD,Petrol/Diesel/CNG/Hybrid,24
2026-05-01,Dadra and Nagar Haveli and Daman and Diu,HYUNDAI MOTOR INDIA LTD,Petrol/Diesel/CNG/Hybrid,57
2026-06-01,Dadra and Nagar Haveli and Daman and Diu,HYUNDAI MOTOR INDIA LTD,Petrol/Diesel/CNG/Hybrid,27
2026-01-01,Dadra and Nagar Haveli and Daman and Diu,JAGUAR LAND ROVER INDIA LIMITED,Petrol/Diesel/CNG/Hybrid,16
2026-02-01,Dadra and Nagar Haveli and Daman and Diu,JAGUAR LAND ROVER INDIA LIMITED,Petrol/Diesel/CNG/Hybrid,25
2026-03-01,Dadra and Nagar Haveli and Daman and Diu,JAGUAR LAND ROVER INDIA LIMITED,Petrol/Diesel/CNG/Hybrid,12
2026-04-01,Dadra and Nagar Haveli and Daman and Diu,JAGUAR LAND ROVER INDIA LIMITED,Petrol/Diesel/CNG/Hybrid,15
2026-05-01,Dadra and Nagar Haveli and Daman and Diu,JAGUAR LAND ROVER INDIA LIMITED,Petrol/Diesel/CNG/Hybrid,8
2026-06-01,Dadra and Nagar Haveli and Daman and Diu,JAGUAR LAND ROVER INDIA LIMITED,Petrol/Diesel/CNG/Hybrid,7
2026-01-01,Dadra and Nagar Haveli and Daman and Diu,JSW MG MOTOR INDIA PVT LTD,Petrol/Diesel/CNG/Hybrid,1
2026-02-01,Dadra and Nagar Haveli and Daman and Diu,JSW MG MOTOR INDIA PVT LTD,Petrol/Diesel/CNG/Hybrid,4
2026-03-01,Dadra and Nagar Haveli and Daman and Diu,JSW MG MOTOR INDIA PVT LTD,Petrol/Diesel/CNG/Hybrid,4
2026-04-01,Dadra and Nagar Haveli and Daman and Diu,JSW MG MOTOR INDIA PVT LTD,Petrol/Diesel/CNG/Hybrid,1
2026-05-01,Dadra and Nagar Haveli and Daman and Diu,JSW MG MOTOR INDIA PVT LTD,Petrol/Diesel/CNG/Hybrid,1
2026-01-01,Dadra and Nagar Haveli and Daman and Diu,KIA INDIA PRIVATE LIMITED,Petrol/Diesel/CNG/Hybrid,29
2026-02-01,Dadra and Nagar Haveli and Daman and Diu,KIA INDIA PRIVATE LIMITED,Petrol/Diesel/CNG/Hybrid,35
2026-03-01,Dadra and Nagar Haveli and Daman and Diu,KIA INDIA PRIVATE LIMITED,Petrol/Diesel/CNG/Hybrid,42
2026-04-01,Dadra and Nagar Haveli and Daman and Diu,KIA INDIA PRIVATE LIMITED,Petrol/Diesel/CNG/Hybrid,29
2026-05-01,Dadra and Nagar Haveli and Daman and Diu,KIA INDIA PRIVATE LIMITED,Petrol/Diesel/CNG/Hybrid,34
2026-06-01,Dadra and Nagar Haveli and Daman and Diu,KIA INDIA PRIVATE LIMITED,Petrol/Diesel/CNG/Hybrid,24
2026-01-01,Dadra and Nagar Haveli and Daman and Diu,MAHINDRA & MAHINDRA LIMITED,Petrol/Diesel/CNG/Hybrid,39
2026-02-01,Dadra and Nagar Haveli and Daman and Diu,MAHINDRA & MAHINDRA LIMITED,Petrol/Diesel/CNG/Hybrid,32
2026-03-01,Dadra and Nagar Haveli and Daman and Diu,MAHINDRA & MAHINDRA LIMITED,Petrol/Diesel/CNG/Hybrid,35
2026-04-01,Dadra and Nagar Haveli and Daman and Diu,MAHINDRA & MAHINDRA LIMITED,Petrol/Diesel/CNG/Hybrid,34
2026-05-01,Dadra and Nagar Haveli and Daman and Diu,MAHINDRA & MAHINDRA LIMITED,Petrol/Diesel/CNG/Hybrid,33
2026-06-01,Dadra and Nagar Haveli and Daman and Diu,MAHINDRA & MAHINDRA LIMITED,Petrol/Diesel/CNG/Hybrid,28
2026-03-01,Dadra and Nagar Haveli and Daman and Diu,MAHINDRA & MAHINDRA LIMITED (SWARAJ DIVISION),Petrol/Diesel/CNG/Hybrid,2
2026-02-01,Dadra and Nagar Haveli and Daman and Diu,MAHINDRA & MAHINDRA LIMITED (TRACTOR),Petrol/Diesel/CNG/Hybrid,1
2026-05-01,Dadra and Nagar Haveli and Daman and Diu,MAHINDRA & MAHINDRA LIMITED (TRACTOR),Petrol/Diesel/CNG/Hybrid,1
2026-01-01,Dadra and Nagar Haveli and Daman and Diu,MARUTI SUZUKI INDIA LTD,Petrol/Diesel/CNG/Hybrid,250
2026-02-01,Dadra and Nagar Haveli and Daman and Diu,MARUTI SUZUKI INDIA LTD,Petrol/Diesel/CNG/Hybrid,174
2026-03-01,Dadra and Nagar Haveli and Daman and Diu,MARUTI SUZUKI INDIA LTD,Petrol/Diesel/CNG/Hybrid,196
2026-04-01,Dadra and Nagar Haveli and Daman and Diu,MARUTI SUZUKI INDIA LTD,Petrol/Diesel/CNG/Hybrid,136
2026-05-01,Dadra and Nagar Haveli and Daman and Diu,MARUTI SUZUKI INDIA LTD,Petrol/Diesel/CNG/Hybrid,145
2026-06-01,Dadra and Nagar Haveli and Daman and Diu,MARUTI SUZUKI INDIA LTD,Petrol/Diesel/CNG/Hybrid,67
2026-01-01,Dadra and Nagar Haveli and Daman and Diu,MASERATI S.P.A,Petrol/Diesel/CNG/Hybrid,1
2026-01-01,Dadra and Nagar Haveli and Daman and Diu,MERCEDES-BENZ AG,Petrol/Diesel/CNG/Hybrid,3
2026-02-01,Dadra and Nagar Haveli and Daman and Diu,MERCEDES-BENZ AG,Petrol/Diesel/CNG/Hybrid,2
2026-03-01,Dadra and Nagar Haveli and Daman and Diu,MERCEDES-BENZ AG,Petrol/Diesel/CNG/Hybrid,2
2026-04-01,Dadra and Nagar Haveli and Daman and Diu,MERCEDES-BENZ AG,Petrol/Diesel/CNG/Hybrid,2
2026-05-01,Dadra and Nagar Haveli and Daman and Diu,MERCEDES-BENZ AG,Petrol/Diesel/CNG/Hybrid,4
2026-06-01,Dadra and Nagar Haveli and Daman and Diu,MERCEDES-BENZ AG,Petrol/Diesel/CNG/Hybrid,3
2026-01-01,Dadra and Nagar Haveli and Daman and Diu,MERCEDES-BENZ INDIA PVT LTD,Petrol/Diesel/CNG/Hybrid,69
2026-02-01,Dadra and Nagar Haveli and Daman and Diu,MERCEDES-BENZ INDIA PVT LTD,Petrol/Diesel/CNG/Hybrid,49
2026-03-01,Dadra and Nagar Haveli and Daman and Diu,MERCEDES-BENZ INDIA PVT LTD,Petrol/Diesel/CNG/Hybrid,50
2026-04-01,Dadra and Nagar Haveli and Daman and Diu,MERCEDES-BENZ INDIA PVT LTD,Petrol/Diesel/CNG/Hybrid,41
2026-05-01,Dadra and Nagar Haveli and Daman and Diu,MERCEDES-BENZ INDIA PVT LTD,Petrol/Diesel/CNG/Hybrid,33
2026-06-01,Dadra and Nagar Haveli and Daman and Diu,MERCEDES-BENZ INDIA PVT LTD,Petrol/Diesel/CNG/Hybrid,31
2026-01-01,Dadra and Nagar Haveli and Daman and Diu,NISSAN MOTOR INDIA PVT LTD,Petrol/Diesel/CNG/Hybrid,1
2026-02-01,Dadra and Nagar Haveli and Daman and Diu,NISSAN MOTOR INDIA PVT LTD,Petrol/Diesel/CNG/Hybrid,4
2026-03-01,Dadra and Nagar Haveli and Daman and Diu,NISSAN MOTOR INDIA PVT LTD,Petrol/Diesel/CNG/Hybrid,2
2026-04-01,Dadra and Nagar Haveli and Daman and Diu,NISSAN MOTOR INDIA PVT LTD,Petrol/Diesel/CNG/Hybrid,5
2026-05-01,Dadra and Nagar Haveli and Daman and Diu,NISSAN MOTOR INDIA PVT LTD,Petrol/Diesel/CNG/Hybrid,7
2026-01-01,Dadra and Nagar Haveli and Daman and Diu,PORSCHE AG GERMANY,Petrol/Diesel/CNG/Hybrid,5
2026-02-01,Dadra and Nagar Haveli and Daman and Diu,PORSCHE AG GERMANY,Petrol/Diesel/CNG/Hybrid,2
2026-03-01,Dadra and Nagar Haveli and Daman and Diu,PORSCHE AG GERMANY,Petrol/Diesel/CNG/Hybrid,4
2026-04-01,Dadra and Nagar Haveli and Daman and Diu,PORSCHE AG GERMANY,Petrol/Diesel/CNG/Hybrid,3
2026-05-01,Dadra and Nagar Haveli and Daman and Diu,PORSCHE AG GERMANY,Petrol/Diesel/CNG/Hybrid,1
2026-01-01,Dadra and Nagar Haveli and Daman and Diu,RENAULT INDIA PVT LTD,Petrol/Diesel/CNG/Hybrid,3
2026-02-01,Dadra and Nagar Haveli and Daman and Diu,RENAULT INDIA PVT LTD,Petrol/Diesel/CNG/Hybrid,2
2026-03-01,Dadra and Nagar Haveli and Daman and Diu,RENAULT INDIA PVT LTD,Petrol/Diesel/CNG/Hybrid,3
2026-04-01,Dadra and Nagar Haveli and Daman and Diu,RENAULT INDIA PVT LTD,Petrol/Diesel/CNG/Hybrid,3
2026-05-01,Dadra and Nagar Haveli and Daman and Diu,RENAULT INDIA PVT LTD,Petrol/Diesel/CNG/Hybrid,1
2026-06-01,Dadra and Nagar Haveli and Daman and Diu,RENAULT INDIA PVT LTD,Petrol/Diesel/CNG/Hybrid,3
2026-01-01,Dadra and Nagar Haveli and Daman and Diu,SKODA AUTO VOLKSWAGEN INDIA PVT LTD,Petrol/Diesel/CNG/Hybrid,31
2026-02-01,Dadra and Nagar Haveli and Daman and Diu,SKODA AUTO VOLKSWAGEN INDIA PVT LTD,Petrol/Diesel/CNG/Hybrid,19
2026-03-01,Dadra and Nagar Haveli and Daman and Diu,SKODA AUTO VOLKSWAGEN INDIA PVT LTD,Petrol/Diesel/CNG/Hybrid,20
2026-04-01,Dadra and Nagar Haveli and Daman and Diu,SKODA AUTO VOLKSWAGEN INDIA PVT LTD,Petrol/Diesel/CNG/Hybrid,24
2026-05-01,Dadra and Nagar Haveli and Daman and Diu,SKODA AUTO VOLKSWAGEN INDIA PVT LTD,Petrol/Diesel/CNG/Hybrid,33
2026-06-01,Dadra and Nagar Haveli and Daman and Diu,SKODA AUTO VOLKSWAGEN INDIA PVT LTD,Petrol/Diesel/CNG/Hybrid,15
2026-01-01,Dadra and Nagar Haveli and Daman and Diu,STELLANTIS AUTOMOBILES INDIA PVT LTD,Petrol/Diesel/CNG/Hybrid,1
2026-01-01,Dadra and Nagar Haveli and Daman and Diu,STELLANTIS INDIA PVT LTD,Petrol/Diesel/CNG/Hybrid,3
2026-02-01,Dadra and Nagar Haveli and Daman and Diu,STELLANTIS INDIA PVT LTD,Petrol/Diesel/CNG/Hybrid,4
2026-03-01,Dadra and Nagar Haveli and Daman and Diu,STELLANTIS INDIA PVT LTD,Petrol/Diesel/CNG/Hybrid,3
2026-04-01,Dadra and Nagar Haveli and Daman and Diu,STELLANTIS INDIA PVT LTD,Petrol/Diesel/CNG/Hybrid,1
2026-05-01,Dadra and Nagar Haveli and Daman and Diu,STELLANTIS INDIA PVT LTD,Petrol/Diesel/CNG/Hybrid,5
2026-06-01,Dadra and Nagar Haveli and Daman and Diu,STELLANTIS INDIA PVT LTD,Petrol/Diesel/CNG/Hybrid,4
2026-01-01,Dadra and Nagar Haveli and Daman and Diu,TATA MOTORS LTD,Petrol/Diesel/CNG/Hybrid,1
2026-01-01,Dadra and Nagar Haveli and Daman and Diu,TATA MOTORS PASSENGER VEHICLES LTD,Petrol/Diesel/CNG/Hybrid,41
2026-02-01,Dadra and Nagar Haveli and Daman and Diu,TATA MOTORS PASSENGER VEHICLES LTD,Petrol/Diesel/CNG/Hybrid,35
2026-03-01,Dadra and Nagar Haveli and Daman and Diu,TATA MOTORS PASSENGER VEHICLES LTD,Petrol/Diesel/CNG/Hybrid,32
2026-04-01,Dadra and Nagar Haveli and Daman and Diu,TATA MOTORS PASSENGER VEHICLES LTD,Petrol/Diesel/CNG/Hybrid,40
2026-05-01,Dadra and Nagar Haveli and Daman and Diu,TATA MOTORS PASSENGER VEHICLES LTD,Petrol/Diesel/CNG/Hybrid,28
2026-06-01,Dadra and Nagar Haveli and Daman and Diu,TATA MOTORS PASSENGER VEHICLES LTD,Petrol/Diesel/CNG/Hybrid,24
2026-01-01,Dadra and Nagar Haveli and Daman and Diu,TOYOTA KIRLOSKAR MOTOR PVT LTD,Petrol/Diesel/CNG/Hybrid,75
2026-02-01,Dadra and Nagar Haveli and Daman and Diu,TOYOTA KIRLOSKAR MOTOR PVT LTD,Petrol/Diesel/CNG/Hybrid,58
2026-03-01,Dadra and Nagar Haveli and Daman and Diu,TOYOTA KIRLOSKAR MOTOR PVT LTD,Petrol/Diesel/CNG/Hybrid,51
2026-04-01,Dadra and Nagar Haveli and Daman and Diu,TOYOTA KIRLOSKAR MOTOR PVT LTD,Petrol/Diesel/CNG/Hybrid,43
2026-05-01,Dadra and Nagar Haveli and Daman and Diu,TOYOTA KIRLOSKAR MOTOR PVT LTD,Petrol/Diesel/CNG/Hybrid,50
2026-06-01,Dadra and Nagar Haveli and Daman and Diu,TOYOTA KIRLOSKAR MOTOR PVT LTD,Petrol/Diesel/CNG/Hybrid,39
2026-03-01,Dadra and Nagar Haveli and Daman and Diu,V.S.T. TILLERS TRACTORS LIMITED,Petrol/Diesel/CNG/Hybrid,2
2026-03-01,Dadra and Nagar Haveli and Daman and Diu,VOLKSWAGEN AG,Petrol/Diesel/CNG/Hybrid,1
2026-05-01,Dadra and Nagar Haveli and Daman and Diu,VOLKSWAGEN AG,Petrol/Diesel/CNG/Hybrid,1
2026-01-01,Dadra and Nagar Haveli and Daman and Diu,VOLVO AUTO INDIA PVT LTD,Petrol/Diesel/CNG/Hybrid,7
2026-02-01,Dadra and Nagar Haveli and Daman and Diu,VOLVO AUTO INDIA PVT LTD,Petrol/Diesel/CNG/Hybrid,2
2026-03-01,Dadra and Nagar Haveli and Daman and Diu,VOLVO AUTO INDIA PVT LTD,Petrol/Diesel/CNG/Hybrid,4
2026-04-01,Dadra and Nagar Haveli and Daman and Diu,VOLVO AUTO INDIA PVT LTD,Petrol/Diesel/CNG/Hybrid,2
2026-05-01,Dadra and Nagar Haveli and Daman and Diu,VOLVO AUTO INDIA PVT LTD,Petrol/Diesel/CNG/Hybrid,6
2026-06-01,Dadra and Nagar Haveli and Daman and Diu,VOLVO AUTO INDIA PVT LTD,Petrol/Diesel/CNG/Hybrid,4
2026-03-01,Delhi,ACTION CONSTRUCTION EQUIPMENT LTD,Petrol/Diesel/CNG/Hybrid,2
2026-05-01,Delhi,ACTION CONSTRUCTION EQUIPMENT LTD,Petrol/Diesel/CNG/Hybrid,1
2026-03-01,Delhi,AJAY ENGINEERING AND AGRICULTURAL EQUIPMENT CO,Petrol/Diesel/CNG/Hybrid,1
2026-04-01,Delhi,AUDI AG,Petrol/Diesel/CNG/Hybrid,1
2026-01-01,Delhi,AUTOMOBILI LAMBORGHINI S.P.A,Petrol/Diesel/CNG/Hybrid,1
2026-05-01,Delhi,AUTOMOBILI LAMBORGHINI S.P.A,Petrol/Diesel/CNG/Hybrid,1
2026-02-01,Delhi,BENTLEY MOTORS LTD (SAVWIPL),Petrol/Diesel/CNG/Hybrid,1
2026-06-01,Delhi,BENTLEY MOTORS LTD (SAVWIPL),Petrol/Diesel/CNG/Hybrid,1
2026-01-01,Delhi,BMW INDIA PVT LTD,Petrol/Diesel/CNG/Hybrid,110
2026-02-01,Delhi,BMW INDIA PVT LTD,Petrol/Diesel/CNG/Hybrid,52
2026-03-01,Delhi,BMW INDIA PVT LTD,Petrol/Diesel/CNG/Hybrid,75
2026-04-01,Delhi,BMW INDIA PVT LTD,Petrol/Diesel/CNG/Hybrid,78
2026-05-01,Delhi,BMW INDIA PVT LTD,Petrol/Diesel/CNG/Hybrid,71
2026-06-01,Delhi,BMW INDIA PVT LTD,Petrol/Diesel/CNG/Hybrid,48
2026-03-01,Delhi,ESCORTS KUBOTA LIMITED (AGRI MACHINERY GROUP),Petrol/Diesel/CNG/Hybrid,11
2026-05-01,Delhi,ESCORTS KUBOTA LIMITED (AGRI MACHINERY GROUP),Petrol/Diesel/CNG/Hybrid,1
2026-01-01,Delhi,FORCE MOTORS LIMITED,Petrol/Diesel/CNG/Hybrid,2
2026-02-01,Delhi,FORCE MOTORS LIMITED,Petrol/Diesel/CNG/Hybrid,1
2026-03-01,Delhi,FORCE MOTORS LIMITED,Petrol/Diesel/CNG/Hybrid,1
2026-04-01,Delhi,FORCE MOTORS LIMITED,Petrol/Diesel/CNG/Hybrid,3
2026-05-01,Delhi,FORCE MOTORS LIMITED,Petrol/Diesel/CNG/Hybrid,2
2026-05-01,Delhi,FORD INDIA PVT LTD,Petrol/Diesel/CNG/Hybrid,1
2026-06-01,Delhi,FORD INDIA PVT LTD,Petrol/Diesel/CNG/Hybrid,1
2026-05-01,Delhi,HERO MOTOCORP LTD,Petrol/Diesel/CNG/Hybrid,1
2026-01-01,Delhi,HONDA CARS INDIA LTD,Petrol/Diesel/CNG/Hybrid,635
2026-02-01,Delhi,HONDA CARS INDIA LTD,Petrol/Diesel/CNG/Hybrid,387
2026-03-01,Delhi,HONDA CARS INDIA LTD,Petrol/Diesel/CNG/Hybrid,525
2026-04-01,Delhi,HONDA CARS INDIA LTD,Petrol/Diesel/CNG/Hybrid,456
2026-05-01,Delhi,HONDA CARS INDIA LTD,Petrol/Diesel/CNG/Hybrid,388
2026-06-01,Delhi,HONDA CARS INDIA LTD,Petrol/Diesel/CNG/Hybrid,180
2026-02-01,Delhi,HONDA MOTORCYCLE AND SCOOTER INDIA (P) LTD,Petrol/Diesel/CNG/Hybrid,1
2026-05-01,Delhi,HONDA MOTORCYCLE AND SCOOTER INDIA (P) LTD,Petrol/Diesel/CNG/Hybrid,1
2026-01-01,Delhi,HYUNDAI MOTOR INDIA LTD,Petrol/Diesel/CNG/Hybrid,2622
2026-02-01,Delhi,HYUNDAI MOTOR INDIA LTD,Petrol/Diesel/CNG/Hybrid,1406
2026-03-01,Delhi,HYUNDAI MOTOR INDIA LTD,Petrol/Diesel/CNG/Hybrid,1779
2026-04-01,Delhi,HYUNDAI MOTOR INDIA LTD,Petrol/Diesel/CNG/Hybrid,1555
2026-05-01,Delhi,HYUNDAI MOTOR INDIA LTD,Petrol/Diesel/CNG/Hybrid,1577
2026-06-01,Delhi,HYUNDAI MOTOR INDIA LTD,Petrol/Diesel/CNG/Hybrid,744
2026-04-01,Delhi,ISUZU MOTORS INDIA PVT LTD,Petrol/Diesel/CNG/Hybrid,1
2026-05-01,Delhi,ISUZU MOTORS INDIA PVT LTD,Petrol/Diesel/CNG/Hybrid,1
2026-01-01,Delhi,JAGUAR LAND ROVER INDIA LIMITED,Petrol/Diesel/CNG/Hybrid,35
2026-02-01,Delhi,JAGUAR LAND ROVER INDIA LIMITED,Petrol/Diesel/CNG/Hybrid,30
2026-03-01,Delhi,JAGUAR LAND ROVER INDIA LIMITED,Petrol/Diesel/CNG/Hybrid,19
2026-04-01,Delhi,JAGUAR LAND ROVER INDIA LIMITED,Petrol/Diesel/CNG/Hybrid,25
2026-05-01,Delhi,JAGUAR LAND ROVER INDIA LIMITED,Petrol/Diesel/CNG/Hybrid,31
2026-06-01,Delhi,JAGUAR LAND ROVER INDIA LIMITED,Petrol/Diesel/CNG/Hybrid,27
2026-04-01,Delhi,JCB INDIA LIMITED,Petrol/Diesel/CNG/Hybrid,1
2026-05-01,Delhi,JCB INDIA LIMITED,Petrol/Diesel/CNG/Hybrid,1
2026-06-01,Delhi,JCB INDIA LIMITED,Petrol/Diesel/CNG/Hybrid,1
2026-01-01,Delhi,JSW MG MOTOR INDIA PVT LTD,Petrol/Diesel/CNG/Hybrid,158
2026-02-01,Delhi,JSW MG MOTOR INDIA PVT LTD,Petrol/Diesel/CNG/Hybrid,140
2026-03-01,Delhi,JSW MG MOTOR INDIA PVT LTD,Petrol/Diesel/CNG/Hybrid,136
2026-04-01,Delhi,JSW MG MOTOR INDIA PVT LTD,Petrol/Diesel/CNG/Hybrid,143
2026-05-01,Delhi,JSW MG MOTOR INDIA PVT LTD,Petrol/Diesel/CNG/Hybrid,125
2026-06-01,Delhi,JSW MG MOTOR INDIA PVT LTD,Petrol/Diesel/CNG/Hybrid,70
2026-01-01,Delhi,KIA INDIA PRIVATE LIMITED,Petrol/Diesel/CNG/Hybrid,1605
2026-02-01,Delhi,KIA INDIA PRIVATE LIMITED,Petrol/Diesel/CNG/Hybrid,1161
2026-03-01,Delhi,KIA INDIA PRIVATE LIMITED,Petrol/Diesel/CNG/Hybrid,1272
2026-04-01,Delhi,KIA INDIA PRIVATE LIMITED,Petrol/Diesel/CNG/Hybrid,1261
2026-05-01,Delhi,KIA INDIA PRIVATE LIMITED,Petrol/Diesel/CNG/Hybrid,1211
2026-06-01,Delhi,KIA INDIA PRIVATE LIMITED,Petrol/Diesel/CNG/Hybrid,511
2026-01-01,Delhi,MAHINDRA & MAHINDRA LIMITED,Petrol/Diesel/CNG/Hybrid,1733
2026-02-01,Delhi,MAHINDRA & MAHINDRA LIMITED,Petrol/Diesel/CNG/Hybrid,1270
2026-03-01,Delhi,MAHINDRA & MAHINDRA LIMITED,Petrol/Diesel/CNG/Hybrid,1588
2026-04-01,Delhi,MAHINDRA & MAHINDRA LIMITED,Petrol/Diesel/CNG/Hybrid,1249
2026-05-01,Delhi,MAHINDRA & MAHINDRA LIMITED,Petrol/Diesel/CNG/Hybrid,1316
2026-06-01,Delhi,MAHINDRA & MAHINDRA LIMITED,Petrol/Diesel/CNG/Hybrid,628
2026-04-01,Delhi,MAHINDRA DEFENCE SYSTEMS LTD,Petrol/Diesel/CNG/Hybrid,12
2026-01-01,Delhi,MARUTI SUZUKI INDIA LTD,Petrol/Diesel/CNG/Hybrid,9510
2026-02-01,Delhi,MARUTI SUZUKI INDIA LTD,Petrol/Diesel/CNG/Hybrid,5059
2026-03-01,Delhi,MARUTI SUZUKI INDIA LTD,Petrol/Diesel/CNG/Hybrid,6561
2026-04-01,Delhi,MARUTI SUZUKI INDIA LTD,Petrol/Diesel/CNG/Hybrid,6124
2026-05-01,Delhi,MARUTI SUZUKI INDIA LTD,Petrol/Diesel/CNG/Hybrid,6622
2026-06-01,Delhi,MARUTI SUZUKI INDIA LTD,Petrol/Diesel/CNG/Hybrid,3422
2026-03-01,Delhi,MASERATI S.P.A,Petrol/Diesel/CNG/Hybrid,1
2026-01-01,Delhi,MERCEDES-BENZ AG,Petrol/Diesel/CNG/Hybrid,7
2026-02-01,Delhi,MERCEDES-BENZ AG,Petrol/Diesel/CNG/Hybrid,3
2026-03-01,Delhi,MERCEDES-BENZ AG,Petrol/Diesel/CNG/Hybrid,6
2026-04-01,Delhi,MERCEDES-BENZ AG,Petrol/Diesel/CNG/Hybrid,10
2026-05-01,Delhi,MERCEDES-BENZ AG,Petrol/Diesel/CNG/Hybrid,8
2026-06-01,Delhi,MERCEDES-BENZ AG,Petrol/Diesel/CNG/Hybrid,7
2026-01-01,Delhi,MERCEDES-BENZ INDIA PVT LTD,Petrol/Diesel/CNG/Hybrid,207
2026-02-01,Delhi,MERCEDES-BENZ INDIA PVT LTD,Petrol/Diesel/CNG/Hybrid,136
2026-03-01,Delhi,MERCEDES-BENZ INDIA PVT LTD,Petrol/Diesel/CNG/Hybrid,102
2026-04-01,Delhi,MERCEDES-BENZ INDIA PVT LTD,Petrol/Diesel/CNG/Hybrid,95
2026-05-01,Delhi,MERCEDES-BENZ INDIA PVT LTD,Petrol/Diesel/CNG/Hybrid,76
2026-06-01,Delhi,MERCEDES-BENZ INDIA PVT LTD,Petrol/Diesel/CNG/Hybrid,71
2026-01-01,Delhi,NISSAN MOTOR INDIA PVT LTD,Petrol/Diesel/CNG/Hybrid,59
2026-02-01,Delhi,NISSAN MOTOR INDIA PVT LTD,Petrol/Diesel/CNG/Hybrid,55
2026-03-01,Delhi,NISSAN MOTOR INDIA PVT LTD,Petrol/Diesel/CNG/Hybrid,47
2026-04-01,Delhi,NISSAN MOTOR INDIA PVT LTD,Petrol/Diesel/CNG/Hybrid,83
2026-05-01,Delhi,NISSAN MOTOR INDIA PVT LTD,Petrol/Diesel/CNG/Hybrid,114
2026-06-01,Delhi,NISSAN MOTOR INDIA PVT LTD,Petrol/Diesel/CNG/Hybrid,49
2026-01-01,Delhi,PORSCHE AG GERMANY,Petrol/Diesel/CNG/Hybrid,6
2026-02-01,Delhi,PORSCHE AG GERMANY,Petrol/Diesel/CNG/Hybrid,4
2026-03-01,Delhi,PORSCHE AG GERMANY,Petrol/Diesel/CNG/Hybrid,2
2026-05-01,Delhi,PORSCHE AG GERMANY,Petrol/Diesel/CNG/Hybrid,3
2026-06-01,Delhi,PORSCHE AG GERMANY,Petrol/Diesel/CNG/Hybrid,3
2026-01-01,Delhi,RENAULT INDIA PVT LTD,Petrol/Diesel/CNG/Hybrid,161
2026-02-01,Delhi,RENAULT INDIA PVT LTD,Petrol/Diesel/CNG/Hybrid,86
2026-03-01,Delhi,RENAULT INDIA PVT LTD,Petrol/Diesel/CNG/Hybrid,122
2026-04-01,Delhi,RENAULT INDIA PVT LTD,Petrol/Diesel/CNG/Hybrid,139
2026-05-01,Delhi,RENAULT INDIA PVT LTD,Petrol/Diesel/CNG/Hybrid,152
2026-06-01,Delhi,RENAULT INDIA PVT LTD,Petrol/Diesel/CNG/Hybrid,74
2026-03-01,Delhi,ROLLS ROYCE,Petrol/Diesel/CNG/Hybrid,1
2026-02-01,Delhi,ROLLS-ROYCE MOTOR CARS(IMPORTER:SELECT CARS P LTD),Petrol/Diesel/CNG/Hybrid,1
2026-01-01,Delhi,SKODA AUTO AS,Petrol/Diesel/CNG/Hybrid,2
2026-04-01,Delhi,SKODA AUTO AS,Petrol/Diesel/CNG/Hybrid,1
2026-06-01,Delhi,SKODA AUTO AS,Petrol/Diesel/CNG/Hybrid,1
2026-05-01,Delhi,SKODA AUTO INDIA PVT LTD,Petrol/Diesel/CNG/Hybrid,1
2026-01-01,Delhi,SKODA AUTO VOLKSWAGEN INDIA PVT LTD,Petrol/Diesel/CNG/Hybrid,637
2026-02-01,Delhi,SKODA AUTO VOLKSWAGEN INDIA PVT LTD,Petrol/Diesel/CNG/Hybrid,370
2026-03-01,Delhi,SKODA AUTO VOLKSWAGEN INDIA PVT LTD,Petrol/Diesel/CNG/Hybrid,499
2026-04-01,Delhi,SKODA AUTO VOLKSWAGEN INDIA PVT LTD,Petrol/Diesel/CNG/Hybrid,466
2026-05-01,Delhi,SKODA AUTO VOLKSWAGEN INDIA PVT LTD,Petrol/Diesel/CNG/Hybrid,446
2026-06-01,Delhi,SKODA AUTO VOLKSWAGEN INDIA PVT LTD,Petrol/Diesel/CNG/Hybrid,175
2026-01-01,Delhi,STELLANTIS AUTOMOBILES INDIA PVT LTD,Petrol/Diesel/CNG/Hybrid,72
2026-02-01,Delhi,STELLANTIS AUTOMOBILES INDIA PVT LTD,Petrol/Diesel/CNG/Hybrid,40
2026-03-01,Delhi,STELLANTIS AUTOMOBILES INDIA PVT LTD,Petrol/Diesel/CNG/Hybrid,32
2026-04-01,Delhi,STELLANTIS AUTOMOBILES INDIA PVT LTD,Petrol/Diesel/CNG/Hybrid,40
2026-05-01,Delhi,STELLANTIS AUTOMOBILES INDIA PVT LTD,Petrol/Diesel/CNG/Hybrid,33
2026-06-01,Delhi,STELLANTIS AUTOMOBILES INDIA PVT LTD,Petrol/Diesel/CNG/Hybrid,12
2026-01-01,Delhi,STELLANTIS INDIA PVT LTD,Petrol/Diesel/CNG/Hybrid,15
2026-02-01,Delhi,STELLANTIS INDIA PVT LTD,Petrol/Diesel/CNG/Hybrid,6
2026-03-01,Delhi,STELLANTIS INDIA PVT LTD,Petrol/Diesel/CNG/Hybrid,1
2026-04-01,Delhi,STELLANTIS INDIA PVT LTD,Petrol/Diesel/CNG/Hybrid,6
2026-05-01,Delhi,STELLANTIS INDIA PVT LTD,Petrol/Diesel/CNG/Hybrid,5
2026-06-01,Delhi,STELLANTIS INDIA PVT LTD,Petrol/Diesel/CNG/Hybrid,3
2026-02-01,Delhi,TATA MOTORS LTD,Petrol/Diesel/CNG/Hybrid,1
2026-01-01,Delhi,TATA MOTORS PASSENGER VEHICLES LTD,Petrol/Diesel/CNG/Hybrid,2902
2026-02-01,Delhi,TATA MOTORS PASSENGER VEHICLES LTD,Petrol/Diesel/CNG/Hybrid,2278
2026-03-01,Delhi,TATA MOTORS PASSENGER VEHICLES LTD,Petrol/Diesel/CNG/Hybrid,2474
2026-04-01,Delhi,TATA MOTORS PASSENGER VEHICLES LTD,Petrol/Diesel/CNG/Hybrid,2106
2026-05-01,Delhi,TATA MOTORS PASSENGER VEHICLES LTD,Petrol/Diesel/CNG/Hybrid,1931
2026-06-01,Delhi,TATA MOTORS PASSENGER VEHICLES LTD,Petrol/Diesel/CNG/Hybrid,781
2026-01-01,Delhi,TATA PASSENGER ELECTRIC MOBILITY LTD,Petrol/Diesel/CNG/Hybrid,5
2026-02-01,Delhi,TATA PASSENGER ELECTRIC MOBILITY LTD,Petrol/Diesel/CNG/Hybrid,1
2026-03-01,Delhi,TATA PASSENGER ELECTRIC MOBILITY LTD,Petrol/Diesel/CNG/Hybrid,6
2026-01-01,Delhi,TOYOTA KIRLOSKAR MOTOR PVT LTD,Petrol/Diesel/CNG/Hybrid,2387
2026-02-01,Delhi,TOYOTA KIRLOSKAR MOTOR PVT LTD,Petrol/Diesel/CNG/Hybrid,1498
2026-03-01,Delhi,TOYOTA KIRLOSKAR MOTOR PVT LTD,Petrol/Diesel/CNG/Hybrid,1481
2026-04-01,Delhi,TOYOTA KIRLOSKAR MOTOR PVT LTD,Petrol/Diesel/CNG/Hybrid,1459
2026-05-01,Delhi,TOYOTA KIRLOSKAR MOTOR PVT LTD,Petrol/Diesel/CNG/Hybrid,1561
2026-06-01,Delhi,TOYOTA KIRLOSKAR MOTOR PVT LTD,Petrol/Diesel/CNG/Hybrid,856
2026-02-01,Delhi,TVS MOTOR COMPANY LTD,Petrol/Diesel/CNG/Hybrid,1
2026-01-01,Delhi,VOLKSWAGEN AG,Petrol/Diesel/CNG/Hybrid,6
2026-02-01,Delhi,VOLKSWAGEN AG,Petrol/Diesel/CNG/Hybrid,2
2026-03-01,Delhi,VOLKSWAGEN AG,Petrol/Diesel/CNG/Hybrid,1
2026-04-01,Delhi,VOLKSWAGEN AG,Petrol/Diesel/CNG/Hybrid,1
2026-05-01,Delhi,VOLKSWAGEN AG,Petrol/Diesel/CNG/Hybrid,6
2026-06-01,Delhi,VOLKSWAGEN AG,Petrol/Diesel/CNG/Hybrid,1
2026-05-01,Delhi,VOLVO,Petrol/Diesel/CNG/Hybrid,1
2026-01-01,Delhi,VOLVO AUTO INDIA PVT LTD,Petrol/Diesel/CNG/Hybrid,15
2026-02-01,Delhi,VOLVO AUTO INDIA PVT LTD,Petrol/Diesel/CNG/Hybrid,5
2026-03-01,Delhi,VOLVO AUTO INDIA PVT LTD,Petrol/Diesel/CNG/Hybrid,7
2026-04-01,Delhi,VOLVO AUTO INDIA PVT LTD,Petrol/Diesel/CNG/Hybrid,4
2026-05-01,Delhi,VOLVO AUTO INDIA PVT LTD,Petrol/Diesel/CNG/Hybrid,6
2026-06-01,Delhi,VOLVO AUTO INDIA PVT LTD,Petrol/Diesel/CNG/Hybrid,5
2026-04-01,Goa,AUDI AG,Petrol/Diesel/CNG/Hybrid,2
2026-05-01,Goa,AUDI AG,Petrol/Diesel/CNG/Hybrid,1
2026-02-01,Goa,BENTLEY MOTORS LTD (SAVWIPL),Petrol/Diesel/CNG/Hybrid,1
2026-06-01,Goa,BENTLEY MOTORS LTD (SAVWIPL),Petrol/Diesel/CNG/Hybrid,1
2026-01-01,Goa,BMW INDIA PVT LTD,Petrol/Diesel/CNG/Hybrid,10
2026-02-01,Goa,BMW INDIA PVT LTD,Petrol/Diesel/CNG/Hybrid,8
2026-03-01,Goa,BMW INDIA PVT LTD,Petrol/Diesel/CNG/Hybrid,13
2026-04-01,Goa,BMW INDIA PVT LTD,Petrol/Diesel/CNG/Hybrid,10
2026-05-01,Goa,BMW INDIA PVT LTD,Petrol/Diesel/CNG/Hybrid,4
2026-06-01,Goa,BMW INDIA PVT LTD,Petrol/Diesel/CNG/Hybrid,2
2026-01-01,Goa,ESCORTS KUBOTA LIMITED (AGRI MACHINERY GROUP),Petrol/Diesel/CNG/Hybrid,1
2026-04-01,Goa,ESCORTS KUBOTA LIMITED (AGRI MACHINERY GROUP),Petrol/Diesel/CNG/Hybrid,1
2026-05-01,Goa,ESCORTS KUBOTA LIMITED (AGRI MACHINERY GROUP),Petrol/Diesel/CNG/Hybrid,1
2026-01-01,Goa,FERRARI SPA (IMPORTER:SELECT CARS P LTD),Petrol/Diesel/CNG/Hybrid,1
2026-03-01,Goa,FORCE MOTORS LIMITED,Petrol/Diesel/CNG/Hybrid,2
2026-01-01,Goa,HONDA CARS INDIA LTD,Petrol/Diesel/CNG/Hybrid,21
2026-02-01,Goa,HONDA CARS INDIA LTD,Petrol/Diesel/CNG/Hybrid,16
2026-03-01,Goa,HONDA CARS INDIA LTD,Petrol/Diesel/CNG/Hybrid,28
2026-04-01,Goa,HONDA CARS INDIA LTD,Petrol/Diesel/CNG/Hybrid,17
2026-05-01,Goa,HONDA CARS INDIA LTD,Petrol/Diesel/CNG/Hybrid,21
2026-06-01,Goa,HONDA CARS INDIA LTD,Petrol/Diesel/CNG/Hybrid,17
2026-01-01,Goa,HYUNDAI MOTOR INDIA LTD,Petrol/Diesel/CNG/Hybrid,273
2026-02-01,Goa,HYUNDAI MOTOR INDIA LTD,Petrol/Diesel/CNG/Hybrid,217
2026-03-01,Goa,HYUNDAI MOTOR INDIA LTD,Petrol/Diesel/CNG/Hybrid,232
2026-04-01,Goa,HYUNDAI MOTOR INDIA LTD,Petrol/Diesel/CNG/Hybrid,226
2026-05-01,Goa,HYUNDAI MOTOR INDIA LTD,Petrol/Diesel/CNG/Hybrid,192
2026-06-01,Goa,HYUNDAI MOTOR INDIA LTD,Petrol/Diesel/CNG/Hybrid,115
2026-05-01,Goa,ISUZU MOTORS INDIA PVT LTD,Petrol/Diesel/CNG/Hybrid,1
2026-01-01,Goa,JAGUAR LAND ROVER INDIA LIMITED,Petrol/Diesel/CNG/Hybrid,2
2026-02-01,Goa,JAGUAR LAND ROVER INDIA LIMITED,Petrol/Diesel/CNG/Hybrid,2
2026-03-01,Goa,JAGUAR LAND ROVER INDIA LIMITED,Petrol/Diesel/CNG/Hybrid,1
2026-04-01,Goa,JAGUAR LAND ROVER INDIA LIMITED,Petrol/Diesel/CNG/Hybrid,4
2026-05-01,Goa,JAGUAR LAND ROVER INDIA LIMITED,Petrol/Diesel/CNG/Hybrid,5
2026-06-01,Goa,JAGUAR LAND ROVER INDIA LIMITED,Petrol/Diesel/CNG/Hybrid,2
2026-04-01,Goa,JOHN DEERE INDIA PVT LTD(TRACTOR DEVISION),Petrol/Diesel/CNG/Hybrid,1
2026-06-01,Goa,JOHN DEERE INDIA PVT LTD(TRACTOR DEVISION),Petrol/Diesel/CNG/Hybrid,1
2026-01-01,Goa,JSW MG MOTOR INDIA PVT LTD,Petrol/Diesel/CNG/Hybrid,16
2026-02-01,Goa,JSW MG MOTOR INDIA PVT LTD,Petrol/Diesel/CNG/Hybrid,7
2026-03-01,Goa,JSW MG MOTOR INDIA PVT LTD,Petrol/Diesel/CNG/Hybrid,14
2026-04-01,Goa,JSW MG MOTOR INDIA PVT LTD,Petrol/Diesel/CNG/Hybrid,11
2026-05-01,Goa,JSW MG MOTOR INDIA PVT LTD,Petrol/Diesel/CNG/Hybrid,12
2026-06-01,Goa,JSW MG MOTOR INDIA PVT LTD,Petrol/Diesel/CNG/Hybrid,2
2026-01-01,Goa,KIA INDIA PRIVATE LIMITED,Petrol/Diesel/CNG/Hybrid,133
2026-02-01,Goa,KIA INDIA PRIVATE LIMITED,Petrol/Diesel/CNG/Hybrid,131
2026-03-01,Goa,KIA INDIA PRIVATE LIMITED,Petrol/Diesel/CNG/Hybrid,160
2026-04-01,Goa,KIA INDIA PRIVATE LIMITED,Petrol/Diesel/CNG/Hybrid,133
2026-05-01,Goa,KIA INDIA PRIVATE LIMITED,Petrol/Diesel/CNG/Hybrid,140
2026-06-01,Goa,KIA INDIA PRIVATE LIMITED,Petrol/Diesel/CNG/Hybrid,51
2026-01-01,Goa,MAHINDRA & MAHINDRA LIMITED,Petrol/Diesel/CNG/Hybrid,128
2026-02-01,Goa,MAHINDRA & MAHINDRA LIMITED,Petrol/Diesel/CNG/Hybrid,123
2026-03-01,Goa,MAHINDRA & MAHINDRA LIMITED,Petrol/Diesel/CNG/Hybrid,144
2026-04-01,Goa,MAHINDRA & MAHINDRA LIMITED,Petrol/Diesel/CNG/Hybrid,111
2026-05-01,Goa,MAHINDRA & MAHINDRA LIMITED,Petrol/Diesel/CNG/Hybrid,91
2026-06-01,Goa,MAHINDRA & MAHINDRA LIMITED,Petrol/Diesel/CNG/Hybrid,44
2026-01-01,Goa,MAHINDRA & MAHINDRA LIMITED (SWARAJ DIVISION),Petrol/Diesel/CNG/Hybrid,1
2026-02-01,Goa,MAHINDRA & MAHINDRA LIMITED (SWARAJ DIVISION),Petrol/Diesel/CNG/Hybrid,1
2026-03-01,Goa,MAHINDRA & MAHINDRA LIMITED (SWARAJ DIVISION),Petrol/Diesel/CNG/Hybrid,1
2026-01-01,Goa,MARUTI SUZUKI INDIA LTD,Petrol/Diesel/CNG/Hybrid,1148
2026-02-01,Goa,MARUTI SUZUKI INDIA LTD,Petrol/Diesel/CNG/Hybrid,705
2026-03-01,Goa,MARUTI SUZUKI INDIA LTD,Petrol/Diesel/CNG/Hybrid,888
2026-04-01,Goa,MARUTI SUZUKI INDIA LTD,Petrol/Diesel/CNG/Hybrid,796
2026-05-01,Goa,MARUTI SUZUKI INDIA LTD,Petrol/Diesel/CNG/Hybrid,798
2026-06-01,Goa,MARUTI SUZUKI INDIA LTD,Petrol/Diesel/CNG/Hybrid,351
2026-01-01,Goa,MERCEDES-BENZ AG,Petrol/Diesel/CNG/Hybrid,4
2026-02-01,Goa,MERCEDES-BENZ AG,Petrol/Diesel/CNG/Hybrid,1
2026-04-01,Goa,MERCEDES-BENZ AG,Petrol/Diesel/CNG/Hybrid,2
2026-05-01,Goa,MERCEDES-BENZ AG,Petrol/Diesel/CNG/Hybrid,1
2026-06-01,Goa,MERCEDES-BENZ AG,Petrol/Diesel/CNG/Hybrid,2
2026-01-01,Goa,MERCEDES-BENZ INDIA PVT LTD,Petrol/Diesel/CNG/Hybrid,10
2026-02-01,Goa,MERCEDES-BENZ INDIA PVT LTD,Petrol/Diesel/CNG/Hybrid,8
2026-03-01,Goa,MERCEDES-BENZ INDIA PVT LTD,Petrol/Diesel/CNG/Hybrid,7
2026-04-01,Goa,MERCEDES-BENZ INDIA PVT LTD,Petrol/Diesel/CNG/Hybrid,4
2026-05-01,Goa,MERCEDES-BENZ INDIA PVT LTD,Petrol/Diesel/CNG/Hybrid,11
2026-06-01,Goa,MERCEDES-BENZ INDIA PVT LTD,Petrol/Diesel/CNG/Hybrid,4
2026-01-01,Goa,NISSAN MOTOR INDIA PVT LTD,Petrol/Diesel/CNG/Hybrid,3
2026-02-01,Goa,NISSAN MOTOR INDIA PVT LTD,Petrol/Diesel/CNG/Hybrid,2
2026-03-01,Goa,NISSAN MOTOR INDIA PVT LTD,Petrol/Diesel/CNG/Hybrid,6
2026-04-01,Goa,NISSAN MOTOR INDIA PVT LTD,Petrol/Diesel/CNG/Hybrid,10
2026-05-01,Goa,NISSAN MOTOR INDIA PVT LTD,Petrol/Diesel/CNG/Hybrid,11
2026-06-01,Goa,NISSAN MOTOR INDIA PVT LTD,Petrol/Diesel/CNG/Hybrid,6
2026-01-01,Goa,PORSCHE AG GERMANY,Petrol/Diesel/CNG/Hybrid,1
2026-01-01,Goa,POWERLAND AGRO TRACTOR VEHICLES PVT LTD,Petrol/Diesel/CNG/Hybrid,1
2026-01-01,Goa,RENAULT INDIA PVT LTD,Petrol/Diesel/CNG/Hybrid,24
2026-02-01,Goa,RENAULT INDIA PVT LTD,Petrol/Diesel/CNG/Hybrid,9
2026-03-01,Goa,RENAULT INDIA PVT LTD,Petrol/Diesel/CNG/Hybrid,17
2026-04-01,Goa,RENAULT INDIA PVT LTD,Petrol/Diesel/CNG/Hybrid,26
2026-05-01,Goa,RENAULT INDIA PVT LTD,Petrol/Diesel/CNG/Hybrid,25
2026-06-01,Goa,RENAULT INDIA PVT LTD,Petrol/Diesel/CNG/Hybrid,13
2026-01-01,Goa,SKODA AUTO VOLKSWAGEN INDIA PVT LTD,Petrol/Diesel/CNG/Hybrid,78
2026-02-01,Goa,SKODA AUTO VOLKSWAGEN INDIA PVT LTD,Petrol/Diesel/CNG/Hybrid,53
2026-03-01,Goa,SKODA AUTO VOLKSWAGEN INDIA PVT LTD,Petrol/Diesel/CNG/Hybrid,82
2026-04-01,Goa,SKODA AUTO VOLKSWAGEN INDIA PVT LTD,Petrol/Diesel/CNG/Hybrid,81
2026-05-01,Goa,SKODA AUTO VOLKSWAGEN INDIA PVT LTD,Petrol/Diesel/CNG/Hybrid,69
2026-06-01,Goa,SKODA AUTO VOLKSWAGEN INDIA PVT LTD,Petrol/Diesel/CNG/Hybrid,35
2026-02-01,Goa,SML MAHINDRA LTD,Petrol/Diesel/CNG/Hybrid,1
2026-03-01,Goa,STELLANTIS AUTOMOBILES INDIA PVT LTD,Petrol/Diesel/CNG/Hybrid,6
2026-04-01,Goa,STELLANTIS AUTOMOBILES INDIA PVT LTD,Petrol/Diesel/CNG/Hybrid,4
2026-05-01,Goa,STELLANTIS AUTOMOBILES INDIA PVT LTD,Petrol/Diesel/CNG/Hybrid,5
2026-06-01,Goa,STELLANTIS AUTOMOBILES INDIA PVT LTD,Petrol/Diesel/CNG/Hybrid,1
2026-01-01,Goa,STELLANTIS INDIA PVT LTD,Petrol/Diesel/CNG/Hybrid,2
2026-03-01,Goa,STELLANTIS INDIA PVT LTD,Petrol/Diesel/CNG/Hybrid,3
2026-05-01,Goa,STELLANTIS INDIA PVT LTD,Petrol/Diesel/CNG/Hybrid,3
2026-06-01,Goa,STELLANTIS INDIA PVT LTD,Petrol/Diesel/CNG/Hybrid,1
2026-03-01,Goa,TAFE LIMITED,Petrol/Diesel/CNG/Hybrid,2
2026-05-01,Goa,TAFE LIMITED,Petrol/Diesel/CNG/Hybrid,1
2026-02-01,Goa,TATA MOTORS LTD,Petrol/Diesel/CNG/Hybrid,1
2026-01-01,Goa,TATA MOTORS PASSENGER VEHICLES LTD,Petrol/Diesel/CNG/Hybrid,112
2026-02-01,Goa,TATA MOTORS PASSENGER VEHICLES LTD,Petrol/Diesel/CNG/Hybrid,131
2026-03-01,Goa,TATA MOTORS PASSENGER VEHICLES LTD,Petrol/Diesel/CNG/Hybrid,216
2026-04-01,Goa,TATA MOTORS PASSENGER VEHICLES LTD,Petrol/Diesel/CNG/Hybrid,163
2026-05-01,Goa,TATA MOTORS PASSENGER VEHICLES LTD,Petrol/Diesel/CNG/Hybrid,112
2026-06-01,Goa,TATA MOTORS PASSENGER VEHICLES LTD,Petrol/Diesel/CNG/Hybrid,51
2026-05-01,Goa,TATA PASSENGER ELECTRIC MOBILITY LTD,Petrol/Diesel/CNG/Hybrid,1
2026-01-01,Goa,TOYOTA KIRLOSKAR MOTOR PVT LTD,Petrol/Diesel/CNG/Hybrid,105
2026-02-01,Goa,TOYOTA KIRLOSKAR MOTOR PVT LTD,Petrol/Diesel/CNG/Hybrid,86
2026-03-01,Goa,TOYOTA KIRLOSKAR MOTOR PVT LTD,Petrol/Diesel/CNG/Hybrid,97
2026-04-01,Goa,TOYOTA KIRLOSKAR MOTOR PVT LTD,Petrol/Diesel/CNG/Hybrid,85
2026-05-01,Goa,TOYOTA KIRLOSKAR MOTOR PVT LTD,Petrol/Diesel/CNG/Hybrid,71
2026-06-01,Goa,TOYOTA KIRLOSKAR MOTOR PVT LTD,Petrol/Diesel/CNG/Hybrid,50
2026-06-01,Goa,V.S.T. TILLERS TRACTORS LIMITED,Petrol/Diesel/CNG/Hybrid,1
2026-01-01,Goa,VOLVO AUTO INDIA PVT LTD,Petrol/Diesel/CNG/Hybrid,1
2026-01-01,Gujarat,ACTION CONSTRUCTION EQUIPMENT LTD,Petrol/Diesel/CNG/Hybrid,3
2026-04-01,Gujarat,ACTION CONSTRUCTION EQUIPMENT LTD,Petrol/Diesel/CNG/Hybrid,1
2026-06-01,Gujarat,ACTION CONSTRUCTION EQUIPMENT LTD,Petrol/Diesel/CNG/Hybrid,1
2026-01-01,Gujarat,ADARSH ROTAVATOR SALES,Petrol/Diesel/CNG/Hybrid,10
2026-02-01,Gujarat,ADARSH ROTAVATOR SALES,Petrol/Diesel/CNG/Hybrid,4
2026-06-01,Gujarat,ADARSH ROTAVATOR SALES,Petrol/Diesel/CNG/Hybrid,6
2026-01-01,Gujarat,ADICO ESCORTS AGRI EQUIPMENTS PVT. LTD,Petrol/Diesel/CNG/Hybrid,70
2026-02-01,Gujarat,ADICO ESCORTS AGRI EQUIPMENTS PVT. LTD,Petrol/Diesel/CNG/Hybrid,26
2026-03-01,Gujarat,ADICO ESCORTS AGRI EQUIPMENTS PVT. LTD,Petrol/Diesel/CNG/Hybrid,6
2026-04-01,Gujarat,ADICO ESCORTS AGRI EQUIPMENTS PVT. LTD,Petrol/Diesel/CNG/Hybrid,6
2026-05-01,Gujarat,ADICO ESCORTS AGRI EQUIPMENTS PVT. LTD,Petrol/Diesel/CNG/Hybrid,22
2026-06-01,Gujarat,ADICO ESCORTS AGRI EQUIPMENTS PVT. LTD,Petrol/Diesel/CNG/Hybrid,96
2026-05-01,Gujarat,AMBICA AGRICULTURE,Petrol/Diesel/CNG/Hybrid,1
2026-06-01,Gujarat,AMBICA AGRICULTURE,Petrol/Diesel/CNG/Hybrid,1
2026-03-01,Gujarat,AMBICA ENGINEERING CO,Petrol/Diesel/CNG/Hybrid,2
2026-02-01,Gujarat,AMBICA IRON WORKS,Petrol/Diesel/CNG/Hybrid,2
2026-03-01,Gujarat,AMBICA IRON WORKS,Petrol/Diesel/CNG/Hybrid,1
2026-04-01,Gujarat,AMBICA IRON WORKS,Petrol/Diesel/CNG/Hybrid,1
2026-01-01,Gujarat,AMBICA WELDING WORKS,Petrol/Diesel/CNG/Hybrid,1
2026-01-01,Gujarat,ANIL INDUSTRIES,Petrol/Diesel/CNG/Hybrid,6
2026-02-01,Gujarat,ANIL INDUSTRIES,Petrol/Diesel/CNG/Hybrid,4
2026-03-01,Gujarat,ANIL INDUSTRIES,Petrol/Diesel/CNG/Hybrid,1
2026-04-01,Gujarat,ANIL INDUSTRIES,Petrol/Diesel/CNG/Hybrid,4
2026-06-01,Gujarat,ANIL INDUSTRIES,Petrol/Diesel/CNG/Hybrid,2
2026-01-01,Gujarat,ANJNEY EARTHMOVERS AND ENGINEERING,Petrol/Diesel/CNG/Hybrid,2
2026-03-01,Gujarat,ANJNEY EARTHMOVERS AND ENGINEERING,Petrol/Diesel/CNG/Hybrid,1
2026-04-01,Gujarat,ANJNEY EARTHMOVERS AND ENGINEERING,Petrol/Diesel/CNG/Hybrid,4
2026-01-01,Gujarat,ARJUN AGRO INDUSTRIES,Petrol/Diesel/CNG/Hybrid,6
2026-02-01,Gujarat,ARJUN AGRO INDUSTRIES,Petrol/Diesel/CNG/Hybrid,8
2026-05-01,Gujarat,ARJUN AGRO INDUSTRIES,Petrol/Diesel/CNG/Hybrid,3
2026-06-01,Gujarat,ARJUN AGRO INDUSTRIES,Petrol/Diesel/CNG/Hybrid,8
2026-01-01,Gujarat,ARJUN INDUSTRIES,Petrol/Diesel/CNG/Hybrid,2
2026-02-01,Gujarat,ARJUN INDUSTRIES,Petrol/Diesel/CNG/Hybrid,4
2026-03-01,Gujarat,ARJUN INDUSTRIES,Petrol/Diesel/CNG/Hybrid,1
2026-04-01,Gujarat,ARJUN INDUSTRIES,Petrol/Diesel/CNG/Hybrid,5
2026-05-01,Gujarat,ARJUN INDUSTRIES,Petrol/Diesel/CNG/Hybrid,4
2026-06-01,Gujarat,ARJUN INDUSTRIES,Petrol/Diesel/CNG/Hybrid,2
2026-01-01,Gujarat,ASHOK LEYLAND LTD,Petrol/Diesel/CNG/Hybrid,3
2026-06-01,Gujarat,ASHOK LEYLAND LTD,Petrol/Diesel/CNG/Hybrid,1
2026-01-01,Gujarat,AUDI AG,Petrol/Diesel/CNG/Hybrid,6
2026-02-01,Gujarat,AUDI AG,Petrol/Diesel/CNG/Hybrid,2
2026-06-01,Gujarat,AUDI AG,Petrol/Diesel/CNG/Hybrid,1
2026-03-01,Gujarat,AUTOMOBILI LAMBORGHINI S.P.A,Petrol/Diesel/CNG/Hybrid,2
2026-02-01,Gujarat,BAJRANG AGRO INDUSTRIES,Petrol/Diesel/CNG/Hybrid,1
2026-02-01,Gujarat,BAJRANG MECHANICAL WORKS,Petrol/Diesel/CNG/Hybrid,1
2026-01-01,Gujarat,BALAJI AGRO INDUSTRIES,Petrol/Diesel/CNG/Hybrid,3
2026-05-01,Gujarat,BALAJI AGRO INDUSTRIES,Petrol/Diesel/CNG/Hybrid,1
2026-06-01,Gujarat,BALAJI AGRO INDUSTRIES,Petrol/Diesel/CNG/Hybrid,2
2026-04-01,Gujarat,BENTLEY MOTORS LTD (SAVWIPL),Petrol/Diesel/CNG/Hybrid,1
2026-02-01,Gujarat,BHARAT TRAILER AND AGRO WORKS,Petrol/Diesel/CNG/Hybrid,1
2026-01-01,Gujarat,BHARAT TRAILERS,Petrol/Diesel/CNG/Hybrid,1
2026-02-01,Gujarat,BHARAT TRAILERS,Petrol/Diesel/CNG/Hybrid,2
2026-02-01,Gujarat,BHARTI AGRICULTURE,Petrol/Diesel/CNG/Hybrid,2
2026-01-01,Gujarat,BHAVANI TROLI WORKS,Petrol/Diesel/CNG/Hybrid,2
2026-02-01,Gujarat,BHOOMI ENGINEERING,Petrol/Diesel/CNG/Hybrid,4
2026-03-01,Gujarat,BHOOMI ENGINEERING,Petrol/Diesel/CNG/Hybrid,1
2026-01-01,Gujarat,BMW INDIA PVT LTD,Petrol/Diesel/CNG/Hybrid,183
2026-02-01,Gujarat,BMW INDIA PVT LTD,Petrol/Diesel/CNG/Hybrid,112
2026-03-01,Gujarat,BMW INDIA PVT LTD,Petrol/Diesel/CNG/Hybrid,155
2026-04-01,Gujarat,BMW INDIA PVT LTD,Petrol/Diesel/CNG/Hybrid,108
2026-05-01,Gujarat,BMW INDIA PVT LTD,Petrol/Diesel/CNG/Hybrid,85
2026-06-01,Gujarat,BMW INDIA PVT LTD,Petrol/Diesel/CNG/Hybrid,80
2026-02-01,Gujarat,CAMBAY PITRODA ENGG WORKS,Petrol/Diesel/CNG/Hybrid,1
2026-03-01,Gujarat,CAMBAY PITRODA ENGG WORKS,Petrol/Diesel/CNG/Hybrid,2
2026-01-01,Gujarat,CAPTAIN TRACTORS PVT. LTD,Petrol/Diesel/CNG/Hybrid,205
2026-02-01,Gujarat,CAPTAIN TRACTORS PVT. LTD,Petrol/Diesel/CNG/Hybrid,67
2026-03-01,Gujarat,CAPTAIN TRACTORS PVT. LTD,Petrol/Diesel/CNG/Hybrid,4
2026-04-01,Gujarat,CAPTAIN TRACTORS PVT. LTD,Petrol/Diesel/CNG/Hybrid,5
2026-05-01,Gujarat,CAPTAIN TRACTORS PVT. LTD,Petrol/Diesel/CNG/Hybrid,100
2026-06-01,Gujarat,CAPTAIN TRACTORS PVT. LTD,Petrol/Diesel/CNG/Hybrid,442
2026-01-01,Gujarat,CHAMUNDA AGRICULTURE AND WELDING WORKS,Petrol/Diesel/CNG/Hybrid,1
2026-01-01,Gujarat,CHAMUNDA MECHANICLE WORKS,Petrol/Diesel/CNG/Hybrid,7
2026-02-01,Gujarat,CHAMUNDA MECHANICLE WORKS,Petrol/Diesel/CNG/Hybrid,4
2026-03-01,Gujarat,CHAMUNDA MECHANICLE WORKS,Petrol/Diesel/CNG/Hybrid,3
2026-04-01,Gujarat,CHAMUNDA MECHANICLE WORKS,Petrol/Diesel/CNG/Hybrid,3
2026-01-01,Gujarat,CNH INDUSTRIAL (INDIA) PVT LTD,Petrol/Diesel/CNG/Hybrid,781
2026-02-01,Gujarat,CNH INDUSTRIAL (INDIA) PVT LTD,Petrol/Diesel/CNG/Hybrid,380
2026-03-01,Gujarat,CNH INDUSTRIAL (INDIA) PVT LTD,Petrol/Diesel/CNG/Hybrid,51
2026-04-01,Gujarat,CNH INDUSTRIAL (INDIA) PVT LTD,Petrol/Diesel/CNG/Hybrid,18
2026-05-01,Gujarat,CNH INDUSTRIAL (INDIA) PVT LTD,Petrol/Diesel/CNG/Hybrid,27
2026-06-01,Gujarat,CNH INDUSTRIAL (INDIA) PVT LTD,Petrol/Diesel/CNG/Hybrid,37
2026-05-01,Gujarat,D K DIESELS PVT LTD,Petrol/Diesel/CNG/Hybrid,4
2026-06-01,Gujarat,D K DIESELS PVT LTD,Petrol/Diesel/CNG/Hybrid,81
2026-01-01,Gujarat,DHARTI AGRICULTURE WORKS,Petrol/Diesel/CNG/Hybrid,5
2026-02-01,Gujarat,DHARTI AGRICULTURE WORKS,Petrol/Diesel/CNG/Hybrid,1
2026-04-01,Gujarat,DHARTI AGRICULTURE WORKS,Petrol/Diesel/CNG/Hybrid,1
2026-01-01,Gujarat,DHARTI AGROTECH,Petrol/Diesel/CNG/Hybrid,2
2026-02-01,Gujarat,DHARTI AGROTECH,Petrol/Diesel/CNG/Hybrid,1
2026-03-01,Gujarat,DHARTI AGROTECH,Petrol/Diesel/CNG/Hybrid,1
2026-06-01,Gujarat,DHARTI AGROTECH,Petrol/Diesel/CNG/Hybrid,1
2026-01-01,Gujarat,DIVYA AGRICULTURE WORKS,Petrol/Diesel/CNG/Hybrid,2
2026-01-01,Gujarat,DURGA MECHANIC WORKS,Petrol/Diesel/CNG/Hybrid,1
2026-01-01,Gujarat,EAGLE AGRO INSUTRIES,Petrol/Diesel/CNG/Hybrid,3
2026-02-01,Gujarat,EAGLE AGRO INSUTRIES,Petrol/Diesel/CNG/Hybrid,5
2026-06-01,Gujarat,EAGLE AGRO INSUTRIES,Petrol/Diesel/CNG/Hybrid,1
2026-01-01,Gujarat,EICHER TRACTORS,Petrol/Diesel/CNG/Hybrid,1355
2026-02-01,Gujarat,EICHER TRACTORS,Petrol/Diesel/CNG/Hybrid,404
2026-03-01,Gujarat,EICHER TRACTORS,Petrol/Diesel/CNG/Hybrid,61
2026-04-01,Gujarat,EICHER TRACTORS,Petrol/Diesel/CNG/Hybrid,32
2026-05-01,Gujarat,EICHER TRACTORS,Petrol/Diesel/CNG/Hybrid,108
2026-06-01,Gujarat,EICHER TRACTORS,Petrol/Diesel/CNG/Hybrid,231
2026-01-01,Gujarat,ESCORTS KUBOTA LIMITED (AGRI MACHINERY GROUP),Petrol/Diesel/CNG/Hybrid,1100
2026-02-01,Gujarat,ESCORTS KUBOTA LIMITED (AGRI MACHINERY GROUP),Petrol/Diesel/CNG/Hybrid,395
2026-03-01,Gujarat,ESCORTS KUBOTA LIMITED (AGRI MACHINERY GROUP),Petrol/Diesel/CNG/Hybrid,61
2026-04-01,Gujarat,ESCORTS KUBOTA LIMITED (AGRI MACHINERY GROUP),Petrol/Diesel/CNG/Hybrid,40
2026-05-01,Gujarat,ESCORTS KUBOTA LIMITED (AGRI MACHINERY GROUP),Petrol/Diesel/CNG/Hybrid,35
2026-06-01,Gujarat,ESCORTS KUBOTA LIMITED (AGRI MACHINERY GROUP),Petrol/Diesel/CNG/Hybrid,51
2026-01-01,Gujarat,FORCE MOTORS LIMITED,Petrol/Diesel/CNG/Hybrid,10
2026-02-01,Gujarat,FORCE MOTORS LIMITED,Petrol/Diesel/CNG/Hybrid,10
2026-03-01,Gujarat,FORCE MOTORS LIMITED,Petrol/Diesel/CNG/Hybrid,11
2026-04-01,Gujarat,FORCE MOTORS LIMITED,Petrol/Diesel/CNG/Hybrid,8
2026-05-01,Gujarat,FORCE MOTORS LIMITED,Petrol/Diesel/CNG/Hybrid,10
2026-06-01,Gujarat,FORCE MOTORS LIMITED,Petrol/Diesel/CNG/Hybrid,8
2026-01-01,Gujarat,GANESH AGRICULTURE WORKS,Petrol/Diesel/CNG/Hybrid,7
2026-02-01,Gujarat,GANESH AGRICULTURE WORKS,Petrol/Diesel/CNG/Hybrid,4
2026-03-01,Gujarat,GANESH AGRO INDUSTRIES,Petrol/Diesel/CNG/Hybrid,1
2026-01-01,Gujarat,GANPATI AGRO INDUSTRIES,Petrol/Diesel/CNG/Hybrid,2
2026-01-01,Gujarat,GAYATRI AGRO INDUSTRIES,Petrol/Diesel/CNG/Hybrid,2
2026-03-01,Gujarat,GAYATRI AGRO INDUSTRIES,Petrol/Diesel/CNG/Hybrid,1
2026-01-01,Gujarat,GIRIRAJ TRACTOR,Petrol/Diesel/CNG/Hybrid,3
2026-02-01,Gujarat,GIRIRAJ TRACTOR,Petrol/Diesel/CNG/Hybrid,2
2026-01-01,Gujarat,GRANT AGRO INDUSTRIES,Petrol/Diesel/CNG/Hybrid,5
2026-02-01,Gujarat,GRANT AGRO INDUSTRIES,Petrol/Diesel/CNG/Hybrid,2
2026-03-01,Gujarat,GRANT AGRO INDUSTRIES,Petrol/Diesel/CNG/Hybrid,2
2026-05-01,Gujarat,GRANT AGRO INDUSTRIES,Petrol/Diesel/CNG/Hybrid,1
2026-01-01,Gujarat,GROMAX AGRI EQUIPMENT LTD,Petrol/Diesel/CNG/Hybrid,178
2026-02-01,Gujarat,GROMAX AGRI EQUIPMENT LTD,Petrol/Diesel/CNG/Hybrid,42
2026-03-01,Gujarat,GROMAX AGRI EQUIPMENT LTD,Petrol/Diesel/CNG/Hybrid,10
2026-04-01,Gujarat,GROMAX AGRI EQUIPMENT LTD,Petrol/Diesel/CNG/Hybrid,10
2026-05-01,Gujarat,GROMAX AGRI EQUIPMENT LTD,Petrol/Diesel/CNG/Hybrid,6
2026-06-01,Gujarat,GROMAX AGRI EQUIPMENT LTD,Petrol/Diesel/CNG/Hybrid,6
2026-01-01,Gujarat,GURUKRUPA WELDING WORKS,Petrol/Diesel/CNG/Hybrid,4
2026-02-01,Gujarat,GURUKRUPA WELDING WORKS,Petrol/Diesel/CNG/Hybrid,23
2026-05-01,Gujarat,GURUKRUPA WELDING WORKS,Petrol/Diesel/CNG/Hybrid,1
2026-02-01,Gujarat,H H AGROTECH,Petrol/Diesel/CNG/Hybrid,1
2026-05-01,Gujarat,H H AGROTECH,Petrol/Diesel/CNG/Hybrid,1
2026-01-01,Gujarat,HARSORA IRON WORKS,Petrol/Diesel/CNG/Hybrid,1
2026-02-01,Gujarat,HARSORA IRON WORKS,Petrol/Diesel/CNG/Hybrid,6
2026-03-01,Gujarat,HARSORA IRON WORKS,Petrol/Diesel/CNG/Hybrid,1
2026-05-01,Gujarat,HARSORA IRON WORKS,Petrol/Diesel/CNG/Hybrid,1
2026-04-01,Gujarat,HET TRAILOR,Petrol/Diesel/CNG/Hybrid,1
2026-05-01,Gujarat,HET TRAILOR,Petrol/Diesel/CNG/Hybrid,4
2026-01-01,Gujarat,HIREN ENGINEERING WORKS,Petrol/Diesel/CNG/Hybrid,9
2026-02-01,Gujarat,HIREN ENGINEERING WORKS,Petrol/Diesel/CNG/Hybrid,5
2026-03-01,Gujarat,HIREN ENGINEERING WORKS,Petrol/Diesel/CNG/Hybrid,1
2026-04-01,Gujarat,HIREN ENGINEERING WORKS,Petrol/Diesel/CNG/Hybrid,2
2026-05-01,Gujarat,HIREN ENGINEERING WORKS,Petrol/Diesel/CNG/Hybrid,1
2026-01-01,Gujarat,HONDA CARS INDIA LTD,Petrol/Diesel/CNG/Hybrid,478
2026-02-01,Gujarat,HONDA CARS INDIA LTD,Petrol/Diesel/CNG/Hybrid,385
2026-03-01,Gujarat,HONDA CARS INDIA LTD,Petrol/Diesel/CNG/Hybrid,486
2026-04-01,Gujarat,HONDA CARS INDIA LTD,Petrol/Diesel/CNG/Hybrid,393
2026-05-01,Gujarat,HONDA CARS INDIA LTD,Petrol/Diesel/CNG/Hybrid,345
2026-06-01,Gujarat,HONDA CARS INDIA LTD,Petrol/Diesel/CNG/Hybrid,209
2026-01-01,Gujarat,HYUNDAI MOTOR INDIA LTD,Petrol/Diesel/CNG/Hybrid,7270
2026-02-01,Gujarat,HYUNDAI MOTOR INDIA LTD,Petrol/Diesel/CNG/Hybrid,4583
2026-03-01,Gujarat,HYUNDAI MOTOR INDIA LTD,Petrol/Diesel/CNG/Hybrid,5199
2026-04-01,Gujarat,HYUNDAI MOTOR INDIA LTD,Petrol/Diesel/CNG/Hybrid,5394
2026-05-01,Gujarat,HYUNDAI MOTOR INDIA LTD,Petrol/Diesel/CNG/Hybrid,4906
2026-06-01,Gujarat,HYUNDAI MOTOR INDIA LTD,Petrol/Diesel/CNG/Hybrid,2682
2026-01-01,Gujarat,INDO FARM EQUIPMENT LIMITED,Petrol/Diesel/CNG/Hybrid,98
2026-02-01,Gujarat,INDO FARM EQUIPMENT LIMITED,Petrol/Diesel/CNG/Hybrid,39
2026-03-01,Gujarat,INDO FARM EQUIPMENT LIMITED,Petrol/Diesel/CNG/Hybrid,1
2026-04-01,Gujarat,INDO FARM EQUIPMENT LIMITED,Petrol/Diesel/CNG/Hybrid,1
2026-05-01,Gujarat,INDO FARM EQUIPMENT LIMITED,Petrol/Diesel/CNG/Hybrid,3
2026-01-01,Gujarat,INTERNATIONAL TRACTORS LIMITED,Petrol/Diesel/CNG/Hybrid,1483
2026-02-01,Gujarat,INTERNATIONAL TRACTORS LIMITED,Petrol/Diesel/CNG/Hybrid,454
2026-03-01,Gujarat,INTERNATIONAL TRACTORS LIMITED,Petrol/Diesel/CNG/Hybrid,73
2026-04-01,Gujarat,INTERNATIONAL TRACTORS LIMITED,Petrol/Diesel/CNG/Hybrid,74
2026-05-01,Gujarat,INTERNATIONAL TRACTORS LIMITED,Petrol/Diesel/CNG/Hybrid,147
2026-06-01,Gujarat,INTERNATIONAL TRACTORS LIMITED,Petrol/Diesel/CNG/Hybrid,366
2026-06-01,Gujarat,ISUZU MOTORS INDIA PVT LTD,Petrol/Diesel/CNG/Hybrid,1
2026-01-01,Gujarat,JAGUAR LAND ROVER INDIA LIMITED,Petrol/Diesel/CNG/Hybrid,42
2026-02-01,Gujarat,JAGUAR LAND ROVER INDIA LIMITED,Petrol/Diesel/CNG/Hybrid,35
2026-03-01,Gujarat,JAGUAR LAND ROVER INDIA LIMITED,Petrol/Diesel/CNG/Hybrid,43
2026-04-01,Gujarat,JAGUAR LAND ROVER INDIA LIMITED,Petrol/Diesel/CNG/Hybrid,51
2026-05-01,Gujarat,JAGUAR LAND ROVER INDIA LIMITED,Petrol/Diesel/CNG/Hybrid,31
2026-06-01,Gujarat,JAGUAR LAND ROVER INDIA LIMITED,Petrol/Diesel/CNG/Hybrid,43
2026-01-01,Gujarat,JAHANVI INDUSTRIES,Petrol/Diesel/CNG/Hybrid,2
2026-02-01,Gujarat,JAHANVI INDUSTRIES,Petrol/Diesel/CNG/Hybrid,1
2026-03-01,Gujarat,JAHANVI INDUSTRIES,Petrol/Diesel/CNG/Hybrid,7
2026-04-01,Gujarat,JAHANVI INDUSTRIES,Petrol/Diesel/CNG/Hybrid,5
2026-05-01,Gujarat,JAHANVI INDUSTRIES,Petrol/Diesel/CNG/Hybrid,3
2026-06-01,Gujarat,JAHANVI INDUSTRIES,Petrol/Diesel/CNG/Hybrid,3
2026-02-01,Gujarat,JAY ARJUN AGRO INDUSTRIES,Petrol/Diesel/CNG/Hybrid,2
2026-03-01,Gujarat,JAY ARJUN AGRO INDUSTRIES,Petrol/Diesel/CNG/Hybrid,2
2026-04-01,Gujarat,JAY ARJUN AGRO INDUSTRIES,Petrol/Diesel/CNG/Hybrid,1
2026-01-01,Gujarat,JAY CHAMUNDA ENGG WORKS,Petrol/Diesel/CNG/Hybrid,19
2026-02-01,Gujarat,JAY CHAMUNDA ENGG WORKS,Petrol/Diesel/CNG/Hybrid,10
2026-03-01,Gujarat,JAY CHAMUNDA ENGG WORKS,Petrol/Diesel/CNG/Hybrid,7
2026-04-01,Gujarat,JAY CHAMUNDA ENGG WORKS,Petrol/Diesel/CNG/Hybrid,4
2026-05-01,Gujarat,JAY CHAMUNDA ENGG WORKS,Petrol/Diesel/CNG/Hybrid,4
2026-06-01,Gujarat,JAY CHAMUNDA ENGG WORKS,Petrol/Diesel/CNG/Hybrid,1
2026-04-01,Gujarat,JAY CHAMUNDA KRUPA WELDING WORKS,Petrol/Diesel/CNG/Hybrid,1
2026-01-01,Gujarat,JAY CHEHER TRECKNO FEBRICATION,Petrol/Diesel/CNG/Hybrid,7
2026-02-01,Gujarat,JAY CHEHER TRECKNO FEBRICATION,Petrol/Diesel/CNG/Hybrid,15
2026-03-01,Gujarat,JAY CHEHER TRECKNO FEBRICATION,Petrol/Diesel/CNG/Hybrid,6
2026-04-01,Gujarat,JAY CHEHER TRECKNO FEBRICATION,Petrol/Diesel/CNG/Hybrid,5
2026-01-01,Gujarat,JAY GURUDEV TRAILER,Petrol/Diesel/CNG/Hybrid,2
2026-02-01,Gujarat,JAY GURUDEV TRAILER,Petrol/Diesel/CNG/Hybrid,1
2026-04-01,Gujarat,JAY GURUDEV TRAILER,Petrol/Diesel/CNG/Hybrid,1
2026-05-01,Gujarat,JAY GURUDEV TRAILER,Petrol/Diesel/CNG/Hybrid,1
2026-01-01,Gujarat,JAY KISAN AGRO INDUSTRIES,Petrol/Diesel/CNG/Hybrid,10
2026-02-01,Gujarat,JAY KISAN AGRO INDUSTRIES,Petrol/Diesel/CNG/Hybrid,12
2026-03-01,Gujarat,JAY KISAN AGRO INDUSTRIES,Petrol/Diesel/CNG/Hybrid,6
2026-04-01,Gujarat,JAY KISAN AGRO INDUSTRIES,Petrol/Diesel/CNG/Hybrid,1
2026-05-01,Gujarat,JAY KISAN AGRO INDUSTRIES,Petrol/Diesel/CNG/Hybrid,2
2026-06-01,Gujarat,JAY KISAN AGRO INDUSTRIES,Petrol/Diesel/CNG/Hybrid,5
2026-05-01,Gujarat,JAY YOGESHWAR INDUSTRIES,Petrol/Diesel/CNG/Hybrid,1
2026-04-01,Gujarat,JAYANT ENGG CORPORATION,Petrol/Diesel/CNG/Hybrid,2
2026-01-01,Gujarat,JCB INDIA LIMITED,Petrol/Diesel/CNG/Hybrid,3
2026-02-01,Gujarat,JCB INDIA LIMITED,Petrol/Diesel/CNG/Hybrid,2
2026-03-01,Gujarat,JCB INDIA LIMITED,Petrol/Diesel/CNG/Hybrid,2
2026-04-01,Gujarat,JCB INDIA LIMITED,Petrol/Diesel/CNG/Hybrid,1
2026-06-01,Gujarat,JCB INDIA LIMITED,Petrol/Diesel/CNG/Hybrid,2
2026-01-01,Gujarat,JOHN DEERE INDIA PVT LTD(TRACTOR DEVISION),Petrol/Diesel/CNG/Hybrid,572
2026-02-01,Gujarat,JOHN DEERE INDIA PVT LTD(TRACTOR DEVISION),Petrol/Diesel/CNG/Hybrid,206
2026-03-01,Gujarat,JOHN DEERE INDIA PVT LTD(TRACTOR DEVISION),Petrol/Diesel/CNG/Hybrid,40
2026-04-01,Gujarat,JOHN DEERE INDIA PVT LTD(TRACTOR DEVISION),Petrol/Diesel/CNG/Hybrid,27
2026-05-01,Gujarat,JOHN DEERE INDIA PVT LTD(TRACTOR DEVISION),Petrol/Diesel/CNG/Hybrid,28
2026-06-01,Gujarat,JOHN DEERE INDIA PVT LTD(TRACTOR DEVISION),Petrol/Diesel/CNG/Hybrid,18
2026-01-01,Gujarat,JSW MG MOTOR INDIA PVT LTD,Petrol/Diesel/CNG/Hybrid,123
2026-02-01,Gujarat,JSW MG MOTOR INDIA PVT LTD,Petrol/Diesel/CNG/Hybrid,97
2026-03-01,Gujarat,JSW MG MOTOR INDIA PVT LTD,Petrol/Diesel/CNG/Hybrid,93
2026-04-01,Gujarat,JSW MG MOTOR INDIA PVT LTD,Petrol/Diesel/CNG/Hybrid,78
2026-05-01,Gujarat,JSW MG MOTOR INDIA PVT LTD,Petrol/Diesel/CNG/Hybrid,60
2026-06-01,Gujarat,JSW MG MOTOR INDIA PVT LTD,Petrol/Diesel/CNG/Hybrid,101
2026-01-01,Gujarat,KALYANI STEEL WORKS,Petrol/Diesel/CNG/Hybrid,2
2026-02-01,Gujarat,KALYANI STEEL WORKS,Petrol/Diesel/CNG/Hybrid,1
2026-03-01,Gujarat,KALYANI STEEL WORKS,Petrol/Diesel/CNG/Hybrid,2
2026-06-01,Gujarat,KALYANI STEEL WORKS,Petrol/Diesel/CNG/Hybrid,1
2026-01-01,Gujarat,KARTAR TRACTORS PRIVATE LIMITED,Petrol/Diesel/CNG/Hybrid,3
2026-02-01,Gujarat,KASIMI AGRO INDUSTRIES,Petrol/Diesel/CNG/Hybrid,1
2026-01-01,Gujarat,KAVA IRON WORKS,Petrol/Diesel/CNG/Hybrid,1
2026-02-01,Gujarat,KAVA IRON WORKS,Petrol/Diesel/CNG/Hybrid,4
2026-03-01,Gujarat,KAVA IRON WORKS,Petrol/Diesel/CNG/Hybrid,1
2026-04-01,Gujarat,KAVA IRON WORKS,Petrol/Diesel/CNG/Hybrid,5
2026-06-01,Gujarat,KHEDUT AGRO FABS,Petrol/Diesel/CNG/Hybrid,1
2026-01-01,Gujarat,KIA INDIA PRIVATE LIMITED,Petrol/Diesel/CNG/Hybrid,3376
2026-02-01,Gujarat,KIA INDIA PRIVATE LIMITED,Petrol/Diesel/CNG/Hybrid,2587
2026-03-01,Gujarat,KIA INDIA PRIVATE LIMITED,Petrol/Diesel/CNG/Hybrid,3209
2026-04-01,Gujarat,KIA INDIA PRIVATE LIMITED,Petrol/Diesel/CNG/Hybrid,2985
2026-05-01,Gujarat,KIA INDIA PRIVATE LIMITED,Petrol/Diesel/CNG/Hybrid,2418
2026-06-01,Gujarat,KIA INDIA PRIVATE LIMITED,Petrol/Diesel/CNG/Hybrid,1497
2026-04-01,Gujarat,KISAN AGRO INDUSTRIES,Petrol/Diesel/CNG/Hybrid,1
2026-05-01,Gujarat,KISAN AGRO INDUSTRIES,Petrol/Diesel/CNG/Hybrid,1
2026-01-01,Gujarat,KISAN SALES AGENCY,Petrol/Diesel/CNG/Hybrid,5
2026-02-01,Gujarat,KISAN SALES AGENCY,Petrol/Diesel/CNG/Hybrid,5
2026-03-01,Gujarat,KISAN SALES AGENCY,Petrol/Diesel/CNG/Hybrid,4
2026-04-01,Gujarat,KISAN SALES AGENCY,Petrol/Diesel/CNG/Hybrid,7
2026-05-01,Gujarat,KISAN SALES AGENCY,Petrol/Diesel/CNG/Hybrid,1
2026-04-01,Gujarat,KISHAN INDUSTRIES,Petrol/Diesel/CNG/Hybrid,2
2026-06-01,Gujarat,KISHAN INDUSTRIES,Petrol/Diesel/CNG/Hybrid,1
2026-01-01,Gujarat,KUBOTA AGRICULTURAL MACHINERY INDIA PVT.LTD,Petrol/Diesel/CNG/Hybrid,7
2026-02-01,Gujarat,KUBOTA AGRICULTURAL MACHINERY INDIA PVT.LTD,Petrol/Diesel/CNG/Hybrid,6
2026-05-01,Gujarat,KUBOTA AGRICULTURAL MACHINERY INDIA PVT.LTD,Petrol/Diesel/CNG/Hybrid,5
2026-06-01,Gujarat,KUBOTA AGRICULTURAL MACHINERY INDIA PVT.LTD,Petrol/Diesel/CNG/Hybrid,3
2026-01-01,Gujarat,LAXMI ENGINEERING WORKS,Petrol/Diesel/CNG/Hybrid,1
2026-06-01,Gujarat,LAXMI ENGINEERING WORKS,Petrol/Diesel/CNG/Hybrid,1
2026-01-01,Gujarat,LOCAL TRAILER MANUFACTURER,Petrol/Diesel/CNG/Hybrid,31
2026-02-01,Gujarat,LOCAL TRAILER MANUFACTURER,Petrol/Diesel/CNG/Hybrid,37
2026-03-01,Gujarat,LOCAL TRAILER MANUFACTURER,Petrol/Diesel/CNG/Hybrid,9
2026-04-01,Gujarat,LOCAL TRAILER MANUFACTURER,Petrol/Diesel/CNG/Hybrid,15
2026-05-01,Gujarat,LOCAL TRAILER MANUFACTURER,Petrol/Diesel/CNG/Hybrid,5
2026-06-01,Gujarat,LOCAL TRAILER MANUFACTURER,Petrol/Diesel/CNG/Hybrid,7
2026-02-01,Gujarat,MAHADEV ENGG WORKS,Petrol/Diesel/CNG/Hybrid,3
2026-03-01,Gujarat,MAHALAXMI ENG. WORKS,Petrol/Diesel/CNG/Hybrid,1
2026-05-01,Gujarat,MAHALAXMI ENG. WORKS,Petrol/Diesel/CNG/Hybrid,1
2026-06-01,Gujarat,MAHALAXMI ENG. WORKS,Petrol/Diesel/CNG/Hybrid,1
2026-02-01,Gujarat,MAHENDRA INDUSTRIES,Petrol/Diesel/CNG/Hybrid,1
2026-01-01,Gujarat,MAHINDRA & MAHINDRA LIMITED,Petrol/Diesel/CNG/Hybrid,3133
2026-02-01,Gujarat,MAHINDRA & MAHINDRA LIMITED,Petrol/Diesel/CNG/Hybrid,2796
2026-03-01,Gujarat,MAHINDRA & MAHINDRA LIMITED,Petrol/Diesel/CNG/Hybrid,3353
2026-04-01,Gujarat,MAHINDRA & MAHINDRA LIMITED,Petrol/Diesel/CNG/Hybrid,3179
2026-05-01,Gujarat,MAHINDRA & MAHINDRA LIMITED,Petrol/Diesel/CNG/Hybrid,2490
2026-06-01,Gujarat,MAHINDRA & MAHINDRA LIMITED,Petrol/Diesel/CNG/Hybrid,1745
2026-01-01,Gujarat,MAHINDRA & MAHINDRA LIMITED (SWARAJ DIVISION),Petrol/Diesel/CNG/Hybrid,2533
2026-02-01,Gujarat,MAHINDRA & MAHINDRA LIMITED (SWARAJ DIVISION),Petrol/Diesel/CNG/Hybrid,739
2026-03-01,Gujarat,MAHINDRA & MAHINDRA LIMITED (SWARAJ DIVISION),Petrol/Diesel/CNG/Hybrid,147
2026-04-01,Gujarat,MAHINDRA & MAHINDRA LIMITED (SWARAJ DIVISION),Petrol/Diesel/CNG/Hybrid,96
2026-05-01,Gujarat,MAHINDRA & MAHINDRA LIMITED (SWARAJ DIVISION),Petrol/Diesel/CNG/Hybrid,248
2026-06-01,Gujarat,MAHINDRA & MAHINDRA LIMITED (SWARAJ DIVISION),Petrol/Diesel/CNG/Hybrid,433
2026-01-01,Gujarat,MAHINDRA & MAHINDRA LIMITED (TRACTOR),Petrol/Diesel/CNG/Hybrid,3177
2026-02-01,Gujarat,MAHINDRA & MAHINDRA LIMITED (TRACTOR),Petrol/Diesel/CNG/Hybrid,1169
2026-03-01,Gujarat,MAHINDRA & MAHINDRA LIMITED (TRACTOR),Petrol/Diesel/CNG/Hybrid,211
2026-04-01,Gujarat,MAHINDRA & MAHINDRA LIMITED (TRACTOR),Petrol/Diesel/CNG/Hybrid,155
2026-05-01,Gujarat,MAHINDRA & MAHINDRA LIMITED (TRACTOR),Petrol/Diesel/CNG/Hybrid,545
2026-06-01,Gujarat,MAHINDRA & MAHINDRA LIMITED (TRACTOR),Petrol/Diesel/CNG/Hybrid,1257
2026-01-01,Gujarat,MAMTA AGRO INDUSTRIES,Petrol/Diesel/CNG/Hybrid,1
2026-02-01,Gujarat,MAMTA AGRO INDUSTRIES,Petrol/Diesel/CNG/Hybrid,5
2026-05-01,Gujarat,MAMTA AGRO INDUSTRIES,Petrol/Diesel/CNG/Hybrid,1
2026-06-01,Gujarat,MAMTA AGRO INDUSTRIES,Petrol/Diesel/CNG/Hybrid,1
2026-02-01,Gujarat,MARUTI AGRO INDUSTRIES,Petrol/Diesel/CNG/Hybrid,2
2026-04-01,Gujarat,MARUTI AGRO INDUSTRIES,Petrol/Diesel/CNG/Hybrid,1
2026-05-01,Gujarat,MARUTI MECHANICAL WORKS,Petrol/Diesel/CNG/Hybrid,1
2026-01-01,Gujarat,MARUTI SUZUKI INDIA LTD,Petrol/Diesel/CNG/Hybrid,15448
2026-02-01,Gujarat,MARUTI SUZUKI INDIA LTD,Petrol/Diesel/CNG/Hybrid,11061
2026-03-01,Gujarat,MARUTI SUZUKI INDIA LTD,Petrol/Diesel/CNG/Hybrid,12782
2026-04-01,Gujarat,MARUTI SUZUKI INDIA LTD,Petrol/Diesel/CNG/Hybrid,11555
2026-05-01,Gujarat,MARUTI SUZUKI INDIA LTD,Petrol/Diesel/CNG/Hybrid,11868
2026-06-01,Gujarat,MARUTI SUZUKI INDIA LTD,Petrol/Diesel/CNG/Hybrid,6049
2026-02-01,Gujarat,MASERATI S.P.A,Petrol/Diesel/CNG/Hybrid,1
2026-03-01,Gujarat,MASERATI S.P.A,Petrol/Diesel/CNG/Hybrid,2
2026-06-01,Gujarat,MASERATI S.P.A,Petrol/Diesel/CNG/Hybrid,1
2026-01-01,Gujarat,MERCEDES-BENZ AG,Petrol/Diesel/CNG/Hybrid,4
2026-02-01,Gujarat,MERCEDES-BENZ AG,Petrol/Diesel/CNG/Hybrid,6
2026-03-01,Gujarat,MERCEDES-BENZ AG,Petrol/Diesel/CNG/Hybrid,9
2026-04-01,Gujarat,MERCEDES-BENZ AG,Petrol/Diesel/CNG/Hybrid,10
2026-05-01,Gujarat,MERCEDES-BENZ AG,Petrol/Diesel/CNG/Hybrid,3
2026-06-01,Gujarat,MERCEDES-BENZ AG,Petrol/Diesel/CNG/Hybrid,7
2026-01-01,Gujarat,MERCEDES-BENZ INDIA PVT LTD,Petrol/Diesel/CNG/Hybrid,142
2026-02-01,Gujarat,MERCEDES-BENZ INDIA PVT LTD,Petrol/Diesel/CNG/Hybrid,122
2026-03-01,Gujarat,MERCEDES-BENZ INDIA PVT LTD,Petrol/Diesel/CNG/Hybrid,147
2026-04-01,Gujarat,MERCEDES-BENZ INDIA PVT LTD,Petrol/Diesel/CNG/Hybrid,119
2026-05-01,Gujarat,MERCEDES-BENZ INDIA PVT LTD,Petrol/Diesel/CNG/Hybrid,82
2026-06-01,Gujarat,MERCEDES-BENZ INDIA PVT LTD,Petrol/Diesel/CNG/Hybrid,88
2026-01-01,Gujarat,NARMADA CHEMTECH,Petrol/Diesel/CNG/Hybrid,3
2026-02-01,Gujarat,NARMADA CHEMTECH,Petrol/Diesel/CNG/Hybrid,4
2026-03-01,Gujarat,NARMADA CHEMTECH,Petrol/Diesel/CNG/Hybrid,3
2026-04-01,Gujarat,NARMADA CHEMTECH,Petrol/Diesel/CNG/Hybrid,1
2026-05-01,Gujarat,NARMADA CHEMTECH,Petrol/Diesel/CNG/Hybrid,2
2026-06-01,Gujarat,NARMADA CHEMTECH,Petrol/Diesel/CNG/Hybrid,2
2026-01-01,Gujarat,NARMADA IRON WORKS,Petrol/Diesel/CNG/Hybrid,1
2026-06-01,Gujarat,NAVDURGA ENGINEERING WORKS,Petrol/Diesel/CNG/Hybrid,1
2026-04-01,Gujarat,NAVDURGA MECHANIC WORKS,Petrol/Diesel/CNG/Hybrid,1
2026-01-01,Gujarat,NEW BHARAT AGRICULTURAL WORKS,Petrol/Diesel/CNG/Hybrid,7
2026-02-01,Gujarat,NEW BHARAT AGRICULTURAL WORKS,Petrol/Diesel/CNG/Hybrid,9
2026-03-01,Gujarat,NEW BHARAT AGRICULTURAL WORKS,Petrol/Diesel/CNG/Hybrid,3
2026-04-01,Gujarat,NEW BHARAT AGRICULTURAL WORKS,Petrol/Diesel/CNG/Hybrid,14
2026-05-01,Gujarat,NEW BHARAT AGRICULTURAL WORKS,Petrol/Diesel/CNG/Hybrid,2
2026-06-01,Gujarat,NEW BHARAT AGRICULTURAL WORKS,Petrol/Diesel/CNG/Hybrid,2
2026-02-01,Gujarat,NEW CHAMUNDA WELDING WORKS,Petrol/Diesel/CNG/Hybrid,1
2026-03-01,Gujarat,NEW CHAMUNDA WELDING WORKS,Petrol/Diesel/CNG/Hybrid,2
2026-04-01,Gujarat,NEW CHAMUNDA WELDING WORKS,Petrol/Diesel/CNG/Hybrid,2
2026-04-01,Gujarat,NEW SHIVAM AGRICULTURE WORKS,Petrol/Diesel/CNG/Hybrid,2
2026-01-01,Gujarat,NEW TEJAS ENGINEERING WORKS,Petrol/Diesel/CNG/Hybrid,7
2026-02-01,Gujarat,NEW TEJAS ENGINEERING WORKS,Petrol/Diesel/CNG/Hybrid,9
2026-04-01,Gujarat,NEW TEJAS ENGINEERING WORKS,Petrol/Diesel/CNG/Hybrid,1
2026-05-01,Gujarat,NEW TEJAS ENGINEERING WORKS,Petrol/Diesel/CNG/Hybrid,4
2026-01-01,Gujarat,NEW UMIYA TRAILER INDUSTRIES,Petrol/Diesel/CNG/Hybrid,5
2026-02-01,Gujarat,NEW UMIYA TRAILER INDUSTRIES,Petrol/Diesel/CNG/Hybrid,1
2026-01-01,Gujarat,NILKANTH AGRICULTURE,Petrol/Diesel/CNG/Hybrid,2
2026-02-01,Gujarat,NILKANTH AGRICULTURE,Petrol/Diesel/CNG/Hybrid,3
2026-03-01,Gujarat,NILKANTH AGRICULTURE,Petrol/Diesel/CNG/Hybrid,3
2026-02-01,Gujarat,NILKANTH TRAILOR,Petrol/Diesel/CNG/Hybrid,3
2026-03-01,Gujarat,NILKANTH TRAILOR,Petrol/Diesel/CNG/Hybrid,1
2026-05-01,Gujarat,NILKANTH TRAILOR,Petrol/Diesel/CNG/Hybrid,2
2026-01-01,Gujarat,NISSAN MOTOR INDIA PVT LTD,Petrol/Diesel/CNG/Hybrid,158
2026-02-01,Gujarat,NISSAN MOTOR INDIA PVT LTD,Petrol/Diesel/CNG/Hybrid,97
2026-03-01,Gujarat,NISSAN MOTOR INDIA PVT LTD,Petrol/Diesel/CNG/Hybrid,177
2026-04-01,Gujarat,NISSAN MOTOR INDIA PVT LTD,Petrol/Diesel/CNG/Hybrid,160
2026-05-01,Gujarat,NISSAN MOTOR INDIA PVT LTD,Petrol/Diesel/CNG/Hybrid,155
2026-06-01,Gujarat,NISSAN MOTOR INDIA PVT LTD,Petrol/Diesel/CNG/Hybrid,79
2026-02-01,Gujarat,OM INDUSTRIES,Petrol/Diesel/CNG/Hybrid,2
2026-04-01,Gujarat,OM INDUSTRIES,Petrol/Diesel/CNG/Hybrid,2
2026-06-01,Gujarat,OM INDUSTRIES,Petrol/Diesel/CNG/Hybrid,2
2026-02-01,Gujarat,OTHERS,Petrol/Diesel/CNG/Hybrid,1
2026-03-01,Gujarat,OTHERS,Petrol/Diesel/CNG/Hybrid,1
2026-01-01,Gujarat,PANCHAL ENGG WORKS,Petrol/Diesel/CNG/Hybrid,3
2026-02-01,Gujarat,PANCHAL ENGG WORKS,Petrol/Diesel/CNG/Hybrid,1
2026-04-01,Gujarat,PANCHAL ENGG WORKS,Petrol/Diesel/CNG/Hybrid,2
2026-01-01,Gujarat,PARAS AGRO PRODUCTS,Petrol/Diesel/CNG/Hybrid,1
2026-04-01,Gujarat,PARAS AGRO PRODUCTS,Petrol/Diesel/CNG/Hybrid,1
2026-02-01,Gujarat,PARAS ENGG WORKS,Petrol/Diesel/CNG/Hybrid,3
2026-03-01,Gujarat,PARAS ENGG WORKS,Petrol/Diesel/CNG/Hybrid,2
2026-04-01,Gujarat,PARAS ENGG WORKS,Petrol/Diesel/CNG/Hybrid,1
2026-05-01,Gujarat,PARAS ENGG WORKS,Petrol/Diesel/CNG/Hybrid,2
2026-02-01,Gujarat,PARESH TRAILER,Petrol/Diesel/CNG/Hybrid,1
2026-05-01,Gujarat,PARESH TRAILER,Petrol/Diesel/CNG/Hybrid,1
2026-05-01,Gujarat,PATEL AGRICULTURE WORKS,Petrol/Diesel/CNG/Hybrid,1
2026-05-01,Gujarat,PAVANPUTRA INDUSTRIES,Petrol/Diesel/CNG/Hybrid,1
2026-02-01,Gujarat,PERFECT TRAILER,Petrol/Diesel/CNG/Hybrid,4
2026-04-01,Gujarat,PERFECT TRAILER,Petrol/Diesel/CNG/Hybrid,1
2026-05-01,Gujarat,POONAM AGRO INDUSTRIES,Petrol/Diesel/CNG/Hybrid,1
2026-01-01,Gujarat,PORSCHE AG GERMANY,Petrol/Diesel/CNG/Hybrid,6
2026-02-01,Gujarat,PORSCHE AG GERMANY,Petrol/Diesel/CNG/Hybrid,5
2026-03-01,Gujarat,PORSCHE AG GERMANY,Petrol/Diesel/CNG/Hybrid,4
2026-04-01,Gujarat,PORSCHE AG GERMANY,Petrol/Diesel/CNG/Hybrid,3
2026-05-01,Gujarat,PORSCHE AG GERMANY,Petrol/Diesel/CNG/Hybrid,1
2026-06-01,Gujarat,PORSCHE AG GERMANY,Petrol/Diesel/CNG/Hybrid,2
2026-01-01,Gujarat,PREET TRACTORS PVT LTD,Petrol/Diesel/CNG/Hybrid,4
2026-02-01,Gujarat,PREET TRACTORS PVT LTD,Petrol/Diesel/CNG/Hybrid,2
2026-04-01,Gujarat,PREET TRACTORS PVT LTD,Petrol/Diesel/CNG/Hybrid,1
2026-05-01,Gujarat,PREET TRACTORS PVT LTD,Petrol/Diesel/CNG/Hybrid,1
2026-01-01,Gujarat,RADHE KISAN ENGG WORKS,Petrol/Diesel/CNG/Hybrid,4
2026-02-01,Gujarat,RADHE KISAN ENGG WORKS,Petrol/Diesel/CNG/Hybrid,3
2026-03-01,Gujarat,RADHE KISAN ENGG WORKS,Petrol/Diesel/CNG/Hybrid,4
2026-04-01,Gujarat,RADHE KISAN ENGG WORKS,Petrol/Diesel/CNG/Hybrid,2
2026-05-01,Gujarat,RADHE KISAN ENGG WORKS,Petrol/Diesel/CNG/Hybrid,1
2026-01-01,Gujarat,RAJ SHAKTI AGRO INDUSTRIES,Petrol/Diesel/CNG/Hybrid,1
2026-02-01,Gujarat,RAJ SHAKTI AGRO INDUSTRIES,Petrol/Diesel/CNG/Hybrid,1
2026-04-01,Gujarat,RAJ SHAKTI AGRO INDUSTRIES,Petrol/Diesel/CNG/Hybrid,1
2026-03-01,Gujarat,RAM VIJAY AGRO INDUSTRIES,Petrol/Diesel/CNG/Hybrid,3
2026-04-01,Gujarat,RAM VIJAY AGRO INDUSTRIES,Petrol/Diesel/CNG/Hybrid,3
2026-06-01,Gujarat,RAM VIJAY AGRO INDUSTRIES,Petrol/Diesel/CNG/Hybrid,2
2026-01-01,Gujarat,RENAULT INDIA PVT LTD,Petrol/Diesel/CNG/Hybrid,148
2026-02-01,Gujarat,RENAULT INDIA PVT LTD,Petrol/Diesel/CNG/Hybrid,101
2026-03-01,Gujarat,RENAULT INDIA PVT LTD,Petrol/Diesel/CNG/Hybrid,122
2026-04-01,Gujarat,RENAULT INDIA PVT LTD,Petrol/Diesel/CNG/Hybrid,169
2026-05-01,Gujarat,RENAULT INDIA PVT LTD,Petrol/Diesel/CNG/Hybrid,132
2026-06-01,Gujarat,RENAULT INDIA PVT LTD,Petrol/Diesel/CNG/Hybrid,85
2026-01-01,Gujarat,SADGURU AGRO INDUSTRIES,Petrol/Diesel/CNG/Hybrid,1
2026-06-01,Gujarat,SADGURU AGRO INDUSTRIES,Petrol/Diesel/CNG/Hybrid,1
2026-01-01,Gujarat,SAI RAJ AGRO INDUSTRIES,Petrol/Diesel/CNG/Hybrid,17
2026-02-01,Gujarat,SAI RAJ AGRO INDUSTRIES,Petrol/Diesel/CNG/Hybrid,5
2026-03-01,Gujarat,SAI RAJ AGRO INDUSTRIES,Petrol/Diesel/CNG/Hybrid,1
2026-04-01,Gujarat,SAI RAJ AGRO INDUSTRIES,Petrol/Diesel/CNG/Hybrid,6
2026-05-01,Gujarat,SAI RAJ AGRO INDUSTRIES,Petrol/Diesel/CNG/Hybrid,3
2026-06-01,Gujarat,SAI RAJ AGRO INDUSTRIES,Petrol/Diesel/CNG/Hybrid,2
2026-01-01,Gujarat,SAMAY AGRO INDUSTRIES,Petrol/Diesel/CNG/Hybrid,1
2026-02-01,Gujarat,SAMAY AGRO INDUSTRIES,Petrol/Diesel/CNG/Hybrid,2
2026-03-01,Gujarat,SAMAY AGRO INDUSTRIES,Petrol/Diesel/CNG/Hybrid,2
2026-04-01,Gujarat,SAMAY AGRO INDUSTRIES,Petrol/Diesel/CNG/Hybrid,1
2026-01-01,Gujarat,SAME DEUTZ-FAHR INDIA (P) LTD,Petrol/Diesel/CNG/Hybrid,15
2026-02-01,Gujarat,SAME DEUTZ-FAHR INDIA (P) LTD,Petrol/Diesel/CNG/Hybrid,11
2026-03-01,Gujarat,SAME DEUTZ-FAHR INDIA (P) LTD,Petrol/Diesel/CNG/Hybrid,1
2026-06-01,Gujarat,SAME DEUTZ-FAHR INDIA (P) LTD,Petrol/Diesel/CNG/Hybrid,1
2026-02-01,Gujarat,SANTKRUPA ENGINEERING WORKS,Petrol/Diesel/CNG/Hybrid,6
2026-03-01,Gujarat,SANTKRUPA ENGINEERING WORKS,Petrol/Diesel/CNG/Hybrid,9
2026-04-01,Gujarat,SANTKRUPA ENGINEERING WORKS,Petrol/Diesel/CNG/Hybrid,4
2026-05-01,Gujarat,SANTKRUPA ENGINEERING WORKS,Petrol/Diesel/CNG/Hybrid,1
2026-01-01,Gujarat,SANTKRUPA MACHINE TOOLS,Petrol/Diesel/CNG/Hybrid,23
2026-02-01,Gujarat,SANTKRUPA MACHINE TOOLS,Petrol/Diesel/CNG/Hybrid,21
2026-03-01,Gujarat,SANTKRUPA MACHINE TOOLS,Petrol/Diesel/CNG/Hybrid,2
2026-04-01,Gujarat,SANTKRUPA MACHINE TOOLS,Petrol/Diesel/CNG/Hybrid,8
2026-05-01,Gujarat,SANTKRUPA MACHINE TOOLS,Petrol/Diesel/CNG/Hybrid,7
2026-06-01,Gujarat,SANTKRUPA MACHINE TOOLS,Petrol/Diesel/CNG/Hybrid,3
2026-04-01,Gujarat,SHAKTI ENGG WORKS,Petrol/Diesel/CNG/Hybrid,1
2026-01-01,Gujarat,SHAKTI INDUSTRIES,Petrol/Diesel/CNG/Hybrid,2
2026-05-01,Gujarat,SHIV AGRICULTURE,Petrol/Diesel/CNG/Hybrid,1
2026-04-01,Gujarat,SHIV AGRO INDUSTRIES,Petrol/Diesel/CNG/Hybrid,1
2026-03-01,Gujarat,SHIV SHAKTI AGRO INDUSTRIES,Petrol/Diesel/CNG/Hybrid,1
2026-01-01,Gujarat,SHIV SHAKTI ENG. WORKS,Petrol/Diesel/CNG/Hybrid,1
2026-02-01,Gujarat,SHIV SHAKTI ENG. WORKS,Petrol/Diesel/CNG/Hybrid,4
2026-04-01,Gujarat,SHIV SHAKTI ENG. WORKS,Petrol/Diesel/CNG/Hybrid,1
2026-06-01,Gujarat,SHIV SHAKTI ENG. WORKS,Petrol/Diesel/CNG/Hybrid,1
2026-02-01,Gujarat,SHIV SHAKTI FABRICATION,Petrol/Diesel/CNG/Hybrid,1
2026-02-01,Gujarat,SHIV SHAKTI MECHANICAL WORKS,Petrol/Diesel/CNG/Hybrid,2
2026-03-01,Gujarat,SHIV SHAKTI MECHANICAL WORKS,Petrol/Diesel/CNG/Hybrid,1
2026-05-01,Gujarat,SHIV SHAKTI MECHANICAL WORKS,Petrol/Diesel/CNG/Hybrid,1
2026-01-01,Gujarat,SHIVAM AGRICULTURE WORKS,Petrol/Diesel/CNG/Hybrid,20
2026-02-01,Gujarat,SHIVAM AGRICULTURE WORKS,Petrol/Diesel/CNG/Hybrid,15
2026-03-01,Gujarat,SHIVAM AGRICULTURE WORKS,Petrol/Diesel/CNG/Hybrid,20
2026-04-01,Gujarat,SHIVAM AGRICULTURE WORKS,Petrol/Diesel/CNG/Hybrid,26
2026-05-01,Gujarat,SHIVAM AGRICULTURE WORKS,Petrol/Diesel/CNG/Hybrid,8
2026-06-01,Gujarat,SHIVAM AGRICULTURE WORKS,Petrol/Diesel/CNG/Hybrid,9
2026-02-01,Gujarat,SHIVAM ENGINEERING WORKS,Petrol/Diesel/CNG/Hybrid,2
2026-03-01,Gujarat,SHIVAM ENGINEERING WORKS,Petrol/Diesel/CNG/Hybrid,1
2026-04-01,Gujarat,SHIVAM ENGINEERING WORKS,Petrol/Diesel/CNG/Hybrid,1
2026-01-01,Gujarat,SHREE AMBIKA ENGG WORKS,Petrol/Diesel/CNG/Hybrid,7
2026-02-01,Gujarat,SHREE AMBIKA ENGG WORKS,Petrol/Diesel/CNG/Hybrid,2
2026-03-01,Gujarat,SHREE AMBIKA ENGG WORKS,Petrol/Diesel/CNG/Hybrid,1
2026-04-01,Gujarat,SHREE AMBIKA ENGG WORKS,Petrol/Diesel/CNG/Hybrid,1
2026-05-01,Gujarat,SHREE AMBIKA ENGG WORKS,Petrol/Diesel/CNG/Hybrid,1
2026-01-01,Gujarat,SHREE ASHAPURI TRAILER WORKS,Petrol/Diesel/CNG/Hybrid,1
2026-02-01,Gujarat,SHREE ASHAPURI TRAILER WORKS,Petrol/Diesel/CNG/Hybrid,3
2026-03-01,Gujarat,SHREE ASHAPURI TRAILER WORKS,Petrol/Diesel/CNG/Hybrid,1
2026-04-01,Gujarat,SHREE ASHAPURI TRAILER WORKS,Petrol/Diesel/CNG/Hybrid,2
2026-01-01,Gujarat,SHREE BHOJAL INDUSTRIES,Petrol/Diesel/CNG/Hybrid,2
2026-01-01,Gujarat,SHREE CHAMUNDA WELDING WORKS,Petrol/Diesel/CNG/Hybrid,2
2026-02-01,Gujarat,SHREE CHAMUNDA WELDING WORKS,Petrol/Diesel/CNG/Hybrid,4
2026-03-01,Gujarat,SHREE CHAMUNDA WELDING WORKS,Petrol/Diesel/CNG/Hybrid,1
2026-03-01,Gujarat,SHREE DHARTI AGRICULTURE WORKS,Petrol/Diesel/CNG/Hybrid,1
2026-01-01,Gujarat,SHREE DIPESHWARI INDUSTRIES,Petrol/Diesel/CNG/Hybrid,2
2026-02-01,Gujarat,SHREE DIPESHWARI INDUSTRIES,Petrol/Diesel/CNG/Hybrid,1
2026-01-01,Gujarat,SHREE GOKUL INDUSTRIES,Petrol/Diesel/CNG/Hybrid,1
2026-02-01,Gujarat,SHREE GOKUL INDUSTRIES,Petrol/Diesel/CNG/Hybrid,14
2026-03-01,Gujarat,SHREE GOKUL INDUSTRIES,Petrol/Diesel/CNG/Hybrid,5
2026-04-01,Gujarat,SHREE GOKUL INDUSTRIES,Petrol/Diesel/CNG/Hybrid,4
2026-06-01,Gujarat,SHREE GOKUL INDUSTRIES,Petrol/Diesel/CNG/Hybrid,2
2026-01-01,Gujarat,SHREE GURUKRUPA AGRO INDUSTRIES,Petrol/Diesel/CNG/Hybrid,1
2026-06-01,Gujarat,SHREE GURUKRUPA AGRO INDUSTRIES,Petrol/Diesel/CNG/Hybrid,1
2026-01-01,Gujarat,SHREE KHODAL AGRO INDUSTRIES,Petrol/Diesel/CNG/Hybrid,7
2026-02-01,Gujarat,SHREE KHODAL AGRO INDUSTRIES,Petrol/Diesel/CNG/Hybrid,2
2026-03-01,Gujarat,SHREE KHODAL AGRO INDUSTRIES,Petrol/Diesel/CNG/Hybrid,1
2026-05-01,Gujarat,SHREE KHODAL AGRO INDUSTRIES,Petrol/Diesel/CNG/Hybrid,2
2026-06-01,Gujarat,SHREE KHODAL AGRO INDUSTRIES,Petrol/Diesel/CNG/Hybrid,23
2026-01-01,Gujarat,SHREE KULDEVI AGRO INDUSTRIES,Petrol/Diesel/CNG/Hybrid,1
2026-02-01,Gujarat,SHREE KULDEVI AGRO INDUSTRIES,Petrol/Diesel/CNG/Hybrid,1
2026-03-01,Gujarat,SHREE KULDEVI AGRO INDUSTRIES,Petrol/Diesel/CNG/Hybrid,2
2026-05-01,Gujarat,SHREE KULDEVI AGRO INDUSTRIES,Petrol/Diesel/CNG/Hybrid,2
2026-04-01,Gujarat,SHREE MAHALAXMI AGRO INDUSTRIES,Petrol/Diesel/CNG/Hybrid,2
2026-05-01,Gujarat,SHREE MAHALAXMI AGRO INDUSTRIES,Petrol/Diesel/CNG/Hybrid,5
2026-01-01,Gujarat,SHREE MAHALAXMI AGRO WORKS,Petrol/Diesel/CNG/Hybrid,2
2026-02-01,Gujarat,SHREE MAHALAXMI AGRO WORKS,Petrol/Diesel/CNG/Hybrid,3
2026-03-01,Gujarat,SHREE MAHALAXMI AGRO WORKS,Petrol/Diesel/CNG/Hybrid,1
2026-04-01,Gujarat,SHREE MAHALAXMI AGRO WORKS,Petrol/Diesel/CNG/Hybrid,2
2026-05-01,Gujarat,SHREE MAHALAXMI AGRO WORKS,Petrol/Diesel/CNG/Hybrid,1
2026-04-01,Gujarat,SHREE MARUTI AGRO EQUIPMENT,Petrol/Diesel/CNG/Hybrid,2
2026-01-01,Gujarat,SHREE MELADI WELDING WORKS,Petrol/Diesel/CNG/Hybrid,2
2026-02-01,Gujarat,SHREE MELADI WELDING WORKS,Petrol/Diesel/CNG/Hybrid,1
2026-04-01,Gujarat,SHREE MELADI WELDING WORKS,Petrol/Diesel/CNG/Hybrid,4
2026-05-01,Gujarat,SHREE MELADI WELDING WORKS,Petrol/Diesel/CNG/Hybrid,4
2026-05-01,Gujarat,SHREE NAVDURGA INDUSTRIES,Petrol/Diesel/CNG/Hybrid,1
2026-03-01,Gujarat,SHREE PRABHAT AGRO INDUSTRIES,Petrol/Diesel/CNG/Hybrid,2
2026-06-01,Gujarat,SHREE PRABHAT AGRO INDUSTRIES,Petrol/Diesel/CNG/Hybrid,1
2026-01-01,Gujarat,SHREE RAGHURAMKRUPA STEEL,Petrol/Diesel/CNG/Hybrid,2
2026-02-01,Gujarat,SHREE RAGHURAMKRUPA STEEL,Petrol/Diesel/CNG/Hybrid,12
2026-03-01,Gujarat,SHREE RAGHURAMKRUPA STEEL,Petrol/Diesel/CNG/Hybrid,2
2026-04-01,Gujarat,SHREE RAGHURAMKRUPA STEEL,Petrol/Diesel/CNG/Hybrid,2
2026-05-01,Gujarat,SHREE RAGHURAMKRUPA STEEL,Petrol/Diesel/CNG/Hybrid,1
2026-06-01,Gujarat,SHREE RAGHURAMKRUPA STEEL,Petrol/Diesel/CNG/Hybrid,7
2026-01-01,Gujarat,SHREE RAM AGRO INDUSTRIES,Petrol/Diesel/CNG/Hybrid,21
2026-02-01,Gujarat,SHREE RAM AGRO INDUSTRIES,Petrol/Diesel/CNG/Hybrid,18
2026-03-01,Gujarat,SHREE RAM AGRO INDUSTRIES,Petrol/Diesel/CNG/Hybrid,3
2026-04-01,Gujarat,SHREE RAM AGRO INDUSTRIES,Petrol/Diesel/CNG/Hybrid,2
2026-06-01,Gujarat,SHREE RAM AGRO INDUSTRIES,Petrol/Diesel/CNG/Hybrid,14
2026-01-01,Gujarat,SHREE SAI AGRO ENGINEERING WORKS,Petrol/Diesel/CNG/Hybrid,1
2026-02-01,Gujarat,SHREE SAI AGRO ENGINEERING WORKS,Petrol/Diesel/CNG/Hybrid,4
2026-05-01,Gujarat,SHREE SAI AGRO ENGINEERING WORKS,Petrol/Diesel/CNG/Hybrid,1
2026-01-01,Gujarat,SHREE VISHNU KRUSHISADHAN WORKS,Petrol/Diesel/CNG/Hybrid,12
2026-02-01,Gujarat,SHREE VISHNU KRUSHISADHAN WORKS,Petrol/Diesel/CNG/Hybrid,6
2026-03-01,Gujarat,SHREE VISHNU KRUSHISADHAN WORKS,Petrol/Diesel/CNG/Hybrid,2
2026-06-01,Gujarat,SHREE VISHNU KRUSHISADHAN WORKS,Petrol/Diesel/CNG/Hybrid,3
2026-01-01,Gujarat,SHREEJI INDUSTRIES,Petrol/Diesel/CNG/Hybrid,1
2026-02-01,Gujarat,SHREEJI INDUSTRIES,Petrol/Diesel/CNG/Hybrid,3
2026-03-01,Gujarat,SHREEJI INDUSTRIES,Petrol/Diesel/CNG/Hybrid,1
2026-03-01,Gujarat,SHRI SHYAM ENGG WORKS,Petrol/Diesel/CNG/Hybrid,1
2026-01-01,Gujarat,SHUBHLAKSHMI AGRO INDUSTRIES,Petrol/Diesel/CNG/Hybrid,1
2026-02-01,Gujarat,SHUBHLAKSHMI AGRO INDUSTRIES,Petrol/Diesel/CNG/Hybrid,3
2026-03-01,Gujarat,SHUBHLAKSHMI AGRO INDUSTRIES,Petrol/Diesel/CNG/Hybrid,1
2026-01-01,Gujarat,SHYAM AGRO INDUSTRIES,Petrol/Diesel/CNG/Hybrid,2
2026-02-01,Gujarat,SHYAM AGRO INDUSTRIES,Petrol/Diesel/CNG/Hybrid,2
2026-01-01,Gujarat,SHYAM ENGG WORKS,Petrol/Diesel/CNG/Hybrid,10
2026-02-01,Gujarat,SHYAM ENGG WORKS,Petrol/Diesel/CNG/Hybrid,10
2026-03-01,Gujarat,SHYAM ENGG WORKS,Petrol/Diesel/CNG/Hybrid,2
2026-05-01,Gujarat,SHYAM ENGG WORKS,Petrol/Diesel/CNG/Hybrid,1
2026-06-01,Gujarat,SHYAM ENGG WORKS,Petrol/Diesel/CNG/Hybrid,2
2026-02-01,Gujarat,SIYARAM TRAILORS,Petrol/Diesel/CNG/Hybrid,1
2026-02-01,Gujarat,SKODA AUTO AS,Petrol/Diesel/CNG/Hybrid,2
2026-01-01,Gujarat,SKODA AUTO VOLKSWAGEN INDIA PVT LTD,Petrol/Diesel/CNG/Hybrid,781
2026-02-01,Gujarat,SKODA AUTO VOLKSWAGEN INDIA PVT LTD,Petrol/Diesel/CNG/Hybrid,590
2026-03-01,Gujarat,SKODA AUTO VOLKSWAGEN INDIA PVT LTD,Petrol/Diesel/CNG/Hybrid,749
2026-04-01,Gujarat,SKODA AUTO VOLKSWAGEN INDIA PVT LTD,Petrol/Diesel/CNG/Hybrid,665
2026-05-01,Gujarat,SKODA AUTO VOLKSWAGEN INDIA PVT LTD,Petrol/Diesel/CNG/Hybrid,535
2026-06-01,Gujarat,SKODA AUTO VOLKSWAGEN INDIA PVT LTD,Petrol/Diesel/CNG/Hybrid,335
2026-01-01,Gujarat,SOLANKI MECHANICAL WORKS,Petrol/Diesel/CNG/Hybrid,1
2026-02-01,Gujarat,SONAL INDUSTRIES,Petrol/Diesel/CNG/Hybrid,1
2026-02-01,Gujarat,SONALIKA INTERNATIONAL TRACTORS LIMITED,Petrol/Diesel/CNG/Hybrid,1
2026-01-01,Gujarat,STANDARD CORPORATION INDIA LTD,Petrol/Diesel/CNG/Hybrid,2
2026-01-01,Gujarat,STELLANTIS AUTOMOBILES INDIA PVT LTD,Petrol/Diesel/CNG/Hybrid,50
2026-02-01,Gujarat,STELLANTIS AUTOMOBILES INDIA PVT LTD,Petrol/Diesel/CNG/Hybrid,41
2026-03-01,Gujarat,STELLANTIS AUTOMOBILES INDIA PVT LTD,Petrol/Diesel/CNG/Hybrid,42
2026-04-01,Gujarat,STELLANTIS AUTOMOBILES INDIA PVT LTD,Petrol/Diesel/CNG/Hybrid,53
2026-05-01,Gujarat,STELLANTIS AUTOMOBILES INDIA PVT LTD,Petrol/Diesel/CNG/Hybrid,36
2026-06-01,Gujarat,STELLANTIS AUTOMOBILES INDIA PVT LTD,Petrol/Diesel/CNG/Hybrid,18
2026-01-01,Gujarat,STELLANTIS INDIA PVT LTD,Petrol/Diesel/CNG/Hybrid,32
2026-02-01,Gujarat,STELLANTIS INDIA PVT LTD,Petrol/Diesel/CNG/Hybrid,14
2026-03-01,Gujarat,STELLANTIS INDIA PVT LTD,Petrol/Diesel/CNG/Hybrid,25
2026-04-01,Gujarat,STELLANTIS INDIA PVT LTD,Petrol/Diesel/CNG/Hybrid,26
2026-05-01,Gujarat,STELLANTIS INDIA PVT LTD,Petrol/Diesel/CNG/Hybrid,15
2026-06-01,Gujarat,STELLANTIS INDIA PVT LTD,Petrol/Diesel/CNG/Hybrid,13
2026-01-01,Gujarat,SWASTIK ENGINEERING WORKS,Petrol/Diesel/CNG/Hybrid,1
2026-02-01,Gujarat,SWASTIK ENGINEERING WORKS,Petrol/Diesel/CNG/Hybrid,2
2026-03-01,Gujarat,SWASTIK ENGINEERING WORKS,Petrol/Diesel/CNG/Hybrid,1
2026-02-01,Gujarat,SWASTIK INDUSTRIES,Petrol/Diesel/CNG/Hybrid,2
2026-03-01,Gujarat,SWASTIK INDUSTRIES,Petrol/Diesel/CNG/Hybrid,1
2026-04-01,Gujarat,SWASTIK INDUSTRIES,Petrol/Diesel/CNG/Hybrid,3
2026-06-01,Gujarat,SWASTIK INDUSTRIES,Petrol/Diesel/CNG/Hybrid,1
2026-01-01,Gujarat,TAFE LIMITED,Petrol/Diesel/CNG/Hybrid,2950
2026-02-01,Gujarat,TAFE LIMITED,Petrol/Diesel/CNG/Hybrid,815
2026-03-01,Gujarat,TAFE LIMITED,Petrol/Diesel/CNG/Hybrid,95
2026-04-01,Gujarat,TAFE LIMITED,Petrol/Diesel/CNG/Hybrid,62
2026-05-01,Gujarat,TAFE LIMITED,Petrol/Diesel/CNG/Hybrid,166
2026-06-01,Gujarat,TAFE LIMITED,Petrol/Diesel/CNG/Hybrid,353
2026-01-01,Gujarat,TATA MOTORS LTD,Petrol/Diesel/CNG/Hybrid,6
2026-02-01,Gujarat,TATA MOTORS LTD,Petrol/Diesel/CNG/Hybrid,9
2026-03-01,Gujarat,TATA MOTORS LTD,Petrol/Diesel/CNG/Hybrid,3
2026-04-01,Gujarat,TATA MOTORS LTD,Petrol/Diesel/CNG/Hybrid,4
2026-05-01,Gujarat,TATA MOTORS LTD,Petrol/Diesel/CNG/Hybrid,4
2026-06-01,Gujarat,TATA MOTORS LTD,Petrol/Diesel/CNG/Hybrid,2
2026-01-01,Gujarat,TATA MOTORS PASSENGER VEHICLES LTD,Petrol/Diesel/CNG/Hybrid,3885
2026-02-01,Gujarat,TATA MOTORS PASSENGER VEHICLES LTD,Petrol/Diesel/CNG/Hybrid,4104
2026-03-01,Gujarat,TATA MOTORS PASSENGER VEHICLES LTD,Petrol/Diesel/CNG/Hybrid,4512
2026-04-01,Gujarat,TATA MOTORS PASSENGER VEHICLES LTD,Petrol/Diesel/CNG/Hybrid,3999
2026-05-01,Gujarat,TATA MOTORS PASSENGER VEHICLES LTD,Petrol/Diesel/CNG/Hybrid,3096
2026-06-01,Gujarat,TATA MOTORS PASSENGER VEHICLES LTD,Petrol/Diesel/CNG/Hybrid,1386
2026-01-01,Gujarat,TATA PASSENGER ELECTRIC MOBILITY LTD,Petrol/Diesel/CNG/Hybrid,2
2026-02-01,Gujarat,TATA PASSENGER ELECTRIC MOBILITY LTD,Petrol/Diesel/CNG/Hybrid,1
2026-01-01,Gujarat,TOYOTA KIRLOSKAR MOTOR PVT LTD,Petrol/Diesel/CNG/Hybrid,2796
2026-02-01,Gujarat,TOYOTA KIRLOSKAR MOTOR PVT LTD,Petrol/Diesel/CNG/Hybrid,2224
2026-03-01,Gujarat,TOYOTA KIRLOSKAR MOTOR PVT LTD,Petrol/Diesel/CNG/Hybrid,2346
2026-04-01,Gujarat,TOYOTA KIRLOSKAR MOTOR PVT LTD,Petrol/Diesel/CNG/Hybrid,2134
2026-05-01,Gujarat,TOYOTA KIRLOSKAR MOTOR PVT LTD,Petrol/Diesel/CNG/Hybrid,1824
2026-06-01,Gujarat,TOYOTA KIRLOSKAR MOTOR PVT LTD,Petrol/Diesel/CNG/Hybrid,1453
2026-01-01,Gujarat,V P AUTOMOBILES,Petrol/Diesel/CNG/Hybrid,2
2026-06-01,Gujarat,V P AUTOMOBILES,Petrol/Diesel/CNG/Hybrid,3
2026-01-01,Gujarat,V.S.T. TILLERS TRACTORS LIMITED,Petrol/Diesel/CNG/Hybrid,91
2026-02-01,Gujarat,V.S.T. TILLERS TRACTORS LIMITED,Petrol/Diesel/CNG/Hybrid,55
2026-03-01,Gujarat,V.S.T. TILLERS TRACTORS LIMITED,Petrol/Diesel/CNG/Hybrid,6
2026-04-01,Gujarat,V.S.T. TILLERS TRACTORS LIMITED,Petrol/Diesel/CNG/Hybrid,2
2026-05-01,Gujarat,V.S.T. TILLERS TRACTORS LIMITED,Petrol/Diesel/CNG/Hybrid,20
2026-06-01,Gujarat,V.S.T. TILLERS TRACTORS LIMITED,Petrol/Diesel/CNG/Hybrid,91
2026-02-01,Gujarat,VAGHESHWARI FABRICATION,Petrol/Diesel/CNG/Hybrid,1
2026-03-01,Gujarat,VAGHESHWARI FABRICATION,Petrol/Diesel/CNG/Hybrid,1
2026-05-01,Gujarat,VAGHESHWARI FABRICATION,Petrol/Diesel/CNG/Hybrid,1
2026-01-01,Gujarat,VAIBHAV ENGG. WORKS,Petrol/Diesel/CNG/Hybrid,1
2026-02-01,Gujarat,VAIBHAV ENGG. WORKS,Petrol/Diesel/CNG/Hybrid,1
2026-04-01,Gujarat,VAIBHAV ENGG. WORKS,Petrol/Diesel/CNG/Hybrid,1
2026-01-01,Gujarat,VE COMMERCIAL VEHICLES LTD,Petrol/Diesel/CNG/Hybrid,1
2026-02-01,Gujarat,VEGAD ENTERPRISE,Petrol/Diesel/CNG/Hybrid,1
2026-02-01,Gujarat,VIJAY TROLLY WORKS,Petrol/Diesel/CNG/Hybrid,3
2026-02-01,Gujarat,VIKAS ENGG WORKS,Petrol/Diesel/CNG/Hybrid,1
2026-01-01,Gujarat,VINAYAK AGRO INDUSTRIES,Petrol/Diesel/CNG/Hybrid,5
2026-02-01,Gujarat,VINAYAK AGRO INDUSTRIES,Petrol/Diesel/CNG/Hybrid,9
2026-05-01,Gujarat,VINAYAK AGRO INDUSTRIES,Petrol/Diesel/CNG/Hybrid,1
2026-06-01,Gujarat,VINAYAK AGRO INDUSTRIES,Petrol/Diesel/CNG/Hybrid,4
2026-04-01,Gujarat,VISHWA SANJAY TRAILOR,Petrol/Diesel/CNG/Hybrid,1
2026-05-01,Gujarat,VISHWA SANJAY TRAILOR,Petrol/Diesel/CNG/Hybrid,1
2026-06-01,Gujarat,VISHWA SANJAY TRAILOR,Petrol/Diesel/CNG/Hybrid,1
2026-01-01,Gujarat,VOLKSWAGEN AG,Petrol/Diesel/CNG/Hybrid,6
2026-02-01,Gujarat,VOLKSWAGEN AG,Petrol/Diesel/CNG/Hybrid,3
2026-03-01,Gujarat,VOLKSWAGEN AG,Petrol/Diesel/CNG/Hybrid,2
2026-04-01,Gujarat,VOLKSWAGEN AG,Petrol/Diesel/CNG/Hybrid,7
2026-05-01,Gujarat,VOLKSWAGEN AG,Petrol/Diesel/CNG/Hybrid,2
2026-01-01,Gujarat,VOLVO AUTO INDIA PVT LTD,Petrol/Diesel/CNG/Hybrid,12
2026-02-01,Gujarat,VOLVO AUTO INDIA PVT LTD,Petrol/Diesel/CNG/Hybrid,16
2026-03-01,Gujarat,VOLVO AUTO INDIA PVT LTD,Petrol/Diesel/CNG/Hybrid,19
2026-04-01,Gujarat,VOLVO AUTO INDIA PVT LTD,Petrol/Diesel/CNG/Hybrid,23
2026-05-01,Gujarat,VOLVO AUTO INDIA PVT LTD,Petrol/Diesel/CNG/Hybrid,5
2026-06-01,Gujarat,VOLVO AUTO INDIA PVT LTD,Petrol/Diesel/CNG/Hybrid,7
2026-02-01,Gujarat,VRUNDAVAN ENGG WORKS,Petrol/Diesel/CNG/Hybrid,1
2026-01-01,Gujarat,VST ZETOR PVT LTD,Petrol/Diesel/CNG/Hybrid,2
2026-02-01,Gujarat,VST ZETOR PVT LTD,Petrol/Diesel/CNG/Hybrid,1
2026-02-01,Gujarat,YOGI AGRO INDUSTRIES,Petrol/Diesel/CNG/Hybrid,1
2026-06-01,Gujarat,YOGI AGRO INDUSTRIES,Petrol/Diesel/CNG/Hybrid,7
2026-01-01,Haryana,ACTION CONSTRUCTION EQUIPMENT LTD,Petrol/Diesel/CNG/Hybrid,1
2026-02-01,Haryana,ACTION CONSTRUCTION EQUIPMENT LTD,Petrol/Diesel/CNG/Hybrid,8
2026-03-01,Haryana,ACTION CONSTRUCTION EQUIPMENT LTD,Petrol/Diesel/CNG/Hybrid,7
2026-04-01,Haryana,ACTION CONSTRUCTION EQUIPMENT LTD,Petrol/Diesel/CNG/Hybrid,2
2026-05-01,Haryana,ACTION CONSTRUCTION EQUIPMENT LTD,Petrol/Diesel/CNG/Hybrid,6
2026-06-01,Haryana,ACTION CONSTRUCTION EQUIPMENT LTD,Petrol/Diesel/CNG/Hybrid,1
2026-01-01,Haryana,ADICO ESCORTS AGRI EQUIPMENTS PVT. LTD,Petrol/Diesel/CNG/Hybrid,6
2026-02-01,Haryana,ADICO ESCORTS AGRI EQUIPMENTS PVT. LTD,Petrol/Diesel/CNG/Hybrid,6
2026-03-01,Haryana,ADICO ESCORTS AGRI EQUIPMENTS PVT. LTD,Petrol/Diesel/CNG/Hybrid,10
2026-04-01,Haryana,ADICO ESCORTS AGRI EQUIPMENTS PVT. LTD,Petrol/Diesel/CNG/Hybrid,4
2026-05-01,Haryana,ADICO ESCORTS AGRI EQUIPMENTS PVT. LTD,Petrol/Diesel/CNG/Hybrid,3
2026-06-01,Haryana,ADICO ESCORTS AGRI EQUIPMENTS PVT. LTD,Petrol/Diesel/CNG/Hybrid,3
2026-03-01,Haryana,AJAY ENGINEERING AND AGRICULTURAL EQUIPMENT CO,Petrol/Diesel/CNG/Hybrid,1
2026-03-01,Haryana,ALL TERRAIN CRANE,Petrol/Diesel/CNG/Hybrid,2
2026-02-01,Haryana,ASHOK LEYLAND LTD,Petrol/Diesel/CNG/Hybrid,1
2026-05-01,Haryana,ASHOK LEYLAND LTD,Petrol/Diesel/CNG/Hybrid,1
2026-05-01,Haryana,ASTON MARTIN LAGONDA LTD,Petrol/Diesel/CNG/Hybrid,1
2026-01-01,Haryana,AUDI AG,Petrol/Diesel/CNG/Hybrid,5
2026-02-01,Haryana,AUDI AG,Petrol/Diesel/CNG/Hybrid,1
2026-03-01,Haryana,AUDI AG,Petrol/Diesel/CNG/Hybrid,1
2026-04-01,Haryana,AUDI AG,Petrol/Diesel/CNG/Hybrid,1
2026-05-01,Haryana,AUTOMOBILI LAMBORGHINI S.P.A,Petrol/Diesel/CNG/Hybrid,2
2026-01-01,Haryana,BMW INDIA PVT LTD,Petrol/Diesel/CNG/Hybrid,125
2026-02-01,Haryana,BMW INDIA PVT LTD,Petrol/Diesel/CNG/Hybrid,101
2026-03-01,Haryana,BMW INDIA PVT LTD,Petrol/Diesel/CNG/Hybrid,75
2026-04-01,Haryana,BMW INDIA PVT LTD,Petrol/Diesel/CNG/Hybrid,113
2026-05-01,Haryana,BMW INDIA PVT LTD,Petrol/Diesel/CNG/Hybrid,92
2026-06-01,Haryana,BMW INDIA PVT LTD,Petrol/Diesel/CNG/Hybrid,53
2026-01-01,Haryana,CASE NEW HOLLAND CONSTRUCTION EQUIPMENT(I) PVT LTD,Petrol/Diesel/CNG/Hybrid,1
2026-02-01,Haryana,CASE NEW HOLLAND CONSTRUCTION EQUIPMENT(I) PVT LTD,Petrol/Diesel/CNG/Hybrid,1
2026-03-01,Haryana,CASE NEW HOLLAND CONSTRUCTION EQUIPMENT(I) PVT LTD,Petrol/Diesel/CNG/Hybrid,3
2026-04-01,Haryana,CASE NEW HOLLAND CONSTRUCTION EQUIPMENT(I) PVT LTD,Petrol/Diesel/CNG/Hybrid,1
2026-05-01,Haryana,CASE NEW HOLLAND CONSTRUCTION EQUIPMENT(I) PVT LTD,Petrol/Diesel/CNG/Hybrid,2
2026-06-01,Haryana,CASE NEW HOLLAND CONSTRUCTION EQUIPMENT(I) PVT LTD,Petrol/Diesel/CNG/Hybrid,1
2026-01-01,Haryana,CNH INDUSTRIAL (INDIA) PVT LTD,Petrol/Diesel/CNG/Hybrid,534
2026-02-01,Haryana,CNH INDUSTRIAL (INDIA) PVT LTD,Petrol/Diesel/CNG/Hybrid,489
2026-03-01,Haryana,CNH INDUSTRIAL (INDIA) PVT LTD,Petrol/Diesel/CNG/Hybrid,617
2026-04-01,Haryana,CNH INDUSTRIAL (INDIA) PVT LTD,Petrol/Diesel/CNG/Hybrid,522
2026-05-01,Haryana,CNH INDUSTRIAL (INDIA) PVT LTD,Petrol/Diesel/CNG/Hybrid,435
2026-06-01,Haryana,CNH INDUSTRIAL (INDIA) PVT LTD,Petrol/Diesel/CNG/Hybrid,375
2026-02-01,Haryana,CONMAT HEAVY INDUSTRIES PVT LTD,Petrol/Diesel/CNG/Hybrid,3
2026-04-01,Haryana,CONMAT HEAVY INDUSTRIES PVT LTD,Petrol/Diesel/CNG/Hybrid,1
2026-05-01,Haryana,CONMAT HEAVY INDUSTRIES PVT LTD,Petrol/Diesel/CNG/Hybrid,1
2026-05-01,Haryana,DAIMLER INDIA COMMERCIAL VEHICLES PVT. LTD,Petrol/Diesel/CNG/Hybrid,1
2026-01-01,Haryana,EICHER TRACTORS,Petrol/Diesel/CNG/Hybrid,412
2026-02-01,Haryana,EICHER TRACTORS,Petrol/Diesel/CNG/Hybrid,344
2026-03-01,Haryana,EICHER TRACTORS,Petrol/Diesel/CNG/Hybrid,405
2026-04-01,Haryana,EICHER TRACTORS,Petrol/Diesel/CNG/Hybrid,462
2026-05-01,Haryana,EICHER TRACTORS,Petrol/Diesel/CNG/Hybrid,415
2026-06-01,Haryana,EICHER TRACTORS,Petrol/Diesel/CNG/Hybrid,181
2026-01-01,Haryana,ESCORTS KUBOTA LIMITED (AGRI MACHINERY GROUP),Petrol/Diesel/CNG/Hybrid,1017
2026-02-01,Haryana,ESCORTS KUBOTA LIMITED (AGRI MACHINERY GROUP),Petrol/Diesel/CNG/Hybrid,888
2026-03-01,Haryana,ESCORTS KUBOTA LIMITED (AGRI MACHINERY GROUP),Petrol/Diesel/CNG/Hybrid,896
2026-04-01,Haryana,ESCORTS KUBOTA LIMITED (AGRI MACHINERY GROUP),Petrol/Diesel/CNG/Hybrid,877
2026-05-01,Haryana,ESCORTS KUBOTA LIMITED (AGRI MACHINERY GROUP),Petrol/Diesel/CNG/Hybrid,1007
2026-06-01,Haryana,ESCORTS KUBOTA LIMITED (AGRI MACHINERY GROUP),Petrol/Diesel/CNG/Hybrid,653
2026-01-01,Haryana,FORCE MOTORS LIMITED,Petrol/Diesel/CNG/Hybrid,8
2026-02-01,Haryana,FORCE MOTORS LIMITED,Petrol/Diesel/CNG/Hybrid,5
2026-03-01,Haryana,FORCE MOTORS LIMITED,Petrol/Diesel/CNG/Hybrid,6
2026-04-01,Haryana,FORCE MOTORS LIMITED,Petrol/Diesel/CNG/Hybrid,8
2026-05-01,Haryana,FORCE MOTORS LIMITED,Petrol/Diesel/CNG/Hybrid,7
2026-06-01,Haryana,FORCE MOTORS LIMITED,Petrol/Diesel/CNG/Hybrid,5
2026-01-01,Haryana,FORD INDIA PVT LTD,Petrol/Diesel/CNG/Hybrid,1
2026-03-01,Haryana,GENERAL MOTORS INDIA PVT LTD,Petrol/Diesel/CNG/Hybrid,1
2026-02-01,Haryana,GROVE INDIA PVT LTD,Petrol/Diesel/CNG/Hybrid,1
2026-01-01,Haryana,HONDA CARS INDIA LTD,Petrol/Diesel/CNG/Hybrid,531
2026-02-01,Haryana,HONDA CARS INDIA LTD,Petrol/Diesel/CNG/Hybrid,351
2026-03-01,Haryana,HONDA CARS INDIA LTD,Petrol/Diesel/CNG/Hybrid,424
2026-04-01,Haryana,HONDA CARS INDIA LTD,Petrol/Diesel/CNG/Hybrid,439
2026-05-01,Haryana,HONDA CARS INDIA LTD,Petrol/Diesel/CNG/Hybrid,358
2026-06-01,Haryana,HONDA CARS INDIA LTD,Petrol/Diesel/CNG/Hybrid,152
2026-01-01,Haryana,HONDA MOTORCYCLE AND SCOOTER INDIA (P) LTD,Petrol/Diesel/CNG/Hybrid,1
2026-01-01,Haryana,HYUNDAI MOTOR INDIA LTD,Petrol/Diesel/CNG/Hybrid,4234
2026-02-01,Haryana,HYUNDAI MOTOR INDIA LTD,Petrol/Diesel/CNG/Hybrid,3070
2026-03-01,Haryana,HYUNDAI MOTOR INDIA LTD,Petrol/Diesel/CNG/Hybrid,3076
2026-04-01,Haryana,HYUNDAI MOTOR INDIA LTD,Petrol/Diesel/CNG/Hybrid,2956
2026-05-01,Haryana,HYUNDAI MOTOR INDIA LTD,Petrol/Diesel/CNG/Hybrid,2798
2026-06-01,Haryana,HYUNDAI MOTOR INDIA LTD,Petrol/Diesel/CNG/Hybrid,1304
2026-01-01,Haryana,INDO FARM EQUIPMENT LIMITED,Petrol/Diesel/CNG/Hybrid,43
2026-02-01,Haryana,INDO FARM EQUIPMENT LIMITED,Petrol/Diesel/CNG/Hybrid,36
2026-03-01,Haryana,INDO FARM EQUIPMENT LIMITED,Petrol/Diesel/CNG/Hybrid,15
2026-04-01,Haryana,INDO FARM EQUIPMENT LIMITED,Petrol/Diesel/CNG/Hybrid,35
2026-05-01,Haryana,INDO FARM EQUIPMENT LIMITED,Petrol/Diesel/CNG/Hybrid,25
2026-06-01,Haryana,INDO FARM EQUIPMENT LIMITED,Petrol/Diesel/CNG/Hybrid,29
2026-01-01,Haryana,INTERNATIONAL TRACTORS LIMITED,Petrol/Diesel/CNG/Hybrid,977
2026-02-01,Haryana,INTERNATIONAL TRACTORS LIMITED,Petrol/Diesel/CNG/Hybrid,815
2026-03-01,Haryana,INTERNATIONAL TRACTORS LIMITED,Petrol/Diesel/CNG/Hybrid,815
2026-04-01,Haryana,INTERNATIONAL TRACTORS LIMITED,Petrol/Diesel/CNG/Hybrid,925
2026-05-01,Haryana,INTERNATIONAL TRACTORS LIMITED,Petrol/Diesel/CNG/Hybrid,856
2026-06-01,Haryana,INTERNATIONAL TRACTORS LIMITED,Petrol/Diesel/CNG/Hybrid,576
2026-01-01,Haryana,ISUZU MOTORS INDIA PVT LTD,Petrol/Diesel/CNG/Hybrid,9
2026-02-01,Haryana,ISUZU MOTORS INDIA PVT LTD,Petrol/Diesel/CNG/Hybrid,15
2026-03-01,Haryana,ISUZU MOTORS INDIA PVT LTD,Petrol/Diesel/CNG/Hybrid,6
2026-04-01,Haryana,ISUZU MOTORS INDIA PVT LTD,Petrol/Diesel/CNG/Hybrid,10
2026-05-01,Haryana,ISUZU MOTORS INDIA PVT LTD,Petrol/Diesel/CNG/Hybrid,2
2026-06-01,Haryana,ISUZU MOTORS INDIA PVT LTD,Petrol/Diesel/CNG/Hybrid,5
2026-01-01,Haryana,JAGUAR LAND ROVER INDIA LIMITED,Petrol/Diesel/CNG/Hybrid,42
2026-02-01,Haryana,JAGUAR LAND ROVER INDIA LIMITED,Petrol/Diesel/CNG/Hybrid,47
2026-03-01,Haryana,JAGUAR LAND ROVER INDIA LIMITED,Petrol/Diesel/CNG/Hybrid,42
2026-04-01,Haryana,JAGUAR LAND ROVER INDIA LIMITED,Petrol/Diesel/CNG/Hybrid,42
2026-05-01,Haryana,JAGUAR LAND ROVER INDIA LIMITED,Petrol/Diesel/CNG/Hybrid,31
2026-06-01,Haryana,JAGUAR LAND ROVER INDIA LIMITED,Petrol/Diesel/CNG/Hybrid,14
2026-01-01,Haryana,JCB INDIA LIMITED,Petrol/Diesel/CNG/Hybrid,2
2026-02-01,Haryana,JCB INDIA LIMITED,Petrol/Diesel/CNG/Hybrid,5
2026-03-01,Haryana,JCB INDIA LIMITED,Petrol/Diesel/CNG/Hybrid,1
2026-04-01,Haryana,JCB INDIA LIMITED,Petrol/Diesel/CNG/Hybrid,10
2026-05-01,Haryana,JCB INDIA LIMITED,Petrol/Diesel/CNG/Hybrid,6
2026-06-01,Haryana,JCB INDIA LIMITED,Petrol/Diesel/CNG/Hybrid,1
2026-01-01,Haryana,JOHN DEERE INDIA PVT LTD(TRACTOR DEVISION),Petrol/Diesel/CNG/Hybrid,454
2026-02-01,Haryana,JOHN DEERE INDIA PVT LTD(TRACTOR DEVISION),Petrol/Diesel/CNG/Hybrid,476
2026-03-01,Haryana,JOHN DEERE INDIA PVT LTD(TRACTOR DEVISION),Petrol/Diesel/CNG/Hybrid,364
2026-04-01,Haryana,JOHN DEERE INDIA PVT LTD(TRACTOR DEVISION),Petrol/Diesel/CNG/Hybrid,338
2026-05-01,Haryana,JOHN DEERE INDIA PVT LTD(TRACTOR DEVISION),Petrol/Diesel/CNG/Hybrid,317
2026-06-01,Haryana,JOHN DEERE INDIA PVT LTD(TRACTOR DEVISION),Petrol/Diesel/CNG/Hybrid,337
2026-01-01,Haryana,JSW MG MOTOR INDIA PVT LTD,Petrol/Diesel/CNG/Hybrid,142
2026-02-01,Haryana,JSW MG MOTOR INDIA PVT LTD,Petrol/Diesel/CNG/Hybrid,122
2026-03-01,Haryana,JSW MG MOTOR INDIA PVT LTD,Petrol/Diesel/CNG/Hybrid,126
2026-04-01,Haryana,JSW MG MOTOR INDIA PVT LTD,Petrol/Diesel/CNG/Hybrid,113
2026-05-01,Haryana,JSW MG MOTOR INDIA PVT LTD,Petrol/Diesel/CNG/Hybrid,84
2026-06-01,Haryana,JSW MG MOTOR INDIA PVT LTD,Petrol/Diesel/CNG/Hybrid,40
2026-01-01,Haryana,KARTAR TRACTORS PRIVATE LIMITED,Petrol/Diesel/CNG/Hybrid,7
2026-02-01,Haryana,KARTAR TRACTORS PRIVATE LIMITED,Petrol/Diesel/CNG/Hybrid,6
2026-03-01,Haryana,KARTAR TRACTORS PRIVATE LIMITED,Petrol/Diesel/CNG/Hybrid,1
2026-04-01,Haryana,KARTAR TRACTORS PRIVATE LIMITED,Petrol/Diesel/CNG/Hybrid,6
2026-05-01,Haryana,KARTAR TRACTORS PRIVATE LIMITED,Petrol/Diesel/CNG/Hybrid,3
2026-06-01,Haryana,KARTAR TRACTORS PRIVATE LIMITED,Petrol/Diesel/CNG/Hybrid,1
2026-01-01,Haryana,KIA INDIA PRIVATE LIMITED,Petrol/Diesel/CNG/Hybrid,2006
2026-02-01,Haryana,KIA INDIA PRIVATE LIMITED,Petrol/Diesel/CNG/Hybrid,1715
2026-03-01,Haryana,KIA INDIA PRIVATE LIMITED,Petrol/Diesel/CNG/Hybrid,1708
2026-04-01,Haryana,KIA INDIA PRIVATE LIMITED,Petrol/Diesel/CNG/Hybrid,1658
2026-05-01,Haryana,KIA INDIA PRIVATE LIMITED,Petrol/Diesel/CNG/Hybrid,1669
2026-06-01,Haryana,KIA INDIA PRIVATE LIMITED,Petrol/Diesel/CNG/Hybrid,634
2026-01-01,Haryana,KUBOTA AGRICULTURAL MACHINERY INDIA PVT.LTD,Petrol/Diesel/CNG/Hybrid,1
2026-02-01,Haryana,KUBOTA AGRICULTURAL MACHINERY INDIA PVT.LTD,Petrol/Diesel/CNG/Hybrid,7
2026-03-01,Haryana,KUBOTA AGRICULTURAL MACHINERY INDIA PVT.LTD,Petrol/Diesel/CNG/Hybrid,1
2026-04-01,Haryana,KUBOTA AGRICULTURAL MACHINERY INDIA PVT.LTD,Petrol/Diesel/CNG/Hybrid,2
2026-05-01,Haryana,KUBOTA AGRICULTURAL MACHINERY INDIA PVT.LTD,Petrol/Diesel/CNG/Hybrid,1
2026-06-01,Haryana,KUBOTA AGRICULTURAL MACHINERY INDIA PVT.LTD,Petrol/Diesel/CNG/Hybrid,1
2026-01-01,Haryana,MAHINDRA & MAHINDRA LIMITED,Petrol/Diesel/CNG/Hybrid,4737
2026-02-01,Haryana,MAHINDRA & MAHINDRA LIMITED,Petrol/Diesel/CNG/Hybrid,4017
2026-03-01,Haryana,MAHINDRA & MAHINDRA LIMITED,Petrol/Diesel/CNG/Hybrid,3897
2026-04-01,Haryana,MAHINDRA & MAHINDRA LIMITED,Petrol/Diesel/CNG/Hybrid,3772
2026-05-01,Haryana,MAHINDRA & MAHINDRA LIMITED,Petrol/Diesel/CNG/Hybrid,3800
2026-06-01,Haryana,MAHINDRA & MAHINDRA LIMITED,Petrol/Diesel/CNG/Hybrid,1850
2026-01-01,Haryana,MAHINDRA & MAHINDRA LIMITED (SWARAJ DIVISION),Petrol/Diesel/CNG/Hybrid,978
2026-02-01,Haryana,MAHINDRA & MAHINDRA LIMITED (SWARAJ DIVISION),Petrol/Diesel/CNG/Hybrid,905
2026-03-01,Haryana,MAHINDRA & MAHINDRA LIMITED (SWARAJ DIVISION),Petrol/Diesel/CNG/Hybrid,1203
2026-04-01,Haryana,MAHINDRA & MAHINDRA LIMITED (SWARAJ DIVISION),Petrol/Diesel/CNG/Hybrid,1331
2026-05-01,Haryana,MAHINDRA & MAHINDRA LIMITED (SWARAJ DIVISION),Petrol/Diesel/CNG/Hybrid,1005
2026-06-01,Haryana,MAHINDRA & MAHINDRA LIMITED (SWARAJ DIVISION),Petrol/Diesel/CNG/Hybrid,847
2026-01-01,Haryana,MAHINDRA & MAHINDRA LIMITED (TRACTOR),Petrol/Diesel/CNG/Hybrid,621
2026-02-01,Haryana,MAHINDRA & MAHINDRA LIMITED (TRACTOR),Petrol/Diesel/CNG/Hybrid,532
2026-03-01,Haryana,MAHINDRA & MAHINDRA LIMITED (TRACTOR),Petrol/Diesel/CNG/Hybrid,578
2026-04-01,Haryana,MAHINDRA & MAHINDRA LIMITED (TRACTOR),Petrol/Diesel/CNG/Hybrid,534
2026-05-01,Haryana,MAHINDRA & MAHINDRA LIMITED (TRACTOR),Petrol/Diesel/CNG/Hybrid,577
2026-06-01,Haryana,MAHINDRA & MAHINDRA LIMITED (TRACTOR),Petrol/Diesel/CNG/Hybrid,373
2026-01-01,Haryana,MARUTI SUZUKI INDIA LTD,Petrol/Diesel/CNG/Hybrid,12680
2026-02-01,Haryana,MARUTI SUZUKI INDIA LTD,Petrol/Diesel/CNG/Hybrid,9401
2026-03-01,Haryana,MARUTI SUZUKI INDIA LTD,Petrol/Diesel/CNG/Hybrid,10361
2026-04-01,Haryana,MARUTI SUZUKI INDIA LTD,Petrol/Diesel/CNG/Hybrid,9479
2026-05-01,Haryana,MARUTI SUZUKI INDIA LTD,Petrol/Diesel/CNG/Hybrid,10525
2026-06-01,Haryana,MARUTI SUZUKI INDIA LTD,Petrol/Diesel/CNG/Hybrid,5345
2026-05-01,Haryana,MASERATI S.P.A,Petrol/Diesel/CNG/Hybrid,2
2026-01-01,Haryana,MERCEDES-BENZ AG,Petrol/Diesel/CNG/Hybrid,5
2026-02-01,Haryana,MERCEDES-BENZ AG,Petrol/Diesel/CNG/Hybrid,13
2026-03-01,Haryana,MERCEDES-BENZ AG,Petrol/Diesel/CNG/Hybrid,11
2026-04-01,Haryana,MERCEDES-BENZ AG,Petrol/Diesel/CNG/Hybrid,9
2026-05-01,Haryana,MERCEDES-BENZ AG,Petrol/Diesel/CNG/Hybrid,8
2026-06-01,Haryana,MERCEDES-BENZ AG,Petrol/Diesel/CNG/Hybrid,4
2026-01-01,Haryana,MERCEDES-BENZ INDIA PVT LTD,Petrol/Diesel/CNG/Hybrid,178
2026-02-01,Haryana,MERCEDES-BENZ INDIA PVT LTD,Petrol/Diesel/CNG/Hybrid,170
2026-03-01,Haryana,MERCEDES-BENZ INDIA PVT LTD,Petrol/Diesel/CNG/Hybrid,105
2026-04-01,Haryana,MERCEDES-BENZ INDIA PVT LTD,Petrol/Diesel/CNG/Hybrid,132
2026-05-01,Haryana,MERCEDES-BENZ INDIA PVT LTD,Petrol/Diesel/CNG/Hybrid,130
2026-06-01,Haryana,MERCEDES-BENZ INDIA PVT LTD,Petrol/Diesel/CNG/Hybrid,56
2026-01-01,Haryana,NISSAN MOTOR INDIA PVT LTD,Petrol/Diesel/CNG/Hybrid,157
2026-02-01,Haryana,NISSAN MOTOR INDIA PVT LTD,Petrol/Diesel/CNG/Hybrid,78
2026-03-01,Haryana,NISSAN MOTOR INDIA PVT LTD,Petrol/Diesel/CNG/Hybrid,112
2026-04-01,Haryana,NISSAN MOTOR INDIA PVT LTD,Petrol/Diesel/CNG/Hybrid,148
2026-05-01,Haryana,NISSAN MOTOR INDIA PVT LTD,Petrol/Diesel/CNG/Hybrid,92
2026-06-01,Haryana,NISSAN MOTOR INDIA PVT LTD,Petrol/Diesel/CNG/Hybrid,55
2026-03-01,Haryana,POLARIS INDIA PVT LTD,Petrol/Diesel/CNG/Hybrid,1
2026-01-01,Haryana,PORSCHE AG GERMANY,Petrol/Diesel/CNG/Hybrid,3
2026-02-01,Haryana,PORSCHE AG GERMANY,Petrol/Diesel/CNG/Hybrid,1
2026-03-01,Haryana,PORSCHE AG GERMANY,Petrol/Diesel/CNG/Hybrid,1
2026-04-01,Haryana,PORSCHE AG GERMANY,Petrol/Diesel/CNG/Hybrid,4
2026-05-01,Haryana,PORSCHE AG GERMANY,Petrol/Diesel/CNG/Hybrid,6
2026-06-01,Haryana,PORSCHE AG GERMANY,Petrol/Diesel/CNG/Hybrid,3
2026-01-01,Haryana,PREET TRACTORS PVT LTD,Petrol/Diesel/CNG/Hybrid,25
2026-02-01,Haryana,PREET TRACTORS PVT LTD,Petrol/Diesel/CNG/Hybrid,12
2026-03-01,Haryana,PREET TRACTORS PVT LTD,Petrol/Diesel/CNG/Hybrid,21
2026-04-01,Haryana,PREET TRACTORS PVT LTD,Petrol/Diesel/CNG/Hybrid,26
2026-05-01,Haryana,PREET TRACTORS PVT LTD,Petrol/Diesel/CNG/Hybrid,29
2026-06-01,Haryana,PREET TRACTORS PVT LTD,Petrol/Diesel/CNG/Hybrid,12
2026-01-01,Haryana,RENAULT INDIA PVT LTD,Petrol/Diesel/CNG/Hybrid,193
2026-02-01,Haryana,RENAULT INDIA PVT LTD,Petrol/Diesel/CNG/Hybrid,115
2026-03-01,Haryana,RENAULT INDIA PVT LTD,Petrol/Diesel/CNG/Hybrid,132
2026-04-01,Haryana,RENAULT INDIA PVT LTD,Petrol/Diesel/CNG/Hybrid,164
2026-05-01,Haryana,RENAULT INDIA PVT LTD,Petrol/Diesel/CNG/Hybrid,166
2026-06-01,Haryana,RENAULT INDIA PVT LTD,Petrol/Diesel/CNG/Hybrid,83
2026-01-01,Haryana,SAME DEUTZ-FAHR INDIA (P) LTD,Petrol/Diesel/CNG/Hybrid,5
2026-02-01,Haryana,SAME DEUTZ-FAHR INDIA (P) LTD,Petrol/Diesel/CNG/Hybrid,5
2026-03-01,Haryana,SAME DEUTZ-FAHR INDIA (P) LTD,Petrol/Diesel/CNG/Hybrid,2
2026-04-01,Haryana,SAME DEUTZ-FAHR INDIA (P) LTD,Petrol/Diesel/CNG/Hybrid,7
2026-05-01,Haryana,SAME DEUTZ-FAHR INDIA (P) LTD,Petrol/Diesel/CNG/Hybrid,2
2026-06-01,Haryana,SAME DEUTZ-FAHR INDIA (P) LTD,Petrol/Diesel/CNG/Hybrid,2
2026-01-01,Haryana,SKODA AUTO VOLKSWAGEN INDIA PVT LTD,Petrol/Diesel/CNG/Hybrid,827
2026-02-01,Haryana,SKODA AUTO VOLKSWAGEN INDIA PVT LTD,Petrol/Diesel/CNG/Hybrid,570
2026-03-01,Haryana,SKODA AUTO VOLKSWAGEN INDIA PVT LTD,Petrol/Diesel/CNG/Hybrid,605
2026-04-01,Haryana,SKODA AUTO VOLKSWAGEN INDIA PVT LTD,Petrol/Diesel/CNG/Hybrid,629
2026-05-01,Haryana,SKODA AUTO VOLKSWAGEN INDIA PVT LTD,Petrol/Diesel/CNG/Hybrid,547
2026-06-01,Haryana,SKODA AUTO VOLKSWAGEN INDIA PVT LTD,Petrol/Diesel/CNG/Hybrid,248
2026-03-01,Haryana,SONALIKA INTERNATIONAL TRACTORS LIMITED,Petrol/Diesel/CNG/Hybrid,1
2026-01-01,Haryana,STANDARD CORPORATION INDIA LTD,Petrol/Diesel/CNG/Hybrid,1
2026-02-01,Haryana,STANDARD CORPORATION INDIA LTD,Petrol/Diesel/CNG/Hybrid,1
2026-03-01,Haryana,STANDARD CORPORATION INDIA LTD,Petrol/Diesel/CNG/Hybrid,2
2026-06-01,Haryana,STANDARD CORPORATION INDIA LTD,Petrol/Diesel/CNG/Hybrid,2
2026-01-01,Haryana,STELLANTIS AUTOMOBILES INDIA PVT LTD,Petrol/Diesel/CNG/Hybrid,111
2026-02-01,Haryana,STELLANTIS AUTOMOBILES INDIA PVT LTD,Petrol/Diesel/CNG/Hybrid,61
2026-03-01,Haryana,STELLANTIS AUTOMOBILES INDIA PVT LTD,Petrol/Diesel/CNG/Hybrid,63
2026-04-01,Haryana,STELLANTIS AUTOMOBILES INDIA PVT LTD,Petrol/Diesel/CNG/Hybrid,50
2026-05-01,Haryana,STELLANTIS AUTOMOBILES INDIA PVT LTD,Petrol/Diesel/CNG/Hybrid,25
2026-06-01,Haryana,STELLANTIS AUTOMOBILES INDIA PVT LTD,Petrol/Diesel/CNG/Hybrid,22
2026-01-01,Haryana,STELLANTIS INDIA PVT LTD,Petrol/Diesel/CNG/Hybrid,24
2026-02-01,Haryana,STELLANTIS INDIA PVT LTD,Petrol/Diesel/CNG/Hybrid,16
2026-03-01,Haryana,STELLANTIS INDIA PVT LTD,Petrol/Diesel/CNG/Hybrid,15
2026-04-01,Haryana,STELLANTIS INDIA PVT LTD,Petrol/Diesel/CNG/Hybrid,14
2026-05-01,Haryana,STELLANTIS INDIA PVT LTD,Petrol/Diesel/CNG/Hybrid,16
2026-06-01,Haryana,STELLANTIS INDIA PVT LTD,Petrol/Diesel/CNG/Hybrid,15
2026-01-01,Haryana,TAFE LIMITED,Petrol/Diesel/CNG/Hybrid,181
2026-02-01,Haryana,TAFE LIMITED,Petrol/Diesel/CNG/Hybrid,110
2026-03-01,Haryana,TAFE LIMITED,Petrol/Diesel/CNG/Hybrid,140
2026-04-01,Haryana,TAFE LIMITED,Petrol/Diesel/CNG/Hybrid,229
2026-05-01,Haryana,TAFE LIMITED,Petrol/Diesel/CNG/Hybrid,182
2026-06-01,Haryana,TAFE LIMITED,Petrol/Diesel/CNG/Hybrid,98
2026-01-01,Haryana,TATA MOTORS LTD,Petrol/Diesel/CNG/Hybrid,2
2026-02-01,Haryana,TATA MOTORS LTD,Petrol/Diesel/CNG/Hybrid,4
2026-03-01,Haryana,TATA MOTORS LTD,Petrol/Diesel/CNG/Hybrid,2
2026-05-01,Haryana,TATA MOTORS LTD,Petrol/Diesel/CNG/Hybrid,1
2026-06-01,Haryana,TATA MOTORS LTD,Petrol/Diesel/CNG/Hybrid,2
2026-01-01,Haryana,TATA MOTORS PASSENGER VEHICLES LTD,Petrol/Diesel/CNG/Hybrid,3638
2026-02-01,Haryana,TATA MOTORS PASSENGER VEHICLES LTD,Petrol/Diesel/CNG/Hybrid,3179
2026-03-01,Haryana,TATA MOTORS PASSENGER VEHICLES LTD,Petrol/Diesel/CNG/Hybrid,3185
2026-04-01,Haryana,TATA MOTORS PASSENGER VEHICLES LTD,Petrol/Diesel/CNG/Hybrid,2552
2026-05-01,Haryana,TATA MOTORS PASSENGER VEHICLES LTD,Petrol/Diesel/CNG/Hybrid,2273
2026-06-01,Haryana,TATA MOTORS PASSENGER VEHICLES LTD,Petrol/Diesel/CNG/Hybrid,994
2026-01-01,Haryana,TATA PASSENGER ELECTRIC MOBILITY LTD,Petrol/Diesel/CNG/Hybrid,2
2026-02-01,Haryana,TATA PASSENGER ELECTRIC MOBILITY LTD,Petrol/Diesel/CNG/Hybrid,1
2026-04-01,Haryana,TATA PASSENGER ELECTRIC MOBILITY LTD,Petrol/Diesel/CNG/Hybrid,2
2026-06-01,Haryana,TATA PASSENGER ELECTRIC MOBILITY LTD,Petrol/Diesel/CNG/Hybrid,1
2026-01-01,Haryana,TIRTH AGRO TECHNOLOGY PVT LTD,Petrol/Diesel/CNG/Hybrid,3
2026-03-01,Haryana,TIRTH AGRO TECHNOLOGY PVT LTD,Petrol/Diesel/CNG/Hybrid,8
2026-04-01,Haryana,TIRTH AGRO TECHNOLOGY PVT LTD,Petrol/Diesel/CNG/Hybrid,3
2026-05-01,Haryana,TIRTH AGRO TECHNOLOGY PVT LTD,Petrol/Diesel/CNG/Hybrid,1
2026-06-01,Haryana,TIRTH AGRO TECHNOLOGY PVT LTD,Petrol/Diesel/CNG/Hybrid,1
2026-01-01,Haryana,TOYOTA KIRLOSKAR MOTOR PVT LTD,Petrol/Diesel/CNG/Hybrid,2692
2026-02-01,Haryana,TOYOTA KIRLOSKAR MOTOR PVT LTD,Petrol/Diesel/CNG/Hybrid,2042
2026-03-01,Haryana,TOYOTA KIRLOSKAR MOTOR PVT LTD,Petrol/Diesel/CNG/Hybrid,1918
2026-04-01,Haryana,TOYOTA KIRLOSKAR MOTOR PVT LTD,Petrol/Diesel/CNG/Hybrid,2092
2026-05-01,Haryana,TOYOTA KIRLOSKAR MOTOR PVT LTD,Petrol/Diesel/CNG/Hybrid,2209
2026-06-01,Haryana,TOYOTA KIRLOSKAR MOTOR PVT LTD,Petrol/Diesel/CNG/Hybrid,1149
2026-01-01,Haryana,VOLKSWAGEN AG,Petrol/Diesel/CNG/Hybrid,3
2026-02-01,Haryana,VOLKSWAGEN AG,Petrol/Diesel/CNG/Hybrid,3
2026-03-01,Haryana,VOLKSWAGEN AG,Petrol/Diesel/CNG/Hybrid,1
2026-04-01,Haryana,VOLKSWAGEN AG,Petrol/Diesel/CNG/Hybrid,1
2026-05-01,Haryana,VOLKSWAGEN AG,Petrol/Diesel/CNG/Hybrid,2
2026-06-01,Haryana,VOLKSWAGEN AG,Petrol/Diesel/CNG/Hybrid,1
2026-01-01,Haryana,VOLVO AUTO INDIA PVT LTD,Petrol/Diesel/CNG/Hybrid,20
2026-02-01,Haryana,VOLVO AUTO INDIA PVT LTD,Petrol/Diesel/CNG/Hybrid,9
2026-03-01,Haryana,VOLVO AUTO INDIA PVT LTD,Petrol/Diesel/CNG/Hybrid,9
2026-04-01,Haryana,VOLVO AUTO INDIA PVT LTD,Petrol/Diesel/CNG/Hybrid,8
2026-05-01,Haryana,VOLVO AUTO INDIA PVT LTD,Petrol/Diesel/CNG/Hybrid,9
2026-06-01,Haryana,VOLVO AUTO INDIA PVT LTD,Petrol/Diesel/CNG/Hybrid,5
2026-01-01,Haryana,"XUZHOU CONSTRUCTION MACHINERY GROUP CO. LTD, CHINA",Petrol/Diesel/CNG/Hybrid,1
2026-01-01,Himachal Pradesh,ACTION CONSTRUCTION EQUIPMENT LTD,Petrol/Diesel/CNG/Hybrid,4
2026-02-01,Himachal Pradesh,ACTION CONSTRUCTION EQUIPMENT LTD,Petrol/Diesel/CNG/Hybrid,1
2026-03-01,Himachal Pradesh,ACTION CONSTRUCTION EQUIPMENT LTD,Petrol/Diesel/CNG/Hybrid,1
2026-05-01,Himachal Pradesh,ACTION CONSTRUCTION EQUIPMENT LTD,Petrol/Diesel/CNG/Hybrid,1
2026-06-01,Himachal Pradesh,ACTION CONSTRUCTION EQUIPMENT LTD,Petrol/Diesel/CNG/Hybrid,1
2026-03-01,Himachal Pradesh,AGRI KING TRACTORS & EQUIPMENTS PVT LTD,Petrol/Diesel/CNG/Hybrid,1
2026-05-01,Himachal Pradesh,ASHOK LEYLAND LTD,Petrol/Diesel/CNG/Hybrid,1
2026-03-01,Himachal Pradesh,AUDI AG,Petrol/Diesel/CNG/Hybrid,1
2026-01-01,Himachal Pradesh,AUTOMOBILI LAMBORGHINI S.P.A,Petrol/Diesel/CNG/Hybrid,1
2026-02-01,Himachal Pradesh,AUTOMOBILI LAMBORGHINI S.P.A,Petrol/Diesel/CNG/Hybrid,1
2026-01-01,Himachal Pradesh,BMW INDIA PVT LTD,Petrol/Diesel/CNG/Hybrid,20
2026-02-01,Himachal Pradesh,BMW INDIA PVT LTD,Petrol/Diesel/CNG/Hybrid,14
2026-03-01,Himachal Pradesh,BMW INDIA PVT LTD,Petrol/Diesel/CNG/Hybrid,3
2026-04-01,Himachal Pradesh,BMW INDIA PVT LTD,Petrol/Diesel/CNG/Hybrid,5
2026-05-01,Himachal Pradesh,BMW INDIA PVT LTD,Petrol/Diesel/CNG/Hybrid,4
2026-06-01,Himachal Pradesh,BMW INDIA PVT LTD,Petrol/Diesel/CNG/Hybrid,8
2026-01-01,Himachal Pradesh,CNH INDUSTRIAL (INDIA) PVT LTD,Petrol/Diesel/CNG/Hybrid,13
2026-02-01,Himachal Pradesh,CNH INDUSTRIAL (INDIA) PVT LTD,Petrol/Diesel/CNG/Hybrid,14
2026-03-01,Himachal Pradesh,CNH INDUSTRIAL (INDIA) PVT LTD,Petrol/Diesel/CNG/Hybrid,8
2026-04-01,Himachal Pradesh,CNH INDUSTRIAL (INDIA) PVT LTD,Petrol/Diesel/CNG/Hybrid,15
2026-05-01,Himachal Pradesh,CNH INDUSTRIAL (INDIA) PVT LTD,Petrol/Diesel/CNG/Hybrid,12
2026-06-01,Himachal Pradesh,CNH INDUSTRIAL (INDIA) PVT LTD,Petrol/Diesel/CNG/Hybrid,6
2026-01-01,Himachal Pradesh,ESCORTS KUBOTA LIMITED (AGRI MACHINERY GROUP),Petrol/Diesel/CNG/Hybrid,16
2026-02-01,Himachal Pradesh,ESCORTS KUBOTA LIMITED (AGRI MACHINERY GROUP),Petrol/Diesel/CNG/Hybrid,20
2026-03-01,Himachal Pradesh,ESCORTS KUBOTA LIMITED (AGRI MACHINERY GROUP),Petrol/Diesel/CNG/Hybrid,22
2026-04-01,Himachal Pradesh,ESCORTS KUBOTA LIMITED (AGRI MACHINERY GROUP),Petrol/Diesel/CNG/Hybrid,5
2026-05-01,Himachal Pradesh,ESCORTS KUBOTA LIMITED (AGRI MACHINERY GROUP),Petrol/Diesel/CNG/Hybrid,13
2026-06-01,Himachal Pradesh,ESCORTS KUBOTA LIMITED (AGRI MACHINERY GROUP),Petrol/Diesel/CNG/Hybrid,5
2026-01-01,Himachal Pradesh,FIORI CONCRETE MACHINES INDIA PVT LTD,Petrol/Diesel/CNG/Hybrid,1
2026-03-01,Himachal Pradesh,FIORI CONCRETE MACHINES INDIA PVT LTD,Petrol/Diesel/CNG/Hybrid,2
2026-01-01,Himachal Pradesh,FORCE MOTORS LIMITED,Petrol/Diesel/CNG/Hybrid,2
2026-02-01,Himachal Pradesh,FORCE MOTORS LIMITED,Petrol/Diesel/CNG/Hybrid,1
2026-03-01,Himachal Pradesh,FORCE MOTORS LIMITED,Petrol/Diesel/CNG/Hybrid,3
2026-04-01,Himachal Pradesh,FORCE MOTORS LIMITED,Petrol/Diesel/CNG/Hybrid,2
2026-05-01,Himachal Pradesh,FORCE MOTORS LIMITED,Petrol/Diesel/CNG/Hybrid,2
2026-06-01,Himachal Pradesh,FORCE MOTORS LIMITED,Petrol/Diesel/CNG/Hybrid,1
2026-01-01,Himachal Pradesh,HONDA CARS INDIA LTD,Petrol/Diesel/CNG/Hybrid,69
2026-02-01,Himachal Pradesh,HONDA CARS INDIA LTD,Petrol/Diesel/CNG/Hybrid,60
2026-03-01,Himachal Pradesh,HONDA CARS INDIA LTD,Petrol/Diesel/CNG/Hybrid,42
2026-04-01,Himachal Pradesh,HONDA CARS INDIA LTD,Petrol/Diesel/CNG/Hybrid,66
2026-05-01,Himachal Pradesh,HONDA CARS INDIA LTD,Petrol/Diesel/CNG/Hybrid,58
2026-06-01,Himachal Pradesh,HONDA CARS INDIA LTD,Petrol/Diesel/CNG/Hybrid,23
2026-01-01,Himachal Pradesh,HYUNDAI MOTOR INDIA LTD,Petrol/Diesel/CNG/Hybrid,813
2026-02-01,Himachal Pradesh,HYUNDAI MOTOR INDIA LTD,Petrol/Diesel/CNG/Hybrid,659
2026-03-01,Himachal Pradesh,HYUNDAI MOTOR INDIA LTD,Petrol/Diesel/CNG/Hybrid,557
2026-04-01,Himachal Pradesh,HYUNDAI MOTOR INDIA LTD,Petrol/Diesel/CNG/Hybrid,623
2026-05-01,Himachal Pradesh,HYUNDAI MOTOR INDIA LTD,Petrol/Diesel/CNG/Hybrid,495
2026-06-01,Himachal Pradesh,HYUNDAI MOTOR INDIA LTD,Petrol/Diesel/CNG/Hybrid,247
2026-03-01,Himachal Pradesh,INDO FARM EQUIPMENT LIMITED,Petrol/Diesel/CNG/Hybrid,1
2026-04-01,Himachal Pradesh,INDO FARM EQUIPMENT LIMITED,Petrol/Diesel/CNG/Hybrid,3
2026-01-01,Himachal Pradesh,INTERNATIONAL TRACTORS LIMITED,Petrol/Diesel/CNG/Hybrid,66
2026-02-01,Himachal Pradesh,INTERNATIONAL TRACTORS LIMITED,Petrol/Diesel/CNG/Hybrid,36
2026-03-01,Himachal Pradesh,INTERNATIONAL TRACTORS LIMITED,Petrol/Diesel/CNG/Hybrid,56
2026-04-01,Himachal Pradesh,INTERNATIONAL TRACTORS LIMITED,Petrol/Diesel/CNG/Hybrid,31
2026-05-01,Himachal Pradesh,INTERNATIONAL TRACTORS LIMITED,Petrol/Diesel/CNG/Hybrid,29
2026-06-01,Himachal Pradesh,INTERNATIONAL TRACTORS LIMITED,Petrol/Diesel/CNG/Hybrid,15
2026-01-01,Himachal Pradesh,ISUZU MOTORS INDIA PVT LTD,Petrol/Diesel/CNG/Hybrid,1
2026-02-01,Himachal Pradesh,ISUZU MOTORS INDIA PVT LTD,Petrol/Diesel/CNG/Hybrid,1
2026-03-01,Himachal Pradesh,ISUZU MOTORS INDIA PVT LTD,Petrol/Diesel/CNG/Hybrid,3
2026-04-01,Himachal Pradesh,ISUZU MOTORS INDIA PVT LTD,Petrol/Diesel/CNG/Hybrid,1
2026-05-01,Himachal Pradesh,ISUZU MOTORS INDIA PVT LTD,Petrol/Diesel/CNG/Hybrid,1
2026-06-01,Himachal Pradesh,ISUZU MOTORS INDIA PVT LTD,Petrol/Diesel/CNG/Hybrid,1
2026-01-01,Himachal Pradesh,JAGUAR LAND ROVER INDIA LIMITED,Petrol/Diesel/CNG/Hybrid,13
2026-02-01,Himachal Pradesh,JAGUAR LAND ROVER INDIA LIMITED,Petrol/Diesel/CNG/Hybrid,6
2026-03-01,Himachal Pradesh,JAGUAR LAND ROVER INDIA LIMITED,Petrol/Diesel/CNG/Hybrid,14
2026-04-01,Himachal Pradesh,JAGUAR LAND ROVER INDIA LIMITED,Petrol/Diesel/CNG/Hybrid,12
2026-05-01,Himachal Pradesh,JAGUAR LAND ROVER INDIA LIMITED,Petrol/Diesel/CNG/Hybrid,14
2026-06-01,Himachal Pradesh,JAGUAR LAND ROVER INDIA LIMITED,Petrol/Diesel/CNG/Hybrid,5
2026-05-01,Himachal Pradesh,JCB INDIA LIMITED,Petrol/Diesel/CNG/Hybrid,1
2026-01-01,Himachal Pradesh,JOHN DEERE INDIA PVT LTD(TRACTOR DEVISION),Petrol/Diesel/CNG/Hybrid,6
2026-02-01,Himachal Pradesh,JOHN DEERE INDIA PVT LTD(TRACTOR DEVISION),Petrol/Diesel/CNG/Hybrid,6
2026-03-01,Himachal Pradesh,JOHN DEERE INDIA PVT LTD(TRACTOR DEVISION),Petrol/Diesel/CNG/Hybrid,7
2026-04-01,Himachal Pradesh,JOHN DEERE INDIA PVT LTD(TRACTOR DEVISION),Petrol/Diesel/CNG/Hybrid,5
2026-05-01,Himachal Pradesh,JOHN DEERE INDIA PVT LTD(TRACTOR DEVISION),Petrol/Diesel/CNG/Hybrid,3
2026-06-01,Himachal Pradesh,JOHN DEERE INDIA PVT LTD(TRACTOR DEVISION),Petrol/Diesel/CNG/Hybrid,7
2026-01-01,Himachal Pradesh,JSW MG MOTOR INDIA PVT LTD,Petrol/Diesel/CNG/Hybrid,10
2026-02-01,Himachal Pradesh,JSW MG MOTOR INDIA PVT LTD,Petrol/Diesel/CNG/Hybrid,21
2026-03-01,Himachal Pradesh,JSW MG MOTOR INDIA PVT LTD,Petrol/Diesel/CNG/Hybrid,12
2026-04-01,Himachal Pradesh,JSW MG MOTOR INDIA PVT LTD,Petrol/Diesel/CNG/Hybrid,11
2026-05-01,Himachal Pradesh,JSW MG MOTOR INDIA PVT LTD,Petrol/Diesel/CNG/Hybrid,15
2026-06-01,Himachal Pradesh,JSW MG MOTOR INDIA PVT LTD,Petrol/Diesel/CNG/Hybrid,8
2026-01-01,Himachal Pradesh,KIA INDIA PRIVATE LIMITED,Petrol/Diesel/CNG/Hybrid,198
2026-02-01,Himachal Pradesh,KIA INDIA PRIVATE LIMITED,Petrol/Diesel/CNG/Hybrid,215
2026-03-01,Himachal Pradesh,KIA INDIA PRIVATE LIMITED,Petrol/Diesel/CNG/Hybrid,191
2026-04-01,Himachal Pradesh,KIA INDIA PRIVATE LIMITED,Petrol/Diesel/CNG/Hybrid,230
2026-05-01,Himachal Pradesh,KIA INDIA PRIVATE LIMITED,Petrol/Diesel/CNG/Hybrid,210
2026-06-01,Himachal Pradesh,KIA INDIA PRIVATE LIMITED,Petrol/Diesel/CNG/Hybrid,102
2026-01-01,Himachal Pradesh,MAHINDRA & MAHINDRA LIMITED,Petrol/Diesel/CNG/Hybrid,753
2026-02-01,Himachal Pradesh,MAHINDRA & MAHINDRA LIMITED,Petrol/Diesel/CNG/Hybrid,535
2026-03-01,Himachal Pradesh,MAHINDRA & MAHINDRA LIMITED,Petrol/Diesel/CNG/Hybrid,706
2026-04-01,Himachal Pradesh,MAHINDRA & MAHINDRA LIMITED,Petrol/Diesel/CNG/Hybrid,644
2026-05-01,Himachal Pradesh,MAHINDRA & MAHINDRA LIMITED,Petrol/Diesel/CNG/Hybrid,656
2026-06-01,Himachal Pradesh,MAHINDRA & MAHINDRA LIMITED,Petrol/Diesel/CNG/Hybrid,340
2026-01-01,Himachal Pradesh,MAHINDRA & MAHINDRA LIMITED (SWARAJ DIVISION),Petrol/Diesel/CNG/Hybrid,113
2026-02-01,Himachal Pradesh,MAHINDRA & MAHINDRA LIMITED (SWARAJ DIVISION),Petrol/Diesel/CNG/Hybrid,73
2026-03-01,Himachal Pradesh,MAHINDRA & MAHINDRA LIMITED (SWARAJ DIVISION),Petrol/Diesel/CNG/Hybrid,59
2026-04-01,Himachal Pradesh,MAHINDRA & MAHINDRA LIMITED (SWARAJ DIVISION),Petrol/Diesel/CNG/Hybrid,68
2026-05-01,Himachal Pradesh,MAHINDRA & MAHINDRA LIMITED (SWARAJ DIVISION),Petrol/Diesel/CNG/Hybrid,60
2026-06-01,Himachal Pradesh,MAHINDRA & MAHINDRA LIMITED (SWARAJ DIVISION),Petrol/Diesel/CNG/Hybrid,39
2026-01-01,Himachal Pradesh,MAHINDRA & MAHINDRA LIMITED (TRACTOR),Petrol/Diesel/CNG/Hybrid,78
2026-02-01,Himachal Pradesh,MAHINDRA & MAHINDRA LIMITED (TRACTOR),Petrol/Diesel/CNG/Hybrid,59
2026-03-01,Himachal Pradesh,MAHINDRA & MAHINDRA LIMITED (TRACTOR),Petrol/Diesel/CNG/Hybrid,29
2026-04-01,Himachal Pradesh,MAHINDRA & MAHINDRA LIMITED (TRACTOR),Petrol/Diesel/CNG/Hybrid,41
2026-05-01,Himachal Pradesh,MAHINDRA & MAHINDRA LIMITED (TRACTOR),Petrol/Diesel/CNG/Hybrid,47
2026-06-01,Himachal Pradesh,MAHINDRA & MAHINDRA LIMITED (TRACTOR),Petrol/Diesel/CNG/Hybrid,17
2026-01-01,Himachal Pradesh,MARUTI SUZUKI INDIA LTD,Petrol/Diesel/CNG/Hybrid,2950
2026-02-01,Himachal Pradesh,MARUTI SUZUKI INDIA LTD,Petrol/Diesel/CNG/Hybrid,2117
2026-03-01,Himachal Pradesh,MARUTI SUZUKI INDIA LTD,Petrol/Diesel/CNG/Hybrid,2308
2026-04-01,Himachal Pradesh,MARUTI SUZUKI INDIA LTD,Petrol/Diesel/CNG/Hybrid,2117
2026-05-01,Himachal Pradesh,MARUTI SUZUKI INDIA LTD,Petrol/Diesel/CNG/Hybrid,1848
2026-06-01,Himachal Pradesh,MARUTI SUZUKI INDIA LTD,Petrol/Diesel/CNG/Hybrid,1000
2026-01-01,Himachal Pradesh,MARUTI UDYOG LTD,Petrol/Diesel/CNG/Hybrid,2
2026-03-01,Himachal Pradesh,MARUTI UDYOG LTD,Petrol/Diesel/CNG/Hybrid,1
2026-05-01,Himachal Pradesh,MARUTI UDYOG LTD,Petrol/Diesel/CNG/Hybrid,2
2026-06-01,Himachal Pradesh,MARUTI UDYOG LTD,Petrol/Diesel/CNG/Hybrid,2
2026-01-01,Himachal Pradesh,MASERATI S.P.A,Petrol/Diesel/CNG/Hybrid,1
2026-05-01,Himachal Pradesh,MASERATI S.P.A,Petrol/Diesel/CNG/Hybrid,2
2026-01-01,Himachal Pradesh,MERCEDES-BENZ AG,Petrol/Diesel/CNG/Hybrid,4
2026-02-01,Himachal Pradesh,MERCEDES-BENZ AG,Petrol/Diesel/CNG/Hybrid,2
2026-03-01,Himachal Pradesh,MERCEDES-BENZ AG,Petrol/Diesel/CNG/Hybrid,4
2026-04-01,Himachal Pradesh,MERCEDES-BENZ AG,Petrol/Diesel/CNG/Hybrid,4
2026-05-01,Himachal Pradesh,MERCEDES-BENZ AG,Petrol/Diesel/CNG/Hybrid,2
2026-06-01,Himachal Pradesh,MERCEDES-BENZ AG,Petrol/Diesel/CNG/Hybrid,5
2026-01-01,Himachal Pradesh,MERCEDES-BENZ INDIA PVT LTD,Petrol/Diesel/CNG/Hybrid,50
2026-02-01,Himachal Pradesh,MERCEDES-BENZ INDIA PVT LTD,Petrol/Diesel/CNG/Hybrid,26
2026-03-01,Himachal Pradesh,MERCEDES-BENZ INDIA PVT LTD,Petrol/Diesel/CNG/Hybrid,25
2026-04-01,Himachal Pradesh,MERCEDES-BENZ INDIA PVT LTD,Petrol/Diesel/CNG/Hybrid,36
2026-05-01,Himachal Pradesh,MERCEDES-BENZ INDIA PVT LTD,Petrol/Diesel/CNG/Hybrid,29
2026-06-01,Himachal Pradesh,MERCEDES-BENZ INDIA PVT LTD,Petrol/Diesel/CNG/Hybrid,15
2026-01-01,Himachal Pradesh,NISSAN MOTOR INDIA PVT LTD,Petrol/Diesel/CNG/Hybrid,22
2026-02-01,Himachal Pradesh,NISSAN MOTOR INDIA PVT LTD,Petrol/Diesel/CNG/Hybrid,11
2026-03-01,Himachal Pradesh,NISSAN MOTOR INDIA PVT LTD,Petrol/Diesel/CNG/Hybrid,12
2026-04-01,Himachal Pradesh,NISSAN MOTOR INDIA PVT LTD,Petrol/Diesel/CNG/Hybrid,32
2026-05-01,Himachal Pradesh,NISSAN MOTOR INDIA PVT LTD,Petrol/Diesel/CNG/Hybrid,19
2026-06-01,Himachal Pradesh,NISSAN MOTOR INDIA PVT LTD,Petrol/Diesel/CNG/Hybrid,4
2026-01-01,Himachal Pradesh,PORSCHE AG GERMANY,Petrol/Diesel/CNG/Hybrid,5
2026-02-01,Himachal Pradesh,PORSCHE AG GERMANY,Petrol/Diesel/CNG/Hybrid,3
2026-03-01,Himachal Pradesh,PORSCHE AG GERMANY,Petrol/Diesel/CNG/Hybrid,5
2026-04-01,Himachal Pradesh,PORSCHE AG GERMANY,Petrol/Diesel/CNG/Hybrid,4
2026-05-01,Himachal Pradesh,PORSCHE AG GERMANY,Petrol/Diesel/CNG/Hybrid,3
2026-06-01,Himachal Pradesh,PORSCHE AG GERMANY,Petrol/Diesel/CNG/Hybrid,1
2026-01-01,Himachal Pradesh,PREET TRACTORS PVT LTD,Petrol/Diesel/CNG/Hybrid,3
2026-03-01,Himachal Pradesh,PREET TRACTORS PVT LTD,Petrol/Diesel/CNG/Hybrid,1
2026-04-01,Himachal Pradesh,PREET TRACTORS PVT LTD,Petrol/Diesel/CNG/Hybrid,1
2026-05-01,Himachal Pradesh,PREET TRACTORS PVT LTD,Petrol/Diesel/CNG/Hybrid,2
2026-01-01,Himachal Pradesh,RENAULT INDIA PVT LTD,Petrol/Diesel/CNG/Hybrid,30
2026-02-01,Himachal Pradesh,RENAULT INDIA PVT LTD,Petrol/Diesel/CNG/Hybrid,28
2026-03-01,Himachal Pradesh,RENAULT INDIA PVT LTD,Petrol/Diesel/CNG/Hybrid,15
2026-04-01,Himachal Pradesh,RENAULT INDIA PVT LTD,Petrol/Diesel/CNG/Hybrid,23
2026-05-01,Himachal Pradesh,RENAULT INDIA PVT LTD,Petrol/Diesel/CNG/Hybrid,38
2026-06-01,Himachal Pradesh,RENAULT INDIA PVT LTD,Petrol/Diesel/CNG/Hybrid,25
2026-01-01,Himachal Pradesh,SKODA AUTO VOLKSWAGEN INDIA PVT LTD,Petrol/Diesel/CNG/Hybrid,130
2026-02-01,Himachal Pradesh,SKODA AUTO VOLKSWAGEN INDIA PVT LTD,Petrol/Diesel/CNG/Hybrid,86
2026-03-01,Himachal Pradesh,SKODA AUTO VOLKSWAGEN INDIA PVT LTD,Petrol/Diesel/CNG/Hybrid,81
2026-04-01,Himachal Pradesh,SKODA AUTO VOLKSWAGEN INDIA PVT LTD,Petrol/Diesel/CNG/Hybrid,106
2026-05-01,Himachal Pradesh,SKODA AUTO VOLKSWAGEN INDIA PVT LTD,Petrol/Diesel/CNG/Hybrid,111
2026-06-01,Himachal Pradesh,SKODA AUTO VOLKSWAGEN INDIA PVT LTD,Petrol/Diesel/CNG/Hybrid,50
2026-05-01,Himachal Pradesh,SML MAHINDRA LTD,Petrol/Diesel/CNG/Hybrid,1
2026-06-01,Himachal Pradesh,SML MAHINDRA LTD,Petrol/Diesel/CNG/Hybrid,1
2026-01-01,Himachal Pradesh,STELLANTIS AUTOMOBILES INDIA PVT LTD,Petrol/Diesel/CNG/Hybrid,20
2026-02-01,Himachal Pradesh,STELLANTIS AUTOMOBILES INDIA PVT LTD,Petrol/Diesel/CNG/Hybrid,12
2026-03-01,Himachal Pradesh,STELLANTIS AUTOMOBILES INDIA PVT LTD,Petrol/Diesel/CNG/Hybrid,7
2026-04-01,Himachal Pradesh,STELLANTIS AUTOMOBILES INDIA PVT LTD,Petrol/Diesel/CNG/Hybrid,4
2026-05-01,Himachal Pradesh,STELLANTIS AUTOMOBILES INDIA PVT LTD,Petrol/Diesel/CNG/Hybrid,12
2026-06-01,Himachal Pradesh,STELLANTIS AUTOMOBILES INDIA PVT LTD,Petrol/Diesel/CNG/Hybrid,10
2026-01-01,Himachal Pradesh,STELLANTIS INDIA PVT LTD,Petrol/Diesel/CNG/Hybrid,3
2026-02-01,Himachal Pradesh,STELLANTIS INDIA PVT LTD,Petrol/Diesel/CNG/Hybrid,5
2026-03-01,Himachal Pradesh,STELLANTIS INDIA PVT LTD,Petrol/Diesel/CNG/Hybrid,3
2026-04-01,Himachal Pradesh,STELLANTIS INDIA PVT LTD,Petrol/Diesel/CNG/Hybrid,5
2026-05-01,Himachal Pradesh,STELLANTIS INDIA PVT LTD,Petrol/Diesel/CNG/Hybrid,4
2026-06-01,Himachal Pradesh,STELLANTIS INDIA PVT LTD,Petrol/Diesel/CNG/Hybrid,4
2026-01-01,Himachal Pradesh,TAFE LIMITED,Petrol/Diesel/CNG/Hybrid,7
2026-02-01,Himachal Pradesh,TAFE LIMITED,Petrol/Diesel/CNG/Hybrid,7
2026-03-01,Himachal Pradesh,TAFE LIMITED,Petrol/Diesel/CNG/Hybrid,2
2026-04-01,Himachal Pradesh,TAFE LIMITED,Petrol/Diesel/CNG/Hybrid,3
2026-05-01,Himachal Pradesh,TAFE LIMITED,Petrol/Diesel/CNG/Hybrid,3
2026-06-01,Himachal Pradesh,TAFE LIMITED,Petrol/Diesel/CNG/Hybrid,3
2026-01-01,Himachal Pradesh,TATA MOTORS LTD,Petrol/Diesel/CNG/Hybrid,2
2026-02-01,Himachal Pradesh,TATA MOTORS LTD,Petrol/Diesel/CNG/Hybrid,1
2026-03-01,Himachal Pradesh,TATA MOTORS LTD,Petrol/Diesel/CNG/Hybrid,1
2026-04-01,Himachal Pradesh,TATA MOTORS LTD,Petrol/Diesel/CNG/Hybrid,1
2026-05-01,Himachal Pradesh,TATA MOTORS LTD,Petrol/Diesel/CNG/Hybrid,3
2026-01-01,Himachal Pradesh,TATA MOTORS PASSENGER VEHICLES LTD,Petrol/Diesel/CNG/Hybrid,742
2026-02-01,Himachal Pradesh,TATA MOTORS PASSENGER VEHICLES LTD,Petrol/Diesel/CNG/Hybrid,640
2026-03-01,Himachal Pradesh,TATA MOTORS PASSENGER VEHICLES LTD,Petrol/Diesel/CNG/Hybrid,656
2026-04-01,Himachal Pradesh,TATA MOTORS PASSENGER VEHICLES LTD,Petrol/Diesel/CNG/Hybrid,681
2026-05-01,Himachal Pradesh,TATA MOTORS PASSENGER VEHICLES LTD,Petrol/Diesel/CNG/Hybrid,621
2026-06-01,Himachal Pradesh,TATA MOTORS PASSENGER VEHICLES LTD,Petrol/Diesel/CNG/Hybrid,244
2026-01-01,Himachal Pradesh,TATA PASSENGER ELECTRIC MOBILITY LTD,Petrol/Diesel/CNG/Hybrid,2
2026-02-01,Himachal Pradesh,TATA PASSENGER ELECTRIC MOBILITY LTD,Petrol/Diesel/CNG/Hybrid,1
2026-01-01,Himachal Pradesh,TOYOTA KIRLOSKAR MOTOR PVT LTD,Petrol/Diesel/CNG/Hybrid,334
2026-02-01,Himachal Pradesh,TOYOTA KIRLOSKAR MOTOR PVT LTD,Petrol/Diesel/CNG/Hybrid,292
2026-03-01,Himachal Pradesh,TOYOTA KIRLOSKAR MOTOR PVT LTD,Petrol/Diesel/CNG/Hybrid,261
2026-04-01,Himachal Pradesh,TOYOTA KIRLOSKAR MOTOR PVT LTD,Petrol/Diesel/CNG/Hybrid,279
2026-05-01,Himachal Pradesh,TOYOTA KIRLOSKAR MOTOR PVT LTD,Petrol/Diesel/CNG/Hybrid,275
2026-06-01,Himachal Pradesh,TOYOTA KIRLOSKAR MOTOR PVT LTD,Petrol/Diesel/CNG/Hybrid,161
2026-01-01,Himachal Pradesh,VOLVO AUTO INDIA PVT LTD,Petrol/Diesel/CNG/Hybrid,3
2026-02-01,Himachal Pradesh,VOLVO AUTO INDIA PVT LTD,Petrol/Diesel/CNG/Hybrid,3
2026-03-01,Himachal Pradesh,VOLVO AUTO INDIA PVT LTD,Petrol/Diesel/CNG/Hybrid,5
2026-04-01,Himachal Pradesh,VOLVO AUTO INDIA PVT LTD,Petrol/Diesel/CNG/Hybrid,2
2026-05-01,Himachal Pradesh,VOLVO AUTO INDIA PVT LTD,Petrol/Diesel/CNG/Hybrid,2
2026-06-01,Himachal Pradesh,VOLVO AUTO INDIA PVT LTD,Petrol/Diesel/CNG/Hybrid,1
2026-02-01,Jammu and Kashmir,ACTION CONSTRUCTION EQUIPMENT LTD,Petrol/Diesel/CNG/Hybrid,1
2026-04-01,Jammu and Kashmir,ACTION CONSTRUCTION EQUIPMENT LTD,Petrol/Diesel/CNG/Hybrid,3
2026-01-01,Jammu and Kashmir,AGRI KING TRACTORS & EQUIPMENTS PVT LTD,Petrol/Diesel/CNG/Hybrid,1
2026-01-01,Jammu and Kashmir,BMW INDIA PVT LTD,Petrol/Diesel/CNG/Hybrid,2
2026-02-01,Jammu and Kashmir,BMW INDIA PVT LTD,Petrol/Diesel/CNG/Hybrid,1
2026-03-01,Jammu and Kashmir,BMW INDIA PVT LTD,Petrol/Diesel/CNG/Hybrid,3
2026-04-01,Jammu and Kashmir,BMW INDIA PVT LTD,Petrol/Diesel/CNG/Hybrid,2
2026-05-01,Jammu and Kashmir,BMW INDIA PVT LTD,Petrol/Diesel/CNG/Hybrid,2
2026-01-01,Jammu and Kashmir,CNH INDUSTRIAL (INDIA) PVT LTD,Petrol/Diesel/CNG/Hybrid,34
2026-02-01,Jammu and Kashmir,CNH INDUSTRIAL (INDIA) PVT LTD,Petrol/Diesel/CNG/Hybrid,23
2026-03-01,Jammu and Kashmir,CNH INDUSTRIAL (INDIA) PVT LTD,Petrol/Diesel/CNG/Hybrid,24
2026-04-01,Jammu and Kashmir,CNH INDUSTRIAL (INDIA) PVT LTD,Petrol/Diesel/CNG/Hybrid,33
2026-05-01,Jammu and Kashmir,CNH INDUSTRIAL (INDIA) PVT LTD,Petrol/Diesel/CNG/Hybrid,31
2026-06-01,Jammu and Kashmir,CNH INDUSTRIAL (INDIA) PVT LTD,Petrol/Diesel/CNG/Hybrid,20
2026-01-01,Jammu and Kashmir,EICHER TRACTORS,Petrol/Diesel/CNG/Hybrid,2
2026-02-01,Jammu and Kashmir,EICHER TRACTORS,Petrol/Diesel/CNG/Hybrid,3
2026-03-01,Jammu and Kashmir,EICHER TRACTORS,Petrol/Diesel/CNG/Hybrid,5
2026-04-01,Jammu and Kashmir,EICHER TRACTORS,Petrol/Diesel/CNG/Hybrid,2
2026-05-01,Jammu and Kashmir,EICHER TRACTORS,Petrol/Diesel/CNG/Hybrid,4
2026-06-01,Jammu and Kashmir,EICHER TRACTORS,Petrol/Diesel/CNG/Hybrid,2
2026-01-01,Jammu and Kashmir,ESCORTS KUBOTA LIMITED (AGRI MACHINERY GROUP),Petrol/Diesel/CNG/Hybrid,22
2026-02-01,Jammu and Kashmir,ESCORTS KUBOTA LIMITED (AGRI MACHINERY GROUP),Petrol/Diesel/CNG/Hybrid,34
2026-03-01,Jammu and Kashmir,ESCORTS KUBOTA LIMITED (AGRI MACHINERY GROUP),Petrol/Diesel/CNG/Hybrid,19
2026-04-01,Jammu and Kashmir,ESCORTS KUBOTA LIMITED (AGRI MACHINERY GROUP),Petrol/Diesel/CNG/Hybrid,36
2026-05-01,Jammu and Kashmir,ESCORTS KUBOTA LIMITED (AGRI MACHINERY GROUP),Petrol/Diesel/CNG/Hybrid,26
2026-06-01,Jammu and Kashmir,ESCORTS KUBOTA LIMITED (AGRI MACHINERY GROUP),Petrol/Diesel/CNG/Hybrid,13
2026-03-01,Jammu and Kashmir,FIORI CONCRETE MACHINES INDIA PVT LTD,Petrol/Diesel/CNG/Hybrid,2
2026-01-01,Jammu and Kashmir,FORCE MOTORS LIMITED,Petrol/Diesel/CNG/Hybrid,14
2026-02-01,Jammu and Kashmir,FORCE MOTORS LIMITED,Petrol/Diesel/CNG/Hybrid,4
2026-03-01,Jammu and Kashmir,FORCE MOTORS LIMITED,Petrol/Diesel/CNG/Hybrid,3
2026-04-01,Jammu and Kashmir,FORCE MOTORS LIMITED,Petrol/Diesel/CNG/Hybrid,49
2026-05-01,Jammu and Kashmir,FORCE MOTORS LIMITED,Petrol/Diesel/CNG/Hybrid,1
2026-06-01,Jammu and Kashmir,FORCE MOTORS LIMITED,Petrol/Diesel/CNG/Hybrid,1
2026-01-01,Jammu and Kashmir,GROMAX AGRI EQUIPMENT LTD,Petrol/Diesel/CNG/Hybrid,2
2026-02-01,Jammu and Kashmir,GROMAX AGRI EQUIPMENT LTD,Petrol/Diesel/CNG/Hybrid,1
2026-03-01,Jammu and Kashmir,GROMAX AGRI EQUIPMENT LTD,Petrol/Diesel/CNG/Hybrid,6
2026-04-01,Jammu and Kashmir,GROMAX AGRI EQUIPMENT LTD,Petrol/Diesel/CNG/Hybrid,5
2026-05-01,Jammu and Kashmir,GROMAX AGRI EQUIPMENT LTD,Petrol/Diesel/CNG/Hybrid,6
2026-06-01,Jammu and Kashmir,GROMAX AGRI EQUIPMENT LTD,Petrol/Diesel/CNG/Hybrid,2
2026-01-01,Jammu and Kashmir,HONDA CARS INDIA LTD,Petrol/Diesel/CNG/Hybrid,19
2026-02-01,Jammu and Kashmir,HONDA CARS INDIA LTD,Petrol/Diesel/CNG/Hybrid,7
2026-03-01,Jammu and Kashmir,HONDA CARS INDIA LTD,Petrol/Diesel/CNG/Hybrid,25
2026-04-01,Jammu and Kashmir,HONDA CARS INDIA LTD,Petrol/Diesel/CNG/Hybrid,13
2026-05-01,Jammu and Kashmir,HONDA CARS INDIA LTD,Petrol/Diesel/CNG/Hybrid,16
2026-06-01,Jammu and Kashmir,HONDA CARS INDIA LTD,Petrol/Diesel/CNG/Hybrid,11
2026-01-01,Jammu and Kashmir,HYUNDAI MOTOR INDIA LTD,Petrol/Diesel/CNG/Hybrid,1045
2026-02-01,Jammu and Kashmir,HYUNDAI MOTOR INDIA LTD,Petrol/Diesel/CNG/Hybrid,960
2026-03-01,Jammu and Kashmir,HYUNDAI MOTOR INDIA LTD,Petrol/Diesel/CNG/Hybrid,982
2026-04-01,Jammu and Kashmir,HYUNDAI MOTOR INDIA LTD,Petrol/Diesel/CNG/Hybrid,950
2026-05-01,Jammu and Kashmir,HYUNDAI MOTOR INDIA LTD,Petrol/Diesel/CNG/Hybrid,964
2026-06-01,Jammu and Kashmir,HYUNDAI MOTOR INDIA LTD,Petrol/Diesel/CNG/Hybrid,455
2026-01-01,Jammu and Kashmir,INDO FARM EQUIPMENT LIMITED,Petrol/Diesel/CNG/Hybrid,1
2026-04-01,Jammu and Kashmir,INDO FARM EQUIPMENT LIMITED,Petrol/Diesel/CNG/Hybrid,4
2026-05-01,Jammu and Kashmir,INDO FARM EQUIPMENT LIMITED,Petrol/Diesel/CNG/Hybrid,2
2026-01-01,Jammu and Kashmir,INTERNATIONAL TRACTORS LIMITED,Petrol/Diesel/CNG/Hybrid,73
2026-02-01,Jammu and Kashmir,INTERNATIONAL TRACTORS LIMITED,Petrol/Diesel/CNG/Hybrid,65
2026-03-01,Jammu and Kashmir,INTERNATIONAL TRACTORS LIMITED,Petrol/Diesel/CNG/Hybrid,70
2026-04-01,Jammu and Kashmir,INTERNATIONAL TRACTORS LIMITED,Petrol/Diesel/CNG/Hybrid,89
2026-05-01,Jammu and Kashmir,INTERNATIONAL TRACTORS LIMITED,Petrol/Diesel/CNG/Hybrid,77
2026-06-01,Jammu and Kashmir,INTERNATIONAL TRACTORS LIMITED,Petrol/Diesel/CNG/Hybrid,40
2026-01-01,Jammu and Kashmir,ISUZU MOTORS INDIA PVT LTD,Petrol/Diesel/CNG/Hybrid,1
2026-05-01,Jammu and Kashmir,ISUZU MOTORS INDIA PVT LTD,Petrol/Diesel/CNG/Hybrid,1
2026-01-01,Jammu and Kashmir,JAGUAR LAND ROVER INDIA LIMITED,Petrol/Diesel/CNG/Hybrid,1
2026-02-01,Jammu and Kashmir,JAGUAR LAND ROVER INDIA LIMITED,Petrol/Diesel/CNG/Hybrid,1
2026-04-01,Jammu and Kashmir,JAGUAR LAND ROVER INDIA LIMITED,Petrol/Diesel/CNG/Hybrid,1
2026-05-01,Jammu and Kashmir,JAGUAR LAND ROVER INDIA LIMITED,Petrol/Diesel/CNG/Hybrid,1
2026-01-01,Jammu and Kashmir,JOHN DEERE INDIA PVT LTD(TRACTOR DEVISION),Petrol/Diesel/CNG/Hybrid,32
2026-02-01,Jammu and Kashmir,JOHN DEERE INDIA PVT LTD(TRACTOR DEVISION),Petrol/Diesel/CNG/Hybrid,22
2026-03-01,Jammu and Kashmir,JOHN DEERE INDIA PVT LTD(TRACTOR DEVISION),Petrol/Diesel/CNG/Hybrid,44
2026-04-01,Jammu and Kashmir,JOHN DEERE INDIA PVT LTD(TRACTOR DEVISION),Petrol/Diesel/CNG/Hybrid,46
2026-05-01,Jammu and Kashmir,JOHN DEERE INDIA PVT LTD(TRACTOR DEVISION),Petrol/Diesel/CNG/Hybrid,37
2026-06-01,Jammu and Kashmir,JOHN DEERE INDIA PVT LTD(TRACTOR DEVISION),Petrol/Diesel/CNG/Hybrid,19
2026-01-01,Jammu and Kashmir,JSW MG MOTOR INDIA PVT LTD,Petrol/Diesel/CNG/Hybrid,10
2026-02-01,Jammu and Kashmir,JSW MG MOTOR INDIA PVT LTD,Petrol/Diesel/CNG/Hybrid,7
2026-03-01,Jammu and Kashmir,JSW MG MOTOR INDIA PVT LTD,Petrol/Diesel/CNG/Hybrid,7
2026-04-01,Jammu and Kashmir,JSW MG MOTOR INDIA PVT LTD,Petrol/Diesel/CNG/Hybrid,5
2026-05-01,Jammu and Kashmir,JSW MG MOTOR INDIA PVT LTD,Petrol/Diesel/CNG/Hybrid,5
2026-06-01,Jammu and Kashmir,JSW MG MOTOR INDIA PVT LTD,Petrol/Diesel/CNG/Hybrid,4
2026-01-01,Jammu and Kashmir,KIA INDIA PRIVATE LIMITED,Petrol/Diesel/CNG/Hybrid,195
2026-02-01,Jammu and Kashmir,KIA INDIA PRIVATE LIMITED,Petrol/Diesel/CNG/Hybrid,164
2026-03-01,Jammu and Kashmir,KIA INDIA PRIVATE LIMITED,Petrol/Diesel/CNG/Hybrid,194
2026-04-01,Jammu and Kashmir,KIA INDIA PRIVATE LIMITED,Petrol/Diesel/CNG/Hybrid,182
2026-05-01,Jammu and Kashmir,KIA INDIA PRIVATE LIMITED,Petrol/Diesel/CNG/Hybrid,182
2026-06-01,Jammu and Kashmir,KIA INDIA PRIVATE LIMITED,Petrol/Diesel/CNG/Hybrid,61
2026-01-01,Jammu and Kashmir,KUBOTA AGRICULTURAL MACHINERY INDIA PVT.LTD,Petrol/Diesel/CNG/Hybrid,2
2026-02-01,Jammu and Kashmir,KUBOTA AGRICULTURAL MACHINERY INDIA PVT.LTD,Petrol/Diesel/CNG/Hybrid,2
2026-01-01,Jammu and Kashmir,MAHINDRA & MAHINDRA LIMITED,Petrol/Diesel/CNG/Hybrid,835
2026-02-01,Jammu and Kashmir,MAHINDRA & MAHINDRA LIMITED,Petrol/Diesel/CNG/Hybrid,750
2026-03-01,Jammu and Kashmir,MAHINDRA & MAHINDRA LIMITED,Petrol/Diesel/CNG/Hybrid,1058
2026-04-01,Jammu and Kashmir,MAHINDRA & MAHINDRA LIMITED,Petrol/Diesel/CNG/Hybrid,747
2026-05-01,Jammu and Kashmir,MAHINDRA & MAHINDRA LIMITED,Petrol/Diesel/CNG/Hybrid,706
2026-06-01,Jammu and Kashmir,MAHINDRA & MAHINDRA LIMITED,Petrol/Diesel/CNG/Hybrid,362
2026-01-01,Jammu and Kashmir,MAHINDRA & MAHINDRA LIMITED (SWARAJ DIVISION),Petrol/Diesel/CNG/Hybrid,94
2026-02-01,Jammu and Kashmir,MAHINDRA & MAHINDRA LIMITED (SWARAJ DIVISION),Petrol/Diesel/CNG/Hybrid,97
2026-03-01,Jammu and Kashmir,MAHINDRA & MAHINDRA LIMITED (SWARAJ DIVISION),Petrol/Diesel/CNG/Hybrid,78
2026-04-01,Jammu and Kashmir,MAHINDRA & MAHINDRA LIMITED (SWARAJ DIVISION),Petrol/Diesel/CNG/Hybrid,118
2026-05-01,Jammu and Kashmir,MAHINDRA & MAHINDRA LIMITED (SWARAJ DIVISION),Petrol/Diesel/CNG/Hybrid,112
2026-06-01,Jammu and Kashmir,MAHINDRA & MAHINDRA LIMITED (SWARAJ DIVISION),Petrol/Diesel/CNG/Hybrid,64
2026-01-01,Jammu and Kashmir,MAHINDRA & MAHINDRA LIMITED (TRACTOR),Petrol/Diesel/CNG/Hybrid,78
2026-02-01,Jammu and Kashmir,MAHINDRA & MAHINDRA LIMITED (TRACTOR),Petrol/Diesel/CNG/Hybrid,52
2026-03-01,Jammu and Kashmir,MAHINDRA & MAHINDRA LIMITED (TRACTOR),Petrol/Diesel/CNG/Hybrid,76
2026-04-01,Jammu and Kashmir,MAHINDRA & MAHINDRA LIMITED (TRACTOR),Petrol/Diesel/CNG/Hybrid,75
2026-05-01,Jammu and Kashmir,MAHINDRA & MAHINDRA LIMITED (TRACTOR),Petrol/Diesel/CNG/Hybrid,117
2026-06-01,Jammu and Kashmir,MAHINDRA & MAHINDRA LIMITED (TRACTOR),Petrol/Diesel/CNG/Hybrid,46
2026-01-01,Jammu and Kashmir,MAHINDRA DEFENCE SYSTEMS LTD,Petrol/Diesel/CNG/Hybrid,1
2026-01-01,Jammu and Kashmir,MARUTI SUZUKI INDIA LTD,Petrol/Diesel/CNG/Hybrid,4181
2026-02-01,Jammu and Kashmir,MARUTI SUZUKI INDIA LTD,Petrol/Diesel/CNG/Hybrid,3094
2026-03-01,Jammu and Kashmir,MARUTI SUZUKI INDIA LTD,Petrol/Diesel/CNG/Hybrid,3383
2026-04-01,Jammu and Kashmir,MARUTI SUZUKI INDIA LTD,Petrol/Diesel/CNG/Hybrid,3223
2026-05-01,Jammu and Kashmir,MARUTI SUZUKI INDIA LTD,Petrol/Diesel/CNG/Hybrid,3606
2026-06-01,Jammu and Kashmir,MARUTI SUZUKI INDIA LTD,Petrol/Diesel/CNG/Hybrid,1964
2026-03-01,Jammu and Kashmir,MERCEDES-BENZ AG,Petrol/Diesel/CNG/Hybrid,1
2026-01-01,Jammu and Kashmir,MERCEDES-BENZ INDIA PVT LTD,Petrol/Diesel/CNG/Hybrid,2
2026-02-01,Jammu and Kashmir,MERCEDES-BENZ INDIA PVT LTD,Petrol/Diesel/CNG/Hybrid,4
2026-03-01,Jammu and Kashmir,MERCEDES-BENZ INDIA PVT LTD,Petrol/Diesel/CNG/Hybrid,3
2026-04-01,Jammu and Kashmir,MERCEDES-BENZ INDIA PVT LTD,Petrol/Diesel/CNG/Hybrid,5
2026-05-01,Jammu and Kashmir,MERCEDES-BENZ INDIA PVT LTD,Petrol/Diesel/CNG/Hybrid,1
2026-01-01,Jammu and Kashmir,NISSAN MOTOR INDIA PVT LTD,Petrol/Diesel/CNG/Hybrid,18
2026-02-01,Jammu and Kashmir,NISSAN MOTOR INDIA PVT LTD,Petrol/Diesel/CNG/Hybrid,11
2026-03-01,Jammu and Kashmir,NISSAN MOTOR INDIA PVT LTD,Petrol/Diesel/CNG/Hybrid,15
2026-04-01,Jammu and Kashmir,NISSAN MOTOR INDIA PVT LTD,Petrol/Diesel/CNG/Hybrid,11
2026-05-01,Jammu and Kashmir,NISSAN MOTOR INDIA PVT LTD,Petrol/Diesel/CNG/Hybrid,11
2026-06-01,Jammu and Kashmir,NISSAN MOTOR INDIA PVT LTD,Petrol/Diesel/CNG/Hybrid,10
2026-02-01,Jammu and Kashmir,PREET TRACTORS PVT LTD,Petrol/Diesel/CNG/Hybrid,4
2026-03-01,Jammu and Kashmir,PREET TRACTORS PVT LTD,Petrol/Diesel/CNG/Hybrid,1
2026-04-01,Jammu and Kashmir,PREET TRACTORS PVT LTD,Petrol/Diesel/CNG/Hybrid,1
2026-05-01,Jammu and Kashmir,PREET TRACTORS PVT LTD,Petrol/Diesel/CNG/Hybrid,2
2026-01-01,Jammu and Kashmir,RENAULT INDIA PVT LTD,Petrol/Diesel/CNG/Hybrid,8
2026-02-01,Jammu and Kashmir,RENAULT INDIA PVT LTD,Petrol/Diesel/CNG/Hybrid,19
2026-03-01,Jammu and Kashmir,RENAULT INDIA PVT LTD,Petrol/Diesel/CNG/Hybrid,14
2026-04-01,Jammu and Kashmir,RENAULT INDIA PVT LTD,Petrol/Diesel/CNG/Hybrid,18
2026-05-01,Jammu and Kashmir,RENAULT INDIA PVT LTD,Petrol/Diesel/CNG/Hybrid,31
2026-06-01,Jammu and Kashmir,RENAULT INDIA PVT LTD,Petrol/Diesel/CNG/Hybrid,7
2026-01-01,Jammu and Kashmir,SKODA AUTO VOLKSWAGEN INDIA PVT LTD,Petrol/Diesel/CNG/Hybrid,62
2026-02-01,Jammu and Kashmir,SKODA AUTO VOLKSWAGEN INDIA PVT LTD,Petrol/Diesel/CNG/Hybrid,47
2026-03-01,Jammu and Kashmir,SKODA AUTO VOLKSWAGEN INDIA PVT LTD,Petrol/Diesel/CNG/Hybrid,68
2026-04-01,Jammu and Kashmir,SKODA AUTO VOLKSWAGEN INDIA PVT LTD,Petrol/Diesel/CNG/Hybrid,54
2026-05-01,Jammu and Kashmir,SKODA AUTO VOLKSWAGEN INDIA PVT LTD,Petrol/Diesel/CNG/Hybrid,49
2026-06-01,Jammu and Kashmir,SKODA AUTO VOLKSWAGEN INDIA PVT LTD,Petrol/Diesel/CNG/Hybrid,19
2026-01-01,Jammu and Kashmir,STELLANTIS AUTOMOBILES INDIA PVT LTD,Petrol/Diesel/CNG/Hybrid,20
2026-02-01,Jammu and Kashmir,STELLANTIS AUTOMOBILES INDIA PVT LTD,Petrol/Diesel/CNG/Hybrid,22
2026-03-01,Jammu and Kashmir,STELLANTIS AUTOMOBILES INDIA PVT LTD,Petrol/Diesel/CNG/Hybrid,18
2026-04-01,Jammu and Kashmir,STELLANTIS AUTOMOBILES INDIA PVT LTD,Petrol/Diesel/CNG/Hybrid,23
2026-05-01,Jammu and Kashmir,STELLANTIS AUTOMOBILES INDIA PVT LTD,Petrol/Diesel/CNG/Hybrid,24
2026-06-01,Jammu and Kashmir,STELLANTIS AUTOMOBILES INDIA PVT LTD,Petrol/Diesel/CNG/Hybrid,18
2026-01-01,Jammu and Kashmir,STELLANTIS INDIA PVT LTD,Petrol/Diesel/CNG/Hybrid,1
2026-02-01,Jammu and Kashmir,STELLANTIS INDIA PVT LTD,Petrol/Diesel/CNG/Hybrid,1
2026-03-01,Jammu and Kashmir,STELLANTIS INDIA PVT LTD,Petrol/Diesel/CNG/Hybrid,3
2026-06-01,Jammu and Kashmir,STELLANTIS INDIA PVT LTD,Petrol/Diesel/CNG/Hybrid,1
2026-01-01,Jammu and Kashmir,TAFE LIMITED,Petrol/Diesel/CNG/Hybrid,4
2026-02-01,Jammu and Kashmir,TAFE LIMITED,Petrol/Diesel/CNG/Hybrid,6
2026-03-01,Jammu and Kashmir,TAFE LIMITED,Petrol/Diesel/CNG/Hybrid,3
2026-04-01,Jammu and Kashmir,TAFE LIMITED,Petrol/Diesel/CNG/Hybrid,3
2026-05-01,Jammu and Kashmir,TAFE LIMITED,Petrol/Diesel/CNG/Hybrid,5
2026-01-01,Jammu and Kashmir,TATA MOTORS LTD,Petrol/Diesel/CNG/Hybrid,1
2026-01-01,Jammu and Kashmir,TATA MOTORS PASSENGER VEHICLES LTD,Petrol/Diesel/CNG/Hybrid,233
2026-02-01,Jammu and Kashmir,TATA MOTORS PASSENGER VEHICLES LTD,Petrol/Diesel/CNG/Hybrid,396
2026-03-01,Jammu and Kashmir,TATA MOTORS PASSENGER VEHICLES LTD,Petrol/Diesel/CNG/Hybrid,391
2026-04-01,Jammu and Kashmir,TATA MOTORS PASSENGER VEHICLES LTD,Petrol/Diesel/CNG/Hybrid,325
2026-05-01,Jammu and Kashmir,TATA MOTORS PASSENGER VEHICLES LTD,Petrol/Diesel/CNG/Hybrid,239
2026-06-01,Jammu and Kashmir,TATA MOTORS PASSENGER VEHICLES LTD,Petrol/Diesel/CNG/Hybrid,98
2026-01-01,Jammu and Kashmir,TOYOTA KIRLOSKAR MOTOR PVT LTD,Petrol/Diesel/CNG/Hybrid,103
2026-02-01,Jammu and Kashmir,TOYOTA KIRLOSKAR MOTOR PVT LTD,Petrol/Diesel/CNG/Hybrid,115
2026-03-01,Jammu and Kashmir,TOYOTA KIRLOSKAR MOTOR PVT LTD,Petrol/Diesel/CNG/Hybrid,154
2026-04-01,Jammu and Kashmir,TOYOTA KIRLOSKAR MOTOR PVT LTD,Petrol/Diesel/CNG/Hybrid,133
2026-05-01,Jammu and Kashmir,TOYOTA KIRLOSKAR MOTOR PVT LTD,Petrol/Diesel/CNG/Hybrid,146
2026-06-01,Jammu and Kashmir,TOYOTA KIRLOSKAR MOTOR PVT LTD,Petrol/Diesel/CNG/Hybrid,85
2026-02-01,Jammu and Kashmir,V.S.T. TILLERS TRACTORS LIMITED,Petrol/Diesel/CNG/Hybrid,2
2026-03-01,Jammu and Kashmir,V.S.T. TILLERS TRACTORS LIMITED,Petrol/Diesel/CNG/Hybrid,2
2026-04-01,Jammu and Kashmir,V.S.T. TILLERS TRACTORS LIMITED,Petrol/Diesel/CNG/Hybrid,1
2026-05-01,Jammu and Kashmir,V.S.T. TILLERS TRACTORS LIMITED,Petrol/Diesel/CNG/Hybrid,2
2026-05-01,Jammu and Kashmir,VOLKSWAGEN AG,Petrol/Diesel/CNG/Hybrid,1
2026-01-01,Jharkhand,ASHOK LEYLAND LTD,Petrol/Diesel/CNG/Hybrid,1
2026-03-01,Jharkhand,AUDI AG,Petrol/Diesel/CNG/Hybrid,2
2026-06-01,Jharkhand,AUDI AG,Petrol/Diesel/CNG/Hybrid,1
2026-01-01,Jharkhand,BMW INDIA PVT LTD,Petrol/Diesel/CNG/Hybrid,10
2026-02-01,Jharkhand,BMW INDIA PVT LTD,Petrol/Diesel/CNG/Hybrid,18
2026-03-01,Jharkhand,BMW INDIA PVT LTD,Petrol/Diesel/CNG/Hybrid,12
2026-04-01,Jharkhand,BMW INDIA PVT LTD,Petrol/Diesel/CNG/Hybrid,14
2026-05-01,Jharkhand,BMW INDIA PVT LTD,Petrol/Diesel/CNG/Hybrid,15
2026-06-01,Jharkhand,BMW INDIA PVT LTD,Petrol/Diesel/CNG/Hybrid,6
2026-02-01,Jharkhand,FIORI CONCRETE MACHINES INDIA PVT LTD,Petrol/Diesel/CNG/Hybrid,1
2026-01-01,Jharkhand,FORCE MOTORS LIMITED,Petrol/Diesel/CNG/Hybrid,1
2026-02-01,Jharkhand,FORCE MOTORS LIMITED,Petrol/Diesel/CNG/Hybrid,1
2026-03-01,Jharkhand,FORCE MOTORS LIMITED,Petrol/Diesel/CNG/Hybrid,1
2026-06-01,Jharkhand,FORCE MOTORS LIMITED,Petrol/Diesel/CNG/Hybrid,1
2026-01-01,Jharkhand,HONDA CARS INDIA LTD,Petrol/Diesel/CNG/Hybrid,40
2026-02-01,Jharkhand,HONDA CARS INDIA LTD,Petrol/Diesel/CNG/Hybrid,30
2026-03-01,Jharkhand,HONDA CARS INDIA LTD,Petrol/Diesel/CNG/Hybrid,33
2026-04-01,Jharkhand,HONDA CARS INDIA LTD,Petrol/Diesel/CNG/Hybrid,49
2026-05-01,Jharkhand,HONDA CARS INDIA LTD,Petrol/Diesel/CNG/Hybrid,26
2026-06-01,Jharkhand,HONDA CARS INDIA LTD,Petrol/Diesel/CNG/Hybrid,10
2026-01-01,Jharkhand,HYUNDAI MOTOR INDIA LTD,Petrol/Diesel/CNG/Hybrid,719
2026-02-01,Jharkhand,HYUNDAI MOTOR INDIA LTD,Petrol/Diesel/CNG/Hybrid,590
2026-03-01,Jharkhand,HYUNDAI MOTOR INDIA LTD,Petrol/Diesel/CNG/Hybrid,637
2026-04-01,Jharkhand,HYUNDAI MOTOR INDIA LTD,Petrol/Diesel/CNG/Hybrid,734
2026-05-01,Jharkhand,HYUNDAI MOTOR INDIA LTD,Petrol/Diesel/CNG/Hybrid,561
2026-06-01,Jharkhand,HYUNDAI MOTOR INDIA LTD,Petrol/Diesel/CNG/Hybrid,244
2026-01-01,Jharkhand,ISUZU MOTORS INDIA PVT LTD,Petrol/Diesel/CNG/Hybrid,1
2026-04-01,Jharkhand,ISUZU MOTORS INDIA PVT LTD,Petrol/Diesel/CNG/Hybrid,1
2026-01-01,Jharkhand,JAGUAR LAND ROVER INDIA LIMITED,Petrol/Diesel/CNG/Hybrid,6
2026-02-01,Jharkhand,JAGUAR LAND ROVER INDIA LIMITED,Petrol/Diesel/CNG/Hybrid,8
2026-03-01,Jharkhand,JAGUAR LAND ROVER INDIA LIMITED,Petrol/Diesel/CNG/Hybrid,7
2026-04-01,Jharkhand,JAGUAR LAND ROVER INDIA LIMITED,Petrol/Diesel/CNG/Hybrid,7
2026-05-01,Jharkhand,JAGUAR LAND ROVER INDIA LIMITED,Petrol/Diesel/CNG/Hybrid,3
2026-06-01,Jharkhand,JAGUAR LAND ROVER INDIA LIMITED,Petrol/Diesel/CNG/Hybrid,5
2026-01-01,Jharkhand,JCB INDIA LIMITED,Petrol/Diesel/CNG/Hybrid,1
2026-06-01,Jharkhand,JCB INDIA LIMITED,Petrol/Diesel/CNG/Hybrid,2
2026-01-01,Jharkhand,JSW MG MOTOR INDIA PVT LTD,Petrol/Diesel/CNG/Hybrid,9
2026-02-01,Jharkhand,JSW MG MOTOR INDIA PVT LTD,Petrol/Diesel/CNG/Hybrid,8
2026-03-01,Jharkhand,JSW MG MOTOR INDIA PVT LTD,Petrol/Diesel/CNG/Hybrid,7
2026-04-01,Jharkhand,JSW MG MOTOR INDIA PVT LTD,Petrol/Diesel/CNG/Hybrid,12
2026-05-01,Jharkhand,JSW MG MOTOR INDIA PVT LTD,Petrol/Diesel/CNG/Hybrid,14
2026-06-01,Jharkhand,JSW MG MOTOR INDIA PVT LTD,Petrol/Diesel/CNG/Hybrid,3
2026-01-01,Jharkhand,KIA INDIA PRIVATE LIMITED,Petrol/Diesel/CNG/Hybrid,378
2026-02-01,Jharkhand,KIA INDIA PRIVATE LIMITED,Petrol/Diesel/CNG/Hybrid,383
2026-03-01,Jharkhand,KIA INDIA PRIVATE LIMITED,Petrol/Diesel/CNG/Hybrid,394
2026-04-01,Jharkhand,KIA INDIA PRIVATE LIMITED,Petrol/Diesel/CNG/Hybrid,370
2026-05-01,Jharkhand,KIA INDIA PRIVATE LIMITED,Petrol/Diesel/CNG/Hybrid,370
2026-06-01,Jharkhand,KIA INDIA PRIVATE LIMITED,Petrol/Diesel/CNG/Hybrid,165
2026-01-01,Jharkhand,MAHINDRA & MAHINDRA LIMITED,Petrol/Diesel/CNG/Hybrid,1313
2026-02-01,Jharkhand,MAHINDRA & MAHINDRA LIMITED,Petrol/Diesel/CNG/Hybrid,1126
2026-03-01,Jharkhand,MAHINDRA & MAHINDRA LIMITED,Petrol/Diesel/CNG/Hybrid,1130
2026-04-01,Jharkhand,MAHINDRA & MAHINDRA LIMITED,Petrol/Diesel/CNG/Hybrid,1295
2026-05-01,Jharkhand,MAHINDRA & MAHINDRA LIMITED,Petrol/Diesel/CNG/Hybrid,1429
2026-06-01,Jharkhand,MAHINDRA & MAHINDRA LIMITED,Petrol/Diesel/CNG/Hybrid,599
2026-01-01,Jharkhand,MARUTI SUZUKI INDIA LTD,Petrol/Diesel/CNG/Hybrid,3522
2026-02-01,Jharkhand,MARUTI SUZUKI INDIA LTD,Petrol/Diesel/CNG/Hybrid,2574
2026-03-01,Jharkhand,MARUTI SUZUKI INDIA LTD,Petrol/Diesel/CNG/Hybrid,2652
2026-04-01,Jharkhand,MARUTI SUZUKI INDIA LTD,Petrol/Diesel/CNG/Hybrid,3062
2026-05-01,Jharkhand,MARUTI SUZUKI INDIA LTD,Petrol/Diesel/CNG/Hybrid,2589
2026-06-01,Jharkhand,MARUTI SUZUKI INDIA LTD,Petrol/Diesel/CNG/Hybrid,1223
2026-02-01,Jharkhand,MERCEDES-BENZ AG,Petrol/Diesel/CNG/Hybrid,1
2026-03-01,Jharkhand,MERCEDES-BENZ AG,Petrol/Diesel/CNG/Hybrid,1
2026-04-01,Jharkhand,MERCEDES-BENZ AG,Petrol/Diesel/CNG/Hybrid,1
2026-06-01,Jharkhand,MERCEDES-BENZ AG,Petrol/Diesel/CNG/Hybrid,1
2026-01-01,Jharkhand,MERCEDES-BENZ INDIA PVT LTD,Petrol/Diesel/CNG/Hybrid,9
2026-02-01,Jharkhand,MERCEDES-BENZ INDIA PVT LTD,Petrol/Diesel/CNG/Hybrid,14
2026-03-01,Jharkhand,MERCEDES-BENZ INDIA PVT LTD,Petrol/Diesel/CNG/Hybrid,13
2026-04-01,Jharkhand,MERCEDES-BENZ INDIA PVT LTD,Petrol/Diesel/CNG/Hybrid,14
2026-05-01,Jharkhand,MERCEDES-BENZ INDIA PVT LTD,Petrol/Diesel/CNG/Hybrid,5
2026-06-01,Jharkhand,MERCEDES-BENZ INDIA PVT LTD,Petrol/Diesel/CNG/Hybrid,5
2026-01-01,Jharkhand,NISSAN MOTOR INDIA PVT LTD,Petrol/Diesel/CNG/Hybrid,39
2026-02-01,Jharkhand,NISSAN MOTOR INDIA PVT LTD,Petrol/Diesel/CNG/Hybrid,18
2026-03-01,Jharkhand,NISSAN MOTOR INDIA PVT LTD,Petrol/Diesel/CNG/Hybrid,53
2026-04-01,Jharkhand,NISSAN MOTOR INDIA PVT LTD,Petrol/Diesel/CNG/Hybrid,69
2026-05-01,Jharkhand,NISSAN MOTOR INDIA PVT LTD,Petrol/Diesel/CNG/Hybrid,56
2026-06-01,Jharkhand,NISSAN MOTOR INDIA PVT LTD,Petrol/Diesel/CNG/Hybrid,30
2026-01-01,Jharkhand,PORSCHE AG GERMANY,Petrol/Diesel/CNG/Hybrid,1
2026-02-01,Jharkhand,PORSCHE AG GERMANY,Petrol/Diesel/CNG/Hybrid,1
2026-01-01,Jharkhand,RENAULT INDIA PVT LTD,Petrol/Diesel/CNG/Hybrid,86
2026-02-01,Jharkhand,RENAULT INDIA PVT LTD,Petrol/Diesel/CNG/Hybrid,68
2026-03-01,Jharkhand,RENAULT INDIA PVT LTD,Petrol/Diesel/CNG/Hybrid,69
2026-04-01,Jharkhand,RENAULT INDIA PVT LTD,Petrol/Diesel/CNG/Hybrid,98
2026-05-01,Jharkhand,RENAULT INDIA PVT LTD,Petrol/Diesel/CNG/Hybrid,82
2026-06-01,Jharkhand,RENAULT INDIA PVT LTD,Petrol/Diesel/CNG/Hybrid,32
2026-01-01,Jharkhand,SKODA AUTO VOLKSWAGEN INDIA PVT LTD,Petrol/Diesel/CNG/Hybrid,90
2026-02-01,Jharkhand,SKODA AUTO VOLKSWAGEN INDIA PVT LTD,Petrol/Diesel/CNG/Hybrid,111
2026-03-01,Jharkhand,SKODA AUTO VOLKSWAGEN INDIA PVT LTD,Petrol/Diesel/CNG/Hybrid,94
2026-04-01,Jharkhand,SKODA AUTO VOLKSWAGEN INDIA PVT LTD,Petrol/Diesel/CNG/Hybrid,130
2026-05-01,Jharkhand,SKODA AUTO VOLKSWAGEN INDIA PVT LTD,Petrol/Diesel/CNG/Hybrid,121
2026-06-01,Jharkhand,SKODA AUTO VOLKSWAGEN INDIA PVT LTD,Petrol/Diesel/CNG/Hybrid,39
2026-01-01,Jharkhand,STELLANTIS AUTOMOBILES INDIA PVT LTD,Petrol/Diesel/CNG/Hybrid,13
2026-02-01,Jharkhand,STELLANTIS AUTOMOBILES INDIA PVT LTD,Petrol/Diesel/CNG/Hybrid,7
2026-03-01,Jharkhand,STELLANTIS AUTOMOBILES INDIA PVT LTD,Petrol/Diesel/CNG/Hybrid,13
2026-04-01,Jharkhand,STELLANTIS AUTOMOBILES INDIA PVT LTD,Petrol/Diesel/CNG/Hybrid,12
2026-05-01,Jharkhand,STELLANTIS AUTOMOBILES INDIA PVT LTD,Petrol/Diesel/CNG/Hybrid,4
2026-06-01,Jharkhand,STELLANTIS AUTOMOBILES INDIA PVT LTD,Petrol/Diesel/CNG/Hybrid,5
2026-01-01,Jharkhand,STELLANTIS INDIA PVT LTD,Petrol/Diesel/CNG/Hybrid,3
2026-02-01,Jharkhand,STELLANTIS INDIA PVT LTD,Petrol/Diesel/CNG/Hybrid,6
2026-03-01,Jharkhand,STELLANTIS INDIA PVT LTD,Petrol/Diesel/CNG/Hybrid,4
2026-04-01,Jharkhand,STELLANTIS INDIA PVT LTD,Petrol/Diesel/CNG/Hybrid,9
2026-05-01,Jharkhand,STELLANTIS INDIA PVT LTD,Petrol/Diesel/CNG/Hybrid,2
2026-06-01,Jharkhand,STELLANTIS INDIA PVT LTD,Petrol/Diesel/CNG/Hybrid,3
2026-03-01,Jharkhand,TATA MOTORS LTD,Petrol/Diesel/CNG/Hybrid,1
2026-04-01,Jharkhand,TATA MOTORS LTD,Petrol/Diesel/CNG/Hybrid,2
2026-05-01,Jharkhand,TATA MOTORS LTD,Petrol/Diesel/CNG/Hybrid,1
2026-06-01,Jharkhand,TATA MOTORS LTD,Petrol/Diesel/CNG/Hybrid,2
2026-01-01,Jharkhand,TATA MOTORS PASSENGER VEHICLES LTD,Petrol/Diesel/CNG/Hybrid,938
2026-02-01,Jharkhand,TATA MOTORS PASSENGER VEHICLES LTD,Petrol/Diesel/CNG/Hybrid,1000
2026-03-01,Jharkhand,TATA MOTORS PASSENGER VEHICLES LTD,Petrol/Diesel/CNG/Hybrid,1054
2026-04-01,Jharkhand,TATA MOTORS PASSENGER VEHICLES LTD,Petrol/Diesel/CNG/Hybrid,1085
2026-05-01,Jharkhand,TATA MOTORS PASSENGER VEHICLES LTD,Petrol/Diesel/CNG/Hybrid,901
2026-06-01,Jharkhand,TATA MOTORS PASSENGER VEHICLES LTD,Petrol/Diesel/CNG/Hybrid,333
2026-02-01,Jharkhand,TATA PASSENGER ELECTRIC MOBILITY LTD,Petrol/Diesel/CNG/Hybrid,1
2026-04-01,Jharkhand,TATA PASSENGER ELECTRIC MOBILITY LTD,Petrol/Diesel/CNG/Hybrid,1
2026-01-01,Jharkhand,TOYOTA KIRLOSKAR MOTOR PVT LTD,Petrol/Diesel/CNG/Hybrid,333
2026-02-01,Jharkhand,TOYOTA KIRLOSKAR MOTOR PVT LTD,Petrol/Diesel/CNG/Hybrid,286
2026-03-01,Jharkhand,TOYOTA KIRLOSKAR MOTOR PVT LTD,Petrol/Diesel/CNG/Hybrid,309
2026-04-01,Jharkhand,TOYOTA KIRLOSKAR MOTOR PVT LTD,Petrol/Diesel/CNG/Hybrid,351
2026-05-01,Jharkhand,TOYOTA KIRLOSKAR MOTOR PVT LTD,Petrol/Diesel/CNG/Hybrid,270
2026-06-01,Jharkhand,TOYOTA KIRLOSKAR MOTOR PVT LTD,Petrol/Diesel/CNG/Hybrid,139
2026-03-01,Jharkhand,VOLVO AUTO INDIA PVT LTD,Petrol/Diesel/CNG/Hybrid,2
2026-06-01,Jharkhand,VOLVO AUTO INDIA PVT LTD,Petrol/Diesel/CNG/Hybrid,3
2026-01-01,Karnataka,A. A. TRAILOR,Petrol/Diesel/CNG/Hybrid,1
2026-01-01,Karnataka,ACTION CONSTRUCTION EQUIPMENT LTD,Petrol/Diesel/CNG/Hybrid,1
2026-02-01,Karnataka,ACTION CONSTRUCTION EQUIPMENT LTD,Petrol/Diesel/CNG/Hybrid,8
2026-03-01,Karnataka,ACTION CONSTRUCTION EQUIPMENT LTD,Petrol/Diesel/CNG/Hybrid,12
2026-04-01,Karnataka,ACTION CONSTRUCTION EQUIPMENT LTD,Petrol/Diesel/CNG/Hybrid,6
2026-05-01,Karnataka,ACTION CONSTRUCTION EQUIPMENT LTD,Petrol/Diesel/CNG/Hybrid,9
2026-06-01,Karnataka,ACTION CONSTRUCTION EQUIPMENT LTD,Petrol/Diesel/CNG/Hybrid,3
2026-02-01,Karnataka,ADICO ESCORTS AGRI EQUIPMENTS PVT. LTD,Petrol/Diesel/CNG/Hybrid,1
2026-03-01,Karnataka,ADICO ESCORTS AGRI EQUIPMENTS PVT. LTD,Petrol/Diesel/CNG/Hybrid,2
2026-04-01,Karnataka,ADICO ESCORTS AGRI EQUIPMENTS PVT. LTD,Petrol/Diesel/CNG/Hybrid,1
2026-05-01,Karnataka,AGI AUTO INDUSTRIES,Petrol/Diesel/CNG/Hybrid,1
2026-01-01,Karnataka,AGRO INDUSTRIES,Petrol/Diesel/CNG/Hybrid,10
2026-02-01,Karnataka,AGRO INDUSTRIES,Petrol/Diesel/CNG/Hybrid,12
2026-03-01,Karnataka,AGRO INDUSTRIES,Petrol/Diesel/CNG/Hybrid,4
2026-04-01,Karnataka,AGRO INDUSTRIES,Petrol/Diesel/CNG/Hybrid,9
2026-05-01,Karnataka,AGRO INDUSTRIES,Petrol/Diesel/CNG/Hybrid,8
2026-06-01,Karnataka,AGRO INDUSTRIES,Petrol/Diesel/CNG/Hybrid,6
2026-01-01,Karnataka,AJAX ENGINEERING LTD,Petrol/Diesel/CNG/Hybrid,1
2026-03-01,Karnataka,AKASH AGRO INDUSTRIES,Petrol/Diesel/CNG/Hybrid,1
2026-04-01,Karnataka,ASHOK LEYLAND LTD,Petrol/Diesel/CNG/Hybrid,1
2026-01-01,Karnataka,AUDI AG,Petrol/Diesel/CNG/Hybrid,5
2026-02-01,Karnataka,AUDI AG,Petrol/Diesel/CNG/Hybrid,2
2026-04-01,Karnataka,AUDI AG,Petrol/Diesel/CNG/Hybrid,1
2026-05-01,Karnataka,AUDI AG,Petrol/Diesel/CNG/Hybrid,1
2026-01-01,Karnataka,AUTOMOBILI LAMBORGHINI S.P.A,Petrol/Diesel/CNG/Hybrid,1
2026-02-01,Karnataka,AUTOMOBILI LAMBORGHINI S.P.A,Petrol/Diesel/CNG/Hybrid,1
2026-01-01,Karnataka,BAJAJ AUTO LTD,Petrol/Diesel/CNG/Hybrid,2
2026-02-01,Karnataka,BAJAJ AUTO LTD,Petrol/Diesel/CNG/Hybrid,1
2026-01-01,Karnataka,BENTLEY MOTORS LTD (SAVWIPL),Petrol/Diesel/CNG/Hybrid,2
2026-01-01,Karnataka,BMW INDIA PVT LTD,Petrol/Diesel/CNG/Hybrid,213
2026-02-01,Karnataka,BMW INDIA PVT LTD,Petrol/Diesel/CNG/Hybrid,117
2026-03-01,Karnataka,BMW INDIA PVT LTD,Petrol/Diesel/CNG/Hybrid,157
2026-04-01,Karnataka,BMW INDIA PVT LTD,Petrol/Diesel/CNG/Hybrid,162
2026-05-01,Karnataka,BMW INDIA PVT LTD,Petrol/Diesel/CNG/Hybrid,125
2026-06-01,Karnataka,BMW INDIA PVT LTD,Petrol/Diesel/CNG/Hybrid,60
2026-03-01,Karnataka,BULL MACHINES PVT LTD,Petrol/Diesel/CNG/Hybrid,1
2026-05-01,Karnataka,BYD INDIA PRIVATE LIMITED,Petrol/Diesel/CNG/Hybrid,2
2026-01-01,Karnataka,CAPTAIN TRACTORS PVT. LTD,Petrol/Diesel/CNG/Hybrid,15
2026-02-01,Karnataka,CAPTAIN TRACTORS PVT. LTD,Petrol/Diesel/CNG/Hybrid,7
2026-03-01,Karnataka,CAPTAIN TRACTORS PVT. LTD,Petrol/Diesel/CNG/Hybrid,17
2026-04-01,Karnataka,CAPTAIN TRACTORS PVT. LTD,Petrol/Diesel/CNG/Hybrid,11
2026-05-01,Karnataka,CAPTAIN TRACTORS PVT. LTD,Petrol/Diesel/CNG/Hybrid,18
2026-06-01,Karnataka,CAPTAIN TRACTORS PVT. LTD,Petrol/Diesel/CNG/Hybrid,6
2026-01-01,Karnataka,CNH INDUSTRIAL (INDIA) PVT LTD,Petrol/Diesel/CNG/Hybrid,140
2026-02-01,Karnataka,CNH INDUSTRIAL (INDIA) PVT LTD,Petrol/Diesel/CNG/Hybrid,137
2026-03-01,Karnataka,CNH INDUSTRIAL (INDIA) PVT LTD,Petrol/Diesel/CNG/Hybrid,150
2026-04-01,Karnataka,CNH INDUSTRIAL (INDIA) PVT LTD,Petrol/Diesel/CNG/Hybrid,131
2026-05-01,Karnataka,CNH INDUSTRIAL (INDIA) PVT LTD,Petrol/Diesel/CNG/Hybrid,150
2026-06-01,Karnataka,CNH INDUSTRIAL (INDIA) PVT LTD,Petrol/Diesel/CNG/Hybrid,114
2026-05-01,Karnataka,DOOSAN BOBCAT INDIA PVT LTD,Petrol/Diesel/CNG/Hybrid,5
2026-01-01,Karnataka,EICHER TRACTORS,Petrol/Diesel/CNG/Hybrid,282
2026-02-01,Karnataka,EICHER TRACTORS,Petrol/Diesel/CNG/Hybrid,247
2026-03-01,Karnataka,EICHER TRACTORS,Petrol/Diesel/CNG/Hybrid,198
2026-04-01,Karnataka,EICHER TRACTORS,Petrol/Diesel/CNG/Hybrid,258
2026-05-01,Karnataka,EICHER TRACTORS,Petrol/Diesel/CNG/Hybrid,306
2026-06-01,Karnataka,EICHER TRACTORS,Petrol/Diesel/CNG/Hybrid,193
2026-01-01,Karnataka,ESCORTS KUBOTA LIMITED (AGRI MACHINERY GROUP),Petrol/Diesel/CNG/Hybrid,364
2026-02-01,Karnataka,ESCORTS KUBOTA LIMITED (AGRI MACHINERY GROUP),Petrol/Diesel/CNG/Hybrid,356
2026-03-01,Karnataka,ESCORTS KUBOTA LIMITED (AGRI MACHINERY GROUP),Petrol/Diesel/CNG/Hybrid,266
2026-04-01,Karnataka,ESCORTS KUBOTA LIMITED (AGRI MACHINERY GROUP),Petrol/Diesel/CNG/Hybrid,317
2026-05-01,Karnataka,ESCORTS KUBOTA LIMITED (AGRI MACHINERY GROUP),Petrol/Diesel/CNG/Hybrid,407
2026-06-01,Karnataka,ESCORTS KUBOTA LIMITED (AGRI MACHINERY GROUP),Petrol/Diesel/CNG/Hybrid,259
2026-01-01,Karnataka,FIELDTRACK EARTHMOVERS PVT LTD,Petrol/Diesel/CNG/Hybrid,9
2026-02-01,Karnataka,FIELDTRACK EARTHMOVERS PVT LTD,Petrol/Diesel/CNG/Hybrid,13
2026-03-01,Karnataka,FIELDTRACK EARTHMOVERS PVT LTD,Petrol/Diesel/CNG/Hybrid,12
2026-04-01,Karnataka,FIELDTRACK EARTHMOVERS PVT LTD,Petrol/Diesel/CNG/Hybrid,5
2026-05-01,Karnataka,FIELDTRACK EARTHMOVERS PVT LTD,Petrol/Diesel/CNG/Hybrid,17
2026-06-01,Karnataka,FIELDTRACK EARTHMOVERS PVT LTD,Petrol/Diesel/CNG/Hybrid,6
2026-01-01,Karnataka,FORCE MOTORS LIMITED,Petrol/Diesel/CNG/Hybrid,15
2026-02-01,Karnataka,FORCE MOTORS LIMITED,Petrol/Diesel/CNG/Hybrid,14
2026-03-01,Karnataka,FORCE MOTORS LIMITED,Petrol/Diesel/CNG/Hybrid,22
2026-04-01,Karnataka,FORCE MOTORS LIMITED,Petrol/Diesel/CNG/Hybrid,9
2026-05-01,Karnataka,FORCE MOTORS LIMITED,Petrol/Diesel/CNG/Hybrid,8
2026-06-01,Karnataka,FORCE MOTORS LIMITED,Petrol/Diesel/CNG/Hybrid,7
2026-01-01,Karnataka,GENERAL MOTORS LLC,Petrol/Diesel/CNG/Hybrid,1
2026-01-01,Karnataka,GROMAX AGRI EQUIPMENT LTD,Petrol/Diesel/CNG/Hybrid,251
2026-02-01,Karnataka,GROMAX AGRI EQUIPMENT LTD,Petrol/Diesel/CNG/Hybrid,206
2026-03-01,Karnataka,GROMAX AGRI EQUIPMENT LTD,Petrol/Diesel/CNG/Hybrid,130
2026-04-01,Karnataka,GROMAX AGRI EQUIPMENT LTD,Petrol/Diesel/CNG/Hybrid,110
2026-05-01,Karnataka,GROMAX AGRI EQUIPMENT LTD,Petrol/Diesel/CNG/Hybrid,175
2026-06-01,Karnataka,GROMAX AGRI EQUIPMENT LTD,Petrol/Diesel/CNG/Hybrid,107
2026-04-01,Karnataka,HAMM AG,Petrol/Diesel/CNG/Hybrid,1
2026-05-01,Karnataka,HAMM AG,Petrol/Diesel/CNG/Hybrid,1
2026-01-01,Karnataka,HEMAVATHI AGRO INDUSTRIES,Petrol/Diesel/CNG/Hybrid,1
2026-02-01,Karnataka,HEMAVATHI AGRO INDUSTRIES,Petrol/Diesel/CNG/Hybrid,1
2026-03-01,Karnataka,HEMAVATHI AGRO INDUSTRIES,Petrol/Diesel/CNG/Hybrid,2
2026-04-01,Karnataka,HEMAVATHI AGRO INDUSTRIES,Petrol/Diesel/CNG/Hybrid,1
2026-01-01,Karnataka,HET TRAILOR,Petrol/Diesel/CNG/Hybrid,1
2026-04-01,Karnataka,HINDUSTAN AGRICULTURAL IMPLEMENTS ANTPR,Petrol/Diesel/CNG/Hybrid,1
2026-05-01,Karnataka,HINDUSTAN AGRO INDUSTRIES,Petrol/Diesel/CNG/Hybrid,1
2026-01-01,Karnataka,HONDA CARS INDIA LTD,Petrol/Diesel/CNG/Hybrid,310
2026-02-01,Karnataka,HONDA CARS INDIA LTD,Petrol/Diesel/CNG/Hybrid,271
2026-03-01,Karnataka,HONDA CARS INDIA LTD,Petrol/Diesel/CNG/Hybrid,341
2026-04-01,Karnataka,HONDA CARS INDIA LTD,Petrol/Diesel/CNG/Hybrid,354
2026-05-01,Karnataka,HONDA CARS INDIA LTD,Petrol/Diesel/CNG/Hybrid,264
2026-06-01,Karnataka,HONDA CARS INDIA LTD,Petrol/Diesel/CNG/Hybrid,181
2026-01-01,Karnataka,HYUNDAI MOTOR INDIA LTD,Petrol/Diesel/CNG/Hybrid,4913
2026-02-01,Karnataka,HYUNDAI MOTOR INDIA LTD,Petrol/Diesel/CNG/Hybrid,3010
2026-03-01,Karnataka,HYUNDAI MOTOR INDIA LTD,Petrol/Diesel/CNG/Hybrid,3324
2026-04-01,Karnataka,HYUNDAI MOTOR INDIA LTD,Petrol/Diesel/CNG/Hybrid,3733
2026-05-01,Karnataka,HYUNDAI MOTOR INDIA LTD,Petrol/Diesel/CNG/Hybrid,3236
2026-06-01,Karnataka,HYUNDAI MOTOR INDIA LTD,Petrol/Diesel/CNG/Hybrid,1746
2026-01-01,Karnataka,INDO FARM EQUIPMENT LIMITED,Petrol/Diesel/CNG/Hybrid,13
2026-02-01,Karnataka,INDO FARM EQUIPMENT LIMITED,Petrol/Diesel/CNG/Hybrid,19
2026-03-01,Karnataka,INDO FARM EQUIPMENT LIMITED,Petrol/Diesel/CNG/Hybrid,10
2026-04-01,Karnataka,INDO FARM EQUIPMENT LIMITED,Petrol/Diesel/CNG/Hybrid,15
2026-05-01,Karnataka,INDO FARM EQUIPMENT LIMITED,Petrol/Diesel/CNG/Hybrid,13
2026-06-01,Karnataka,INDO FARM EQUIPMENT LIMITED,Petrol/Diesel/CNG/Hybrid,12
2026-01-01,Karnataka,INTERNATIONAL TRACTORS LIMITED,Petrol/Diesel/CNG/Hybrid,854
2026-02-01,Karnataka,INTERNATIONAL TRACTORS LIMITED,Petrol/Diesel/CNG/Hybrid,793
2026-03-01,Karnataka,INTERNATIONAL TRACTORS LIMITED,Petrol/Diesel/CNG/Hybrid,686
2026-04-01,Karnataka,INTERNATIONAL TRACTORS LIMITED,Petrol/Diesel/CNG/Hybrid,686
2026-05-01,Karnataka,INTERNATIONAL TRACTORS LIMITED,Petrol/Diesel/CNG/Hybrid,790
2026-06-01,Karnataka,INTERNATIONAL TRACTORS LIMITED,Petrol/Diesel/CNG/Hybrid,393
2026-02-01,Karnataka,ISUZU MOTORS INDIA PVT LTD,Petrol/Diesel/CNG/Hybrid,1
2026-03-01,Karnataka,ISUZU MOTORS INDIA PVT LTD,Petrol/Diesel/CNG/Hybrid,5
2026-04-01,Karnataka,ISUZU MOTORS INDIA PVT LTD,Petrol/Diesel/CNG/Hybrid,3
2026-06-01,Karnataka,ISUZU MOTORS INDIA PVT LTD,Petrol/Diesel/CNG/Hybrid,1
2026-01-01,Karnataka,JAGUAR LAND ROVER INDIA LIMITED,Petrol/Diesel/CNG/Hybrid,41
2026-02-01,Karnataka,JAGUAR LAND ROVER INDIA LIMITED,Petrol/Diesel/CNG/Hybrid,42
2026-03-01,Karnataka,JAGUAR LAND ROVER INDIA LIMITED,Petrol/Diesel/CNG/Hybrid,46
2026-04-01,Karnataka,JAGUAR LAND ROVER INDIA LIMITED,Petrol/Diesel/CNG/Hybrid,43
2026-05-01,Karnataka,JAGUAR LAND ROVER INDIA LIMITED,Petrol/Diesel/CNG/Hybrid,24
2026-06-01,Karnataka,JAGUAR LAND ROVER INDIA LIMITED,Petrol/Diesel/CNG/Hybrid,13
2026-06-01,Karnataka,JAYA AUTOMOTIVES PVT LTD,Petrol/Diesel/CNG/Hybrid,1
2026-01-01,Karnataka,JCB INDIA LIMITED,Petrol/Diesel/CNG/Hybrid,5
2026-02-01,Karnataka,JCB INDIA LIMITED,Petrol/Diesel/CNG/Hybrid,3
2026-03-01,Karnataka,JCB INDIA LIMITED,Petrol/Diesel/CNG/Hybrid,4
2026-04-01,Karnataka,JCB INDIA LIMITED,Petrol/Diesel/CNG/Hybrid,3
2026-05-01,Karnataka,JCB INDIA LIMITED,Petrol/Diesel/CNG/Hybrid,1
2026-06-01,Karnataka,JCB INDIA LIMITED,Petrol/Diesel/CNG/Hybrid,1
2026-01-01,Karnataka,JOHN DEERE INDIA PVT LTD(TRACTOR DEVISION),Petrol/Diesel/CNG/Hybrid,772
2026-02-01,Karnataka,JOHN DEERE INDIA PVT LTD(TRACTOR DEVISION),Petrol/Diesel/CNG/Hybrid,683
2026-03-01,Karnataka,JOHN DEERE INDIA PVT LTD(TRACTOR DEVISION),Petrol/Diesel/CNG/Hybrid,783
2026-04-01,Karnataka,JOHN DEERE INDIA PVT LTD(TRACTOR DEVISION),Petrol/Diesel/CNG/Hybrid,672
2026-05-01,Karnataka,JOHN DEERE INDIA PVT LTD(TRACTOR DEVISION),Petrol/Diesel/CNG/Hybrid,794
2026-06-01,Karnataka,JOHN DEERE INDIA PVT LTD(TRACTOR DEVISION),Petrol/Diesel/CNG/Hybrid,496
2026-01-01,Karnataka,JSW MG MOTOR INDIA PVT LTD,Petrol/Diesel/CNG/Hybrid,135
2026-02-01,Karnataka,JSW MG MOTOR INDIA PVT LTD,Petrol/Diesel/CNG/Hybrid,147
2026-03-01,Karnataka,JSW MG MOTOR INDIA PVT LTD,Petrol/Diesel/CNG/Hybrid,144
2026-04-01,Karnataka,JSW MG MOTOR INDIA PVT LTD,Petrol/Diesel/CNG/Hybrid,96
2026-05-01,Karnataka,JSW MG MOTOR INDIA PVT LTD,Petrol/Diesel/CNG/Hybrid,114
2026-06-01,Karnataka,JSW MG MOTOR INDIA PVT LTD,Petrol/Diesel/CNG/Hybrid,49
2026-06-01,Karnataka,KARTAR TRACTORS PRIVATE LIMITED,Petrol/Diesel/CNG/Hybrid,1
2026-01-01,Karnataka,KIA INDIA PRIVATE LIMITED,Petrol/Diesel/CNG/Hybrid,2112
2026-02-01,Karnataka,KIA INDIA PRIVATE LIMITED,Petrol/Diesel/CNG/Hybrid,1598
2026-03-01,Karnataka,KIA INDIA PRIVATE LIMITED,Petrol/Diesel/CNG/Hybrid,1968
2026-04-01,Karnataka,KIA INDIA PRIVATE LIMITED,Petrol/Diesel/CNG/Hybrid,1985
2026-05-01,Karnataka,KIA INDIA PRIVATE LIMITED,Petrol/Diesel/CNG/Hybrid,1652
2026-06-01,Karnataka,KIA INDIA PRIVATE LIMITED,Petrol/Diesel/CNG/Hybrid,785
2026-06-01,Karnataka,KISHAN TRACTOR,Petrol/Diesel/CNG/Hybrid,1
2026-01-01,Karnataka,KRISHNA AGRO ENGI,Petrol/Diesel/CNG/Hybrid,1
2026-01-01,Karnataka,KSR SOLUTION (IMPORTER: KAWVELOCE MOTORS PVT LTD),Petrol/Diesel/CNG/Hybrid,1
2026-01-01,Karnataka,KUBOTA AGRICULTURAL MACHINERY INDIA PVT.LTD,Petrol/Diesel/CNG/Hybrid,25
2026-02-01,Karnataka,KUBOTA AGRICULTURAL MACHINERY INDIA PVT.LTD,Petrol/Diesel/CNG/Hybrid,21
2026-03-01,Karnataka,KUBOTA AGRICULTURAL MACHINERY INDIA PVT.LTD,Petrol/Diesel/CNG/Hybrid,23
2026-04-01,Karnataka,KUBOTA AGRICULTURAL MACHINERY INDIA PVT.LTD,Petrol/Diesel/CNG/Hybrid,22
2026-05-01,Karnataka,KUBOTA AGRICULTURAL MACHINERY INDIA PVT.LTD,Petrol/Diesel/CNG/Hybrid,21
2026-06-01,Karnataka,KUBOTA AGRICULTURAL MACHINERY INDIA PVT.LTD,Petrol/Diesel/CNG/Hybrid,14
2026-01-01,Karnataka,LOCAL TRAILER MANUFACTURER,Petrol/Diesel/CNG/Hybrid,923
2026-02-01,Karnataka,LOCAL TRAILER MANUFACTURER,Petrol/Diesel/CNG/Hybrid,1072
2026-03-01,Karnataka,LOCAL TRAILER MANUFACTURER,Petrol/Diesel/CNG/Hybrid,1129
2026-04-01,Karnataka,LOCAL TRAILER MANUFACTURER,Petrol/Diesel/CNG/Hybrid,1041
2026-05-01,Karnataka,LOCAL TRAILER MANUFACTURER,Petrol/Diesel/CNG/Hybrid,1070
2026-06-01,Karnataka,LOCAL TRAILER MANUFACTURER,Petrol/Diesel/CNG/Hybrid,654
2026-01-01,Karnataka,MAHINDRA & MAHINDRA LIMITED,Petrol/Diesel/CNG/Hybrid,3819
2026-02-01,Karnataka,MAHINDRA & MAHINDRA LIMITED,Petrol/Diesel/CNG/Hybrid,3482
2026-03-01,Karnataka,MAHINDRA & MAHINDRA LIMITED,Petrol/Diesel/CNG/Hybrid,4039
2026-04-01,Karnataka,MAHINDRA & MAHINDRA LIMITED,Petrol/Diesel/CNG/Hybrid,3836
2026-05-01,Karnataka,MAHINDRA & MAHINDRA LIMITED,Petrol/Diesel/CNG/Hybrid,2908
2026-06-01,Karnataka,MAHINDRA & MAHINDRA LIMITED,Petrol/Diesel/CNG/Hybrid,1545
2026-01-01,Karnataka,MAHINDRA & MAHINDRA LIMITED (SWARAJ DIVISION),Petrol/Diesel/CNG/Hybrid,1185
2026-02-01,Karnataka,MAHINDRA & MAHINDRA LIMITED (SWARAJ DIVISION),Petrol/Diesel/CNG/Hybrid,1194
2026-03-01,Karnataka,MAHINDRA & MAHINDRA LIMITED (SWARAJ DIVISION),Petrol/Diesel/CNG/Hybrid,1018
2026-04-01,Karnataka,MAHINDRA & MAHINDRA LIMITED (SWARAJ DIVISION),Petrol/Diesel/CNG/Hybrid,1163
2026-05-01,Karnataka,MAHINDRA & MAHINDRA LIMITED (SWARAJ DIVISION),Petrol/Diesel/CNG/Hybrid,1288
2026-06-01,Karnataka,MAHINDRA & MAHINDRA LIMITED (SWARAJ DIVISION),Petrol/Diesel/CNG/Hybrid,713
2026-01-01,Karnataka,MAHINDRA & MAHINDRA LIMITED (TRACTOR),Petrol/Diesel/CNG/Hybrid,1853
2026-02-01,Karnataka,MAHINDRA & MAHINDRA LIMITED (TRACTOR),Petrol/Diesel/CNG/Hybrid,1575
2026-03-01,Karnataka,MAHINDRA & MAHINDRA LIMITED (TRACTOR),Petrol/Diesel/CNG/Hybrid,1561
2026-04-01,Karnataka,MAHINDRA & MAHINDRA LIMITED (TRACTOR),Petrol/Diesel/CNG/Hybrid,1667
2026-05-01,Karnataka,MAHINDRA & MAHINDRA LIMITED (TRACTOR),Petrol/Diesel/CNG/Hybrid,1714
2026-06-01,Karnataka,MAHINDRA & MAHINDRA LIMITED (TRACTOR),Petrol/Diesel/CNG/Hybrid,983
2026-01-01,Karnataka,MARUTI SUZUKI INDIA LTD,Petrol/Diesel/CNG/Hybrid,10995
2026-02-01,Karnataka,MARUTI SUZUKI INDIA LTD,Petrol/Diesel/CNG/Hybrid,6630
2026-03-01,Karnataka,MARUTI SUZUKI INDIA LTD,Petrol/Diesel/CNG/Hybrid,7697
2026-04-01,Karnataka,MARUTI SUZUKI INDIA LTD,Petrol/Diesel/CNG/Hybrid,8071
2026-05-01,Karnataka,MARUTI SUZUKI INDIA LTD,Petrol/Diesel/CNG/Hybrid,7099
2026-06-01,Karnataka,MARUTI SUZUKI INDIA LTD,Petrol/Diesel/CNG/Hybrid,3923
2026-01-01,Karnataka,MARUTI UDYOG LTD,Petrol/Diesel/CNG/Hybrid,1
2026-04-01,Karnataka,MARUTI UDYOG LTD,Petrol/Diesel/CNG/Hybrid,1
2026-02-01,Karnataka,MASERATI S.P.A,Petrol/Diesel/CNG/Hybrid,1
2026-05-01,Karnataka,MASERATI S.P.A,Petrol/Diesel/CNG/Hybrid,1
2026-01-01,Karnataka,MERCEDES-BENZ AG,Petrol/Diesel/CNG/Hybrid,5
2026-02-01,Karnataka,MERCEDES-BENZ AG,Petrol/Diesel/CNG/Hybrid,9
2026-03-01,Karnataka,MERCEDES-BENZ AG,Petrol/Diesel/CNG/Hybrid,18
2026-04-01,Karnataka,MERCEDES-BENZ AG,Petrol/Diesel/CNG/Hybrid,9
2026-05-01,Karnataka,MERCEDES-BENZ AG,Petrol/Diesel/CNG/Hybrid,7
2026-06-01,Karnataka,MERCEDES-BENZ AG,Petrol/Diesel/CNG/Hybrid,2
2026-01-01,Karnataka,MERCEDES-BENZ INDIA PVT LTD,Petrol/Diesel/CNG/Hybrid,176
2026-02-01,Karnataka,MERCEDES-BENZ INDIA PVT LTD,Petrol/Diesel/CNG/Hybrid,84
2026-03-01,Karnataka,MERCEDES-BENZ INDIA PVT LTD,Petrol/Diesel/CNG/Hybrid,117
2026-04-01,Karnataka,MERCEDES-BENZ INDIA PVT LTD,Petrol/Diesel/CNG/Hybrid,102
2026-05-01,Karnataka,MERCEDES-BENZ INDIA PVT LTD,Petrol/Diesel/CNG/Hybrid,110
2026-06-01,Karnataka,MERCEDES-BENZ INDIA PVT LTD,Petrol/Diesel/CNG/Hybrid,40
2026-05-01,Karnataka,NEW SHIV SHAKTI TRAILORS,Petrol/Diesel/CNG/Hybrid,1
2026-01-01,Karnataka,NISSAN MOTOR INDIA PVT LTD,Petrol/Diesel/CNG/Hybrid,129
2026-02-01,Karnataka,NISSAN MOTOR INDIA PVT LTD,Petrol/Diesel/CNG/Hybrid,101
2026-03-01,Karnataka,NISSAN MOTOR INDIA PVT LTD,Petrol/Diesel/CNG/Hybrid,114
2026-04-01,Karnataka,NISSAN MOTOR INDIA PVT LTD,Petrol/Diesel/CNG/Hybrid,128
2026-05-01,Karnataka,NISSAN MOTOR INDIA PVT LTD,Petrol/Diesel/CNG/Hybrid,129
2026-06-01,Karnataka,NISSAN MOTOR INDIA PVT LTD,Petrol/Diesel/CNG/Hybrid,89
2026-04-01,Karnataka,OM SHREE SAI ENGINEERING,Petrol/Diesel/CNG/Hybrid,1
2026-06-01,Karnataka,PERFECT ENGINEERING WORKS,Petrol/Diesel/CNG/Hybrid,1
2026-01-01,Karnataka,POLARIS INDIA PVT LTD,Petrol/Diesel/CNG/Hybrid,2
2026-02-01,Karnataka,POLARIS INDIA PVT LTD,Petrol/Diesel/CNG/Hybrid,1
2026-05-01,Karnataka,POLARIS INDIA PVT LTD,Petrol/Diesel/CNG/Hybrid,1
2026-06-01,Karnataka,POLARIS INDIA PVT LTD,Petrol/Diesel/CNG/Hybrid,2
2026-01-01,Karnataka,PORSCHE AG GERMANY,Petrol/Diesel/CNG/Hybrid,9
2026-02-01,Karnataka,PORSCHE AG GERMANY,Petrol/Diesel/CNG/Hybrid,4
2026-03-01,Karnataka,PORSCHE AG GERMANY,Petrol/Diesel/CNG/Hybrid,3
2026-04-01,Karnataka,PORSCHE AG GERMANY,Petrol/Diesel/CNG/Hybrid,8
2026-05-01,Karnataka,PORSCHE AG GERMANY,Petrol/Diesel/CNG/Hybrid,3
2026-05-01,Karnataka,POWER TECH TECHNOLOGY,Petrol/Diesel/CNG/Hybrid,1
2026-02-01,Karnataka,PRAGATI ENGINEERING,Petrol/Diesel/CNG/Hybrid,1
2026-02-01,Karnataka,PREET TRACTORS PVT LTD,Petrol/Diesel/CNG/Hybrid,1
2026-03-01,Karnataka,PREET TRACTORS PVT LTD,Petrol/Diesel/CNG/Hybrid,11
2026-04-01,Karnataka,PREET TRACTORS PVT LTD,Petrol/Diesel/CNG/Hybrid,5
2026-01-01,Karnataka,RENAULT INDIA PVT LTD,Petrol/Diesel/CNG/Hybrid,646
2026-02-01,Karnataka,RENAULT INDIA PVT LTD,Petrol/Diesel/CNG/Hybrid,361
2026-03-01,Karnataka,RENAULT INDIA PVT LTD,Petrol/Diesel/CNG/Hybrid,442
2026-04-01,Karnataka,RENAULT INDIA PVT LTD,Petrol/Diesel/CNG/Hybrid,613
2026-05-01,Karnataka,RENAULT INDIA PVT LTD,Petrol/Diesel/CNG/Hybrid,556
2026-06-01,Karnataka,RENAULT INDIA PVT LTD,Petrol/Diesel/CNG/Hybrid,295
2026-01-01,Karnataka,ROLLS ROYCE MOTOR (IMPORTER: KUN MOTOR),Petrol/Diesel/CNG/Hybrid,1
2026-05-01,Karnataka,SAI AGRO MECHINERY,Petrol/Diesel/CNG/Hybrid,1
2026-01-01,Karnataka,SAME DEUTZ-FAHR INDIA (P) LTD,Petrol/Diesel/CNG/Hybrid,3
2026-02-01,Karnataka,SAME DEUTZ-FAHR INDIA (P) LTD,Petrol/Diesel/CNG/Hybrid,11
2026-03-01,Karnataka,SAME DEUTZ-FAHR INDIA (P) LTD,Petrol/Diesel/CNG/Hybrid,2
2026-05-01,Karnataka,SAME DEUTZ-FAHR INDIA (P) LTD,Petrol/Diesel/CNG/Hybrid,9
2026-03-01,Karnataka,SHAKTI ENGG WORKS,Petrol/Diesel/CNG/Hybrid,1
2026-05-01,Karnataka,SHAKTI ENGG WORKS,Petrol/Diesel/CNG/Hybrid,1
2026-06-01,Karnataka,SHAKTI ENGG WORKS,Petrol/Diesel/CNG/Hybrid,2
2026-05-01,Karnataka,SHAKTI ENGINEERING WORKS,Petrol/Diesel/CNG/Hybrid,1
2026-01-01,Karnataka,SHIV SHAKTI AGRO INDUSTRIES,Petrol/Diesel/CNG/Hybrid,3
2026-02-01,Karnataka,SHIVAJI AGRO INDUSTRIES,Petrol/Diesel/CNG/Hybrid,1
2026-01-01,Karnataka,SHIVASHAKTHI ENG WORKS,Petrol/Diesel/CNG/Hybrid,4
2026-02-01,Karnataka,SHIVASHAKTHI ENG WORKS,Petrol/Diesel/CNG/Hybrid,8
2026-03-01,Karnataka,SHIVASHAKTHI ENG WORKS,Petrol/Diesel/CNG/Hybrid,3
2026-04-01,Karnataka,SHIVASHAKTHI ENG WORKS,Petrol/Diesel/CNG/Hybrid,1
2026-05-01,Karnataka,SHIVASHAKTHI ENG WORKS,Petrol/Diesel/CNG/Hybrid,4
2026-06-01,Karnataka,SHIVASHAKTHI ENG WORKS,Petrol/Diesel/CNG/Hybrid,3
2026-02-01,Karnataka,SHOBHA ENG WORKS,Petrol/Diesel/CNG/Hybrid,1
2026-01-01,Karnataka,SHREE KRISHNA ENTERPRISE,Petrol/Diesel/CNG/Hybrid,1
2026-01-01,Karnataka,SHRI SHIVAJI ENG WORKS,Petrol/Diesel/CNG/Hybrid,8
2026-02-01,Karnataka,SHRI SHIVAJI ENG WORKS,Petrol/Diesel/CNG/Hybrid,2
2026-03-01,Karnataka,SHRI SHIVAJI ENG WORKS,Petrol/Diesel/CNG/Hybrid,10
2026-04-01,Karnataka,SHRI SHIVAJI ENG WORKS,Petrol/Diesel/CNG/Hybrid,4
2026-05-01,Karnataka,SHRI SHIVAJI ENG WORKS,Petrol/Diesel/CNG/Hybrid,2
2026-06-01,Karnataka,SHRI SHIVAJI ENG WORKS,Petrol/Diesel/CNG/Hybrid,5
2026-05-01,Karnataka,SHRI VENKATESHWAR AGRO INDUSTRIES,Petrol/Diesel/CNG/Hybrid,1
2026-02-01,Karnataka,SIDDHESHWAR AGRO INDUSTRIES,Petrol/Diesel/CNG/Hybrid,1
2026-04-01,Karnataka,SIDDHI ENGINEERING WORKS,Petrol/Diesel/CNG/Hybrid,1
2026-01-01,Karnataka,SIYARAM TRAILORS,Petrol/Diesel/CNG/Hybrid,1
2026-01-01,Karnataka,SKODA AUTO AS,Petrol/Diesel/CNG/Hybrid,1
2026-03-01,Karnataka,SKODA AUTO AS,Petrol/Diesel/CNG/Hybrid,1
2026-01-01,Karnataka,SKODA AUTO VOLKSWAGEN INDIA PVT LTD,Petrol/Diesel/CNG/Hybrid,1082
2026-02-01,Karnataka,SKODA AUTO VOLKSWAGEN INDIA PVT LTD,Petrol/Diesel/CNG/Hybrid,888
2026-03-01,Karnataka,SKODA AUTO VOLKSWAGEN INDIA PVT LTD,Petrol/Diesel/CNG/Hybrid,1146
2026-04-01,Karnataka,SKODA AUTO VOLKSWAGEN INDIA PVT LTD,Petrol/Diesel/CNG/Hybrid,1183
2026-05-01,Karnataka,SKODA AUTO VOLKSWAGEN INDIA PVT LTD,Petrol/Diesel/CNG/Hybrid,1013
2026-06-01,Karnataka,SKODA AUTO VOLKSWAGEN INDIA PVT LTD,Petrol/Diesel/CNG/Hybrid,519
2026-01-01,Karnataka,SONALIKA INTERNATIONAL TRACTORS LIMITED,Petrol/Diesel/CNG/Hybrid,1
2026-03-01,Karnataka,SRI BALAJI ENGINEERING WORKS,Petrol/Diesel/CNG/Hybrid,1
2026-04-01,Karnataka,SRI BALAJI ENGINEERING WORKS,Petrol/Diesel/CNG/Hybrid,1
2026-02-01,Karnataka,SRI LAKSHMI VENKATESWARA ENGG WORKS,Petrol/Diesel/CNG/Hybrid,1
2026-06-01,Karnataka,SRI LAKSHMI VENKATESWARA ENGG WORKS,Petrol/Diesel/CNG/Hybrid,1
2026-02-01,Karnataka,SRI VENKATA DURGA AGRO WORKS,Petrol/Diesel/CNG/Hybrid,1
2026-01-01,Karnataka,SRI VENKATA RAMA ENGG WORKSHOP,Petrol/Diesel/CNG/Hybrid,1
2026-03-01,Karnataka,SRI VENKATA RAMA ENGG WORKSHOP,Petrol/Diesel/CNG/Hybrid,1
2026-06-01,Karnataka,SRI VENKATA RAMA ENGG WORKSHOP,Petrol/Diesel/CNG/Hybrid,1
2026-03-01,Karnataka,SRI VENKATA RAMANA AGRO INDUSTRIES,Petrol/Diesel/CNG/Hybrid,1
2026-05-01,Karnataka,SRI VENKATA RAMANA AGRO INDUSTRIES,Petrol/Diesel/CNG/Hybrid,1
2026-02-01,Karnataka,SRI VENKATA SAI DURGA ENGG WORKS,Petrol/Diesel/CNG/Hybrid,1
2026-04-01,Karnataka,SRI VENKATA SAI DURGA ENGG WORKS,Petrol/Diesel/CNG/Hybrid,2
2026-06-01,Karnataka,SRI VENKATA SIVA SAI AGRO IND,Petrol/Diesel/CNG/Hybrid,2
2026-03-01,Karnataka,SRI VENKATALAKSHMI ENGINEERING WORKS,Petrol/Diesel/CNG/Hybrid,1
2026-04-01,Karnataka,SRI VENKATESWARA ENGINEERING WORKS,Petrol/Diesel/CNG/Hybrid,2
2026-06-01,Karnataka,SRI VENKATESWARA ENGINEERING WORKS,Petrol/Diesel/CNG/Hybrid,1
2026-04-01,Karnataka,SRIVENKATASIVASAIAGRITECHENGINEERS,Petrol/Diesel/CNG/Hybrid,1
2026-04-01,Karnataka,SRIVENKATESWARAENGINEERINGWORKS,Petrol/Diesel/CNG/Hybrid,1
2026-01-01,Karnataka,STELLANTIS AUTOMOBILES INDIA PVT LTD,Petrol/Diesel/CNG/Hybrid,76
2026-02-01,Karnataka,STELLANTIS AUTOMOBILES INDIA PVT LTD,Petrol/Diesel/CNG/Hybrid,39
2026-03-01,Karnataka,STELLANTIS AUTOMOBILES INDIA PVT LTD,Petrol/Diesel/CNG/Hybrid,50
2026-04-01,Karnataka,STELLANTIS AUTOMOBILES INDIA PVT LTD,Petrol/Diesel/CNG/Hybrid,34
2026-05-01,Karnataka,STELLANTIS AUTOMOBILES INDIA PVT LTD,Petrol/Diesel/CNG/Hybrid,29
2026-06-01,Karnataka,STELLANTIS AUTOMOBILES INDIA PVT LTD,Petrol/Diesel/CNG/Hybrid,9
2026-01-01,Karnataka,STELLANTIS INDIA PVT LTD,Petrol/Diesel/CNG/Hybrid,40
2026-02-01,Karnataka,STELLANTIS INDIA PVT LTD,Petrol/Diesel/CNG/Hybrid,21
2026-03-01,Karnataka,STELLANTIS INDIA PVT LTD,Petrol/Diesel/CNG/Hybrid,27
2026-04-01,Karnataka,STELLANTIS INDIA PVT LTD,Petrol/Diesel/CNG/Hybrid,38
2026-05-01,Karnataka,STELLANTIS INDIA PVT LTD,Petrol/Diesel/CNG/Hybrid,27
2026-06-01,Karnataka,STELLANTIS INDIA PVT LTD,Petrol/Diesel/CNG/Hybrid,11
2026-01-01,Karnataka,TAFE LIMITED,Petrol/Diesel/CNG/Hybrid,479
2026-02-01,Karnataka,TAFE LIMITED,Petrol/Diesel/CNG/Hybrid,520
2026-03-01,Karnataka,TAFE LIMITED,Petrol/Diesel/CNG/Hybrid,405
2026-04-01,Karnataka,TAFE LIMITED,Petrol/Diesel/CNG/Hybrid,385
2026-05-01,Karnataka,TAFE LIMITED,Petrol/Diesel/CNG/Hybrid,482
2026-06-01,Karnataka,TAFE LIMITED,Petrol/Diesel/CNG/Hybrid,276
2026-01-01,Karnataka,TATA MOTORS LTD,Petrol/Diesel/CNG/Hybrid,7
2026-02-01,Karnataka,TATA MOTORS LTD,Petrol/Diesel/CNG/Hybrid,3
2026-03-01,Karnataka,TATA MOTORS LTD,Petrol/Diesel/CNG/Hybrid,4
2026-04-01,Karnataka,TATA MOTORS LTD,Petrol/Diesel/CNG/Hybrid,6
2026-05-01,Karnataka,TATA MOTORS LTD,Petrol/Diesel/CNG/Hybrid,10
2026-06-01,Karnataka,TATA MOTORS LTD,Petrol/Diesel/CNG/Hybrid,6
2026-01-01,Karnataka,TATA MOTORS PASSENGER VEHICLES LTD,Petrol/Diesel/CNG/Hybrid,4202
2026-02-01,Karnataka,TATA MOTORS PASSENGER VEHICLES LTD,Petrol/Diesel/CNG/Hybrid,3739
2026-03-01,Karnataka,TATA MOTORS PASSENGER VEHICLES LTD,Petrol/Diesel/CNG/Hybrid,4447
2026-04-01,Karnataka,TATA MOTORS PASSENGER VEHICLES LTD,Petrol/Diesel/CNG/Hybrid,4485
2026-05-01,Karnataka,TATA MOTORS PASSENGER VEHICLES LTD,Petrol/Diesel/CNG/Hybrid,3467
2026-06-01,Karnataka,TATA MOTORS PASSENGER VEHICLES LTD,Petrol/Diesel/CNG/Hybrid,1623
2026-01-01,Karnataka,TATA PASSENGER ELECTRIC MOBILITY LTD,Petrol/Diesel/CNG/Hybrid,2
2026-02-01,Karnataka,TATA PASSENGER ELECTRIC MOBILITY LTD,Petrol/Diesel/CNG/Hybrid,2
2026-03-01,Karnataka,TATA PASSENGER ELECTRIC MOBILITY LTD,Petrol/Diesel/CNG/Hybrid,1
2026-01-01,Karnataka,TOYOTA KIRLOSKAR MOTOR PVT LTD,Petrol/Diesel/CNG/Hybrid,4209
2026-02-01,Karnataka,TOYOTA KIRLOSKAR MOTOR PVT LTD,Petrol/Diesel/CNG/Hybrid,2424
2026-03-01,Karnataka,TOYOTA KIRLOSKAR MOTOR PVT LTD,Petrol/Diesel/CNG/Hybrid,2861
2026-04-01,Karnataka,TOYOTA KIRLOSKAR MOTOR PVT LTD,Petrol/Diesel/CNG/Hybrid,3204
2026-05-01,Karnataka,TOYOTA KIRLOSKAR MOTOR PVT LTD,Petrol/Diesel/CNG/Hybrid,2488
2026-06-01,Karnataka,TOYOTA KIRLOSKAR MOTOR PVT LTD,Petrol/Diesel/CNG/Hybrid,1292
2026-01-01,Karnataka,TRACTOR VANDANA GREEN,Petrol/Diesel/CNG/Hybrid,1
2026-02-01,Karnataka,TULSI TRAILER,Petrol/Diesel/CNG/Hybrid,1
2026-01-01,Karnataka,V.S.T. TILLERS TRACTORS LIMITED,Petrol/Diesel/CNG/Hybrid,29
2026-02-01,Karnataka,V.S.T. TILLERS TRACTORS LIMITED,Petrol/Diesel/CNG/Hybrid,27
2026-03-01,Karnataka,V.S.T. TILLERS TRACTORS LIMITED,Petrol/Diesel/CNG/Hybrid,37
2026-04-01,Karnataka,V.S.T. TILLERS TRACTORS LIMITED,Petrol/Diesel/CNG/Hybrid,21
2026-05-01,Karnataka,V.S.T. TILLERS TRACTORS LIMITED,Petrol/Diesel/CNG/Hybrid,34
2026-06-01,Karnataka,V.S.T. TILLERS TRACTORS LIMITED,Petrol/Diesel/CNG/Hybrid,8
2026-01-01,Karnataka,VALDO TRACTORS PVT LTD,Petrol/Diesel/CNG/Hybrid,1
2026-03-01,Karnataka,VALDO TRACTORS PVT LTD,Petrol/Diesel/CNG/Hybrid,1
2026-03-01,Karnataka,VELOCIFERO (IMPORTER: KAWVELOCE MOTORS PVT LTD),Petrol/Diesel/CNG/Hybrid,1
2026-05-01,Karnataka,VELOCIFERO (IMPORTER: KAWVELOCE MOTORS PVT LTD),Petrol/Diesel/CNG/Hybrid,1
2026-05-01,Karnataka,VIJAYALAKSHIMI ENGG WORKS,Petrol/Diesel/CNG/Hybrid,1
2026-01-01,Karnataka,VINTAGE VEHICLES,Petrol/Diesel/CNG/Hybrid,3
2026-02-01,Karnataka,VINTAGE VEHICLES,Petrol/Diesel/CNG/Hybrid,5
2026-04-01,Karnataka,VINTAGE VEHICLES,Petrol/Diesel/CNG/Hybrid,2
2026-05-01,Karnataka,VINTAGE VEHICLES,Petrol/Diesel/CNG/Hybrid,1
2026-01-01,Karnataka,VIVEK ENGG. WORKS,Petrol/Diesel/CNG/Hybrid,3
2026-02-01,Karnataka,VIVEK ENGG. WORKS,Petrol/Diesel/CNG/Hybrid,2
2026-03-01,Karnataka,VIVEK ENGG. WORKS,Petrol/Diesel/CNG/Hybrid,2
2026-04-01,Karnataka,VIVEK ENGG. WORKS,Petrol/Diesel/CNG/Hybrid,2
2026-05-01,Karnataka,VIVEK ENGG. WORKS,Petrol/Diesel/CNG/Hybrid,2
2026-06-01,Karnataka,VIVEK ENGG. WORKS,Petrol/Diesel/CNG/Hybrid,1
2026-01-01,Karnataka,VOLKSWAGEN AG,Petrol/Diesel/CNG/Hybrid,22
2026-02-01,Karnataka,VOLKSWAGEN AG,Petrol/Diesel/CNG/Hybrid,6
2026-03-01,Karnataka,VOLKSWAGEN AG,Petrol/Diesel/CNG/Hybrid,5
2026-04-01,Karnataka,VOLKSWAGEN AG,Petrol/Diesel/CNG/Hybrid,10
2026-05-01,Karnataka,VOLKSWAGEN AG,Petrol/Diesel/CNG/Hybrid,6
2026-06-01,Karnataka,VOLKSWAGEN AG,Petrol/Diesel/CNG/Hybrid,5
2026-01-01,Karnataka,VOLVO AUTO INDIA PVT LTD,Petrol/Diesel/CNG/Hybrid,9
2026-02-01,Karnataka,VOLVO AUTO INDIA PVT LTD,Petrol/Diesel/CNG/Hybrid,8
2026-03-01,Karnataka,VOLVO AUTO INDIA PVT LTD,Petrol/Diesel/CNG/Hybrid,8
2026-04-01,Karnataka,VOLVO AUTO INDIA PVT LTD,Petrol/Diesel/CNG/Hybrid,7
2026-05-01,Karnataka,VOLVO AUTO INDIA PVT LTD,Petrol/Diesel/CNG/Hybrid,2
2026-06-01,Karnataka,VOLVO AUTO INDIA PVT LTD,Petrol/Diesel/CNG/Hybrid,5
2026-01-01,Karnataka,VST ZETOR PVT LTD,Petrol/Diesel/CNG/Hybrid,1
2026-03-01,Karnataka,VST ZETOR PVT LTD,Petrol/Diesel/CNG/Hybrid,1
2026-05-01,Karnataka,VST ZETOR PVT LTD,Petrol/Diesel/CNG/Hybrid,3
2026-03-01,Kerala,AJAX ENGINEERING LTD,Petrol/Diesel/CNG/Hybrid,2
2026-04-01,Kerala,AJAX ENGINEERING LTD,Petrol/Diesel/CNG/Hybrid,2
2026-05-01,Kerala,AJAX ENGINEERING LTD,Petrol/Diesel/CNG/Hybrid,1
2026-02-01,Kerala,AUDI AG,Petrol/Diesel/CNG/Hybrid,2
2026-03-01,Kerala,AUDI AG,Petrol/Diesel/CNG/Hybrid,1
2026-04-01,Kerala,AUDI AG,Petrol/Diesel/CNG/Hybrid,1
2026-01-01,Kerala,AUTOMOBILI LAMBORGHINI S.P.A,Petrol/Diesel/CNG/Hybrid,1
2026-01-01,Kerala,BMW INDIA PVT LTD,Petrol/Diesel/CNG/Hybrid,65
2026-02-01,Kerala,BMW INDIA PVT LTD,Petrol/Diesel/CNG/Hybrid,31
2026-03-01,Kerala,BMW INDIA PVT LTD,Petrol/Diesel/CNG/Hybrid,27
2026-04-01,Kerala,BMW INDIA PVT LTD,Petrol/Diesel/CNG/Hybrid,50
2026-05-01,Kerala,BMW INDIA PVT LTD,Petrol/Diesel/CNG/Hybrid,26
2026-06-01,Kerala,BMW INDIA PVT LTD,Petrol/Diesel/CNG/Hybrid,20
2026-04-01,Kerala,BYD INDIA PRIVATE LIMITED,Petrol/Diesel/CNG/Hybrid,2
2026-01-01,Kerala,CNH INDUSTRIAL (INDIA) PVT LTD,Petrol/Diesel/CNG/Hybrid,11
2026-02-01,Kerala,CNH INDUSTRIAL (INDIA) PVT LTD,Petrol/Diesel/CNG/Hybrid,4
2026-03-01,Kerala,CNH INDUSTRIAL (INDIA) PVT LTD,Petrol/Diesel/CNG/Hybrid,4
2026-04-01,Kerala,CNH INDUSTRIAL (INDIA) PVT LTD,Petrol/Diesel/CNG/Hybrid,3
2026-05-01,Kerala,CNH INDUSTRIAL (INDIA) PVT LTD,Petrol/Diesel/CNG/Hybrid,7
2026-06-01,Kerala,CNH INDUSTRIAL (INDIA) PVT LTD,Petrol/Diesel/CNG/Hybrid,2
2026-03-01,Kerala,EICHER POLARIS PVT. LTD,Petrol/Diesel/CNG/Hybrid,1
2026-01-01,Kerala,ESCORTS KUBOTA LIMITED (AGRI MACHINERY GROUP),Petrol/Diesel/CNG/Hybrid,1
2026-02-01,Kerala,ESCORTS KUBOTA LIMITED (AGRI MACHINERY GROUP),Petrol/Diesel/CNG/Hybrid,2
2026-03-01,Kerala,ESCORTS KUBOTA LIMITED (AGRI MACHINERY GROUP),Petrol/Diesel/CNG/Hybrid,3
2026-04-01,Kerala,ESCORTS KUBOTA LIMITED (AGRI MACHINERY GROUP),Petrol/Diesel/CNG/Hybrid,4
2026-05-01,Kerala,ESCORTS KUBOTA LIMITED (AGRI MACHINERY GROUP),Petrol/Diesel/CNG/Hybrid,2
2026-01-01,Kerala,FORCE MOTORS LIMITED,Petrol/Diesel/CNG/Hybrid,15
2026-02-01,Kerala,FORCE MOTORS LIMITED,Petrol/Diesel/CNG/Hybrid,48
2026-03-01,Kerala,FORCE MOTORS LIMITED,Petrol/Diesel/CNG/Hybrid,6
2026-04-01,Kerala,FORCE MOTORS LIMITED,Petrol/Diesel/CNG/Hybrid,9
2026-05-01,Kerala,FORCE MOTORS LIMITED,Petrol/Diesel/CNG/Hybrid,5
2026-06-01,Kerala,FORCE MOTORS LIMITED,Petrol/Diesel/CNG/Hybrid,4
2026-02-01,Kerala,GROMAX AGRI EQUIPMENT LTD,Petrol/Diesel/CNG/Hybrid,1
2026-03-01,Kerala,GROMAX AGRI EQUIPMENT LTD,Petrol/Diesel/CNG/Hybrid,1
2026-04-01,Kerala,GROMAX AGRI EQUIPMENT LTD,Petrol/Diesel/CNG/Hybrid,1
2026-05-01,Kerala,GROMAX AGRI EQUIPMENT LTD,Petrol/Diesel/CNG/Hybrid,2
2026-06-01,Kerala,GROMAX AGRI EQUIPMENT LTD,Petrol/Diesel/CNG/Hybrid,1
2026-01-01,Kerala,HONDA CARS INDIA LTD,Petrol/Diesel/CNG/Hybrid,433
2026-02-01,Kerala,HONDA CARS INDIA LTD,Petrol/Diesel/CNG/Hybrid,365
2026-03-01,Kerala,HONDA CARS INDIA LTD,Petrol/Diesel/CNG/Hybrid,368
2026-04-01,Kerala,HONDA CARS INDIA LTD,Petrol/Diesel/CNG/Hybrid,379
2026-05-01,Kerala,HONDA CARS INDIA LTD,Petrol/Diesel/CNG/Hybrid,314
2026-06-01,Kerala,HONDA CARS INDIA LTD,Petrol/Diesel/CNG/Hybrid,118
2026-01-01,Kerala,HYUNDAI MOTOR INDIA LTD,Petrol/Diesel/CNG/Hybrid,2120
2026-02-01,Kerala,HYUNDAI MOTOR INDIA LTD,Petrol/Diesel/CNG/Hybrid,1552
2026-03-01,Kerala,HYUNDAI MOTOR INDIA LTD,Petrol/Diesel/CNG/Hybrid,1525
2026-04-01,Kerala,HYUNDAI MOTOR INDIA LTD,Petrol/Diesel/CNG/Hybrid,1582
2026-05-01,Kerala,HYUNDAI MOTOR INDIA LTD,Petrol/Diesel/CNG/Hybrid,1549
2026-06-01,Kerala,HYUNDAI MOTOR INDIA LTD,Petrol/Diesel/CNG/Hybrid,646
2026-04-01,Kerala,INTERNATIONAL TRACTORS LIMITED,Petrol/Diesel/CNG/Hybrid,4
2026-05-01,Kerala,INTERNATIONAL TRACTORS LIMITED,Petrol/Diesel/CNG/Hybrid,2
2026-01-01,Kerala,ISUZU MOTORS INDIA PVT LTD,Petrol/Diesel/CNG/Hybrid,2
2026-02-01,Kerala,ISUZU MOTORS INDIA PVT LTD,Petrol/Diesel/CNG/Hybrid,1
2026-03-01,Kerala,ISUZU MOTORS INDIA PVT LTD,Petrol/Diesel/CNG/Hybrid,25
2026-05-01,Kerala,ISUZU MOTORS INDIA PVT LTD,Petrol/Diesel/CNG/Hybrid,1
2026-01-01,Kerala,JAGUAR LAND ROVER INDIA LIMITED,Petrol/Diesel/CNG/Hybrid,23
2026-02-01,Kerala,JAGUAR LAND ROVER INDIA LIMITED,Petrol/Diesel/CNG/Hybrid,16
2026-03-01,Kerala,JAGUAR LAND ROVER INDIA LIMITED,Petrol/Diesel/CNG/Hybrid,30
2026-04-01,Kerala,JAGUAR LAND ROVER INDIA LIMITED,Petrol/Diesel/CNG/Hybrid,25
2026-05-01,Kerala,JAGUAR LAND ROVER INDIA LIMITED,Petrol/Diesel/CNG/Hybrid,20
2026-06-01,Kerala,JAGUAR LAND ROVER INDIA LIMITED,Petrol/Diesel/CNG/Hybrid,7
2026-01-01,Kerala,JOHN DEERE INDIA PVT LTD(TRACTOR DEVISION),Petrol/Diesel/CNG/Hybrid,13
2026-02-01,Kerala,JOHN DEERE INDIA PVT LTD(TRACTOR DEVISION),Petrol/Diesel/CNG/Hybrid,18
2026-03-01,Kerala,JOHN DEERE INDIA PVT LTD(TRACTOR DEVISION),Petrol/Diesel/CNG/Hybrid,21
2026-04-01,Kerala,JOHN DEERE INDIA PVT LTD(TRACTOR DEVISION),Petrol/Diesel/CNG/Hybrid,18
2026-05-01,Kerala,JOHN DEERE INDIA PVT LTD(TRACTOR DEVISION),Petrol/Diesel/CNG/Hybrid,19
2026-06-01,Kerala,JOHN DEERE INDIA PVT LTD(TRACTOR DEVISION),Petrol/Diesel/CNG/Hybrid,18
2026-01-01,Kerala,JSW MG MOTOR INDIA PVT LTD,Petrol/Diesel/CNG/Hybrid,30
2026-02-01,Kerala,JSW MG MOTOR INDIA PVT LTD,Petrol/Diesel/CNG/Hybrid,27
2026-03-01,Kerala,JSW MG MOTOR INDIA PVT LTD,Petrol/Diesel/CNG/Hybrid,27
2026-04-01,Kerala,JSW MG MOTOR INDIA PVT LTD,Petrol/Diesel/CNG/Hybrid,28
2026-05-01,Kerala,JSW MG MOTOR INDIA PVT LTD,Petrol/Diesel/CNG/Hybrid,26
2026-06-01,Kerala,JSW MG MOTOR INDIA PVT LTD,Petrol/Diesel/CNG/Hybrid,12
2026-01-01,Kerala,KIA INDIA PRIVATE LIMITED,Petrol/Diesel/CNG/Hybrid,1257
2026-02-01,Kerala,KIA INDIA PRIVATE LIMITED,Petrol/Diesel/CNG/Hybrid,1147
2026-03-01,Kerala,KIA INDIA PRIVATE LIMITED,Petrol/Diesel/CNG/Hybrid,1141
2026-04-01,Kerala,KIA INDIA PRIVATE LIMITED,Petrol/Diesel/CNG/Hybrid,1175
2026-05-01,Kerala,KIA INDIA PRIVATE LIMITED,Petrol/Diesel/CNG/Hybrid,1179
2026-06-01,Kerala,KIA INDIA PRIVATE LIMITED,Petrol/Diesel/CNG/Hybrid,511
2026-01-01,Kerala,MAHINDRA & MAHINDRA LIMITED,Petrol/Diesel/CNG/Hybrid,1648
2026-02-01,Kerala,MAHINDRA & MAHINDRA LIMITED,Petrol/Diesel/CNG/Hybrid,1346
2026-03-01,Kerala,MAHINDRA & MAHINDRA LIMITED,Petrol/Diesel/CNG/Hybrid,1405
2026-04-01,Kerala,MAHINDRA & MAHINDRA LIMITED,Petrol/Diesel/CNG/Hybrid,1560
2026-05-01,Kerala,MAHINDRA & MAHINDRA LIMITED,Petrol/Diesel/CNG/Hybrid,1246
2026-06-01,Kerala,MAHINDRA & MAHINDRA LIMITED,Petrol/Diesel/CNG/Hybrid,534
2026-01-01,Kerala,MAHINDRA & MAHINDRA LIMITED (SWARAJ DIVISION),Petrol/Diesel/CNG/Hybrid,1
2026-02-01,Kerala,MAHINDRA & MAHINDRA LIMITED (SWARAJ DIVISION),Petrol/Diesel/CNG/Hybrid,1
2026-03-01,Kerala,MAHINDRA & MAHINDRA LIMITED (SWARAJ DIVISION),Petrol/Diesel/CNG/Hybrid,3
2026-04-01,Kerala,MAHINDRA & MAHINDRA LIMITED (SWARAJ DIVISION),Petrol/Diesel/CNG/Hybrid,6
2026-05-01,Kerala,MAHINDRA & MAHINDRA LIMITED (SWARAJ DIVISION),Petrol/Diesel/CNG/Hybrid,5
2026-06-01,Kerala,MAHINDRA & MAHINDRA LIMITED (SWARAJ DIVISION),Petrol/Diesel/CNG/Hybrid,2
2026-01-01,Kerala,MAHINDRA & MAHINDRA LIMITED (TRACTOR),Petrol/Diesel/CNG/Hybrid,17
2026-02-01,Kerala,MAHINDRA & MAHINDRA LIMITED (TRACTOR),Petrol/Diesel/CNG/Hybrid,18
2026-03-01,Kerala,MAHINDRA & MAHINDRA LIMITED (TRACTOR),Petrol/Diesel/CNG/Hybrid,22
2026-04-01,Kerala,MAHINDRA & MAHINDRA LIMITED (TRACTOR),Petrol/Diesel/CNG/Hybrid,7
2026-05-01,Kerala,MAHINDRA & MAHINDRA LIMITED (TRACTOR),Petrol/Diesel/CNG/Hybrid,15
2026-06-01,Kerala,MAHINDRA & MAHINDRA LIMITED (TRACTOR),Petrol/Diesel/CNG/Hybrid,8
2026-01-01,Kerala,MARUTI SUZUKI INDIA LTD,Petrol/Diesel/CNG/Hybrid,12914
2026-02-01,Kerala,MARUTI SUZUKI INDIA LTD,Petrol/Diesel/CNG/Hybrid,7868
2026-03-01,Kerala,MARUTI SUZUKI INDIA LTD,Petrol/Diesel/CNG/Hybrid,9561
2026-04-01,Kerala,MARUTI SUZUKI INDIA LTD,Petrol/Diesel/CNG/Hybrid,8563
2026-05-01,Kerala,MARUTI SUZUKI INDIA LTD,Petrol/Diesel/CNG/Hybrid,10079
2026-06-01,Kerala,MARUTI SUZUKI INDIA LTD,Petrol/Diesel/CNG/Hybrid,5993
2026-05-01,Kerala,MARUTI UDYOG LTD,Petrol/Diesel/CNG/Hybrid,2
2026-06-01,Kerala,MARUTI UDYOG LTD,Petrol/Diesel/CNG/Hybrid,3
2026-01-01,Kerala,MERCEDES-BENZ AG,Petrol/Diesel/CNG/Hybrid,5
2026-02-01,Kerala,MERCEDES-BENZ AG,Petrol/Diesel/CNG/Hybrid,5
2026-03-01,Kerala,MERCEDES-BENZ AG,Petrol/Diesel/CNG/Hybrid,5
2026-04-01,Kerala,MERCEDES-BENZ AG,Petrol/Diesel/CNG/Hybrid,3
2026-05-01,Kerala,MERCEDES-BENZ AG,Petrol/Diesel/CNG/Hybrid,1
2026-01-01,Kerala,MERCEDES-BENZ INDIA PVT LTD,Petrol/Diesel/CNG/Hybrid,61
2026-02-01,Kerala,MERCEDES-BENZ INDIA PVT LTD,Petrol/Diesel/CNG/Hybrid,46
2026-03-01,Kerala,MERCEDES-BENZ INDIA PVT LTD,Petrol/Diesel/CNG/Hybrid,33
2026-04-01,Kerala,MERCEDES-BENZ INDIA PVT LTD,Petrol/Diesel/CNG/Hybrid,40
2026-05-01,Kerala,MERCEDES-BENZ INDIA PVT LTD,Petrol/Diesel/CNG/Hybrid,46
2026-06-01,Kerala,MERCEDES-BENZ INDIA PVT LTD,Petrol/Diesel/CNG/Hybrid,11
2026-01-01,Kerala,NISSAN MOTOR INDIA PVT LTD,Petrol/Diesel/CNG/Hybrid,350
2026-02-01,Kerala,NISSAN MOTOR INDIA PVT LTD,Petrol/Diesel/CNG/Hybrid,270
2026-03-01,Kerala,NISSAN MOTOR INDIA PVT LTD,Petrol/Diesel/CNG/Hybrid,292
2026-04-01,Kerala,NISSAN MOTOR INDIA PVT LTD,Petrol/Diesel/CNG/Hybrid,368
2026-05-01,Kerala,NISSAN MOTOR INDIA PVT LTD,Petrol/Diesel/CNG/Hybrid,341
2026-06-01,Kerala,NISSAN MOTOR INDIA PVT LTD,Petrol/Diesel/CNG/Hybrid,145
2026-01-01,Kerala,POLARIS INDIA PVT LTD,Petrol/Diesel/CNG/Hybrid,1
2026-05-01,Kerala,POLARIS INDIA PVT LTD,Petrol/Diesel/CNG/Hybrid,2
2026-06-01,Kerala,POLARIS INDIA PVT LTD,Petrol/Diesel/CNG/Hybrid,1
2026-01-01,Kerala,PORSCHE AG GERMANY,Petrol/Diesel/CNG/Hybrid,2
2026-03-01,Kerala,PORSCHE AG GERMANY,Petrol/Diesel/CNG/Hybrid,2
2026-04-01,Kerala,PORSCHE AG GERMANY,Petrol/Diesel/CNG/Hybrid,4
2026-05-01,Kerala,PORSCHE AG GERMANY,Petrol/Diesel/CNG/Hybrid,1
2026-01-01,Kerala,RENAULT INDIA PVT LTD,Petrol/Diesel/CNG/Hybrid,267
2026-02-01,Kerala,RENAULT INDIA PVT LTD,Petrol/Diesel/CNG/Hybrid,193
2026-03-01,Kerala,RENAULT INDIA PVT LTD,Petrol/Diesel/CNG/Hybrid,181
2026-04-01,Kerala,RENAULT INDIA PVT LTD,Petrol/Diesel/CNG/Hybrid,202
2026-05-01,Kerala,RENAULT INDIA PVT LTD,Petrol/Diesel/CNG/Hybrid,285
2026-06-01,Kerala,RENAULT INDIA PVT LTD,Petrol/Diesel/CNG/Hybrid,124
2026-01-01,Kerala,SAME DEUTZ-FAHR INDIA (P) LTD,Petrol/Diesel/CNG/Hybrid,1
2026-02-01,Kerala,SAME DEUTZ-FAHR INDIA (P) LTD,Petrol/Diesel/CNG/Hybrid,1
2026-03-01,Kerala,SAME DEUTZ-FAHR INDIA (P) LTD,Petrol/Diesel/CNG/Hybrid,1
2026-04-01,Kerala,SAME DEUTZ-FAHR INDIA (P) LTD,Petrol/Diesel/CNG/Hybrid,1
2026-06-01,Kerala,SAME DEUTZ-FAHR INDIA (P) LTD,Petrol/Diesel/CNG/Hybrid,5
2026-01-01,Kerala,SKODA AUTO AS,Petrol/Diesel/CNG/Hybrid,1
2026-03-01,Kerala,SKODA AUTO AS,Petrol/Diesel/CNG/Hybrid,2
2026-04-01,Kerala,SKODA AUTO AS,Petrol/Diesel/CNG/Hybrid,1
2026-01-01,Kerala,SKODA AUTO VOLKSWAGEN INDIA PVT LTD,Petrol/Diesel/CNG/Hybrid,672
2026-02-01,Kerala,SKODA AUTO VOLKSWAGEN INDIA PVT LTD,Petrol/Diesel/CNG/Hybrid,465
2026-03-01,Kerala,SKODA AUTO VOLKSWAGEN INDIA PVT LTD,Petrol/Diesel/CNG/Hybrid,567
2026-04-01,Kerala,SKODA AUTO VOLKSWAGEN INDIA PVT LTD,Petrol/Diesel/CNG/Hybrid,590
2026-05-01,Kerala,SKODA AUTO VOLKSWAGEN INDIA PVT LTD,Petrol/Diesel/CNG/Hybrid,541
2026-06-01,Kerala,SKODA AUTO VOLKSWAGEN INDIA PVT LTD,Petrol/Diesel/CNG/Hybrid,220
2026-01-01,Kerala,STELLANTIS AUTOMOBILES INDIA PVT LTD,Petrol/Diesel/CNG/Hybrid,101
2026-02-01,Kerala,STELLANTIS AUTOMOBILES INDIA PVT LTD,Petrol/Diesel/CNG/Hybrid,73
2026-03-01,Kerala,STELLANTIS AUTOMOBILES INDIA PVT LTD,Petrol/Diesel/CNG/Hybrid,66
2026-04-01,Kerala,STELLANTIS AUTOMOBILES INDIA PVT LTD,Petrol/Diesel/CNG/Hybrid,53
2026-05-01,Kerala,STELLANTIS AUTOMOBILES INDIA PVT LTD,Petrol/Diesel/CNG/Hybrid,51
2026-06-01,Kerala,STELLANTIS AUTOMOBILES INDIA PVT LTD,Petrol/Diesel/CNG/Hybrid,21
2026-01-01,Kerala,STELLANTIS INDIA PVT LTD,Petrol/Diesel/CNG/Hybrid,15
2026-02-01,Kerala,STELLANTIS INDIA PVT LTD,Petrol/Diesel/CNG/Hybrid,10
2026-03-01,Kerala,STELLANTIS INDIA PVT LTD,Petrol/Diesel/CNG/Hybrid,14
2026-04-01,Kerala,STELLANTIS INDIA PVT LTD,Petrol/Diesel/CNG/Hybrid,11
2026-05-01,Kerala,STELLANTIS INDIA PVT LTD,Petrol/Diesel/CNG/Hybrid,8
2026-06-01,Kerala,STELLANTIS INDIA PVT LTD,Petrol/Diesel/CNG/Hybrid,8
2026-02-01,Kerala,TAFE LIMITED,Petrol/Diesel/CNG/Hybrid,1
2026-04-01,Kerala,TAFE LIMITED,Petrol/Diesel/CNG/Hybrid,1
2026-01-01,Kerala,TATA MOTORS LTD,Petrol/Diesel/CNG/Hybrid,5
2026-02-01,Kerala,TATA MOTORS LTD,Petrol/Diesel/CNG/Hybrid,6
2026-03-01,Kerala,TATA MOTORS LTD,Petrol/Diesel/CNG/Hybrid,5
2026-04-01,Kerala,TATA MOTORS LTD,Petrol/Diesel/CNG/Hybrid,12
2026-05-01,Kerala,TATA MOTORS LTD,Petrol/Diesel/CNG/Hybrid,12
2026-06-01,Kerala,TATA MOTORS LTD,Petrol/Diesel/CNG/Hybrid,3
2026-01-01,Kerala,TATA MOTORS PASSENGER VEHICLES LTD,Petrol/Diesel/CNG/Hybrid,1406
2026-02-01,Kerala,TATA MOTORS PASSENGER VEHICLES LTD,Petrol/Diesel/CNG/Hybrid,1222
2026-03-01,Kerala,TATA MOTORS PASSENGER VEHICLES LTD,Petrol/Diesel/CNG/Hybrid,1512
2026-04-01,Kerala,TATA MOTORS PASSENGER VEHICLES LTD,Petrol/Diesel/CNG/Hybrid,1449
2026-05-01,Kerala,TATA MOTORS PASSENGER VEHICLES LTD,Petrol/Diesel/CNG/Hybrid,1296
2026-06-01,Kerala,TATA MOTORS PASSENGER VEHICLES LTD,Petrol/Diesel/CNG/Hybrid,542
2026-01-01,Kerala,TATA PASSENGER ELECTRIC MOBILITY LTD,Petrol/Diesel/CNG/Hybrid,73
2026-02-01,Kerala,TATA PASSENGER ELECTRIC MOBILITY LTD,Petrol/Diesel/CNG/Hybrid,15
2026-03-01,Kerala,TATA PASSENGER ELECTRIC MOBILITY LTD,Petrol/Diesel/CNG/Hybrid,6
2026-05-01,Kerala,TATA PASSENGER ELECTRIC MOBILITY LTD,Petrol/Diesel/CNG/Hybrid,2
2026-01-01,Kerala,TOYOTA KIRLOSKAR MOTOR PVT LTD,Petrol/Diesel/CNG/Hybrid,2961
2026-02-01,Kerala,TOYOTA KIRLOSKAR MOTOR PVT LTD,Petrol/Diesel/CNG/Hybrid,1868
2026-03-01,Kerala,TOYOTA KIRLOSKAR MOTOR PVT LTD,Petrol/Diesel/CNG/Hybrid,1900
2026-04-01,Kerala,TOYOTA KIRLOSKAR MOTOR PVT LTD,Petrol/Diesel/CNG/Hybrid,1923
2026-05-01,Kerala,TOYOTA KIRLOSKAR MOTOR PVT LTD,Petrol/Diesel/CNG/Hybrid,1782
2026-06-01,Kerala,TOYOTA KIRLOSKAR MOTOR PVT LTD,Petrol/Diesel/CNG/Hybrid,766
2026-04-01,Kerala,VE COMMERCIAL VEHICLES LTD,Petrol/Diesel/CNG/Hybrid,10
2026-01-01,Kerala,VOLKSWAGEN AG,Petrol/Diesel/CNG/Hybrid,7
2026-02-01,Kerala,VOLKSWAGEN AG,Petrol/Diesel/CNG/Hybrid,5
2026-03-01,Kerala,VOLKSWAGEN AG,Petrol/Diesel/CNG/Hybrid,3
2026-04-01,Kerala,VOLKSWAGEN AG,Petrol/Diesel/CNG/Hybrid,3
2026-05-01,Kerala,VOLKSWAGEN AG,Petrol/Diesel/CNG/Hybrid,1
2026-06-01,Kerala,VOLKSWAGEN AG,Petrol/Diesel/CNG/Hybrid,1
2026-01-01,Kerala,VOLVO AUTO INDIA PVT LTD,Petrol/Diesel/CNG/Hybrid,6
2026-02-01,Kerala,VOLVO AUTO INDIA PVT LTD,Petrol/Diesel/CNG/Hybrid,2
2026-03-01,Kerala,VOLVO AUTO INDIA PVT LTD,Petrol/Diesel/CNG/Hybrid,6
2026-04-01,Kerala,VOLVO AUTO INDIA PVT LTD,Petrol/Diesel/CNG/Hybrid,4
2026-05-01,Kerala,VOLVO AUTO INDIA PVT LTD,Petrol/Diesel/CNG/Hybrid,3
2026-06-01,Kerala,VOLVO AUTO INDIA PVT LTD,Petrol/Diesel/CNG/Hybrid,2
2026-05-01,Ladakh,CNH INDUSTRIAL (INDIA) PVT LTD,Petrol/Diesel/CNG/Hybrid,1
2026-06-01,Ladakh,CNH INDUSTRIAL (INDIA) PVT LTD,Petrol/Diesel/CNG/Hybrid,1
2026-05-01,Ladakh,EICHER TRACTORS,Petrol/Diesel/CNG/Hybrid,1
2026-06-01,Ladakh,EICHER TRACTORS,Petrol/Diesel/CNG/Hybrid,3
2026-01-01,Ladakh,ESCORTS KUBOTA LIMITED (AGRI MACHINERY GROUP),Petrol/Diesel/CNG/Hybrid,1
2026-03-01,Ladakh,HONDA CARS INDIA LTD,Petrol/Diesel/CNG/Hybrid,1
2026-01-01,Ladakh,HYUNDAI MOTOR INDIA LTD,Petrol/Diesel/CNG/Hybrid,28
2026-02-01,Ladakh,HYUNDAI MOTOR INDIA LTD,Petrol/Diesel/CNG/Hybrid,9
2026-03-01,Ladakh,HYUNDAI MOTOR INDIA LTD,Petrol/Diesel/CNG/Hybrid,30
2026-04-01,Ladakh,HYUNDAI MOTOR INDIA LTD,Petrol/Diesel/CNG/Hybrid,55
2026-05-01,Ladakh,HYUNDAI MOTOR INDIA LTD,Petrol/Diesel/CNG/Hybrid,53
2026-06-01,Ladakh,HYUNDAI MOTOR INDIA LTD,Petrol/Diesel/CNG/Hybrid,41
2026-05-01,Ladakh,INTERNATIONAL TRACTORS LIMITED,Petrol/Diesel/CNG/Hybrid,4
2026-04-01,Ladakh,ISUZU MOTORS INDIA PVT LTD,Petrol/Diesel/CNG/Hybrid,4
2026-05-01,Ladakh,ISUZU MOTORS INDIA PVT LTD,Petrol/Diesel/CNG/Hybrid,2
2026-01-01,Ladakh,JOHN DEERE INDIA PVT LTD(TRACTOR DEVISION),Petrol/Diesel/CNG/Hybrid,6
2026-03-01,Ladakh,JOHN DEERE INDIA PVT LTD(TRACTOR DEVISION),Petrol/Diesel/CNG/Hybrid,1
2026-05-01,Ladakh,JOHN DEERE INDIA PVT LTD(TRACTOR DEVISION),Petrol/Diesel/CNG/Hybrid,1
2026-06-01,Ladakh,JOHN DEERE INDIA PVT LTD(TRACTOR DEVISION),Petrol/Diesel/CNG/Hybrid,2
2026-01-01,Ladakh,KIA INDIA PRIVATE LIMITED,Petrol/Diesel/CNG/Hybrid,8
2026-02-01,Ladakh,KIA INDIA PRIVATE LIMITED,Petrol/Diesel/CNG/Hybrid,3
2026-03-01,Ladakh,KIA INDIA PRIVATE LIMITED,Petrol/Diesel/CNG/Hybrid,4
2026-04-01,Ladakh,KIA INDIA PRIVATE LIMITED,Petrol/Diesel/CNG/Hybrid,4
2026-05-01,Ladakh,KIA INDIA PRIVATE LIMITED,Petrol/Diesel/CNG/Hybrid,4
2026-06-01,Ladakh,KIA INDIA PRIVATE LIMITED,Petrol/Diesel/CNG/Hybrid,7
2026-01-01,Ladakh,MAHINDRA & MAHINDRA LIMITED,Petrol/Diesel/CNG/Hybrid,24
2026-02-01,Ladakh,MAHINDRA & MAHINDRA LIMITED,Petrol/Diesel/CNG/Hybrid,25
2026-03-01,Ladakh,MAHINDRA & MAHINDRA LIMITED,Petrol/Diesel/CNG/Hybrid,36
2026-04-01,Ladakh,MAHINDRA & MAHINDRA LIMITED,Petrol/Diesel/CNG/Hybrid,57
2026-05-01,Ladakh,MAHINDRA & MAHINDRA LIMITED,Petrol/Diesel/CNG/Hybrid,63
2026-06-01,Ladakh,MAHINDRA & MAHINDRA LIMITED,Petrol/Diesel/CNG/Hybrid,41
2026-05-01,Ladakh,MAHINDRA & MAHINDRA LIMITED (SWARAJ DIVISION),Petrol/Diesel/CNG/Hybrid,1
2026-01-01,Ladakh,MARUTI SUZUKI INDIA LTD,Petrol/Diesel/CNG/Hybrid,141
2026-02-01,Ladakh,MARUTI SUZUKI INDIA LTD,Petrol/Diesel/CNG/Hybrid,25
2026-03-01,Ladakh,MARUTI SUZUKI INDIA LTD,Petrol/Diesel/CNG/Hybrid,36
2026-04-01,Ladakh,MARUTI SUZUKI INDIA LTD,Petrol/Diesel/CNG/Hybrid,212
2026-05-01,Ladakh,MARUTI SUZUKI INDIA LTD,Petrol/Diesel/CNG/Hybrid,248
2026-06-01,Ladakh,MARUTI SUZUKI INDIA LTD,Petrol/Diesel/CNG/Hybrid,150
2026-05-01,Ladakh,PREET TRACTORS PVT LTD,Petrol/Diesel/CNG/Hybrid,3
2026-06-01,Ladakh,PREET TRACTORS PVT LTD,Petrol/Diesel/CNG/Hybrid,1
2026-06-01,Ladakh,RENAULT INDIA PVT LTD,Petrol/Diesel/CNG/Hybrid,1
2026-01-01,Ladakh,SKODA AUTO VOLKSWAGEN INDIA PVT LTD,Petrol/Diesel/CNG/Hybrid,1
2026-06-01,Ladakh,SKODA AUTO VOLKSWAGEN INDIA PVT LTD,Petrol/Diesel/CNG/Hybrid,1
2026-06-01,Ladakh,TATA MOTORS LTD,Petrol/Diesel/CNG/Hybrid,5
2026-01-01,Ladakh,TATA MOTORS PASSENGER VEHICLES LTD,Petrol/Diesel/CNG/Hybrid,19
2026-02-01,Ladakh,TATA MOTORS PASSENGER VEHICLES LTD,Petrol/Diesel/CNG/Hybrid,11
2026-03-01,Ladakh,TATA MOTORS PASSENGER VEHICLES LTD,Petrol/Diesel/CNG/Hybrid,10
2026-04-01,Ladakh,TATA MOTORS PASSENGER VEHICLES LTD,Petrol/Diesel/CNG/Hybrid,20
2026-05-01,Ladakh,TATA MOTORS PASSENGER VEHICLES LTD,Petrol/Diesel/CNG/Hybrid,19
2026-06-01,Ladakh,TATA MOTORS PASSENGER VEHICLES LTD,Petrol/Diesel/CNG/Hybrid,12
2026-01-01,Ladakh,TOYOTA KIRLOSKAR MOTOR PVT LTD,Petrol/Diesel/CNG/Hybrid,13
2026-02-01,Ladakh,TOYOTA KIRLOSKAR MOTOR PVT LTD,Petrol/Diesel/CNG/Hybrid,6
2026-03-01,Ladakh,TOYOTA KIRLOSKAR MOTOR PVT LTD,Petrol/Diesel/CNG/Hybrid,8
2026-04-01,Ladakh,TOYOTA KIRLOSKAR MOTOR PVT LTD,Petrol/Diesel/CNG/Hybrid,14
2026-05-01,Ladakh,TOYOTA KIRLOSKAR MOTOR PVT LTD,Petrol/Diesel/CNG/Hybrid,18
2026-06-01,Ladakh,TOYOTA KIRLOSKAR MOTOR PVT LTD,Petrol/Diesel/CNG/Hybrid,13
2026-01-01,Lakshadweep,HYUNDAI MOTOR INDIA LTD,Petrol/Diesel/CNG/Hybrid,1
2026-03-01,Lakshadweep,HYUNDAI MOTOR INDIA LTD,Petrol/Diesel/CNG/Hybrid,1
2026-04-01,Lakshadweep,HYUNDAI MOTOR INDIA LTD,Petrol/Diesel/CNG/Hybrid,1
2026-01-01,Lakshadweep,KIA INDIA PRIVATE LIMITED,Petrol/Diesel/CNG/Hybrid,1
2026-04-01,Lakshadweep,KIA INDIA PRIVATE LIMITED,Petrol/Diesel/CNG/Hybrid,1
2026-06-01,Lakshadweep,KIA INDIA PRIVATE LIMITED,Petrol/Diesel/CNG/Hybrid,1
2026-02-01,Lakshadweep,MARUTI SUZUKI INDIA LTD,Petrol/Diesel/CNG/Hybrid,1
2026-03-01,Lakshadweep,MARUTI SUZUKI INDIA LTD,Petrol/Diesel/CNG/Hybrid,2
2026-04-01,Lakshadweep,MARUTI SUZUKI INDIA LTD,Petrol/Diesel/CNG/Hybrid,2
2026-06-01,Lakshadweep,MARUTI SUZUKI INDIA LTD,Petrol/Diesel/CNG/Hybrid,9
2026-05-01,Lakshadweep,RENAULT INDIA PVT LTD,Petrol/Diesel/CNG/Hybrid,1
2026-06-01,Lakshadweep,RENAULT INDIA PVT LTD,Petrol/Diesel/CNG/Hybrid,4
2026-06-01,Lakshadweep,SKODA AUTO VOLKSWAGEN INDIA PVT LTD,Petrol/Diesel/CNG/Hybrid,1
2026-02-01,Lakshadweep,TATA MOTORS PASSENGER VEHICLES LTD,Petrol/Diesel/CNG/Hybrid,1
2026-03-01,Lakshadweep,TOYOTA KIRLOSKAR MOTOR PVT LTD,Petrol/Diesel/CNG/Hybrid,2
2026-04-01,Lakshadweep,TOYOTA KIRLOSKAR MOTOR PVT LTD,Petrol/Diesel/CNG/Hybrid,1
2026-05-01,Lakshadweep,TOYOTA KIRLOSKAR MOTOR PVT LTD,Petrol/Diesel/CNG/Hybrid,1
2026-06-01,Madhya Pradesh,A. A. TRAILOR,Petrol/Diesel/CNG/Hybrid,1
2026-01-01,Madhya Pradesh,ACTION CONSTRUCTION EQUIPMENT LTD,Petrol/Diesel/CNG/Hybrid,27
2026-02-01,Madhya Pradesh,ACTION CONSTRUCTION EQUIPMENT LTD,Petrol/Diesel/CNG/Hybrid,41
2026-03-01,Madhya Pradesh,ACTION CONSTRUCTION EQUIPMENT LTD,Petrol/Diesel/CNG/Hybrid,11
2026-04-01,Madhya Pradesh,ACTION CONSTRUCTION EQUIPMENT LTD,Petrol/Diesel/CNG/Hybrid,19
2026-05-01,Madhya Pradesh,ACTION CONSTRUCTION EQUIPMENT LTD,Petrol/Diesel/CNG/Hybrid,22
2026-06-01,Madhya Pradesh,ACTION CONSTRUCTION EQUIPMENT LTD,Petrol/Diesel/CNG/Hybrid,24
2026-01-01,Madhya Pradesh,AGRI KING TRACTORS & EQUIPMENTS PVT LTD,Petrol/Diesel/CNG/Hybrid,9
2026-02-01,Madhya Pradesh,AGRI KING TRACTORS & EQUIPMENTS PVT LTD,Petrol/Diesel/CNG/Hybrid,1
2026-03-01,Madhya Pradesh,AGRI KING TRACTORS & EQUIPMENTS PVT LTD,Petrol/Diesel/CNG/Hybrid,4
2026-05-01,Madhya Pradesh,AGRI KING TRACTORS & EQUIPMENTS PVT LTD,Petrol/Diesel/CNG/Hybrid,2
2026-06-01,Madhya Pradesh,AKASH TRAILOR,Petrol/Diesel/CNG/Hybrid,1
2026-03-01,Madhya Pradesh,ASHOK LEYLAND LTD,Petrol/Diesel/CNG/Hybrid,1
2026-05-01,Madhya Pradesh,ASHOK LEYLAND LTD,Petrol/Diesel/CNG/Hybrid,1
2026-06-01,Madhya Pradesh,BALAJI AGRO INDUSTRIES,Petrol/Diesel/CNG/Hybrid,1
2026-04-01,Madhya Pradesh,BENTLEY MOTORS LTD (SAVWIPL),Petrol/Diesel/CNG/Hybrid,1
2026-01-01,Madhya Pradesh,BMW INDIA PVT LTD,Petrol/Diesel/CNG/Hybrid,13
2026-02-01,Madhya Pradesh,BMW INDIA PVT LTD,Petrol/Diesel/CNG/Hybrid,30
2026-03-01,Madhya Pradesh,BMW INDIA PVT LTD,Petrol/Diesel/CNG/Hybrid,26
2026-04-01,Madhya Pradesh,BMW INDIA PVT LTD,Petrol/Diesel/CNG/Hybrid,12
2026-05-01,Madhya Pradesh,BMW INDIA PVT LTD,Petrol/Diesel/CNG/Hybrid,11
2026-01-01,Madhya Pradesh,CAPTAIN TRACTORS PVT. LTD,Petrol/Diesel/CNG/Hybrid,4
2026-02-01,Madhya Pradesh,CAPTAIN TRACTORS PVT. LTD,Petrol/Diesel/CNG/Hybrid,2
2026-03-01,Madhya Pradesh,CAPTAIN TRACTORS PVT. LTD,Petrol/Diesel/CNG/Hybrid,7
2026-04-01,Madhya Pradesh,CAPTAIN TRACTORS PVT. LTD,Petrol/Diesel/CNG/Hybrid,2
2026-01-01,Madhya Pradesh,CNH INDUSTRIAL (INDIA) PVT LTD,Petrol/Diesel/CNG/Hybrid,1024
2026-02-01,Madhya Pradesh,CNH INDUSTRIAL (INDIA) PVT LTD,Petrol/Diesel/CNG/Hybrid,681
2026-03-01,Madhya Pradesh,CNH INDUSTRIAL (INDIA) PVT LTD,Petrol/Diesel/CNG/Hybrid,612
2026-04-01,Madhya Pradesh,CNH INDUSTRIAL (INDIA) PVT LTD,Petrol/Diesel/CNG/Hybrid,451
2026-05-01,Madhya Pradesh,CNH INDUSTRIAL (INDIA) PVT LTD,Petrol/Diesel/CNG/Hybrid,672
2026-06-01,Madhya Pradesh,CNH INDUSTRIAL (INDIA) PVT LTD,Petrol/Diesel/CNG/Hybrid,586
2026-01-01,Madhya Pradesh,DAIMLER INDIA COMMERCIAL VEHICLES PVT. LTD,Petrol/Diesel/CNG/Hybrid,1
2026-01-01,Madhya Pradesh,EICHER TRACTORS,Petrol/Diesel/CNG/Hybrid,1460
2026-02-01,Madhya Pradesh,EICHER TRACTORS,Petrol/Diesel/CNG/Hybrid,1111
2026-03-01,Madhya Pradesh,EICHER TRACTORS,Petrol/Diesel/CNG/Hybrid,961
2026-04-01,Madhya Pradesh,EICHER TRACTORS,Petrol/Diesel/CNG/Hybrid,818
2026-05-01,Madhya Pradesh,EICHER TRACTORS,Petrol/Diesel/CNG/Hybrid,954
2026-06-01,Madhya Pradesh,EICHER TRACTORS,Petrol/Diesel/CNG/Hybrid,675
2026-01-01,Madhya Pradesh,ESCORTS KUBOTA LIMITED (AGRI MACHINERY GROUP),Petrol/Diesel/CNG/Hybrid,1903
2026-02-01,Madhya Pradesh,ESCORTS KUBOTA LIMITED (AGRI MACHINERY GROUP),Petrol/Diesel/CNG/Hybrid,1608
2026-03-01,Madhya Pradesh,ESCORTS KUBOTA LIMITED (AGRI MACHINERY GROUP),Petrol/Diesel/CNG/Hybrid,1413
2026-04-01,Madhya Pradesh,ESCORTS KUBOTA LIMITED (AGRI MACHINERY GROUP),Petrol/Diesel/CNG/Hybrid,1197
2026-05-01,Madhya Pradesh,ESCORTS KUBOTA LIMITED (AGRI MACHINERY GROUP),Petrol/Diesel/CNG/Hybrid,1585
2026-06-01,Madhya Pradesh,ESCORTS KUBOTA LIMITED (AGRI MACHINERY GROUP),Petrol/Diesel/CNG/Hybrid,946
2026-04-01,Madhya Pradesh,FERRARI SPA (IMPORTER:SELECT CARS P LTD),Petrol/Diesel/CNG/Hybrid,1
2026-01-01,Madhya Pradesh,FORCE MOTORS LIMITED,Petrol/Diesel/CNG/Hybrid,38
2026-02-01,Madhya Pradesh,FORCE MOTORS LIMITED,Petrol/Diesel/CNG/Hybrid,45
2026-03-01,Madhya Pradesh,FORCE MOTORS LIMITED,Petrol/Diesel/CNG/Hybrid,59
2026-04-01,Madhya Pradesh,FORCE MOTORS LIMITED,Petrol/Diesel/CNG/Hybrid,25
2026-05-01,Madhya Pradesh,FORCE MOTORS LIMITED,Petrol/Diesel/CNG/Hybrid,16
2026-06-01,Madhya Pradesh,FORCE MOTORS LIMITED,Petrol/Diesel/CNG/Hybrid,13
2026-01-01,Madhya Pradesh,FORD INDIA PVT LTD,Petrol/Diesel/CNG/Hybrid,1
2026-01-01,Madhya Pradesh,GROMAX AGRI EQUIPMENT LTD,Petrol/Diesel/CNG/Hybrid,19
2026-02-01,Madhya Pradesh,GROMAX AGRI EQUIPMENT LTD,Petrol/Diesel/CNG/Hybrid,14
2026-03-01,Madhya Pradesh,GROMAX AGRI EQUIPMENT LTD,Petrol/Diesel/CNG/Hybrid,13
2026-04-01,Madhya Pradesh,GROMAX AGRI EQUIPMENT LTD,Petrol/Diesel/CNG/Hybrid,2
2026-05-01,Madhya Pradesh,GROMAX AGRI EQUIPMENT LTD,Petrol/Diesel/CNG/Hybrid,2
2026-06-01,Madhya Pradesh,GROMAX AGRI EQUIPMENT LTD,Petrol/Diesel/CNG/Hybrid,8
2026-04-01,Madhya Pradesh,GURU NANAK INDUSTRIES PVT LTD,Petrol/Diesel/CNG/Hybrid,1
2026-01-01,Madhya Pradesh,HONDA CARS INDIA LTD,Petrol/Diesel/CNG/Hybrid,157
2026-02-01,Madhya Pradesh,HONDA CARS INDIA LTD,Petrol/Diesel/CNG/Hybrid,143
2026-03-01,Madhya Pradesh,HONDA CARS INDIA LTD,Petrol/Diesel/CNG/Hybrid,179
2026-04-01,Madhya Pradesh,HONDA CARS INDIA LTD,Petrol/Diesel/CNG/Hybrid,61
2026-05-01,Madhya Pradesh,HONDA CARS INDIA LTD,Petrol/Diesel/CNG/Hybrid,58
2026-06-01,Madhya Pradesh,HONDA CARS INDIA LTD,Petrol/Diesel/CNG/Hybrid,33
2026-03-01,Madhya Pradesh,HOTA AGRO (WATER TANKER),Petrol/Diesel/CNG/Hybrid,5
2026-01-01,Madhya Pradesh,HYUNDAI MOTOR INDIA LTD,Petrol/Diesel/CNG/Hybrid,3203
2026-02-01,Madhya Pradesh,HYUNDAI MOTOR INDIA LTD,Petrol/Diesel/CNG/Hybrid,2541
2026-03-01,Madhya Pradesh,HYUNDAI MOTOR INDIA LTD,Petrol/Diesel/CNG/Hybrid,3496
2026-04-01,Madhya Pradesh,HYUNDAI MOTOR INDIA LTD,Petrol/Diesel/CNG/Hybrid,1398
2026-05-01,Madhya Pradesh,HYUNDAI MOTOR INDIA LTD,Petrol/Diesel/CNG/Hybrid,1481
2026-06-01,Madhya Pradesh,HYUNDAI MOTOR INDIA LTD,Petrol/Diesel/CNG/Hybrid,542
2026-01-01,Madhya Pradesh,INDO FARM EQUIPMENT LIMITED,Petrol/Diesel/CNG/Hybrid,24
2026-02-01,Madhya Pradesh,INDO FARM EQUIPMENT LIMITED,Petrol/Diesel/CNG/Hybrid,14
2026-03-01,Madhya Pradesh,INDO FARM EQUIPMENT LIMITED,Petrol/Diesel/CNG/Hybrid,12
2026-04-01,Madhya Pradesh,INDO FARM EQUIPMENT LIMITED,Petrol/Diesel/CNG/Hybrid,9
2026-05-01,Madhya Pradesh,INDO FARM EQUIPMENT LIMITED,Petrol/Diesel/CNG/Hybrid,18
2026-06-01,Madhya Pradesh,INDO FARM EQUIPMENT LIMITED,Petrol/Diesel/CNG/Hybrid,17
2026-01-01,Madhya Pradesh,INTERNATIONAL TRACTORS LIMITED,Petrol/Diesel/CNG/Hybrid,2180
2026-02-01,Madhya Pradesh,INTERNATIONAL TRACTORS LIMITED,Petrol/Diesel/CNG/Hybrid,1612
2026-03-01,Madhya Pradesh,INTERNATIONAL TRACTORS LIMITED,Petrol/Diesel/CNG/Hybrid,1396
2026-04-01,Madhya Pradesh,INTERNATIONAL TRACTORS LIMITED,Petrol/Diesel/CNG/Hybrid,1113
2026-05-01,Madhya Pradesh,INTERNATIONAL TRACTORS LIMITED,Petrol/Diesel/CNG/Hybrid,1406
2026-06-01,Madhya Pradesh,INTERNATIONAL TRACTORS LIMITED,Petrol/Diesel/CNG/Hybrid,1037
2026-01-01,Madhya Pradesh,ISUZU MOTORS INDIA PVT LTD,Petrol/Diesel/CNG/Hybrid,3
2026-02-01,Madhya Pradesh,ISUZU MOTORS INDIA PVT LTD,Petrol/Diesel/CNG/Hybrid,2
2026-03-01,Madhya Pradesh,ISUZU MOTORS INDIA PVT LTD,Petrol/Diesel/CNG/Hybrid,5
2026-06-01,Madhya Pradesh,ISUZU MOTORS INDIA PVT LTD,Petrol/Diesel/CNG/Hybrid,1
2026-01-01,Madhya Pradesh,JAGUAR LAND ROVER INDIA LIMITED,Petrol/Diesel/CNG/Hybrid,14
2026-02-01,Madhya Pradesh,JAGUAR LAND ROVER INDIA LIMITED,Petrol/Diesel/CNG/Hybrid,27
2026-03-01,Madhya Pradesh,JAGUAR LAND ROVER INDIA LIMITED,Petrol/Diesel/CNG/Hybrid,10
2026-04-01,Madhya Pradesh,JAGUAR LAND ROVER INDIA LIMITED,Petrol/Diesel/CNG/Hybrid,10
2026-05-01,Madhya Pradesh,JAGUAR LAND ROVER INDIA LIMITED,Petrol/Diesel/CNG/Hybrid,9
2026-06-01,Madhya Pradesh,JAGUAR LAND ROVER INDIA LIMITED,Petrol/Diesel/CNG/Hybrid,1
2026-05-01,Madhya Pradesh,JCB INDIA LIMITED,Petrol/Diesel/CNG/Hybrid,2
2026-06-01,Madhya Pradesh,JCB INDIA LIMITED,Petrol/Diesel/CNG/Hybrid,1
2026-01-01,Madhya Pradesh,JOHN DEERE INDIA PVT LTD(TRACTOR DEVISION),Petrol/Diesel/CNG/Hybrid,1099
2026-02-01,Madhya Pradesh,JOHN DEERE INDIA PVT LTD(TRACTOR DEVISION),Petrol/Diesel/CNG/Hybrid,745
2026-03-01,Madhya Pradesh,JOHN DEERE INDIA PVT LTD(TRACTOR DEVISION),Petrol/Diesel/CNG/Hybrid,909
2026-04-01,Madhya Pradesh,JOHN DEERE INDIA PVT LTD(TRACTOR DEVISION),Petrol/Diesel/CNG/Hybrid,585
2026-05-01,Madhya Pradesh,JOHN DEERE INDIA PVT LTD(TRACTOR DEVISION),Petrol/Diesel/CNG/Hybrid,813
2026-06-01,Madhya Pradesh,JOHN DEERE INDIA PVT LTD(TRACTOR DEVISION),Petrol/Diesel/CNG/Hybrid,496
2026-01-01,Madhya Pradesh,JSW MG MOTOR INDIA PVT LTD,Petrol/Diesel/CNG/Hybrid,50
2026-02-01,Madhya Pradesh,JSW MG MOTOR INDIA PVT LTD,Petrol/Diesel/CNG/Hybrid,71
2026-03-01,Madhya Pradesh,JSW MG MOTOR INDIA PVT LTD,Petrol/Diesel/CNG/Hybrid,73
2026-04-01,Madhya Pradesh,JSW MG MOTOR INDIA PVT LTD,Petrol/Diesel/CNG/Hybrid,18
2026-05-01,Madhya Pradesh,JSW MG MOTOR INDIA PVT LTD,Petrol/Diesel/CNG/Hybrid,16
2026-06-01,Madhya Pradesh,JSW MG MOTOR INDIA PVT LTD,Petrol/Diesel/CNG/Hybrid,12
2026-01-01,Madhya Pradesh,KARTAR TRACTORS PRIVATE LIMITED,Petrol/Diesel/CNG/Hybrid,18
2026-02-01,Madhya Pradesh,KARTAR TRACTORS PRIVATE LIMITED,Petrol/Diesel/CNG/Hybrid,25
2026-03-01,Madhya Pradesh,KARTAR TRACTORS PRIVATE LIMITED,Petrol/Diesel/CNG/Hybrid,16
2026-04-01,Madhya Pradesh,KARTAR TRACTORS PRIVATE LIMITED,Petrol/Diesel/CNG/Hybrid,1
2026-05-01,Madhya Pradesh,KARTAR TRACTORS PRIVATE LIMITED,Petrol/Diesel/CNG/Hybrid,5
2026-06-01,Madhya Pradesh,KARTAR TRACTORS PRIVATE LIMITED,Petrol/Diesel/CNG/Hybrid,13
2026-01-01,Madhya Pradesh,KIA INDIA PRIVATE LIMITED,Petrol/Diesel/CNG/Hybrid,1795
2026-02-01,Madhya Pradesh,KIA INDIA PRIVATE LIMITED,Petrol/Diesel/CNG/Hybrid,2112
2026-03-01,Madhya Pradesh,KIA INDIA PRIVATE LIMITED,Petrol/Diesel/CNG/Hybrid,2987
2026-04-01,Madhya Pradesh,KIA INDIA PRIVATE LIMITED,Petrol/Diesel/CNG/Hybrid,904
2026-05-01,Madhya Pradesh,KIA INDIA PRIVATE LIMITED,Petrol/Diesel/CNG/Hybrid,780
2026-06-01,Madhya Pradesh,KIA INDIA PRIVATE LIMITED,Petrol/Diesel/CNG/Hybrid,299
2026-01-01,Madhya Pradesh,KUBOTA AGRICULTURAL MACHINERY INDIA PVT.LTD,Petrol/Diesel/CNG/Hybrid,6
2026-02-01,Madhya Pradesh,KUBOTA AGRICULTURAL MACHINERY INDIA PVT.LTD,Petrol/Diesel/CNG/Hybrid,5
2026-03-01,Madhya Pradesh,KUBOTA AGRICULTURAL MACHINERY INDIA PVT.LTD,Petrol/Diesel/CNG/Hybrid,10
2026-04-01,Madhya Pradesh,KUBOTA AGRICULTURAL MACHINERY INDIA PVT.LTD,Petrol/Diesel/CNG/Hybrid,4
2026-05-01,Madhya Pradesh,KUBOTA AGRICULTURAL MACHINERY INDIA PVT.LTD,Petrol/Diesel/CNG/Hybrid,2
2026-06-01,Madhya Pradesh,KUBOTA AGRICULTURAL MACHINERY INDIA PVT.LTD,Petrol/Diesel/CNG/Hybrid,2
2026-01-01,Madhya Pradesh,LOCAL TRAILER MANUFACTURER,Petrol/Diesel/CNG/Hybrid,43
2026-02-01,Madhya Pradesh,LOCAL TRAILER MANUFACTURER,Petrol/Diesel/CNG/Hybrid,42
2026-03-01,Madhya Pradesh,LOCAL TRAILER MANUFACTURER,Petrol/Diesel/CNG/Hybrid,40
2026-04-01,Madhya Pradesh,LOCAL TRAILER MANUFACTURER,Petrol/Diesel/CNG/Hybrid,44
2026-05-01,Madhya Pradesh,LOCAL TRAILER MANUFACTURER,Petrol/Diesel/CNG/Hybrid,24
2026-06-01,Madhya Pradesh,LOCAL TRAILER MANUFACTURER,Petrol/Diesel/CNG/Hybrid,26
2026-01-01,Madhya Pradesh,MAHINDRA & MAHINDRA LIMITED,Petrol/Diesel/CNG/Hybrid,3871
2026-02-01,Madhya Pradesh,MAHINDRA & MAHINDRA LIMITED,Petrol/Diesel/CNG/Hybrid,4604
2026-03-01,Madhya Pradesh,MAHINDRA & MAHINDRA LIMITED,Petrol/Diesel/CNG/Hybrid,5687
2026-04-01,Madhya Pradesh,MAHINDRA & MAHINDRA LIMITED,Petrol/Diesel/CNG/Hybrid,1885
2026-05-01,Madhya Pradesh,MAHINDRA & MAHINDRA LIMITED,Petrol/Diesel/CNG/Hybrid,1755
2026-06-01,Madhya Pradesh,MAHINDRA & MAHINDRA LIMITED,Petrol/Diesel/CNG/Hybrid,758
2026-01-01,Madhya Pradesh,MAHINDRA & MAHINDRA LIMITED (SWARAJ DIVISION),Petrol/Diesel/CNG/Hybrid,2429
2026-02-01,Madhya Pradesh,MAHINDRA & MAHINDRA LIMITED (SWARAJ DIVISION),Petrol/Diesel/CNG/Hybrid,1808
2026-03-01,Madhya Pradesh,MAHINDRA & MAHINDRA LIMITED (SWARAJ DIVISION),Petrol/Diesel/CNG/Hybrid,1820
2026-04-01,Madhya Pradesh,MAHINDRA & MAHINDRA LIMITED (SWARAJ DIVISION),Petrol/Diesel/CNG/Hybrid,1370
2026-05-01,Madhya Pradesh,MAHINDRA & MAHINDRA LIMITED (SWARAJ DIVISION),Petrol/Diesel/CNG/Hybrid,1728
2026-06-01,Madhya Pradesh,MAHINDRA & MAHINDRA LIMITED (SWARAJ DIVISION),Petrol/Diesel/CNG/Hybrid,1230
2026-01-01,Madhya Pradesh,MAHINDRA & MAHINDRA LIMITED (TRACTOR),Petrol/Diesel/CNG/Hybrid,2477
2026-02-01,Madhya Pradesh,MAHINDRA & MAHINDRA LIMITED (TRACTOR),Petrol/Diesel/CNG/Hybrid,2579
2026-03-01,Madhya Pradesh,MAHINDRA & MAHINDRA LIMITED (TRACTOR),Petrol/Diesel/CNG/Hybrid,2104
2026-04-01,Madhya Pradesh,MAHINDRA & MAHINDRA LIMITED (TRACTOR),Petrol/Diesel/CNG/Hybrid,1631
2026-05-01,Madhya Pradesh,MAHINDRA & MAHINDRA LIMITED (TRACTOR),Petrol/Diesel/CNG/Hybrid,2047
2026-06-01,Madhya Pradesh,MAHINDRA & MAHINDRA LIMITED (TRACTOR),Petrol/Diesel/CNG/Hybrid,1127
2026-03-01,Madhya Pradesh,MAHINDRA LAST MILE MOBILITY LTD,Petrol/Diesel/CNG/Hybrid,1
2026-05-01,Madhya Pradesh,MAHINDRA LAST MILE MOBILITY LTD,Petrol/Diesel/CNG/Hybrid,1
2026-01-01,Madhya Pradesh,MARUTI SUZUKI INDIA LTD,Petrol/Diesel/CNG/Hybrid,11038
2026-02-01,Madhya Pradesh,MARUTI SUZUKI INDIA LTD,Petrol/Diesel/CNG/Hybrid,9777
2026-03-01,Madhya Pradesh,MARUTI SUZUKI INDIA LTD,Petrol/Diesel/CNG/Hybrid,12179
2026-04-01,Madhya Pradesh,MARUTI SUZUKI INDIA LTD,Petrol/Diesel/CNG/Hybrid,5445
2026-05-01,Madhya Pradesh,MARUTI SUZUKI INDIA LTD,Petrol/Diesel/CNG/Hybrid,5893
2026-06-01,Madhya Pradesh,MARUTI SUZUKI INDIA LTD,Petrol/Diesel/CNG/Hybrid,3118
2026-02-01,Madhya Pradesh,MARUTI UDYOG LTD,Petrol/Diesel/CNG/Hybrid,2
2026-05-01,Madhya Pradesh,MERCEDES BENZ,Petrol/Diesel/CNG/Hybrid,1
2026-06-01,Madhya Pradesh,MERCEDES BENZ,Petrol/Diesel/CNG/Hybrid,1
2026-01-01,Madhya Pradesh,MERCEDES-BENZ AG,Petrol/Diesel/CNG/Hybrid,2
2026-02-01,Madhya Pradesh,MERCEDES-BENZ AG,Petrol/Diesel/CNG/Hybrid,3
2026-03-01,Madhya Pradesh,MERCEDES-BENZ AG,Petrol/Diesel/CNG/Hybrid,4
2026-04-01,Madhya Pradesh,MERCEDES-BENZ AG,Petrol/Diesel/CNG/Hybrid,3
2026-05-01,Madhya Pradesh,MERCEDES-BENZ AG,Petrol/Diesel/CNG/Hybrid,5
2026-01-01,Madhya Pradesh,MERCEDES-BENZ INDIA PVT LTD,Petrol/Diesel/CNG/Hybrid,30
2026-02-01,Madhya Pradesh,MERCEDES-BENZ INDIA PVT LTD,Petrol/Diesel/CNG/Hybrid,52
2026-03-01,Madhya Pradesh,MERCEDES-BENZ INDIA PVT LTD,Petrol/Diesel/CNG/Hybrid,24
2026-04-01,Madhya Pradesh,MERCEDES-BENZ INDIA PVT LTD,Petrol/Diesel/CNG/Hybrid,15
2026-05-01,Madhya Pradesh,MERCEDES-BENZ INDIA PVT LTD,Petrol/Diesel/CNG/Hybrid,9
2026-06-01,Madhya Pradesh,MERCEDES-BENZ INDIA PVT LTD,Petrol/Diesel/CNG/Hybrid,5
2026-01-01,Madhya Pradesh,NISSAN MOTOR INDIA PVT LTD,Petrol/Diesel/CNG/Hybrid,102
2026-02-01,Madhya Pradesh,NISSAN MOTOR INDIA PVT LTD,Petrol/Diesel/CNG/Hybrid,101
2026-03-01,Madhya Pradesh,NISSAN MOTOR INDIA PVT LTD,Petrol/Diesel/CNG/Hybrid,138
2026-04-01,Madhya Pradesh,NISSAN MOTOR INDIA PVT LTD,Petrol/Diesel/CNG/Hybrid,97
2026-05-01,Madhya Pradesh,NISSAN MOTOR INDIA PVT LTD,Petrol/Diesel/CNG/Hybrid,96
2026-06-01,Madhya Pradesh,NISSAN MOTOR INDIA PVT LTD,Petrol/Diesel/CNG/Hybrid,45
2026-01-01,Madhya Pradesh,PORSCHE AG GERMANY,Petrol/Diesel/CNG/Hybrid,2
2026-01-01,Madhya Pradesh,PREET TRACTORS PVT LTD,Petrol/Diesel/CNG/Hybrid,8
2026-02-01,Madhya Pradesh,PREET TRACTORS PVT LTD,Petrol/Diesel/CNG/Hybrid,9
2026-03-01,Madhya Pradesh,PREET TRACTORS PVT LTD,Petrol/Diesel/CNG/Hybrid,17
2026-04-01,Madhya Pradesh,PREET TRACTORS PVT LTD,Petrol/Diesel/CNG/Hybrid,2
2026-06-01,Madhya Pradesh,PREET TRACTORS PVT LTD,Petrol/Diesel/CNG/Hybrid,4
2026-01-01,Madhya Pradesh,RENAULT INDIA PVT LTD,Petrol/Diesel/CNG/Hybrid,178
2026-02-01,Madhya Pradesh,RENAULT INDIA PVT LTD,Petrol/Diesel/CNG/Hybrid,198
2026-03-01,Madhya Pradesh,RENAULT INDIA PVT LTD,Petrol/Diesel/CNG/Hybrid,183
2026-04-01,Madhya Pradesh,RENAULT INDIA PVT LTD,Petrol/Diesel/CNG/Hybrid,111
2026-05-01,Madhya Pradesh,RENAULT INDIA PVT LTD,Petrol/Diesel/CNG/Hybrid,102
2026-06-01,Madhya Pradesh,RENAULT INDIA PVT LTD,Petrol/Diesel/CNG/Hybrid,39
2026-05-01,Madhya Pradesh,ROLLS ROYCE,Petrol/Diesel/CNG/Hybrid,1
2026-06-01,Madhya Pradesh,ROLLS ROYCE,Petrol/Diesel/CNG/Hybrid,1
2026-01-01,Madhya Pradesh,SAME DEUTZ-FAHR INDIA (P) LTD,Petrol/Diesel/CNG/Hybrid,10
2026-02-01,Madhya Pradesh,SAME DEUTZ-FAHR INDIA (P) LTD,Petrol/Diesel/CNG/Hybrid,10
2026-03-01,Madhya Pradesh,SAME DEUTZ-FAHR INDIA (P) LTD,Petrol/Diesel/CNG/Hybrid,6
2026-04-01,Madhya Pradesh,SAME DEUTZ-FAHR INDIA (P) LTD,Petrol/Diesel/CNG/Hybrid,2
2026-05-01,Madhya Pradesh,SAME DEUTZ-FAHR INDIA (P) LTD,Petrol/Diesel/CNG/Hybrid,3
2026-06-01,Madhya Pradesh,SAME DEUTZ-FAHR INDIA (P) LTD,Petrol/Diesel/CNG/Hybrid,2
2026-01-01,Madhya Pradesh,SKODA AUTO VOLKSWAGEN INDIA PVT LTD,Petrol/Diesel/CNG/Hybrid,291
2026-02-01,Madhya Pradesh,SKODA AUTO VOLKSWAGEN INDIA PVT LTD,Petrol/Diesel/CNG/Hybrid,330
2026-03-01,Madhya Pradesh,SKODA AUTO VOLKSWAGEN INDIA PVT LTD,Petrol/Diesel/CNG/Hybrid,455
2026-04-01,Madhya Pradesh,SKODA AUTO VOLKSWAGEN INDIA PVT LTD,Petrol/Diesel/CNG/Hybrid,156
2026-05-01,Madhya Pradesh,SKODA AUTO VOLKSWAGEN INDIA PVT LTD,Petrol/Diesel/CNG/Hybrid,128
2026-06-01,Madhya Pradesh,SKODA AUTO VOLKSWAGEN INDIA PVT LTD,Petrol/Diesel/CNG/Hybrid,82
2026-03-01,Madhya Pradesh,STANDARD CORPORATION INDIA LTD,Petrol/Diesel/CNG/Hybrid,4
2026-01-01,Madhya Pradesh,STELLANTIS AUTOMOBILES INDIA PVT LTD,Petrol/Diesel/CNG/Hybrid,87
2026-02-01,Madhya Pradesh,STELLANTIS AUTOMOBILES INDIA PVT LTD,Petrol/Diesel/CNG/Hybrid,98
2026-03-01,Madhya Pradesh,STELLANTIS AUTOMOBILES INDIA PVT LTD,Petrol/Diesel/CNG/Hybrid,52
2026-04-01,Madhya Pradesh,STELLANTIS AUTOMOBILES INDIA PVT LTD,Petrol/Diesel/CNG/Hybrid,32
2026-05-01,Madhya Pradesh,STELLANTIS AUTOMOBILES INDIA PVT LTD,Petrol/Diesel/CNG/Hybrid,23
2026-06-01,Madhya Pradesh,STELLANTIS AUTOMOBILES INDIA PVT LTD,Petrol/Diesel/CNG/Hybrid,17
2026-01-01,Madhya Pradesh,STELLANTIS INDIA PVT LTD,Petrol/Diesel/CNG/Hybrid,5
2026-02-01,Madhya Pradesh,STELLANTIS INDIA PVT LTD,Petrol/Diesel/CNG/Hybrid,6
2026-03-01,Madhya Pradesh,STELLANTIS INDIA PVT LTD,Petrol/Diesel/CNG/Hybrid,7
2026-04-01,Madhya Pradesh,STELLANTIS INDIA PVT LTD,Petrol/Diesel/CNG/Hybrid,2
2026-05-01,Madhya Pradesh,STELLANTIS INDIA PVT LTD,Petrol/Diesel/CNG/Hybrid,2
2026-06-01,Madhya Pradesh,STELLANTIS INDIA PVT LTD,Petrol/Diesel/CNG/Hybrid,1
2026-01-01,Madhya Pradesh,TAFE LIMITED,Petrol/Diesel/CNG/Hybrid,804
2026-02-01,Madhya Pradesh,TAFE LIMITED,Petrol/Diesel/CNG/Hybrid,610
2026-03-01,Madhya Pradesh,TAFE LIMITED,Petrol/Diesel/CNG/Hybrid,573
2026-04-01,Madhya Pradesh,TAFE LIMITED,Petrol/Diesel/CNG/Hybrid,357
2026-05-01,Madhya Pradesh,TAFE LIMITED,Petrol/Diesel/CNG/Hybrid,775
2026-06-01,Madhya Pradesh,TAFE LIMITED,Petrol/Diesel/CNG/Hybrid,476
2026-01-01,Madhya Pradesh,TATA MOTORS LTD,Petrol/Diesel/CNG/Hybrid,7
2026-02-01,Madhya Pradesh,TATA MOTORS LTD,Petrol/Diesel/CNG/Hybrid,7
2026-03-01,Madhya Pradesh,TATA MOTORS LTD,Petrol/Diesel/CNG/Hybrid,10
2026-04-01,Madhya Pradesh,TATA MOTORS LTD,Petrol/Diesel/CNG/Hybrid,4
2026-05-01,Madhya Pradesh,TATA MOTORS LTD,Petrol/Diesel/CNG/Hybrid,2
2026-06-01,Madhya Pradesh,TATA MOTORS LTD,Petrol/Diesel/CNG/Hybrid,5
2026-01-01,Madhya Pradesh,TATA MOTORS PASSENGER VEHICLES LTD,Petrol/Diesel/CNG/Hybrid,3672
2026-02-01,Madhya Pradesh,TATA MOTORS PASSENGER VEHICLES LTD,Petrol/Diesel/CNG/Hybrid,4513
2026-03-01,Madhya Pradesh,TATA MOTORS PASSENGER VEHICLES LTD,Petrol/Diesel/CNG/Hybrid,5173
2026-04-01,Madhya Pradesh,TATA MOTORS PASSENGER VEHICLES LTD,Petrol/Diesel/CNG/Hybrid,2088
2026-05-01,Madhya Pradesh,TATA MOTORS PASSENGER VEHICLES LTD,Petrol/Diesel/CNG/Hybrid,1995
2026-06-01,Madhya Pradesh,TATA MOTORS PASSENGER VEHICLES LTD,Petrol/Diesel/CNG/Hybrid,849
2026-02-01,Madhya Pradesh,TATA PASSENGER ELECTRIC MOBILITY LTD,Petrol/Diesel/CNG/Hybrid,1
2026-03-01,Madhya Pradesh,TATA PASSENGER ELECTRIC MOBILITY LTD,Petrol/Diesel/CNG/Hybrid,2
2026-04-01,Madhya Pradesh,TATA PASSENGER ELECTRIC MOBILITY LTD,Petrol/Diesel/CNG/Hybrid,1
2026-02-01,Madhya Pradesh,TIRTH AGRO TECHNOLOGY PVT LTD,Petrol/Diesel/CNG/Hybrid,3
2026-03-01,Madhya Pradesh,TIRTH AGRO TECHNOLOGY PVT LTD,Petrol/Diesel/CNG/Hybrid,1
2026-05-01,Madhya Pradesh,TIRTH AGRO TECHNOLOGY PVT LTD,Petrol/Diesel/CNG/Hybrid,1
2026-01-01,Madhya Pradesh,TOYOTA KIRLOSKAR MOTOR PVT LTD,Petrol/Diesel/CNG/Hybrid,1036
2026-02-01,Madhya Pradesh,TOYOTA KIRLOSKAR MOTOR PVT LTD,Petrol/Diesel/CNG/Hybrid,1181
2026-03-01,Madhya Pradesh,TOYOTA KIRLOSKAR MOTOR PVT LTD,Petrol/Diesel/CNG/Hybrid,1502
2026-04-01,Madhya Pradesh,TOYOTA KIRLOSKAR MOTOR PVT LTD,Petrol/Diesel/CNG/Hybrid,474
2026-05-01,Madhya Pradesh,TOYOTA KIRLOSKAR MOTOR PVT LTD,Petrol/Diesel/CNG/Hybrid,562
2026-06-01,Madhya Pradesh,TOYOTA KIRLOSKAR MOTOR PVT LTD,Petrol/Diesel/CNG/Hybrid,299
2026-01-01,Madhya Pradesh,V.S.T. TILLERS TRACTORS LIMITED,Petrol/Diesel/CNG/Hybrid,1
2026-02-01,Madhya Pradesh,V.S.T. TILLERS TRACTORS LIMITED,Petrol/Diesel/CNG/Hybrid,5
2026-03-01,Madhya Pradesh,V.S.T. TILLERS TRACTORS LIMITED,Petrol/Diesel/CNG/Hybrid,8
2026-05-01,Madhya Pradesh,V.S.T. TILLERS TRACTORS LIMITED,Petrol/Diesel/CNG/Hybrid,2
2026-02-01,Madhya Pradesh,VE COMMERCIAL VEHICLES LTD,Petrol/Diesel/CNG/Hybrid,1
2026-04-01,Madhya Pradesh,VE COMMERCIAL VEHICLES LTD,Petrol/Diesel/CNG/Hybrid,1
2026-05-01,Madhya Pradesh,VOLKSWAGEN AG,Petrol/Diesel/CNG/Hybrid,1
2026-06-01,Madhya Pradesh,VOLKSWAGEN AG,Petrol/Diesel/CNG/Hybrid,1
2026-01-01,Madhya Pradesh,VOLVO AUTO INDIA PVT LTD,Petrol/Diesel/CNG/Hybrid,4
2026-02-01,Madhya Pradesh,VOLVO AUTO INDIA PVT LTD,Petrol/Diesel/CNG/Hybrid,3
2026-03-01,Madhya Pradesh,VOLVO AUTO INDIA PVT LTD,Petrol/Diesel/CNG/Hybrid,1
2026-04-01,Madhya Pradesh,VOLVO AUTO INDIA PVT LTD,Petrol/Diesel/CNG/Hybrid,1
2026-05-01,Madhya Pradesh,VOLVO AUTO INDIA PVT LTD,Petrol/Diesel/CNG/Hybrid,1
2026-01-01,Madhya Pradesh,VST ZETOR PVT LTD,Petrol/Diesel/CNG/Hybrid,7
2026-02-01,Madhya Pradesh,VST ZETOR PVT LTD,Petrol/Diesel/CNG/Hybrid,6
2026-03-01,Madhya Pradesh,VST ZETOR PVT LTD,Petrol/Diesel/CNG/Hybrid,3
2026-06-01,Madhya Pradesh,VST ZETOR PVT LTD,Petrol/Diesel/CNG/Hybrid,9
2026-02-01,Madhya Pradesh,WILLYS INDIA LTD,Petrol/Diesel/CNG/Hybrid,1
2026-01-01,Madhya Pradesh,XYZ1,Petrol/Diesel/CNG/Hybrid,1
2026-05-01,Madhya Pradesh,XYZ1,Petrol/Diesel/CNG/Hybrid,1
2026-01-01,Maharashtra,-SHRADHA INDUSTRIES,Petrol/Diesel/CNG/Hybrid,2
2026-01-01,Maharashtra,A-1 SUREJA INDUSTRIES,Petrol/Diesel/CNG/Hybrid,1
2026-01-01,Maharashtra,ACTION CONSTRUCTION EQUIPMENT LTD,Petrol/Diesel/CNG/Hybrid,11
2026-02-01,Maharashtra,ACTION CONSTRUCTION EQUIPMENT LTD,Petrol/Diesel/CNG/Hybrid,11
2026-03-01,Maharashtra,ACTION CONSTRUCTION EQUIPMENT LTD,Petrol/Diesel/CNG/Hybrid,5
2026-04-01,Maharashtra,ACTION CONSTRUCTION EQUIPMENT LTD,Petrol/Diesel/CNG/Hybrid,7
2026-05-01,Maharashtra,ACTION CONSTRUCTION EQUIPMENT LTD,Petrol/Diesel/CNG/Hybrid,7
2026-06-01,Maharashtra,ACTION CONSTRUCTION EQUIPMENT LTD,Petrol/Diesel/CNG/Hybrid,8
2026-02-01,Maharashtra,ADICO ESCORTS AGRI EQUIPMENTS PVT. LTD,Petrol/Diesel/CNG/Hybrid,15
2026-03-01,Maharashtra,ADICO ESCORTS AGRI EQUIPMENTS PVT. LTD,Petrol/Diesel/CNG/Hybrid,11
2026-04-01,Maharashtra,ADICO ESCORTS AGRI EQUIPMENTS PVT. LTD,Petrol/Diesel/CNG/Hybrid,11
2026-05-01,Maharashtra,ADICO ESCORTS AGRI EQUIPMENTS PVT. LTD,Petrol/Diesel/CNG/Hybrid,15
2026-06-01,Maharashtra,ADICO ESCORTS AGRI EQUIPMENTS PVT. LTD,Petrol/Diesel/CNG/Hybrid,4
2026-06-01,Maharashtra,AGRO TRAILERS,Petrol/Diesel/CNG/Hybrid,1
2026-01-01,Maharashtra,AJANTA KRUSHI YANTRA,Petrol/Diesel/CNG/Hybrid,13
2026-02-01,Maharashtra,AJANTA KRUSHI YANTRA,Petrol/Diesel/CNG/Hybrid,29
2026-03-01,Maharashtra,AJANTA KRUSHI YANTRA,Petrol/Diesel/CNG/Hybrid,15
2026-04-01,Maharashtra,AJANTA KRUSHI YANTRA,Petrol/Diesel/CNG/Hybrid,7
2026-05-01,Maharashtra,AJANTA KRUSHI YANTRA,Petrol/Diesel/CNG/Hybrid,9
2026-06-01,Maharashtra,AJANTA KRUSHI YANTRA,Petrol/Diesel/CNG/Hybrid,8
2026-01-01,Maharashtra,AKASH TRAILOR,Petrol/Diesel/CNG/Hybrid,1
2026-03-01,Maharashtra,AKASH TRAILOR,Petrol/Diesel/CNG/Hybrid,2
2026-04-01,Maharashtra,AKASH TRAILOR,Petrol/Diesel/CNG/Hybrid,4
2026-01-01,Maharashtra,AKSHAY INDUSTRIES,Petrol/Diesel/CNG/Hybrid,16
2026-02-01,Maharashtra,AKSHAY INDUSTRIES,Petrol/Diesel/CNG/Hybrid,16
2026-03-01,Maharashtra,AKSHAY INDUSTRIES,Petrol/Diesel/CNG/Hybrid,7
2026-04-01,Maharashtra,AKSHAY INDUSTRIES,Petrol/Diesel/CNG/Hybrid,7
2026-05-01,Maharashtra,AKSHAY INDUSTRIES,Petrol/Diesel/CNG/Hybrid,2
2026-01-01,Maharashtra,AKSHAYA AGRI EQUIPMENT & SERVICES PVT LTD,Petrol/Diesel/CNG/Hybrid,1
2026-01-01,Maharashtra,ASHOK LEYLAND LTD,Petrol/Diesel/CNG/Hybrid,4
2026-02-01,Maharashtra,ASHOK LEYLAND LTD,Petrol/Diesel/CNG/Hybrid,8
2026-03-01,Maharashtra,ASHOK LEYLAND LTD,Petrol/Diesel/CNG/Hybrid,7
2026-04-01,Maharashtra,ASHOK LEYLAND LTD,Petrol/Diesel/CNG/Hybrid,10
2026-05-01,Maharashtra,ASHOK LEYLAND LTD,Petrol/Diesel/CNG/Hybrid,3
2026-06-01,Maharashtra,ASHOK LEYLAND LTD,Petrol/Diesel/CNG/Hybrid,2
2026-01-01,Maharashtra,ASTON MARTIN LAGONDA LTD,Petrol/Diesel/CNG/Hybrid,1
2026-03-01,Maharashtra,ASTON MARTIN LAGONDA LTD,Petrol/Diesel/CNG/Hybrid,1
2026-01-01,Maharashtra,AUDI AG,Petrol/Diesel/CNG/Hybrid,5
2026-03-01,Maharashtra,AUDI AG,Petrol/Diesel/CNG/Hybrid,2
2026-01-01,Maharashtra,AUTOMOBILI LAMBORGHINI S.P.A,Petrol/Diesel/CNG/Hybrid,3
2026-02-01,Maharashtra,AUTOMOBILI LAMBORGHINI S.P.A,Petrol/Diesel/CNG/Hybrid,3
2026-03-01,Maharashtra,AUTOMOBILI LAMBORGHINI S.P.A,Petrol/Diesel/CNG/Hybrid,2
2026-05-01,Maharashtra,AUTOMOBILI LAMBORGHINI S.P.A,Petrol/Diesel/CNG/Hybrid,2
2026-06-01,Maharashtra,AUTOMOBILI LAMBORGHINI S.P.A,Petrol/Diesel/CNG/Hybrid,5
2026-01-01,Maharashtra,AWACHAT INDUSTRIES LTD,Petrol/Diesel/CNG/Hybrid,285
2026-02-01,Maharashtra,AWACHAT INDUSTRIES LTD,Petrol/Diesel/CNG/Hybrid,164
2026-03-01,Maharashtra,AWACHAT INDUSTRIES LTD,Petrol/Diesel/CNG/Hybrid,109
2026-04-01,Maharashtra,AWACHAT INDUSTRIES LTD,Petrol/Diesel/CNG/Hybrid,159
2026-05-01,Maharashtra,AWACHAT INDUSTRIES LTD,Petrol/Diesel/CNG/Hybrid,107
2026-06-01,Maharashtra,AWACHAT INDUSTRIES LTD,Petrol/Diesel/CNG/Hybrid,57
2026-01-01,Maharashtra,BALAJI AGRO INDUSTRIES,Petrol/Diesel/CNG/Hybrid,21
2026-02-01,Maharashtra,BALAJI AGRO INDUSTRIES,Petrol/Diesel/CNG/Hybrid,17
2026-03-01,Maharashtra,BALAJI AGRO INDUSTRIES,Petrol/Diesel/CNG/Hybrid,3
2026-04-01,Maharashtra,BALAJI AGRO INDUSTRIES,Petrol/Diesel/CNG/Hybrid,4
2026-06-01,Maharashtra,BALAJI AGRO INDUSTRIES,Petrol/Diesel/CNG/Hybrid,4
2026-01-01,Maharashtra,BALAJI AUTO ENG WORKS,Petrol/Diesel/CNG/Hybrid,6
2026-02-01,Maharashtra,BALAJI AUTO ENG WORKS,Petrol/Diesel/CNG/Hybrid,7
2026-03-01,Maharashtra,BALAJI AUTO ENG WORKS,Petrol/Diesel/CNG/Hybrid,6
2026-04-01,Maharashtra,BALAJI AUTO ENG WORKS,Petrol/Diesel/CNG/Hybrid,10
2026-05-01,Maharashtra,BALAJI AUTO ENG WORKS,Petrol/Diesel/CNG/Hybrid,5
2026-06-01,Maharashtra,BALAJI AUTO ENG WORKS,Petrol/Diesel/CNG/Hybrid,1
2026-04-01,Maharashtra,BENTLEY MOTORS LIMITED,Petrol/Diesel/CNG/Hybrid,1
2026-05-01,Maharashtra,BENTLEY MOTORS LIMITED,Petrol/Diesel/CNG/Hybrid,1
2026-06-01,Maharashtra,BENTLEY MOTORS LIMITED,Petrol/Diesel/CNG/Hybrid,1
2026-01-01,Maharashtra,BENTLEY MOTORS LTD (SAVWIPL),Petrol/Diesel/CNG/Hybrid,4
2026-02-01,Maharashtra,BENTLEY MOTORS LTD (SAVWIPL),Petrol/Diesel/CNG/Hybrid,3
2026-03-01,Maharashtra,BENTLEY MOTORS LTD (SAVWIPL),Petrol/Diesel/CNG/Hybrid,2
2026-04-01,Maharashtra,BENTLEY MOTORS LTD (SAVWIPL),Petrol/Diesel/CNG/Hybrid,1
2026-05-01,Maharashtra,BENTLEY MOTORS LTD (SAVWIPL),Petrol/Diesel/CNG/Hybrid,1
2026-06-01,Maharashtra,BENTLEY MOTORS LTD (SAVWIPL),Petrol/Diesel/CNG/Hybrid,1
2026-01-01,Maharashtra,BHANSALI AGRO TECH,Petrol/Diesel/CNG/Hybrid,18
2026-02-01,Maharashtra,BHANSALI AGRO TECH,Petrol/Diesel/CNG/Hybrid,3
2026-03-01,Maharashtra,BHANSALI AGRO TECH,Petrol/Diesel/CNG/Hybrid,2
2026-04-01,Maharashtra,BHANSALI AGRO TECH,Petrol/Diesel/CNG/Hybrid,1
2026-06-01,Maharashtra,BHANSALI AGRO TECH,Petrol/Diesel/CNG/Hybrid,1
2026-05-01,Maharashtra,BHARAT AGRO INDUSTRIES,Petrol/Diesel/CNG/Hybrid,1
2026-01-01,Maharashtra,BHARAT TRAILERS,Petrol/Diesel/CNG/Hybrid,1
2026-02-01,Maharashtra,BHARAT TRAILERS,Petrol/Diesel/CNG/Hybrid,5
2026-03-01,Maharashtra,BHARAT TRAILERS,Petrol/Diesel/CNG/Hybrid,3
2026-05-01,Maharashtra,BHARAT TRAILERS,Petrol/Diesel/CNG/Hybrid,2
2026-06-01,Maharashtra,BHARAT TRAILERS,Petrol/Diesel/CNG/Hybrid,1
2026-03-01,Maharashtra,BHARATHI TRAILERS,Petrol/Diesel/CNG/Hybrid,1
2026-01-01,Maharashtra,BHOYAR AGRO IND WARDHA,Petrol/Diesel/CNG/Hybrid,6
2026-02-01,Maharashtra,BHOYAR AGRO IND WARDHA,Petrol/Diesel/CNG/Hybrid,3
2026-03-01,Maharashtra,BHOYAR AGRO IND WARDHA,Petrol/Diesel/CNG/Hybrid,5
2026-04-01,Maharashtra,BHOYAR AGRO IND WARDHA,Petrol/Diesel/CNG/Hybrid,2
2026-05-01,Maharashtra,BHOYAR AGRO IND WARDHA,Petrol/Diesel/CNG/Hybrid,1
2026-06-01,Maharashtra,BHOYAR AGRO IND WARDHA,Petrol/Diesel/CNG/Hybrid,1
2026-01-01,Maharashtra,BMW INDIA PVT LTD,Petrol/Diesel/CNG/Hybrid,310
2026-02-01,Maharashtra,BMW INDIA PVT LTD,Petrol/Diesel/CNG/Hybrid,116
2026-03-01,Maharashtra,BMW INDIA PVT LTD,Petrol/Diesel/CNG/Hybrid,276
2026-04-01,Maharashtra,BMW INDIA PVT LTD,Petrol/Diesel/CNG/Hybrid,236
2026-05-01,Maharashtra,BMW INDIA PVT LTD,Petrol/Diesel/CNG/Hybrid,191
2026-06-01,Maharashtra,BMW INDIA PVT LTD,Petrol/Diesel/CNG/Hybrid,111
2026-01-01,Maharashtra,BULL MACHINES PVT LTD,Petrol/Diesel/CNG/Hybrid,1
2026-02-01,Maharashtra,BULL MACHINES PVT LTD,Petrol/Diesel/CNG/Hybrid,4
2026-03-01,Maharashtra,BULL MACHINES PVT LTD,Petrol/Diesel/CNG/Hybrid,2
2026-04-01,Maharashtra,BULL MACHINES PVT LTD,Petrol/Diesel/CNG/Hybrid,6
2026-01-01,Maharashtra,BYD INDIA PRIVATE LIMITED,Petrol/Diesel/CNG/Hybrid,1
2026-04-01,Maharashtra,BYD INDIA PRIVATE LIMITED,Petrol/Diesel/CNG/Hybrid,1
2026-05-01,Maharashtra,BYD INDIA PRIVATE LIMITED,Petrol/Diesel/CNG/Hybrid,1
2026-01-01,Maharashtra,CAKE 0 EMISSION (IMPORTER: PEPFUELS TECHNOLOGIES),Petrol/Diesel/CNG/Hybrid,1
2026-01-01,Maharashtra,CAPTAIN TRACTORS PVT. LTD,Petrol/Diesel/CNG/Hybrid,103
2026-02-01,Maharashtra,CAPTAIN TRACTORS PVT. LTD,Petrol/Diesel/CNG/Hybrid,45
2026-03-01,Maharashtra,CAPTAIN TRACTORS PVT. LTD,Petrol/Diesel/CNG/Hybrid,38
2026-04-01,Maharashtra,CAPTAIN TRACTORS PVT. LTD,Petrol/Diesel/CNG/Hybrid,47
2026-05-01,Maharashtra,CAPTAIN TRACTORS PVT. LTD,Petrol/Diesel/CNG/Hybrid,36
2026-06-01,Maharashtra,CAPTAIN TRACTORS PVT. LTD,Petrol/Diesel/CNG/Hybrid,13
2026-01-01,Maharashtra,CNH INDUSTRIAL (INDIA) PVT LTD,Petrol/Diesel/CNG/Hybrid,631
2026-02-01,Maharashtra,CNH INDUSTRIAL (INDIA) PVT LTD,Petrol/Diesel/CNG/Hybrid,379
2026-03-01,Maharashtra,CNH INDUSTRIAL (INDIA) PVT LTD,Petrol/Diesel/CNG/Hybrid,291
2026-04-01,Maharashtra,CNH INDUSTRIAL (INDIA) PVT LTD,Petrol/Diesel/CNG/Hybrid,337
2026-05-01,Maharashtra,CNH INDUSTRIAL (INDIA) PVT LTD,Petrol/Diesel/CNG/Hybrid,274
2026-06-01,Maharashtra,CNH INDUSTRIAL (INDIA) PVT LTD,Petrol/Diesel/CNG/Hybrid,152
2026-01-01,Maharashtra,COOPER CORPORATION PVT LTD,Petrol/Diesel/CNG/Hybrid,1
2026-02-01,Maharashtra,COOPER CORPORATION PVT LTD,Petrol/Diesel/CNG/Hybrid,1
2026-03-01,Maharashtra,COOPER CORPORATION PVT LTD,Petrol/Diesel/CNG/Hybrid,1
2026-04-01,Maharashtra,COOPER CORPORATION PVT LTD,Petrol/Diesel/CNG/Hybrid,2
2026-05-01,Maharashtra,COOPER CORPORATION PVT LTD,Petrol/Diesel/CNG/Hybrid,1
2026-04-01,Maharashtra,DAIMLER INDIA COMMERCIAL VEHICLES PVT. LTD,Petrol/Diesel/CNG/Hybrid,1
2026-01-01,Maharashtra,DHANALAKSHMI ENGINEERING WORKS,Petrol/Diesel/CNG/Hybrid,1
2026-02-01,Maharashtra,DHANALAKSHMI ENGINEERING WORKS,Petrol/Diesel/CNG/Hybrid,3
2026-02-01,Maharashtra,DOOSAN BOBCAT INDIA PVT LTD,Petrol/Diesel/CNG/Hybrid,1
2026-05-01,Maharashtra,DOOSAN BOBCAT INDIA PVT LTD,Petrol/Diesel/CNG/Hybrid,1
2026-01-01,Maharashtra,EICHER TRACTORS,Petrol/Diesel/CNG/Hybrid,341
2026-02-01,Maharashtra,EICHER TRACTORS,Petrol/Diesel/CNG/Hybrid,208
2026-03-01,Maharashtra,EICHER TRACTORS,Petrol/Diesel/CNG/Hybrid,193
2026-04-01,Maharashtra,EICHER TRACTORS,Petrol/Diesel/CNG/Hybrid,225
2026-05-01,Maharashtra,EICHER TRACTORS,Petrol/Diesel/CNG/Hybrid,220
2026-06-01,Maharashtra,EICHER TRACTORS,Petrol/Diesel/CNG/Hybrid,106
2026-01-01,Maharashtra,ESCORTS KUBOTA LIMITED (AGRI MACHINERY GROUP),Petrol/Diesel/CNG/Hybrid,1435
2026-02-01,Maharashtra,ESCORTS KUBOTA LIMITED (AGRI MACHINERY GROUP),Petrol/Diesel/CNG/Hybrid,821
2026-03-01,Maharashtra,ESCORTS KUBOTA LIMITED (AGRI MACHINERY GROUP),Petrol/Diesel/CNG/Hybrid,666
2026-04-01,Maharashtra,ESCORTS KUBOTA LIMITED (AGRI MACHINERY GROUP),Petrol/Diesel/CNG/Hybrid,692
2026-05-01,Maharashtra,ESCORTS KUBOTA LIMITED (AGRI MACHINERY GROUP),Petrol/Diesel/CNG/Hybrid,586
2026-06-01,Maharashtra,ESCORTS KUBOTA LIMITED (AGRI MACHINERY GROUP),Petrol/Diesel/CNG/Hybrid,306
2026-01-01,Maharashtra,FERRARI SPA (IMPORTER:NAVNIT MOTORS PVT LTD),Petrol/Diesel/CNG/Hybrid,1
2026-02-01,Maharashtra,FERRARI SPA (IMPORTER:NAVNIT MOTORS PVT LTD),Petrol/Diesel/CNG/Hybrid,1
2026-03-01,Maharashtra,FERRARI SPA (IMPORTER:NAVNIT MOTORS PVT LTD),Petrol/Diesel/CNG/Hybrid,3
2026-06-01,Maharashtra,FERRARI SPA (IMPORTER:NAVNIT MOTORS PVT LTD),Petrol/Diesel/CNG/Hybrid,1
2026-01-01,Maharashtra,FERRARI SPA (IMPORTER:SELECT CARS P LTD),Petrol/Diesel/CNG/Hybrid,2
2026-03-01,Maharashtra,FERRARI SPA (IMPORTER:SELECT CARS P LTD),Petrol/Diesel/CNG/Hybrid,1
2026-04-01,Maharashtra,FERRARI SPA (IMPORTER:SELECT CARS P LTD),Petrol/Diesel/CNG/Hybrid,3
2026-05-01,Maharashtra,FERRARI SPA (IMPORTER:SELECT CARS P LTD),Petrol/Diesel/CNG/Hybrid,2
2026-06-01,Maharashtra,FERRARI SPA (IMPORTER:SELECT CARS P LTD),Petrol/Diesel/CNG/Hybrid,2
2026-01-01,Maharashtra,FIELDTRACK EARTHMOVERS PVT LTD,Petrol/Diesel/CNG/Hybrid,26
2026-02-01,Maharashtra,FIELDTRACK EARTHMOVERS PVT LTD,Petrol/Diesel/CNG/Hybrid,9
2026-03-01,Maharashtra,FIELDTRACK EARTHMOVERS PVT LTD,Petrol/Diesel/CNG/Hybrid,19
2026-04-01,Maharashtra,FIELDTRACK EARTHMOVERS PVT LTD,Petrol/Diesel/CNG/Hybrid,9
2026-05-01,Maharashtra,FIELDTRACK EARTHMOVERS PVT LTD,Petrol/Diesel/CNG/Hybrid,3
2026-06-01,Maharashtra,FIELDTRACK EARTHMOVERS PVT LTD,Petrol/Diesel/CNG/Hybrid,6
2026-01-01,Maharashtra,FORCE MOTORS LIMITED,Petrol/Diesel/CNG/Hybrid,312
2026-02-01,Maharashtra,FORCE MOTORS LIMITED,Petrol/Diesel/CNG/Hybrid,258
2026-03-01,Maharashtra,FORCE MOTORS LIMITED,Petrol/Diesel/CNG/Hybrid,236
2026-04-01,Maharashtra,FORCE MOTORS LIMITED,Petrol/Diesel/CNG/Hybrid,139
2026-05-01,Maharashtra,FORCE MOTORS LIMITED,Petrol/Diesel/CNG/Hybrid,80
2026-06-01,Maharashtra,FORCE MOTORS LIMITED,Petrol/Diesel/CNG/Hybrid,50
2026-04-01,Maharashtra,GANESH ENGG WORKS,Petrol/Diesel/CNG/Hybrid,1
2026-01-01,Maharashtra,GENERAL MOTORS INDIA PVT LTD,Petrol/Diesel/CNG/Hybrid,1
2026-01-01,Maharashtra,GENERAL MOTORS LLC,Petrol/Diesel/CNG/Hybrid,1
2026-01-01,Maharashtra,GOPAL ENGG. WORKS,Petrol/Diesel/CNG/Hybrid,3
2026-04-01,Maharashtra,GOPAL ENGG. WORKS,Petrol/Diesel/CNG/Hybrid,1
2026-01-01,Maharashtra,GROMAX AGRI EQUIPMENT LTD,Petrol/Diesel/CNG/Hybrid,97
2026-02-01,Maharashtra,GROMAX AGRI EQUIPMENT LTD,Petrol/Diesel/CNG/Hybrid,63
2026-03-01,Maharashtra,GROMAX AGRI EQUIPMENT LTD,Petrol/Diesel/CNG/Hybrid,32
2026-04-01,Maharashtra,GROMAX AGRI EQUIPMENT LTD,Petrol/Diesel/CNG/Hybrid,33
2026-05-01,Maharashtra,GROMAX AGRI EQUIPMENT LTD,Petrol/Diesel/CNG/Hybrid,18
2026-06-01,Maharashtra,GROMAX AGRI EQUIPMENT LTD,Petrol/Diesel/CNG/Hybrid,35
2026-01-01,Maharashtra,GURUKRAPA ENGINEERING WORKS,Petrol/Diesel/CNG/Hybrid,3
2026-02-01,Maharashtra,GURUKRAPA ENGINEERING WORKS,Petrol/Diesel/CNG/Hybrid,3
2026-04-01,Maharashtra,GURUKRAPA ENGINEERING WORKS,Petrol/Diesel/CNG/Hybrid,2
2026-05-01,Maharashtra,GURUKRAPA ENGINEERING WORKS,Petrol/Diesel/CNG/Hybrid,1
2026-02-01,Maharashtra,GURUKRUPA ENGINEERING,Petrol/Diesel/CNG/Hybrid,1
2026-03-01,Maharashtra,GURUKRUPA ENGINEERING,Petrol/Diesel/CNG/Hybrid,2
2026-04-01,Maharashtra,GURUKRUPA ENGINEERING,Petrol/Diesel/CNG/Hybrid,1
2026-06-01,Maharashtra,GURUKRUPA ENGINEERING,Petrol/Diesel/CNG/Hybrid,1
2026-03-01,Maharashtra,GURUKRUPA WELDING WORKS,Petrol/Diesel/CNG/Hybrid,2
2026-01-01,Maharashtra,HARI OM SAI ENGINEERING,Petrol/Diesel/CNG/Hybrid,7
2026-02-01,Maharashtra,HARI OM SAI ENGINEERING,Petrol/Diesel/CNG/Hybrid,13
2026-03-01,Maharashtra,HARI OM SAI ENGINEERING,Petrol/Diesel/CNG/Hybrid,9
2026-04-01,Maharashtra,HARI OM SAI ENGINEERING,Petrol/Diesel/CNG/Hybrid,1
2026-05-01,Maharashtra,HARI OM SAI ENGINEERING,Petrol/Diesel/CNG/Hybrid,3
2026-06-01,Maharashtra,HARI OM SAI ENGINEERING,Petrol/Diesel/CNG/Hybrid,2
2026-01-01,Maharashtra,HARITKRANTI AGRO UDYOG,Petrol/Diesel/CNG/Hybrid,13
2026-02-01,Maharashtra,HARITKRANTI AGRO UDYOG,Petrol/Diesel/CNG/Hybrid,5
2026-03-01,Maharashtra,HARITKRANTI AGRO UDYOG,Petrol/Diesel/CNG/Hybrid,1
2026-04-01,Maharashtra,HARITKRANTI AGRO UDYOG,Petrol/Diesel/CNG/Hybrid,12
2026-01-01,Maharashtra,HI TECH ENGINEERING BHADRAK CHARAMPA,Petrol/Diesel/CNG/Hybrid,7
2026-01-01,Maharashtra,HIMANI AGRO INDUSTRIES,Petrol/Diesel/CNG/Hybrid,3
2026-02-01,Maharashtra,HIMANI AGRO INDUSTRIES,Petrol/Diesel/CNG/Hybrid,2
2026-03-01,Maharashtra,HIMANI AGRO INDUSTRIES,Petrol/Diesel/CNG/Hybrid,1
2026-04-01,Maharashtra,HIMANI AGRO INDUSTRIES,Petrol/Diesel/CNG/Hybrid,4
2026-05-01,Maharashtra,HIMANI AGRO INDUSTRIES,Petrol/Diesel/CNG/Hybrid,1
2026-06-01,Maharashtra,HIMANI AGRO INDUSTRIES,Petrol/Diesel/CNG/Hybrid,1
2026-01-01,Maharashtra,HITENDRA WELDING WORKS,Petrol/Diesel/CNG/Hybrid,5
2026-02-01,Maharashtra,HITENDRA WELDING WORKS,Petrol/Diesel/CNG/Hybrid,20
2026-03-01,Maharashtra,HITENDRA WELDING WORKS,Petrol/Diesel/CNG/Hybrid,7
2026-04-01,Maharashtra,HITENDRA WELDING WORKS,Petrol/Diesel/CNG/Hybrid,5
2026-06-01,Maharashtra,HITENDRA WELDING WORKS,Petrol/Diesel/CNG/Hybrid,2
2026-01-01,Maharashtra,HONDA CARS INDIA LTD,Petrol/Diesel/CNG/Hybrid,687
2026-02-01,Maharashtra,HONDA CARS INDIA LTD,Petrol/Diesel/CNG/Hybrid,544
2026-03-01,Maharashtra,HONDA CARS INDIA LTD,Petrol/Diesel/CNG/Hybrid,753
2026-04-01,Maharashtra,HONDA CARS INDIA LTD,Petrol/Diesel/CNG/Hybrid,644
2026-05-01,Maharashtra,HONDA CARS INDIA LTD,Petrol/Diesel/CNG/Hybrid,460
2026-06-01,Maharashtra,HONDA CARS INDIA LTD,Petrol/Diesel/CNG/Hybrid,312
2026-01-01,Maharashtra,HYUNDAI MOTOR INDIA LTD,Petrol/Diesel/CNG/Hybrid,8517
2026-02-01,Maharashtra,HYUNDAI MOTOR INDIA LTD,Petrol/Diesel/CNG/Hybrid,4506
2026-03-01,Maharashtra,HYUNDAI MOTOR INDIA LTD,Petrol/Diesel/CNG/Hybrid,5976
2026-04-01,Maharashtra,HYUNDAI MOTOR INDIA LTD,Petrol/Diesel/CNG/Hybrid,5570
2026-05-01,Maharashtra,HYUNDAI MOTOR INDIA LTD,Petrol/Diesel/CNG/Hybrid,4983
2026-06-01,Maharashtra,HYUNDAI MOTOR INDIA LTD,Petrol/Diesel/CNG/Hybrid,2400
2026-01-01,Maharashtra,INDO FARM EQUIPMENT LIMITED,Petrol/Diesel/CNG/Hybrid,11
2026-02-01,Maharashtra,INDO FARM EQUIPMENT LIMITED,Petrol/Diesel/CNG/Hybrid,12
2026-03-01,Maharashtra,INDO FARM EQUIPMENT LIMITED,Petrol/Diesel/CNG/Hybrid,11
2026-04-01,Maharashtra,INDO FARM EQUIPMENT LIMITED,Petrol/Diesel/CNG/Hybrid,11
2026-05-01,Maharashtra,INDO FARM EQUIPMENT LIMITED,Petrol/Diesel/CNG/Hybrid,14
2026-06-01,Maharashtra,INDO FARM EQUIPMENT LIMITED,Petrol/Diesel/CNG/Hybrid,8
2026-01-01,Maharashtra,INTERNATIONAL TRACTORS LIMITED,Petrol/Diesel/CNG/Hybrid,1504
2026-02-01,Maharashtra,INTERNATIONAL TRACTORS LIMITED,Petrol/Diesel/CNG/Hybrid,734
2026-03-01,Maharashtra,INTERNATIONAL TRACTORS LIMITED,Petrol/Diesel/CNG/Hybrid,698
2026-04-01,Maharashtra,INTERNATIONAL TRACTORS LIMITED,Petrol/Diesel/CNG/Hybrid,969
2026-05-01,Maharashtra,INTERNATIONAL TRACTORS LIMITED,Petrol/Diesel/CNG/Hybrid,765
2026-06-01,Maharashtra,INTERNATIONAL TRACTORS LIMITED,Petrol/Diesel/CNG/Hybrid,404
2026-01-01,Maharashtra,ISUZU MOTORS INDIA PVT LTD,Petrol/Diesel/CNG/Hybrid,3
2026-02-01,Maharashtra,ISUZU MOTORS INDIA PVT LTD,Petrol/Diesel/CNG/Hybrid,3
2026-03-01,Maharashtra,ISUZU MOTORS INDIA PVT LTD,Petrol/Diesel/CNG/Hybrid,4
2026-04-01,Maharashtra,ISUZU MOTORS INDIA PVT LTD,Petrol/Diesel/CNG/Hybrid,1
2026-05-01,Maharashtra,ISUZU MOTORS INDIA PVT LTD,Petrol/Diesel/CNG/Hybrid,1
2026-01-01,Maharashtra,JADHAV AGRO INDUSTRIES PVT. LTD,Petrol/Diesel/CNG/Hybrid,6
2026-02-01,Maharashtra,JADHAV AGRO INDUSTRIES PVT. LTD,Petrol/Diesel/CNG/Hybrid,18
2026-03-01,Maharashtra,JADHAV AGRO INDUSTRIES PVT. LTD,Petrol/Diesel/CNG/Hybrid,1
2026-04-01,Maharashtra,JADHAV AGRO INDUSTRIES PVT. LTD,Petrol/Diesel/CNG/Hybrid,12
2026-05-01,Maharashtra,JADHAV AGRO INDUSTRIES PVT. LTD,Petrol/Diesel/CNG/Hybrid,11
2026-06-01,Maharashtra,JADHAV AGRO INDUSTRIES PVT. LTD,Petrol/Diesel/CNG/Hybrid,4
2026-01-01,Maharashtra,JAGUAR LAND ROVER INDIA LIMITED,Petrol/Diesel/CNG/Hybrid,86
2026-02-01,Maharashtra,JAGUAR LAND ROVER INDIA LIMITED,Petrol/Diesel/CNG/Hybrid,101
2026-03-01,Maharashtra,JAGUAR LAND ROVER INDIA LIMITED,Petrol/Diesel/CNG/Hybrid,101
2026-04-01,Maharashtra,JAGUAR LAND ROVER INDIA LIMITED,Petrol/Diesel/CNG/Hybrid,96
2026-05-01,Maharashtra,JAGUAR LAND ROVER INDIA LIMITED,Petrol/Diesel/CNG/Hybrid,60
2026-06-01,Maharashtra,JAGUAR LAND ROVER INDIA LIMITED,Petrol/Diesel/CNG/Hybrid,79
2026-04-01,Maharashtra,JAI BAJRANG ENGINEERING WORKS,Petrol/Diesel/CNG/Hybrid,1
2026-01-01,Maharashtra,JAI BHAVANI ENGINEERING WORKS,Petrol/Diesel/CNG/Hybrid,207
2026-02-01,Maharashtra,JAI BHAVANI ENGINEERING WORKS,Petrol/Diesel/CNG/Hybrid,36
2026-03-01,Maharashtra,JAI BHAVANI ENGINEERING WORKS,Petrol/Diesel/CNG/Hybrid,48
2026-04-01,Maharashtra,JAI BHAVANI ENGINEERING WORKS,Petrol/Diesel/CNG/Hybrid,14
2026-05-01,Maharashtra,JAI BHAVANI ENGINEERING WORKS,Petrol/Diesel/CNG/Hybrid,18
2026-01-01,Maharashtra,JAVED STEEL INDUSTRIES,Petrol/Diesel/CNG/Hybrid,2
2026-02-01,Maharashtra,JAVED STEEL INDUSTRIES,Petrol/Diesel/CNG/Hybrid,8
2026-03-01,Maharashtra,JAVED STEEL INDUSTRIES,Petrol/Diesel/CNG/Hybrid,1
2026-04-01,Maharashtra,JAVED STEEL INDUSTRIES,Petrol/Diesel/CNG/Hybrid,2
2026-05-01,Maharashtra,JAVED STEEL INDUSTRIES,Petrol/Diesel/CNG/Hybrid,2
2026-01-01,Maharashtra,JAY AGRO INDUSTRIES,Petrol/Diesel/CNG/Hybrid,17
2026-02-01,Maharashtra,JAY AGRO INDUSTRIES,Petrol/Diesel/CNG/Hybrid,8
2026-03-01,Maharashtra,JAY AGRO INDUSTRIES,Petrol/Diesel/CNG/Hybrid,7
2026-04-01,Maharashtra,JAY AGRO INDUSTRIES,Petrol/Diesel/CNG/Hybrid,13
2026-05-01,Maharashtra,JAY AGRO INDUSTRIES,Petrol/Diesel/CNG/Hybrid,5
2026-06-01,Maharashtra,JAY AGRO INDUSTRIES,Petrol/Diesel/CNG/Hybrid,2
2026-01-01,Maharashtra,JAY BHAVANI TRAILOR,Petrol/Diesel/CNG/Hybrid,12
2026-02-01,Maharashtra,JAY BHAVANI TRAILOR,Petrol/Diesel/CNG/Hybrid,3
2026-03-01,Maharashtra,JAY BHAVANI TRAILOR,Petrol/Diesel/CNG/Hybrid,2
2026-04-01,Maharashtra,JAY BHAVANI TRAILOR,Petrol/Diesel/CNG/Hybrid,4
2026-05-01,Maharashtra,JAY BHAVANI TRAILOR,Petrol/Diesel/CNG/Hybrid,1
2026-01-01,Maharashtra,JAY JANARDAN TRAILOR,Petrol/Diesel/CNG/Hybrid,4
2026-02-01,Maharashtra,JAY JANARDAN TRAILOR,Petrol/Diesel/CNG/Hybrid,1
2026-04-01,Maharashtra,JAY JANARDAN TRAILOR,Petrol/Diesel/CNG/Hybrid,1
2026-01-01,Maharashtra,JAY KISHAN TRAILER & ENGINEERING WORKS,Petrol/Diesel/CNG/Hybrid,2
2026-01-01,Maharashtra,JCB INDIA LIMITED,Petrol/Diesel/CNG/Hybrid,2
2026-02-01,Maharashtra,JCB INDIA LIMITED,Petrol/Diesel/CNG/Hybrid,7
2026-03-01,Maharashtra,JCB INDIA LIMITED,Petrol/Diesel/CNG/Hybrid,6
2026-04-01,Maharashtra,JCB INDIA LIMITED,Petrol/Diesel/CNG/Hybrid,4
2026-05-01,Maharashtra,JCB INDIA LIMITED,Petrol/Diesel/CNG/Hybrid,5
2026-06-01,Maharashtra,JCB INDIA LIMITED,Petrol/Diesel/CNG/Hybrid,2
2026-01-01,Maharashtra,JOHN DEERE INDIA PVT LTD(TRACTOR DEVISION),Petrol/Diesel/CNG/Hybrid,1257
2026-02-01,Maharashtra,JOHN DEERE INDIA PVT LTD(TRACTOR DEVISION),Petrol/Diesel/CNG/Hybrid,670
2026-03-01,Maharashtra,JOHN DEERE INDIA PVT LTD(TRACTOR DEVISION),Petrol/Diesel/CNG/Hybrid,512
2026-04-01,Maharashtra,JOHN DEERE INDIA PVT LTD(TRACTOR DEVISION),Petrol/Diesel/CNG/Hybrid,573
2026-05-01,Maharashtra,JOHN DEERE INDIA PVT LTD(TRACTOR DEVISION),Petrol/Diesel/CNG/Hybrid,606
2026-06-01,Maharashtra,JOHN DEERE INDIA PVT LTD(TRACTOR DEVISION),Petrol/Diesel/CNG/Hybrid,390
2026-01-01,Maharashtra,JSW MG MOTOR INDIA PVT LTD,Petrol/Diesel/CNG/Hybrid,263
2026-02-01,Maharashtra,JSW MG MOTOR INDIA PVT LTD,Petrol/Diesel/CNG/Hybrid,277
2026-03-01,Maharashtra,JSW MG MOTOR INDIA PVT LTD,Petrol/Diesel/CNG/Hybrid,254
2026-04-01,Maharashtra,JSW MG MOTOR INDIA PVT LTD,Petrol/Diesel/CNG/Hybrid,268
2026-05-01,Maharashtra,JSW MG MOTOR INDIA PVT LTD,Petrol/Diesel/CNG/Hybrid,203
2026-06-01,Maharashtra,JSW MG MOTOR INDIA PVT LTD,Petrol/Diesel/CNG/Hybrid,184
2026-01-01,Maharashtra,K K AGRO INDUSTRIES,Petrol/Diesel/CNG/Hybrid,1
2026-03-01,Maharashtra,K K AGRO INDUSTRIES,Petrol/Diesel/CNG/Hybrid,2
2026-04-01,Maharashtra,K K AGRO INDUSTRIES,Petrol/Diesel/CNG/Hybrid,1
2026-01-01,Maharashtra,KARTAR TRACTORS PRIVATE LIMITED,Petrol/Diesel/CNG/Hybrid,6
2026-02-01,Maharashtra,KARTAR TRACTORS PRIVATE LIMITED,Petrol/Diesel/CNG/Hybrid,4
2026-03-01,Maharashtra,KARTAR TRACTORS PRIVATE LIMITED,Petrol/Diesel/CNG/Hybrid,4
2026-04-01,Maharashtra,KARTAR TRACTORS PRIVATE LIMITED,Petrol/Diesel/CNG/Hybrid,1
2026-05-01,Maharashtra,KARTAR TRACTORS PRIVATE LIMITED,Petrol/Diesel/CNG/Hybrid,1
2026-01-01,Maharashtra,KASTKAR AGRO INDUSTRIES,Petrol/Diesel/CNG/Hybrid,31
2026-02-01,Maharashtra,KASTKAR AGRO INDUSTRIES,Petrol/Diesel/CNG/Hybrid,1
2026-03-01,Maharashtra,KASTKAR AGRO INDUSTRIES,Petrol/Diesel/CNG/Hybrid,17
2026-04-01,Maharashtra,KASTKAR AGRO INDUSTRIES,Petrol/Diesel/CNG/Hybrid,18
2026-05-01,Maharashtra,KASTKAR AGRO INDUSTRIES,Petrol/Diesel/CNG/Hybrid,22
2026-06-01,Maharashtra,KASTKAR AGRO INDUSTRIES,Petrol/Diesel/CNG/Hybrid,9
2026-01-01,Maharashtra,KIA INDIA PRIVATE LIMITED,Petrol/Diesel/CNG/Hybrid,3737
2026-02-01,Maharashtra,KIA INDIA PRIVATE LIMITED,Petrol/Diesel/CNG/Hybrid,2742
2026-03-01,Maharashtra,KIA INDIA PRIVATE LIMITED,Petrol/Diesel/CNG/Hybrid,3751
2026-04-01,Maharashtra,KIA INDIA PRIVATE LIMITED,Petrol/Diesel/CNG/Hybrid,3367
2026-05-01,Maharashtra,KIA INDIA PRIVATE LIMITED,Petrol/Diesel/CNG/Hybrid,3070
2026-06-01,Maharashtra,KIA INDIA PRIVATE LIMITED,Petrol/Diesel/CNG/Hybrid,1427
2026-05-01,Maharashtra,KISAN ENGINEERING,Petrol/Diesel/CNG/Hybrid,2
2026-01-01,Maharashtra,KISAN ENGINEERING WORKS,Petrol/Diesel/CNG/Hybrid,2
2026-02-01,Maharashtra,KISAN ENGINEERING WORKS,Petrol/Diesel/CNG/Hybrid,3
2026-04-01,Maharashtra,KISAN ENGINEERING WORKS,Petrol/Diesel/CNG/Hybrid,2
2026-05-01,Maharashtra,KISAN ENGINEERING WORKS,Petrol/Diesel/CNG/Hybrid,8
2026-01-01,Maharashtra,KK INDUSTRIES,Petrol/Diesel/CNG/Hybrid,3
2026-01-01,Maharashtra,KRUP P,Petrol/Diesel/CNG/Hybrid,1
2026-01-01,Maharashtra,KRUSHI KISAN TRAILORS,Petrol/Diesel/CNG/Hybrid,1
2026-02-01,Maharashtra,KRUSHI KISAN TRAILORS,Petrol/Diesel/CNG/Hybrid,1
2026-03-01,Maharashtra,KRUSHI KISAN TRAILORS,Petrol/Diesel/CNG/Hybrid,2
2026-04-01,Maharashtra,KRUSHI KISAN TRAILORS,Petrol/Diesel/CNG/Hybrid,2
2026-05-01,Maharashtra,KRUSHI KISAN TRAILORS,Petrol/Diesel/CNG/Hybrid,1
2026-01-01,Maharashtra,KUBOTA AGRICULTURAL MACHINERY INDIA PVT.LTD,Petrol/Diesel/CNG/Hybrid,91
2026-02-01,Maharashtra,KUBOTA AGRICULTURAL MACHINERY INDIA PVT.LTD,Petrol/Diesel/CNG/Hybrid,39
2026-03-01,Maharashtra,KUBOTA AGRICULTURAL MACHINERY INDIA PVT.LTD,Petrol/Diesel/CNG/Hybrid,58
2026-04-01,Maharashtra,KUBOTA AGRICULTURAL MACHINERY INDIA PVT.LTD,Petrol/Diesel/CNG/Hybrid,43
2026-05-01,Maharashtra,KUBOTA AGRICULTURAL MACHINERY INDIA PVT.LTD,Petrol/Diesel/CNG/Hybrid,43
2026-06-01,Maharashtra,KUBOTA AGRICULTURAL MACHINERY INDIA PVT.LTD,Petrol/Diesel/CNG/Hybrid,26
2026-01-01,Maharashtra,LAXMI ENGINEERING WORKS,Petrol/Diesel/CNG/Hybrid,2
2026-02-01,Maharashtra,LAXMI ENGINEERING WORKS,Petrol/Diesel/CNG/Hybrid,2
2026-04-01,Maharashtra,LAXMI ENGINEERING WORKS,Petrol/Diesel/CNG/Hybrid,5
2026-01-01,Maharashtra,LEENA AGRO INDUSTRIES (INDIA) PVT LTD,Petrol/Diesel/CNG/Hybrid,11
2026-02-01,Maharashtra,LEENA AGRO INDUSTRIES (INDIA) PVT LTD,Petrol/Diesel/CNG/Hybrid,10
2026-04-01,Maharashtra,LEENA AGRO INDUSTRIES (INDIA) PVT LTD,Petrol/Diesel/CNG/Hybrid,1
2026-01-01,Maharashtra,LOCAL TRAILER MANUFACTURER,Petrol/Diesel/CNG/Hybrid,993
2026-02-01,Maharashtra,LOCAL TRAILER MANUFACTURER,Petrol/Diesel/CNG/Hybrid,886
2026-03-01,Maharashtra,LOCAL TRAILER MANUFACTURER,Petrol/Diesel/CNG/Hybrid,655
2026-04-01,Maharashtra,LOCAL TRAILER MANUFACTURER,Petrol/Diesel/CNG/Hybrid,576
2026-05-01,Maharashtra,LOCAL TRAILER MANUFACTURER,Petrol/Diesel/CNG/Hybrid,415
2026-06-01,Maharashtra,LOCAL TRAILER MANUFACTURER,Petrol/Diesel/CNG/Hybrid,287
2026-04-01,Maharashtra,LOHIYA AGRO INDUSTRIES,Petrol/Diesel/CNG/Hybrid,1
2026-05-01,Maharashtra,LOHIYA AGRO INDUSTRIES,Petrol/Diesel/CNG/Hybrid,1
2026-01-01,Maharashtra,MAHINDRA & MAHINDRA LIMITED,Petrol/Diesel/CNG/Hybrid,5722
2026-02-01,Maharashtra,MAHINDRA & MAHINDRA LIMITED,Petrol/Diesel/CNG/Hybrid,4364
2026-03-01,Maharashtra,MAHINDRA & MAHINDRA LIMITED,Petrol/Diesel/CNG/Hybrid,5986
2026-04-01,Maharashtra,MAHINDRA & MAHINDRA LIMITED,Petrol/Diesel/CNG/Hybrid,5085
2026-05-01,Maharashtra,MAHINDRA & MAHINDRA LIMITED,Petrol/Diesel/CNG/Hybrid,4025
2026-06-01,Maharashtra,MAHINDRA & MAHINDRA LIMITED,Petrol/Diesel/CNG/Hybrid,2463
2026-01-01,Maharashtra,MAHINDRA & MAHINDRA LIMITED (SWARAJ DIVISION),Petrol/Diesel/CNG/Hybrid,3178
2026-02-01,Maharashtra,MAHINDRA & MAHINDRA LIMITED (SWARAJ DIVISION),Petrol/Diesel/CNG/Hybrid,1617
2026-03-01,Maharashtra,MAHINDRA & MAHINDRA LIMITED (SWARAJ DIVISION),Petrol/Diesel/CNG/Hybrid,1527
2026-04-01,Maharashtra,MAHINDRA & MAHINDRA LIMITED (SWARAJ DIVISION),Petrol/Diesel/CNG/Hybrid,1493
2026-05-01,Maharashtra,MAHINDRA & MAHINDRA LIMITED (SWARAJ DIVISION),Petrol/Diesel/CNG/Hybrid,1244
2026-06-01,Maharashtra,MAHINDRA & MAHINDRA LIMITED (SWARAJ DIVISION),Petrol/Diesel/CNG/Hybrid,784
2026-01-01,Maharashtra,MAHINDRA & MAHINDRA LIMITED (TRACTOR),Petrol/Diesel/CNG/Hybrid,4174
2026-02-01,Maharashtra,MAHINDRA & MAHINDRA LIMITED (TRACTOR),Petrol/Diesel/CNG/Hybrid,2319
2026-03-01,Maharashtra,MAHINDRA & MAHINDRA LIMITED (TRACTOR),Petrol/Diesel/CNG/Hybrid,2082
2026-04-01,Maharashtra,MAHINDRA & MAHINDRA LIMITED (TRACTOR),Petrol/Diesel/CNG/Hybrid,2062
2026-05-01,Maharashtra,MAHINDRA & MAHINDRA LIMITED (TRACTOR),Petrol/Diesel/CNG/Hybrid,1778
2026-06-01,Maharashtra,MAHINDRA & MAHINDRA LIMITED (TRACTOR),Petrol/Diesel/CNG/Hybrid,1245
2026-01-01,Maharashtra,MAHINDRA LAST MILE MOBILITY LTD,Petrol/Diesel/CNG/Hybrid,1
2026-06-01,Maharashtra,MAHINDRA LAST MILE MOBILITY LTD,Petrol/Diesel/CNG/Hybrid,1
2026-02-01,Maharashtra,MARATHWADA QUALITY TRAILER,Petrol/Diesel/CNG/Hybrid,1
2026-01-01,Maharashtra,MARUTI SUZUKI INDIA LTD,Petrol/Diesel/CNG/Hybrid,20286
2026-02-01,Maharashtra,MARUTI SUZUKI INDIA LTD,Petrol/Diesel/CNG/Hybrid,11539
2026-03-01,Maharashtra,MARUTI SUZUKI INDIA LTD,Petrol/Diesel/CNG/Hybrid,16976
2026-04-01,Maharashtra,MARUTI SUZUKI INDIA LTD,Petrol/Diesel/CNG/Hybrid,14160
2026-05-01,Maharashtra,MARUTI SUZUKI INDIA LTD,Petrol/Diesel/CNG/Hybrid,13817
2026-06-01,Maharashtra,MARUTI SUZUKI INDIA LTD,Petrol/Diesel/CNG/Hybrid,5946
2026-01-01,Maharashtra,MASERATI S.P.A,Petrol/Diesel/CNG/Hybrid,1
2026-05-01,Maharashtra,MASERATI S.P.A,Petrol/Diesel/CNG/Hybrid,1
2026-01-01,Maharashtra,MCLAREN AUTOMOTIVE (IMPORTER: INFINITY CARS),Petrol/Diesel/CNG/Hybrid,2
2026-03-01,Maharashtra,MCLAREN AUTOMOTIVE (IMPORTER: INFINITY CARS),Petrol/Diesel/CNG/Hybrid,1
2026-01-01,Maharashtra,MERCEDES-BENZ AG,Petrol/Diesel/CNG/Hybrid,16
2026-02-01,Maharashtra,MERCEDES-BENZ AG,Petrol/Diesel/CNG/Hybrid,18
2026-03-01,Maharashtra,MERCEDES-BENZ AG,Petrol/Diesel/CNG/Hybrid,27
2026-04-01,Maharashtra,MERCEDES-BENZ AG,Petrol/Diesel/CNG/Hybrid,38
2026-05-01,Maharashtra,MERCEDES-BENZ AG,Petrol/Diesel/CNG/Hybrid,16
2026-06-01,Maharashtra,MERCEDES-BENZ AG,Petrol/Diesel/CNG/Hybrid,21
2026-01-01,Maharashtra,MERCEDES-BENZ INDIA PVT LTD,Petrol/Diesel/CNG/Hybrid,348
2026-02-01,Maharashtra,MERCEDES-BENZ INDIA PVT LTD,Petrol/Diesel/CNG/Hybrid,180
2026-03-01,Maharashtra,MERCEDES-BENZ INDIA PVT LTD,Petrol/Diesel/CNG/Hybrid,305
2026-04-01,Maharashtra,MERCEDES-BENZ INDIA PVT LTD,Petrol/Diesel/CNG/Hybrid,188
2026-05-01,Maharashtra,MERCEDES-BENZ INDIA PVT LTD,Petrol/Diesel/CNG/Hybrid,173
2026-06-01,Maharashtra,MERCEDES-BENZ INDIA PVT LTD,Petrol/Diesel/CNG/Hybrid,113
2026-01-01,Maharashtra,N K INDUSTRIES,Petrol/Diesel/CNG/Hybrid,23
2026-02-01,Maharashtra,N K INDUSTRIES,Petrol/Diesel/CNG/Hybrid,38
2026-03-01,Maharashtra,N K INDUSTRIES,Petrol/Diesel/CNG/Hybrid,22
2026-04-01,Maharashtra,N K INDUSTRIES,Petrol/Diesel/CNG/Hybrid,25
2026-05-01,Maharashtra,N K INDUSTRIES,Petrol/Diesel/CNG/Hybrid,11
2026-06-01,Maharashtra,N K INDUSTRIES,Petrol/Diesel/CNG/Hybrid,8
2026-02-01,Maharashtra,NATH AGRO IMPLEMENTS PVT LTD,Petrol/Diesel/CNG/Hybrid,1
2026-05-01,Maharashtra,NEW LUCKY ENGINEERING WORKSHOP,Petrol/Diesel/CNG/Hybrid,5
2026-04-01,Maharashtra,NEW SANGMESHWAR TRAILORS & ENGINEERING WORKS,Petrol/Diesel/CNG/Hybrid,2
2026-01-01,Maharashtra,NEW SHETKARI ENGINEERING WORK,Petrol/Diesel/CNG/Hybrid,6
2026-02-01,Maharashtra,NEW SHETKARI ENGINEERING WORK,Petrol/Diesel/CNG/Hybrid,1
2026-03-01,Maharashtra,NEW SHETKARI ENGINEERING WORK,Petrol/Diesel/CNG/Hybrid,3
2026-04-01,Maharashtra,NEW SHETKARI ENGINEERING WORK,Petrol/Diesel/CNG/Hybrid,5
2026-05-01,Maharashtra,NEW SHETKARI ENGINEERING WORK,Petrol/Diesel/CNG/Hybrid,3
2026-06-01,Maharashtra,NEW SHETKARI ENGINEERING WORK,Petrol/Diesel/CNG/Hybrid,4
2026-04-01,Maharashtra,NEW SUPER QUALITY TRAILOR,Petrol/Diesel/CNG/Hybrid,1
2026-05-01,Maharashtra,NEW SUPER QUALITY TRAILOR,Petrol/Diesel/CNG/Hybrid,4
2026-06-01,Maharashtra,NEW SUPER QUALITY TRAILOR,Petrol/Diesel/CNG/Hybrid,1
2026-01-01,Maharashtra,NISSAN MOTOR INDIA PVT LTD,Petrol/Diesel/CNG/Hybrid,219
2026-02-01,Maharashtra,NISSAN MOTOR INDIA PVT LTD,Petrol/Diesel/CNG/Hybrid,99
2026-03-01,Maharashtra,NISSAN MOTOR INDIA PVT LTD,Petrol/Diesel/CNG/Hybrid,229
2026-04-01,Maharashtra,NISSAN MOTOR INDIA PVT LTD,Petrol/Diesel/CNG/Hybrid,262
2026-05-01,Maharashtra,NISSAN MOTOR INDIA PVT LTD,Petrol/Diesel/CNG/Hybrid,250
2026-06-01,Maharashtra,NISSAN MOTOR INDIA PVT LTD,Petrol/Diesel/CNG/Hybrid,120
2026-02-01,Maharashtra,OM SHREE SAI ENGINEERING,Petrol/Diesel/CNG/Hybrid,1
2026-01-01,Maharashtra,PADMAVATI ENGINEERING WORKS,Petrol/Diesel/CNG/Hybrid,10
2026-02-01,Maharashtra,PADMAVATI ENGINEERING WORKS,Petrol/Diesel/CNG/Hybrid,9
2026-03-01,Maharashtra,PADMAVATI ENGINEERING WORKS,Petrol/Diesel/CNG/Hybrid,5
2026-04-01,Maharashtra,PADMAVATI ENGINEERING WORKS,Petrol/Diesel/CNG/Hybrid,6
2026-06-01,Maharashtra,PADMAVATI ENGINEERING WORKS,Petrol/Diesel/CNG/Hybrid,1
2026-01-01,Maharashtra,PERFECT TRAILER,Petrol/Diesel/CNG/Hybrid,3
2026-03-01,Maharashtra,PERFECT TRAILER,Petrol/Diesel/CNG/Hybrid,2
2026-04-01,Maharashtra,PERFECT TRAILER,Petrol/Diesel/CNG/Hybrid,3
2026-01-01,Maharashtra,POLARIS INDIA PVT LTD,Petrol/Diesel/CNG/Hybrid,1
2026-03-01,Maharashtra,POLARIS INDIA PVT LTD,Petrol/Diesel/CNG/Hybrid,3
2026-05-01,Maharashtra,POLARIS INDIA PVT LTD,Petrol/Diesel/CNG/Hybrid,1
2026-06-01,Maharashtra,POLARIS INDIA PVT LTD,Petrol/Diesel/CNG/Hybrid,1
2026-01-01,Maharashtra,PORSCHE AG GERMANY,Petrol/Diesel/CNG/Hybrid,15
2026-02-01,Maharashtra,PORSCHE AG GERMANY,Petrol/Diesel/CNG/Hybrid,3
2026-03-01,Maharashtra,PORSCHE AG GERMANY,Petrol/Diesel/CNG/Hybrid,9
2026-04-01,Maharashtra,PORSCHE AG GERMANY,Petrol/Diesel/CNG/Hybrid,5
2026-05-01,Maharashtra,PORSCHE AG GERMANY,Petrol/Diesel/CNG/Hybrid,4
2026-06-01,Maharashtra,PORSCHE AG GERMANY,Petrol/Diesel/CNG/Hybrid,3
2026-01-01,Maharashtra,POWERLAND AGRO TRACTOR VEHICLES PVT LTD,Petrol/Diesel/CNG/Hybrid,1
2026-02-01,Maharashtra,POWERLAND AGRO TRACTOR VEHICLES PVT LTD,Petrol/Diesel/CNG/Hybrid,1
2026-04-01,Maharashtra,POWERLAND AGRO TRACTOR VEHICLES PVT LTD,Petrol/Diesel/CNG/Hybrid,2
2026-03-01,Maharashtra,PRAGATI ENGINEERING,Petrol/Diesel/CNG/Hybrid,2
2026-04-01,Maharashtra,PRAGATI ENGINEERING,Petrol/Diesel/CNG/Hybrid,3
2026-05-01,Maharashtra,PRAGATI ENGINEERING,Petrol/Diesel/CNG/Hybrid,3
2026-06-01,Maharashtra,PRAGATI ENGINEERING,Petrol/Diesel/CNG/Hybrid,1
2026-03-01,Maharashtra,PREET CONSRUCTION EQUIPMENTS PVT LTD,Petrol/Diesel/CNG/Hybrid,2
2026-01-01,Maharashtra,PREET TRACTORS PVT LTD,Petrol/Diesel/CNG/Hybrid,7
2026-02-01,Maharashtra,PREET TRACTORS PVT LTD,Petrol/Diesel/CNG/Hybrid,6
2026-03-01,Maharashtra,PREET TRACTORS PVT LTD,Petrol/Diesel/CNG/Hybrid,2
2026-04-01,Maharashtra,PREET TRACTORS PVT LTD,Petrol/Diesel/CNG/Hybrid,2
2026-05-01,Maharashtra,PREET TRACTORS PVT LTD,Petrol/Diesel/CNG/Hybrid,4
2026-06-01,Maharashtra,PREET TRACTORS PVT LTD,Petrol/Diesel/CNG/Hybrid,1
2026-01-01,Maharashtra,PUSHKAR INDUSTRIES,Petrol/Diesel/CNG/Hybrid,4
2026-02-01,Maharashtra,PUSHKAR INDUSTRIES,Petrol/Diesel/CNG/Hybrid,1
2026-03-01,Maharashtra,PUSHKAR INDUSTRIES,Petrol/Diesel/CNG/Hybrid,1
2026-04-01,Maharashtra,PUSHKAR INDUSTRIES,Petrol/Diesel/CNG/Hybrid,5
2026-05-01,Maharashtra,PUSHKAR INDUSTRIES,Petrol/Diesel/CNG/Hybrid,1
2026-06-01,Maharashtra,PUSHKAR INDUSTRIES,Petrol/Diesel/CNG/Hybrid,4
2026-03-01,Maharashtra,RADHESHYAM TRAILOR,Petrol/Diesel/CNG/Hybrid,7
2026-04-01,Maharashtra,RADHESHYAM TRAILOR,Petrol/Diesel/CNG/Hybrid,1
2026-05-01,Maharashtra,RADHESHYAM TRAILOR,Petrol/Diesel/CNG/Hybrid,1
2026-01-01,Maharashtra,RAM AGRO MACHINARY,Petrol/Diesel/CNG/Hybrid,1
2026-03-01,Maharashtra,RAM AGRO MACHINARY,Petrol/Diesel/CNG/Hybrid,2
2026-06-01,Maharashtra,RAM AGRO MACHINARY,Petrol/Diesel/CNG/Hybrid,2
2026-05-01,Maharashtra,RAM VIJAY AGRO INDUSTRIES,Petrol/Diesel/CNG/Hybrid,1
2026-01-01,Maharashtra,RATAN ENGINEERING WORKS,Petrol/Diesel/CNG/Hybrid,1
2026-03-01,Maharashtra,RATAN ENGINEERING WORKS,Petrol/Diesel/CNG/Hybrid,1
2026-04-01,Maharashtra,RATAN ENGINEERING WORKS,Petrol/Diesel/CNG/Hybrid,1
2026-05-01,Maharashtra,RATAN ENGINEERING WORKS,Petrol/Diesel/CNG/Hybrid,3
2026-06-01,Maharashtra,RATAN ENGINEERING WORKS,Petrol/Diesel/CNG/Hybrid,1
2026-01-01,Maharashtra,RENAULT INDIA PVT LTD,Petrol/Diesel/CNG/Hybrid,539
2026-02-01,Maharashtra,RENAULT INDIA PVT LTD,Petrol/Diesel/CNG/Hybrid,267
2026-03-01,Maharashtra,RENAULT INDIA PVT LTD,Petrol/Diesel/CNG/Hybrid,440
2026-04-01,Maharashtra,RENAULT INDIA PVT LTD,Petrol/Diesel/CNG/Hybrid,463
2026-05-01,Maharashtra,RENAULT INDIA PVT LTD,Petrol/Diesel/CNG/Hybrid,427
2026-06-01,Maharashtra,RENAULT INDIA PVT LTD,Petrol/Diesel/CNG/Hybrid,179
2026-03-01,Maharashtra,ROLLS ROYCE MOTOR (IMPORTER: KUN MOTOR),Petrol/Diesel/CNG/Hybrid,1
2026-05-01,Maharashtra,ROLLS ROYCE MOTOR (IMPORTER: KUN MOTOR),Petrol/Diesel/CNG/Hybrid,2
2026-01-01,Maharashtra,ROLLS-ROYCE MOTOR CARS(IMPORTER:SELECT CARS P LTD),Petrol/Diesel/CNG/Hybrid,3
2026-02-01,Maharashtra,ROLLS-ROYCE MOTOR CARS(IMPORTER:SELECT CARS P LTD),Petrol/Diesel/CNG/Hybrid,1
2026-04-01,Maharashtra,ROLLS-ROYCE MOTOR CARS(IMPORTER:SELECT CARS P LTD),Petrol/Diesel/CNG/Hybrid,1
2026-05-01,Maharashtra,ROLLS-ROYCE MOTOR CARS(IMPORTER:SELECT CARS P LTD),Petrol/Diesel/CNG/Hybrid,1
2026-04-01,Maharashtra,SACHITANAND ENGINEERING WORKS,Petrol/Diesel/CNG/Hybrid,5
2026-05-01,Maharashtra,SACHITANAND ENGINEERING WORKS,Petrol/Diesel/CNG/Hybrid,1
2026-02-01,Maharashtra,SADGURU TRAILER & AGRI EQUIP,Petrol/Diesel/CNG/Hybrid,1
2026-01-01,Maharashtra,SAGAR AGRO STEEL INDUSTRIES,Petrol/Diesel/CNG/Hybrid,38
2026-02-01,Maharashtra,SAGAR AGRO STEEL INDUSTRIES,Petrol/Diesel/CNG/Hybrid,22
2026-03-01,Maharashtra,SAGAR AGRO STEEL INDUSTRIES,Petrol/Diesel/CNG/Hybrid,15
2026-04-01,Maharashtra,SAGAR AGRO STEEL INDUSTRIES,Petrol/Diesel/CNG/Hybrid,6
2026-05-01,Maharashtra,SAGAR AGRO STEEL INDUSTRIES,Petrol/Diesel/CNG/Hybrid,7
2026-01-01,Maharashtra,SAHARA TRALIORS,Petrol/Diesel/CNG/Hybrid,1
2026-01-01,Maharashtra,SAI ENGINEERING AND WELDING WORKS,Petrol/Diesel/CNG/Hybrid,1
2026-05-01,Maharashtra,SAI ENGINEERING AND WELDING WORKS,Petrol/Diesel/CNG/Hybrid,1
2026-04-01,Maharashtra,SAI INDUSTRIES (AJINKYA TRAILER),Petrol/Diesel/CNG/Hybrid,4
2026-01-01,Maharashtra,SAI TRAILERS,Petrol/Diesel/CNG/Hybrid,6
2026-02-01,Maharashtra,SAI TRAILERS,Petrol/Diesel/CNG/Hybrid,2
2026-01-01,Maharashtra,SAME DEUTZ-FAHR INDIA (P) LTD,Petrol/Diesel/CNG/Hybrid,18
2026-02-01,Maharashtra,SAME DEUTZ-FAHR INDIA (P) LTD,Petrol/Diesel/CNG/Hybrid,9
2026-03-01,Maharashtra,SAME DEUTZ-FAHR INDIA (P) LTD,Petrol/Diesel/CNG/Hybrid,15
2026-04-01,Maharashtra,SAME DEUTZ-FAHR INDIA (P) LTD,Petrol/Diesel/CNG/Hybrid,8
2026-05-01,Maharashtra,SAME DEUTZ-FAHR INDIA (P) LTD,Petrol/Diesel/CNG/Hybrid,1
2026-06-01,Maharashtra,SAME DEUTZ-FAHR INDIA (P) LTD,Petrol/Diesel/CNG/Hybrid,2
2026-01-01,Maharashtra,SAYA AGRO INDUSTRIES,Petrol/Diesel/CNG/Hybrid,1
2026-03-01,Maharashtra,SAYA AGRO INDUSTRIES,Petrol/Diesel/CNG/Hybrid,4
2026-04-01,Maharashtra,SAYA AGRO INDUSTRIES,Petrol/Diesel/CNG/Hybrid,1
2026-01-01,Maharashtra,SHIV AGRO INDUSTRIES,Petrol/Diesel/CNG/Hybrid,24
2026-02-01,Maharashtra,SHIV AGRO INDUSTRIES,Petrol/Diesel/CNG/Hybrid,8
2026-03-01,Maharashtra,SHIV AGRO INDUSTRIES,Petrol/Diesel/CNG/Hybrid,6
2026-04-01,Maharashtra,SHIV AGRO INDUSTRIES,Petrol/Diesel/CNG/Hybrid,23
2026-05-01,Maharashtra,SHIV AGRO INDUSTRIES,Petrol/Diesel/CNG/Hybrid,5
2026-06-01,Maharashtra,SHIV AGRO INDUSTRIES,Petrol/Diesel/CNG/Hybrid,3
2026-01-01,Maharashtra,SHIV SHAKTI FABRICATION,Petrol/Diesel/CNG/Hybrid,1
2026-03-01,Maharashtra,SHIVAM TRAILER,Petrol/Diesel/CNG/Hybrid,18
2026-05-01,Maharashtra,SHIVAM TRAILER,Petrol/Diesel/CNG/Hybrid,6
2026-03-01,Maharashtra,SHIVKRUPA TRAILOR,Petrol/Diesel/CNG/Hybrid,3
2026-01-01,Maharashtra,SHIVRAJ TRAILOR,Petrol/Diesel/CNG/Hybrid,67
2026-02-01,Maharashtra,SHIVRAJ TRAILOR,Petrol/Diesel/CNG/Hybrid,21
2026-03-01,Maharashtra,SHIVRAJ TRAILOR,Petrol/Diesel/CNG/Hybrid,13
2026-04-01,Maharashtra,SHIVRAJ TRAILOR,Petrol/Diesel/CNG/Hybrid,10
2026-05-01,Maharashtra,SHIVRAJ TRAILOR,Petrol/Diesel/CNG/Hybrid,3
2026-06-01,Maharashtra,SHIVRAJ TRAILOR,Petrol/Diesel/CNG/Hybrid,3
2026-02-01,Maharashtra,SHIVSHAKTI STEEL INDUSTRIES LATUR,Petrol/Diesel/CNG/Hybrid,1
2026-03-01,Maharashtra,SHIVSHAKTI STEEL INDUSTRIES LATUR,Petrol/Diesel/CNG/Hybrid,3
2026-04-01,Maharashtra,SHIVSHAKTI STEEL INDUSTRIES LATUR,Petrol/Diesel/CNG/Hybrid,1
2026-02-01,Maharashtra,SHREE GURUKRUPA AGRO INDUSTRIES,Petrol/Diesel/CNG/Hybrid,1
2026-04-01,Maharashtra,SHREE MAHALAXMI AGRO WORKS,Petrol/Diesel/CNG/Hybrid,3
2026-01-01,Maharashtra,SHREE VISHWAKARMA TRAILER WORK,Petrol/Diesel/CNG/Hybrid,6
2026-02-01,Maharashtra,SHREE VISHWAKARMA TRAILER WORK,Petrol/Diesel/CNG/Hybrid,4
2026-04-01,Maharashtra,SHREE VISHWAKARMA TRAILER WORK,Petrol/Diesel/CNG/Hybrid,1
2026-05-01,Maharashtra,SHREE VISHWAKARMA TRAILER WORK,Petrol/Diesel/CNG/Hybrid,1
2026-01-01,Maharashtra,SHRI DATTA AGRO INDUSTRIES,Petrol/Diesel/CNG/Hybrid,7
2026-03-01,Maharashtra,SHRI DATTA AGRO INDUSTRIES,Petrol/Diesel/CNG/Hybrid,5
2026-04-01,Maharashtra,SHRI DATTA AGRO INDUSTRIES,Petrol/Diesel/CNG/Hybrid,4
2026-01-01,Maharashtra,SHRI MAHALAXMI AGRO IND,Petrol/Diesel/CNG/Hybrid,1
2026-04-01,Maharashtra,SHRI RAM ENGINEERING WORKS,Petrol/Diesel/CNG/Hybrid,1
2026-03-01,Maharashtra,SHRI VADESHWAR TRAILORS,Petrol/Diesel/CNG/Hybrid,14
2026-04-01,Maharashtra,SHRI VADESHWAR TRAILORS,Petrol/Diesel/CNG/Hybrid,1
2026-01-01,Maharashtra,SHRI VISHWAKARMA AUTOMOBILE,Petrol/Diesel/CNG/Hybrid,21
2026-02-01,Maharashtra,SHRI VISHWAKARMA AUTOMOBILE,Petrol/Diesel/CNG/Hybrid,8
2026-03-01,Maharashtra,SHRI VISHWAKARMA AUTOMOBILE,Petrol/Diesel/CNG/Hybrid,13
2026-04-01,Maharashtra,SHRI VISHWAKARMA AUTOMOBILE,Petrol/Diesel/CNG/Hybrid,18
2026-05-01,Maharashtra,SHRI VISHWAKARMA AUTOMOBILE,Petrol/Diesel/CNG/Hybrid,6
2026-06-01,Maharashtra,SHRI VISHWAKARMA AUTOMOBILE,Petrol/Diesel/CNG/Hybrid,2
2026-02-01,Maharashtra,SHRINIWAS AGRO INDUSTRIES,Petrol/Diesel/CNG/Hybrid,1
2026-04-01,Maharashtra,SHRINIWAS AGRO INDUSTRIES,Petrol/Diesel/CNG/Hybrid,2
2026-01-01,Maharashtra,SIDDHAKALA ENGINEERING AND WELDING WORKS,Petrol/Diesel/CNG/Hybrid,2
2026-03-01,Maharashtra,SIDDHAKALA ENGINEERING AND WELDING WORKS,Petrol/Diesel/CNG/Hybrid,1
2026-04-01,Maharashtra,SIDDHAKALA ENGINEERING AND WELDING WORKS,Petrol/Diesel/CNG/Hybrid,1
2026-06-01,Maharashtra,SIDDHAKALA ENGINEERING AND WELDING WORKS,Petrol/Diesel/CNG/Hybrid,10
2026-01-01,Maharashtra,SKODA AUTO AS,Petrol/Diesel/CNG/Hybrid,2
2026-02-01,Maharashtra,SKODA AUTO AS,Petrol/Diesel/CNG/Hybrid,1
2026-03-01,Maharashtra,SKODA AUTO AS,Petrol/Diesel/CNG/Hybrid,2
2026-01-01,Maharashtra,SKODA AUTO VOLKSWAGEN INDIA PVT LTD,Petrol/Diesel/CNG/Hybrid,1550
2026-02-01,Maharashtra,SKODA AUTO VOLKSWAGEN INDIA PVT LTD,Petrol/Diesel/CNG/Hybrid,1272
2026-03-01,Maharashtra,SKODA AUTO VOLKSWAGEN INDIA PVT LTD,Petrol/Diesel/CNG/Hybrid,1606
2026-04-01,Maharashtra,SKODA AUTO VOLKSWAGEN INDIA PVT LTD,Petrol/Diesel/CNG/Hybrid,1656
2026-05-01,Maharashtra,SKODA AUTO VOLKSWAGEN INDIA PVT LTD,Petrol/Diesel/CNG/Hybrid,1259
2026-06-01,Maharashtra,SKODA AUTO VOLKSWAGEN INDIA PVT LTD,Petrol/Diesel/CNG/Hybrid,779
2026-01-01,Maharashtra,SML MAHINDRA LTD,Petrol/Diesel/CNG/Hybrid,115
2026-02-01,Maharashtra,SML MAHINDRA LTD,Petrol/Diesel/CNG/Hybrid,103
2026-03-01,Maharashtra,SML MAHINDRA LTD,Petrol/Diesel/CNG/Hybrid,62
2026-04-01,Maharashtra,SML MAHINDRA LTD,Petrol/Diesel/CNG/Hybrid,1
2026-06-01,Maharashtra,SML MAHINDRA LTD,Petrol/Diesel/CNG/Hybrid,1
2026-01-01,Maharashtra,SOLANKE ENGINEERING WORKS,Petrol/Diesel/CNG/Hybrid,1
2026-06-01,Maharashtra,SOLANKE ENGINEERING WORKS,Petrol/Diesel/CNG/Hybrid,5
2026-01-01,Maharashtra,STAR WELDING WORKS,Petrol/Diesel/CNG/Hybrid,4
2026-02-01,Maharashtra,STAR WELDING WORKS,Petrol/Diesel/CNG/Hybrid,2
2026-04-01,Maharashtra,STAR WELDING WORKS,Petrol/Diesel/CNG/Hybrid,2
2026-01-01,Maharashtra,STELLANTIS AUTOMOBILES INDIA PVT LTD,Petrol/Diesel/CNG/Hybrid,117
2026-02-01,Maharashtra,STELLANTIS AUTOMOBILES INDIA PVT LTD,Petrol/Diesel/CNG/Hybrid,68
2026-03-01,Maharashtra,STELLANTIS AUTOMOBILES INDIA PVT LTD,Petrol/Diesel/CNG/Hybrid,92
2026-04-01,Maharashtra,STELLANTIS AUTOMOBILES INDIA PVT LTD,Petrol/Diesel/CNG/Hybrid,69
2026-05-01,Maharashtra,STELLANTIS AUTOMOBILES INDIA PVT LTD,Petrol/Diesel/CNG/Hybrid,59
2026-06-01,Maharashtra,STELLANTIS AUTOMOBILES INDIA PVT LTD,Petrol/Diesel/CNG/Hybrid,26
2026-01-01,Maharashtra,STELLANTIS INDIA PVT LTD,Petrol/Diesel/CNG/Hybrid,59
2026-02-01,Maharashtra,STELLANTIS INDIA PVT LTD,Petrol/Diesel/CNG/Hybrid,36
2026-03-01,Maharashtra,STELLANTIS INDIA PVT LTD,Petrol/Diesel/CNG/Hybrid,52
2026-04-01,Maharashtra,STELLANTIS INDIA PVT LTD,Petrol/Diesel/CNG/Hybrid,51
2026-05-01,Maharashtra,STELLANTIS INDIA PVT LTD,Petrol/Diesel/CNG/Hybrid,36
2026-06-01,Maharashtra,STELLANTIS INDIA PVT LTD,Petrol/Diesel/CNG/Hybrid,38
2026-04-01,Maharashtra,SUNRISE ENTERPRISE,Petrol/Diesel/CNG/Hybrid,1
2026-01-01,Maharashtra,SUPERIOR MANUFACTURING COMPANY,Petrol/Diesel/CNG/Hybrid,4
2026-03-01,Maharashtra,SUPERIOR MANUFACTURING COMPANY,Petrol/Diesel/CNG/Hybrid,2
2026-04-01,Maharashtra,SUPERIOR MANUFACTURING COMPANY,Petrol/Diesel/CNG/Hybrid,2
2026-05-01,Maharashtra,SUPERIOR MANUFACTURING COMPANY,Petrol/Diesel/CNG/Hybrid,1
2026-06-01,Maharashtra,SUPERIOR MANUFACTURING COMPANY,Petrol/Diesel/CNG/Hybrid,2
2026-01-01,Maharashtra,SURAJ ENGINEERING WORKS,Petrol/Diesel/CNG/Hybrid,3
2026-04-01,Maharashtra,SURAJ ENGINEERING WORKS,Petrol/Diesel/CNG/Hybrid,3
2026-06-01,Maharashtra,SURAJ ENGINEERING WORKS,Petrol/Diesel/CNG/Hybrid,3
2026-03-01,Maharashtra,SWASTIK ENGINEERING WORKS,Petrol/Diesel/CNG/Hybrid,1
2026-05-01,Maharashtra,SWASTIK ENGINEERING WORKS,Petrol/Diesel/CNG/Hybrid,1
2026-06-01,Maharashtra,SWASTIK ENGINEERING WORKS,Petrol/Diesel/CNG/Hybrid,1
2026-01-01,Maharashtra,TAFE LIMITED,Petrol/Diesel/CNG/Hybrid,530
2026-02-01,Maharashtra,TAFE LIMITED,Petrol/Diesel/CNG/Hybrid,253
2026-03-01,Maharashtra,TAFE LIMITED,Petrol/Diesel/CNG/Hybrid,221
2026-04-01,Maharashtra,TAFE LIMITED,Petrol/Diesel/CNG/Hybrid,254
2026-05-01,Maharashtra,TAFE LIMITED,Petrol/Diesel/CNG/Hybrid,270
2026-06-01,Maharashtra,TAFE LIMITED,Petrol/Diesel/CNG/Hybrid,137
2026-01-01,Maharashtra,TATA MOTORS LTD,Petrol/Diesel/CNG/Hybrid,55
2026-02-01,Maharashtra,TATA MOTORS LTD,Petrol/Diesel/CNG/Hybrid,103
2026-03-01,Maharashtra,TATA MOTORS LTD,Petrol/Diesel/CNG/Hybrid,42
2026-04-01,Maharashtra,TATA MOTORS LTD,Petrol/Diesel/CNG/Hybrid,32
2026-05-01,Maharashtra,TATA MOTORS LTD,Petrol/Diesel/CNG/Hybrid,48
2026-06-01,Maharashtra,TATA MOTORS LTD,Petrol/Diesel/CNG/Hybrid,49
2026-01-01,Maharashtra,TATA MOTORS PASSENGER VEHICLES LTD,Petrol/Diesel/CNG/Hybrid,9237
2026-02-01,Maharashtra,TATA MOTORS PASSENGER VEHICLES LTD,Petrol/Diesel/CNG/Hybrid,7573
2026-03-01,Maharashtra,TATA MOTORS PASSENGER VEHICLES LTD,Petrol/Diesel/CNG/Hybrid,10198
2026-04-01,Maharashtra,TATA MOTORS PASSENGER VEHICLES LTD,Petrol/Diesel/CNG/Hybrid,8023
2026-05-01,Maharashtra,TATA MOTORS PASSENGER VEHICLES LTD,Petrol/Diesel/CNG/Hybrid,6854
2026-06-01,Maharashtra,TATA MOTORS PASSENGER VEHICLES LTD,Petrol/Diesel/CNG/Hybrid,3113
2026-01-01,Maharashtra,TATA PASSENGER ELECTRIC MOBILITY LTD,Petrol/Diesel/CNG/Hybrid,4
2026-02-01,Maharashtra,TATA PASSENGER ELECTRIC MOBILITY LTD,Petrol/Diesel/CNG/Hybrid,2
2026-03-01,Maharashtra,TATA PASSENGER ELECTRIC MOBILITY LTD,Petrol/Diesel/CNG/Hybrid,2
2026-04-01,Maharashtra,TATA PASSENGER ELECTRIC MOBILITY LTD,Petrol/Diesel/CNG/Hybrid,1
2026-05-01,Maharashtra,TATA PASSENGER ELECTRIC MOBILITY LTD,Petrol/Diesel/CNG/Hybrid,1
2026-01-01,Maharashtra,TIRTH AGRO TECHNOLOGY PVT LTD,Petrol/Diesel/CNG/Hybrid,6
2026-02-01,Maharashtra,TIRTH AGRO TECHNOLOGY PVT LTD,Petrol/Diesel/CNG/Hybrid,3
2026-03-01,Maharashtra,TIRTH AGRO TECHNOLOGY PVT LTD,Petrol/Diesel/CNG/Hybrid,1
2026-05-01,Maharashtra,TIRTH AGRO TECHNOLOGY PVT LTD,Petrol/Diesel/CNG/Hybrid,4
2026-01-01,Maharashtra,TOYOTA KIRLOSKAR MOTOR PVT LTD,Petrol/Diesel/CNG/Hybrid,3732
2026-02-01,Maharashtra,TOYOTA KIRLOSKAR MOTOR PVT LTD,Petrol/Diesel/CNG/Hybrid,2748
2026-03-01,Maharashtra,TOYOTA KIRLOSKAR MOTOR PVT LTD,Petrol/Diesel/CNG/Hybrid,3284
2026-04-01,Maharashtra,TOYOTA KIRLOSKAR MOTOR PVT LTD,Petrol/Diesel/CNG/Hybrid,3203
2026-05-01,Maharashtra,TOYOTA KIRLOSKAR MOTOR PVT LTD,Petrol/Diesel/CNG/Hybrid,2874
2026-06-01,Maharashtra,TOYOTA KIRLOSKAR MOTOR PVT LTD,Petrol/Diesel/CNG/Hybrid,1757
2026-01-01,Maharashtra,TRIMURTI AGRO INDUSTRIES,Petrol/Diesel/CNG/Hybrid,8
2026-01-01,Maharashtra,TRIMURTI INDUSTRIES,Petrol/Diesel/CNG/Hybrid,12
2026-01-01,Maharashtra,TRIMURTI TRAILER,Petrol/Diesel/CNG/Hybrid,17
2026-02-01,Maharashtra,TRIMURTI TRAILER,Petrol/Diesel/CNG/Hybrid,11
2026-03-01,Maharashtra,TRIMURTI TRAILER,Petrol/Diesel/CNG/Hybrid,5
2026-04-01,Maharashtra,TRIMURTI TRAILER,Petrol/Diesel/CNG/Hybrid,6
2026-05-01,Maharashtra,TRIMURTI TRAILER,Petrol/Diesel/CNG/Hybrid,8
2026-06-01,Maharashtra,TRIMURTI TRAILER,Petrol/Diesel/CNG/Hybrid,1
2026-02-01,Maharashtra,TULJABHAWANI AGRO INDUSTRIES,Petrol/Diesel/CNG/Hybrid,2
2026-01-01,Maharashtra,TULSI TRAILER,Petrol/Diesel/CNG/Hybrid,1
2026-02-01,Maharashtra,TULSI TRAILER,Petrol/Diesel/CNG/Hybrid,1
2026-04-01,Maharashtra,TULSI TRAILER,Petrol/Diesel/CNG/Hybrid,1
2026-06-01,Maharashtra,UNIVERSAL ENGINEERING,Petrol/Diesel/CNG/Hybrid,2
2026-03-01,Maharashtra,V R WELDING WORKS,Petrol/Diesel/CNG/Hybrid,2
2026-01-01,Maharashtra,V.S.T. TILLERS TRACTORS LIMITED,Petrol/Diesel/CNG/Hybrid,216
2026-02-01,Maharashtra,V.S.T. TILLERS TRACTORS LIMITED,Petrol/Diesel/CNG/Hybrid,112
2026-03-01,Maharashtra,V.S.T. TILLERS TRACTORS LIMITED,Petrol/Diesel/CNG/Hybrid,109
2026-04-01,Maharashtra,V.S.T. TILLERS TRACTORS LIMITED,Petrol/Diesel/CNG/Hybrid,117
2026-05-01,Maharashtra,V.S.T. TILLERS TRACTORS LIMITED,Petrol/Diesel/CNG/Hybrid,69
2026-06-01,Maharashtra,V.S.T. TILLERS TRACTORS LIMITED,Petrol/Diesel/CNG/Hybrid,71
2026-05-01,Maharashtra,VAIBHAV AGRO INDUSTRIES,Petrol/Diesel/CNG/Hybrid,1
2026-02-01,Maharashtra,VE COMMERCIAL VEHICLES LTD,Petrol/Diesel/CNG/Hybrid,2
2026-03-01,Maharashtra,VE COMMERCIAL VEHICLES LTD,Petrol/Diesel/CNG/Hybrid,1
2026-04-01,Maharashtra,VE COMMERCIAL VEHICLES LTD,Petrol/Diesel/CNG/Hybrid,2
2026-05-01,Maharashtra,VE COMMERCIAL VEHICLES LTD,Petrol/Diesel/CNG/Hybrid,1
2026-01-01,Maharashtra,VEERBHADRA ENGINEERING WORKS,Petrol/Diesel/CNG/Hybrid,118
2026-02-01,Maharashtra,VEERBHADRA ENGINEERING WORKS,Petrol/Diesel/CNG/Hybrid,35
2026-03-01,Maharashtra,VEERBHADRA ENGINEERING WORKS,Petrol/Diesel/CNG/Hybrid,43
2026-04-01,Maharashtra,VEERBHADRA ENGINEERING WORKS,Petrol/Diesel/CNG/Hybrid,23
2026-05-01,Maharashtra,VEERBHADRA ENGINEERING WORKS,Petrol/Diesel/CNG/Hybrid,6
2026-06-01,Maharashtra,VEERBHADRA ENGINEERING WORKS,Petrol/Diesel/CNG/Hybrid,5
2026-01-01,Maharashtra,VIDARBHA TRAILERS,Petrol/Diesel/CNG/Hybrid,1
2026-04-01,Maharashtra,VIDARBHA TRAILERS,Petrol/Diesel/CNG/Hybrid,2
2026-01-01,Maharashtra,VIJAY ENGINEERING WORKS,Petrol/Diesel/CNG/Hybrid,2
2026-01-01,Maharashtra,VIKAS ENGG WORKS,Petrol/Diesel/CNG/Hybrid,2
2026-04-01,Maharashtra,VIKASH TRAILERS,Petrol/Diesel/CNG/Hybrid,1
2026-01-01,Maharashtra,VIVEK ENGG. WORKS,Petrol/Diesel/CNG/Hybrid,7
2026-02-01,Maharashtra,VIVEK ENGG. WORKS,Petrol/Diesel/CNG/Hybrid,3
2026-03-01,Maharashtra,VIVEK ENGG. WORKS,Petrol/Diesel/CNG/Hybrid,3
2026-04-01,Maharashtra,VIVEK ENGG. WORKS,Petrol/Diesel/CNG/Hybrid,13
2026-05-01,Maharashtra,VIVEK ENGG. WORKS,Petrol/Diesel/CNG/Hybrid,6
2026-01-01,Maharashtra,VOLKSWAGEN AG,Petrol/Diesel/CNG/Hybrid,5
2026-02-01,Maharashtra,VOLKSWAGEN AG,Petrol/Diesel/CNG/Hybrid,9
2026-03-01,Maharashtra,VOLKSWAGEN AG,Petrol/Diesel/CNG/Hybrid,19
2026-04-01,Maharashtra,VOLKSWAGEN AG,Petrol/Diesel/CNG/Hybrid,10
2026-05-01,Maharashtra,VOLKSWAGEN AG,Petrol/Diesel/CNG/Hybrid,7
2026-06-01,Maharashtra,VOLKSWAGEN AG,Petrol/Diesel/CNG/Hybrid,4
2026-01-01,Maharashtra,VOLVO AUTO INDIA PVT LTD,Petrol/Diesel/CNG/Hybrid,24
2026-02-01,Maharashtra,VOLVO AUTO INDIA PVT LTD,Petrol/Diesel/CNG/Hybrid,17
2026-03-01,Maharashtra,VOLVO AUTO INDIA PVT LTD,Petrol/Diesel/CNG/Hybrid,15
2026-04-01,Maharashtra,VOLVO AUTO INDIA PVT LTD,Petrol/Diesel/CNG/Hybrid,15
2026-05-01,Maharashtra,VOLVO AUTO INDIA PVT LTD,Petrol/Diesel/CNG/Hybrid,19
2026-06-01,Maharashtra,VOLVO AUTO INDIA PVT LTD,Petrol/Diesel/CNG/Hybrid,14
2026-01-01,Maharashtra,VST ZETOR PVT LTD,Petrol/Diesel/CNG/Hybrid,3
2026-02-01,Maharashtra,VST ZETOR PVT LTD,Petrol/Diesel/CNG/Hybrid,2
2026-04-01,Maharashtra,VST ZETOR PVT LTD,Petrol/Diesel/CNG/Hybrid,2
2026-06-01,Maharashtra,VST ZETOR PVT LTD,Petrol/Diesel/CNG/Hybrid,1
2026-03-01,Maharashtra,YASH AGRO ENGINEERING WORKS,Petrol/Diesel/CNG/Hybrid,2
2026-05-01,Maharashtra,YASH AGRO ENGINEERING WORKS,Petrol/Diesel/CNG/Hybrid,2
2026-05-01,Maharashtra,YOGIRAJ ENGINEERING COMPANY,Petrol/Diesel/CNG/Hybrid,1
2026-05-01,Manipur,BMW INDIA PVT LTD,Petrol/Diesel/CNG/Hybrid,1
2026-01-01,Manipur,HONDA CARS INDIA LTD,Petrol/Diesel/CNG/Hybrid,7
2026-02-01,Manipur,HONDA CARS INDIA LTD,Petrol/Diesel/CNG/Hybrid,4
2026-03-01,Manipur,HONDA CARS INDIA LTD,Petrol/Diesel/CNG/Hybrid,6
2026-05-01,Manipur,HONDA CARS INDIA LTD,Petrol/Diesel/CNG/Hybrid,12
2026-01-01,Manipur,HYUNDAI MOTOR INDIA LTD,Petrol/Diesel/CNG/Hybrid,59
2026-02-01,Manipur,HYUNDAI MOTOR INDIA LTD,Petrol/Diesel/CNG/Hybrid,71
2026-03-01,Manipur,HYUNDAI MOTOR INDIA LTD,Petrol/Diesel/CNG/Hybrid,72
2026-04-01,Manipur,HYUNDAI MOTOR INDIA LTD,Petrol/Diesel/CNG/Hybrid,47
2026-05-01,Manipur,HYUNDAI MOTOR INDIA LTD,Petrol/Diesel/CNG/Hybrid,52
2026-06-01,Manipur,HYUNDAI MOTOR INDIA LTD,Petrol/Diesel/CNG/Hybrid,26
2026-01-01,Manipur,INDIA YAMAHA MOTOR PVT LTD,Petrol/Diesel/CNG/Hybrid,1
2026-03-01,Manipur,ISUZU MOTORS INDIA PVT LTD,Petrol/Diesel/CNG/Hybrid,1
2026-01-01,Manipur,JAGUAR LAND ROVER INDIA LIMITED,Petrol/Diesel/CNG/Hybrid,1
2026-02-01,Manipur,JAGUAR LAND ROVER INDIA LIMITED,Petrol/Diesel/CNG/Hybrid,1
2026-01-01,Manipur,JOHN DEERE INDIA PVT LTD(TRACTOR DEVISION),Petrol/Diesel/CNG/Hybrid,1
2026-03-01,Manipur,JOHN DEERE INDIA PVT LTD(TRACTOR DEVISION),Petrol/Diesel/CNG/Hybrid,1
2026-01-01,Manipur,JSW MG MOTOR INDIA PVT LTD,Petrol/Diesel/CNG/Hybrid,8
2026-02-01,Manipur,JSW MG MOTOR INDIA PVT LTD,Petrol/Diesel/CNG/Hybrid,5
2026-03-01,Manipur,JSW MG MOTOR INDIA PVT LTD,Petrol/Diesel/CNG/Hybrid,6
2026-04-01,Manipur,JSW MG MOTOR INDIA PVT LTD,Petrol/Diesel/CNG/Hybrid,8
2026-05-01,Manipur,JSW MG MOTOR INDIA PVT LTD,Petrol/Diesel/CNG/Hybrid,3
2026-06-01,Manipur,JSW MG MOTOR INDIA PVT LTD,Petrol/Diesel/CNG/Hybrid,5
2026-01-01,Manipur,KIA INDIA PRIVATE LIMITED,Petrol/Diesel/CNG/Hybrid,14
2026-02-01,Manipur,KIA INDIA PRIVATE LIMITED,Petrol/Diesel/CNG/Hybrid,22
2026-03-01,Manipur,KIA INDIA PRIVATE LIMITED,Petrol/Diesel/CNG/Hybrid,27
2026-04-01,Manipur,KIA INDIA PRIVATE LIMITED,Petrol/Diesel/CNG/Hybrid,15
2026-05-01,Manipur,KIA INDIA PRIVATE LIMITED,Petrol/Diesel/CNG/Hybrid,20
2026-06-01,Manipur,KIA INDIA PRIVATE LIMITED,Petrol/Diesel/CNG/Hybrid,9
2026-01-01,Manipur,MAHINDRA & MAHINDRA LIMITED,Petrol/Diesel/CNG/Hybrid,124
2026-02-01,Manipur,MAHINDRA & MAHINDRA LIMITED,Petrol/Diesel/CNG/Hybrid,145
2026-03-01,Manipur,MAHINDRA & MAHINDRA LIMITED,Petrol/Diesel/CNG/Hybrid,123
2026-04-01,Manipur,MAHINDRA & MAHINDRA LIMITED,Petrol/Diesel/CNG/Hybrid,90
2026-05-01,Manipur,MAHINDRA & MAHINDRA LIMITED,Petrol/Diesel/CNG/Hybrid,117
2026-06-01,Manipur,MAHINDRA & MAHINDRA LIMITED,Petrol/Diesel/CNG/Hybrid,56
2026-01-01,Manipur,MARUTI SUZUKI INDIA LTD,Petrol/Diesel/CNG/Hybrid,320
2026-02-01,Manipur,MARUTI SUZUKI INDIA LTD,Petrol/Diesel/CNG/Hybrid,320
2026-03-01,Manipur,MARUTI SUZUKI INDIA LTD,Petrol/Diesel/CNG/Hybrid,320
2026-04-01,Manipur,MARUTI SUZUKI INDIA LTD,Petrol/Diesel/CNG/Hybrid,196
2026-05-01,Manipur,MARUTI SUZUKI INDIA LTD,Petrol/Diesel/CNG/Hybrid,320
2026-06-01,Manipur,MARUTI SUZUKI INDIA LTD,Petrol/Diesel/CNG/Hybrid,73
2026-01-01,Manipur,MERCEDES-BENZ INDIA PVT LTD,Petrol/Diesel/CNG/Hybrid,1
2026-01-01,Manipur,NISSAN MOTOR INDIA PVT LTD,Petrol/Diesel/CNG/Hybrid,5
2026-02-01,Manipur,NISSAN MOTOR INDIA PVT LTD,Petrol/Diesel/CNG/Hybrid,1
2026-03-01,Manipur,NISSAN MOTOR INDIA PVT LTD,Petrol/Diesel/CNG/Hybrid,5
2026-05-01,Manipur,NISSAN MOTOR INDIA PVT LTD,Petrol/Diesel/CNG/Hybrid,7
2026-01-01,Manipur,RENAULT INDIA PVT LTD,Petrol/Diesel/CNG/Hybrid,9
2026-02-01,Manipur,RENAULT INDIA PVT LTD,Petrol/Diesel/CNG/Hybrid,5
2026-03-01,Manipur,RENAULT INDIA PVT LTD,Petrol/Diesel/CNG/Hybrid,5
2026-05-01,Manipur,RENAULT INDIA PVT LTD,Petrol/Diesel/CNG/Hybrid,8
2026-06-01,Manipur,RENAULT INDIA PVT LTD,Petrol/Diesel/CNG/Hybrid,4
2026-01-01,Manipur,SKODA AUTO VOLKSWAGEN INDIA PVT LTD,Petrol/Diesel/CNG/Hybrid,1
2026-02-01,Manipur,SKODA AUTO VOLKSWAGEN INDIA PVT LTD,Petrol/Diesel/CNG/Hybrid,4
2026-03-01,Manipur,SKODA AUTO VOLKSWAGEN INDIA PVT LTD,Petrol/Diesel/CNG/Hybrid,1
2026-04-01,Manipur,SKODA AUTO VOLKSWAGEN INDIA PVT LTD,Petrol/Diesel/CNG/Hybrid,4
2026-05-01,Manipur,SKODA AUTO VOLKSWAGEN INDIA PVT LTD,Petrol/Diesel/CNG/Hybrid,4
2026-06-01,Manipur,SKODA AUTO VOLKSWAGEN INDIA PVT LTD,Petrol/Diesel/CNG/Hybrid,1
2026-02-01,Manipur,STELLANTIS AUTOMOBILES INDIA PVT LTD,Petrol/Diesel/CNG/Hybrid,3
2026-03-01,Manipur,STELLANTIS AUTOMOBILES INDIA PVT LTD,Petrol/Diesel/CNG/Hybrid,4
2026-04-01,Manipur,STELLANTIS AUTOMOBILES INDIA PVT LTD,Petrol/Diesel/CNG/Hybrid,3
2026-05-01,Manipur,STELLANTIS AUTOMOBILES INDIA PVT LTD,Petrol/Diesel/CNG/Hybrid,2
2026-01-01,Manipur,TAFE LIMITED,Petrol/Diesel/CNG/Hybrid,2
2026-02-01,Manipur,TAFE LIMITED,Petrol/Diesel/CNG/Hybrid,6
2026-03-01,Manipur,TAFE LIMITED,Petrol/Diesel/CNG/Hybrid,4
2026-04-01,Manipur,TAFE LIMITED,Petrol/Diesel/CNG/Hybrid,4
2026-05-01,Manipur,TAFE LIMITED,Petrol/Diesel/CNG/Hybrid,9
2026-06-01,Manipur,TAFE LIMITED,Petrol/Diesel/CNG/Hybrid,1
2026-01-01,Manipur,TATA MOTORS LTD,Petrol/Diesel/CNG/Hybrid,2
2026-03-01,Manipur,TATA MOTORS LTD,Petrol/Diesel/CNG/Hybrid,1
2026-01-01,Manipur,TATA MOTORS PASSENGER VEHICLES LTD,Petrol/Diesel/CNG/Hybrid,61
2026-02-01,Manipur,TATA MOTORS PASSENGER VEHICLES LTD,Petrol/Diesel/CNG/Hybrid,84
2026-03-01,Manipur,TATA MOTORS PASSENGER VEHICLES LTD,Petrol/Diesel/CNG/Hybrid,82
2026-04-01,Manipur,TATA MOTORS PASSENGER VEHICLES LTD,Petrol/Diesel/CNG/Hybrid,42
2026-05-01,Manipur,TATA MOTORS PASSENGER VEHICLES LTD,Petrol/Diesel/CNG/Hybrid,50
2026-06-01,Manipur,TATA MOTORS PASSENGER VEHICLES LTD,Petrol/Diesel/CNG/Hybrid,19
2026-01-01,Manipur,TATA PASSENGER ELECTRIC MOBILITY LTD,Petrol/Diesel/CNG/Hybrid,1
2026-01-01,Manipur,TOYOTA KIRLOSKAR MOTOR PVT LTD,Petrol/Diesel/CNG/Hybrid,73
2026-02-01,Manipur,TOYOTA KIRLOSKAR MOTOR PVT LTD,Petrol/Diesel/CNG/Hybrid,47
2026-03-01,Manipur,TOYOTA KIRLOSKAR MOTOR PVT LTD,Petrol/Diesel/CNG/Hybrid,73
2026-04-01,Manipur,TOYOTA KIRLOSKAR MOTOR PVT LTD,Petrol/Diesel/CNG/Hybrid,27
2026-05-01,Manipur,TOYOTA KIRLOSKAR MOTOR PVT LTD,Petrol/Diesel/CNG/Hybrid,36
2026-06-01,Manipur,TOYOTA KIRLOSKAR MOTOR PVT LTD,Petrol/Diesel/CNG/Hybrid,20
2026-01-01,Meghalaya,ATHER ENERGY LTD,Petrol/Diesel/CNG/Hybrid,1
2026-01-01,Meghalaya,AUDI AG,Petrol/Diesel/CNG/Hybrid,1
2026-01-01,Meghalaya,BMW INDIA PVT LTD,Petrol/Diesel/CNG/Hybrid,1
2026-05-01,Meghalaya,BMW INDIA PVT LTD,Petrol/Diesel/CNG/Hybrid,2
2026-06-01,Meghalaya,BMW INDIA PVT LTD,Petrol/Diesel/CNG/Hybrid,1
2026-03-01,Meghalaya,CNH INDUSTRIAL (INDIA) PVT LTD,Petrol/Diesel/CNG/Hybrid,1
2026-04-01,Meghalaya,DOOSAN BOBCAT INDIA PVT LTD,Petrol/Diesel/CNG/Hybrid,2
2026-01-01,Meghalaya,ESCORTS KUBOTA LIMITED (AGRI MACHINERY GROUP),Petrol/Diesel/CNG/Hybrid,1
2026-02-01,Meghalaya,FORCE MOTORS LIMITED,Petrol/Diesel/CNG/Hybrid,1
2026-01-01,Meghalaya,HONDA CARS INDIA LTD,Petrol/Diesel/CNG/Hybrid,2
2026-03-01,Meghalaya,HONDA CARS INDIA LTD,Petrol/Diesel/CNG/Hybrid,1
2026-04-01,Meghalaya,HONDA CARS INDIA LTD,Petrol/Diesel/CNG/Hybrid,2
2026-05-01,Meghalaya,HONDA CARS INDIA LTD,Petrol/Diesel/CNG/Hybrid,1
2026-06-01,Meghalaya,HONDA CARS INDIA LTD,Petrol/Diesel/CNG/Hybrid,1
2026-01-01,Meghalaya,HYUNDAI MOTOR INDIA LTD,Petrol/Diesel/CNG/Hybrid,143
2026-02-01,Meghalaya,HYUNDAI MOTOR INDIA LTD,Petrol/Diesel/CNG/Hybrid,89
2026-03-01,Meghalaya,HYUNDAI MOTOR INDIA LTD,Petrol/Diesel/CNG/Hybrid,83
2026-04-01,Meghalaya,HYUNDAI MOTOR INDIA LTD,Petrol/Diesel/CNG/Hybrid,74
2026-05-01,Meghalaya,HYUNDAI MOTOR INDIA LTD,Petrol/Diesel/CNG/Hybrid,88
2026-06-01,Meghalaya,HYUNDAI MOTOR INDIA LTD,Petrol/Diesel/CNG/Hybrid,54
2026-01-01,Meghalaya,ISUZU MOTORS INDIA PVT LTD,Petrol/Diesel/CNG/Hybrid,2
2026-03-01,Meghalaya,ISUZU MOTORS INDIA PVT LTD,Petrol/Diesel/CNG/Hybrid,2
2026-04-01,Meghalaya,ISUZU MOTORS INDIA PVT LTD,Petrol/Diesel/CNG/Hybrid,1
2026-03-01,Meghalaya,JAGUAR LAND ROVER INDIA LIMITED,Petrol/Diesel/CNG/Hybrid,1
2026-03-01,Meghalaya,JCB INDIA LIMITED,Petrol/Diesel/CNG/Hybrid,1
2026-04-01,Meghalaya,JSW MG MOTOR INDIA PVT LTD,Petrol/Diesel/CNG/Hybrid,1
2026-01-01,Meghalaya,KIA INDIA PRIVATE LIMITED,Petrol/Diesel/CNG/Hybrid,5
2026-02-01,Meghalaya,KIA INDIA PRIVATE LIMITED,Petrol/Diesel/CNG/Hybrid,5
2026-03-01,Meghalaya,KIA INDIA PRIVATE LIMITED,Petrol/Diesel/CNG/Hybrid,8
2026-04-01,Meghalaya,KIA INDIA PRIVATE LIMITED,Petrol/Diesel/CNG/Hybrid,4
2026-05-01,Meghalaya,KIA INDIA PRIVATE LIMITED,Petrol/Diesel/CNG/Hybrid,3
2026-06-01,Meghalaya,KIA INDIA PRIVATE LIMITED,Petrol/Diesel/CNG/Hybrid,4
2026-01-01,Meghalaya,MAHINDRA & MAHINDRA LIMITED,Petrol/Diesel/CNG/Hybrid,240
2026-02-01,Meghalaya,MAHINDRA & MAHINDRA LIMITED,Petrol/Diesel/CNG/Hybrid,213
2026-03-01,Meghalaya,MAHINDRA & MAHINDRA LIMITED,Petrol/Diesel/CNG/Hybrid,162
2026-04-01,Meghalaya,MAHINDRA & MAHINDRA LIMITED,Petrol/Diesel/CNG/Hybrid,171
2026-05-01,Meghalaya,MAHINDRA & MAHINDRA LIMITED,Petrol/Diesel/CNG/Hybrid,169
2026-06-01,Meghalaya,MAHINDRA & MAHINDRA LIMITED,Petrol/Diesel/CNG/Hybrid,101
2026-06-01,Meghalaya,MAHINDRA & MAHINDRA LIMITED (SWARAJ DIVISION),Petrol/Diesel/CNG/Hybrid,1
2026-01-01,Meghalaya,MARUTI SUZUKI INDIA LTD,Petrol/Diesel/CNG/Hybrid,853
2026-02-01,Meghalaya,MARUTI SUZUKI INDIA LTD,Petrol/Diesel/CNG/Hybrid,686
2026-03-01,Meghalaya,MARUTI SUZUKI INDIA LTD,Petrol/Diesel/CNG/Hybrid,672
2026-04-01,Meghalaya,MARUTI SUZUKI INDIA LTD,Petrol/Diesel/CNG/Hybrid,518
2026-05-01,Meghalaya,MARUTI SUZUKI INDIA LTD,Petrol/Diesel/CNG/Hybrid,684
2026-06-01,Meghalaya,MARUTI SUZUKI INDIA LTD,Petrol/Diesel/CNG/Hybrid,390
2026-02-01,Meghalaya,MARUTI UDYOG LTD,Petrol/Diesel/CNG/Hybrid,1
2026-01-01,Meghalaya,MERCEDES-BENZ AG,Petrol/Diesel/CNG/Hybrid,1
2026-01-01,Meghalaya,MERCEDES-BENZ INDIA PVT LTD,Petrol/Diesel/CNG/Hybrid,1
2026-02-01,Meghalaya,MERCEDES-BENZ INDIA PVT LTD,Petrol/Diesel/CNG/Hybrid,1
2026-04-01,Meghalaya,MERCEDES-BENZ INDIA PVT LTD,Petrol/Diesel/CNG/Hybrid,2
2026-05-01,Meghalaya,MERCEDES-BENZ INDIA PVT LTD,Petrol/Diesel/CNG/Hybrid,1
2026-05-01,Meghalaya,NISSAN MOTOR INDIA PVT LTD,Petrol/Diesel/CNG/Hybrid,1
2026-06-01,Meghalaya,NISSAN MOTOR INDIA PVT LTD,Petrol/Diesel/CNG/Hybrid,1
2026-02-01,Meghalaya,RANGE AUTOMOBILES PVT LTD,Petrol/Diesel/CNG/Hybrid,1
2026-01-01,Meghalaya,RENAULT INDIA PVT LTD,Petrol/Diesel/CNG/Hybrid,2
2026-02-01,Meghalaya,RENAULT INDIA PVT LTD,Petrol/Diesel/CNG/Hybrid,1
2026-03-01,Meghalaya,RENAULT INDIA PVT LTD,Petrol/Diesel/CNG/Hybrid,2
2026-04-01,Meghalaya,RENAULT INDIA PVT LTD,Petrol/Diesel/CNG/Hybrid,1
2026-05-01,Meghalaya,RENAULT INDIA PVT LTD,Petrol/Diesel/CNG/Hybrid,7
2026-06-01,Meghalaya,RENAULT INDIA PVT LTD,Petrol/Diesel/CNG/Hybrid,3
2026-01-01,Meghalaya,SKODA AUTO VOLKSWAGEN INDIA PVT LTD,Petrol/Diesel/CNG/Hybrid,4
2026-02-01,Meghalaya,SKODA AUTO VOLKSWAGEN INDIA PVT LTD,Petrol/Diesel/CNG/Hybrid,8
2026-03-01,Meghalaya,SKODA AUTO VOLKSWAGEN INDIA PVT LTD,Petrol/Diesel/CNG/Hybrid,13
2026-04-01,Meghalaya,SKODA AUTO VOLKSWAGEN INDIA PVT LTD,Petrol/Diesel/CNG/Hybrid,13
2026-05-01,Meghalaya,SKODA AUTO VOLKSWAGEN INDIA PVT LTD,Petrol/Diesel/CNG/Hybrid,10
2026-06-01,Meghalaya,SKODA AUTO VOLKSWAGEN INDIA PVT LTD,Petrol/Diesel/CNG/Hybrid,5
2026-02-01,Meghalaya,STELLANTIS INDIA PVT LTD,Petrol/Diesel/CNG/Hybrid,1
2026-03-01,Meghalaya,STELLANTIS INDIA PVT LTD,Petrol/Diesel/CNG/Hybrid,1
2026-04-01,Meghalaya,STELLANTIS INDIA PVT LTD,Petrol/Diesel/CNG/Hybrid,1
2026-06-01,Meghalaya,SUZUKI MOTORCYCLE INDIA PVT LTD,Petrol/Diesel/CNG/Hybrid,2
2026-01-01,Meghalaya,TATA MOTORS LTD,Petrol/Diesel/CNG/Hybrid,1
2026-02-01,Meghalaya,TATA MOTORS LTD,Petrol/Diesel/CNG/Hybrid,1
2026-03-01,Meghalaya,TATA MOTORS LTD,Petrol/Diesel/CNG/Hybrid,3
2026-04-01,Meghalaya,TATA MOTORS LTD,Petrol/Diesel/CNG/Hybrid,2
2026-05-01,Meghalaya,TATA MOTORS LTD,Petrol/Diesel/CNG/Hybrid,8
2026-01-01,Meghalaya,TATA MOTORS PASSENGER VEHICLES LTD,Petrol/Diesel/CNG/Hybrid,51
2026-02-01,Meghalaya,TATA MOTORS PASSENGER VEHICLES LTD,Petrol/Diesel/CNG/Hybrid,50
2026-03-01,Meghalaya,TATA MOTORS PASSENGER VEHICLES LTD,Petrol/Diesel/CNG/Hybrid,52
2026-04-01,Meghalaya,TATA MOTORS PASSENGER VEHICLES LTD,Petrol/Diesel/CNG/Hybrid,37
2026-05-01,Meghalaya,TATA MOTORS PASSENGER VEHICLES LTD,Petrol/Diesel/CNG/Hybrid,39
2026-06-01,Meghalaya,TATA MOTORS PASSENGER VEHICLES LTD,Petrol/Diesel/CNG/Hybrid,24
2026-01-01,Meghalaya,TOYOTA KIRLOSKAR MOTOR PVT LTD,Petrol/Diesel/CNG/Hybrid,36
2026-02-01,Meghalaya,TOYOTA KIRLOSKAR MOTOR PVT LTD,Petrol/Diesel/CNG/Hybrid,26
2026-03-01,Meghalaya,TOYOTA KIRLOSKAR MOTOR PVT LTD,Petrol/Diesel/CNG/Hybrid,14
2026-04-01,Meghalaya,TOYOTA KIRLOSKAR MOTOR PVT LTD,Petrol/Diesel/CNG/Hybrid,16
2026-05-01,Meghalaya,TOYOTA KIRLOSKAR MOTOR PVT LTD,Petrol/Diesel/CNG/Hybrid,18
2026-06-01,Meghalaya,TOYOTA KIRLOSKAR MOTOR PVT LTD,Petrol/Diesel/CNG/Hybrid,10
2026-01-01,Meghalaya,V.S.T. TILLERS TRACTORS LIMITED,Petrol/Diesel/CNG/Hybrid,1
2026-02-01,Meghalaya,V.S.T. TILLERS TRACTORS LIMITED,Petrol/Diesel/CNG/Hybrid,4
2026-03-01,Meghalaya,V.S.T. TILLERS TRACTORS LIMITED,Petrol/Diesel/CNG/Hybrid,3
2026-04-01,Meghalaya,V.S.T. TILLERS TRACTORS LIMITED,Petrol/Diesel/CNG/Hybrid,1
2026-01-01,Meghalaya,VST ZETOR PVT LTD,Petrol/Diesel/CNG/Hybrid,1
2026-02-01,Meghalaya,VST ZETOR PVT LTD,Petrol/Diesel/CNG/Hybrid,3
2026-05-01,Meghalaya,VST ZETOR PVT LTD,Petrol/Diesel/CNG/Hybrid,1
2026-06-01,Meghalaya,VST ZETOR PVT LTD,Petrol/Diesel/CNG/Hybrid,1
2026-02-01,Mizoram,BMW INDIA PVT LTD,Petrol/Diesel/CNG/Hybrid,1
2026-06-01,Mizoram,CNH INDUSTRIAL (INDIA) PVT LTD,Petrol/Diesel/CNG/Hybrid,1
2026-01-01,Mizoram,FORCE MOTORS LIMITED,Petrol/Diesel/CNG/Hybrid,1
2026-03-01,Mizoram,FORCE MOTORS LIMITED,Petrol/Diesel/CNG/Hybrid,1
2026-04-01,Mizoram,FORCE MOTORS LIMITED,Petrol/Diesel/CNG/Hybrid,3
2026-01-01,Mizoram,HONDA CARS INDIA LTD,Petrol/Diesel/CNG/Hybrid,1
2026-03-01,Mizoram,HONDA CARS INDIA LTD,Petrol/Diesel/CNG/Hybrid,1
2026-01-01,Mizoram,HYUNDAI MOTOR INDIA LTD,Petrol/Diesel/CNG/Hybrid,47
2026-02-01,Mizoram,HYUNDAI MOTOR INDIA LTD,Petrol/Diesel/CNG/Hybrid,28
2026-03-01,Mizoram,HYUNDAI MOTOR INDIA LTD,Petrol/Diesel/CNG/Hybrid,34
2026-04-01,Mizoram,HYUNDAI MOTOR INDIA LTD,Petrol/Diesel/CNG/Hybrid,35
2026-05-01,Mizoram,HYUNDAI MOTOR INDIA LTD,Petrol/Diesel/CNG/Hybrid,41
2026-06-01,Mizoram,HYUNDAI MOTOR INDIA LTD,Petrol/Diesel/CNG/Hybrid,26
2026-05-01,Mizoram,ISUZU MOTORS INDIA PVT LTD,Petrol/Diesel/CNG/Hybrid,1
2026-06-01,Mizoram,ISUZU MOTORS INDIA PVT LTD,Petrol/Diesel/CNG/Hybrid,1
2026-01-01,Mizoram,KIA INDIA PRIVATE LIMITED,Petrol/Diesel/CNG/Hybrid,17
2026-02-01,Mizoram,KIA INDIA PRIVATE LIMITED,Petrol/Diesel/CNG/Hybrid,4
2026-03-01,Mizoram,KIA INDIA PRIVATE LIMITED,Petrol/Diesel/CNG/Hybrid,4
2026-04-01,Mizoram,KIA INDIA PRIVATE LIMITED,Petrol/Diesel/CNG/Hybrid,6
2026-05-01,Mizoram,KIA INDIA PRIVATE LIMITED,Petrol/Diesel/CNG/Hybrid,11
2026-06-01,Mizoram,KIA INDIA PRIVATE LIMITED,Petrol/Diesel/CNG/Hybrid,5
2026-01-01,Mizoram,MAHINDRA & MAHINDRA LIMITED,Petrol/Diesel/CNG/Hybrid,97
2026-02-01,Mizoram,MAHINDRA & MAHINDRA LIMITED,Petrol/Diesel/CNG/Hybrid,72
2026-03-01,Mizoram,MAHINDRA & MAHINDRA LIMITED,Petrol/Diesel/CNG/Hybrid,112
2026-04-01,Mizoram,MAHINDRA & MAHINDRA LIMITED,Petrol/Diesel/CNG/Hybrid,80
2026-05-01,Mizoram,MAHINDRA & MAHINDRA LIMITED,Petrol/Diesel/CNG/Hybrid,157
2026-06-01,Mizoram,MAHINDRA & MAHINDRA LIMITED,Petrol/Diesel/CNG/Hybrid,40
2026-04-01,Mizoram,MAHINDRA & MAHINDRA LIMITED (TRACTOR),Petrol/Diesel/CNG/Hybrid,1
2026-05-01,Mizoram,MAHINDRA & MAHINDRA LIMITED (TRACTOR),Petrol/Diesel/CNG/Hybrid,1
2026-01-01,Mizoram,MARUTI SUZUKI INDIA LTD,Petrol/Diesel/CNG/Hybrid,220
2026-02-01,Mizoram,MARUTI SUZUKI INDIA LTD,Petrol/Diesel/CNG/Hybrid,149
2026-03-01,Mizoram,MARUTI SUZUKI INDIA LTD,Petrol/Diesel/CNG/Hybrid,185
2026-04-01,Mizoram,MARUTI SUZUKI INDIA LTD,Petrol/Diesel/CNG/Hybrid,157
2026-05-01,Mizoram,MARUTI SUZUKI INDIA LTD,Petrol/Diesel/CNG/Hybrid,191
2026-06-01,Mizoram,MARUTI SUZUKI INDIA LTD,Petrol/Diesel/CNG/Hybrid,80
2026-03-01,Mizoram,MARUTI UDYOG LTD,Petrol/Diesel/CNG/Hybrid,1
2026-04-01,Mizoram,MARUTI UDYOG LTD,Petrol/Diesel/CNG/Hybrid,1
2026-02-01,Mizoram,NISSAN MOTOR INDIA PVT LTD,Petrol/Diesel/CNG/Hybrid,1
2026-03-01,Mizoram,NISSAN MOTOR INDIA PVT LTD,Petrol/Diesel/CNG/Hybrid,1
2026-05-01,Mizoram,RENAULT INDIA PVT LTD,Petrol/Diesel/CNG/Hybrid,1
2026-06-01,Mizoram,RENAULT INDIA PVT LTD,Petrol/Diesel/CNG/Hybrid,1
2026-01-01,Mizoram,TATA MOTORS LTD,Petrol/Diesel/CNG/Hybrid,2
2026-01-01,Mizoram,TATA MOTORS PASSENGER VEHICLES LTD,Petrol/Diesel/CNG/Hybrid,32
2026-02-01,Mizoram,TATA MOTORS PASSENGER VEHICLES LTD,Petrol/Diesel/CNG/Hybrid,23
2026-03-01,Mizoram,TATA MOTORS PASSENGER VEHICLES LTD,Petrol/Diesel/CNG/Hybrid,49
2026-04-01,Mizoram,TATA MOTORS PASSENGER VEHICLES LTD,Petrol/Diesel/CNG/Hybrid,24
2026-05-01,Mizoram,TATA MOTORS PASSENGER VEHICLES LTD,Petrol/Diesel/CNG/Hybrid,35
2026-06-01,Mizoram,TATA MOTORS PASSENGER VEHICLES LTD,Petrol/Diesel/CNG/Hybrid,27
2026-01-01,Mizoram,TOYOTA KIRLOSKAR MOTOR PVT LTD,Petrol/Diesel/CNG/Hybrid,16
2026-02-01,Mizoram,TOYOTA KIRLOSKAR MOTOR PVT LTD,Petrol/Diesel/CNG/Hybrid,9
2026-03-01,Mizoram,TOYOTA KIRLOSKAR MOTOR PVT LTD,Petrol/Diesel/CNG/Hybrid,7
2026-04-01,Mizoram,TOYOTA KIRLOSKAR MOTOR PVT LTD,Petrol/Diesel/CNG/Hybrid,9
2026-05-01,Mizoram,TOYOTA KIRLOSKAR MOTOR PVT LTD,Petrol/Diesel/CNG/Hybrid,14
2026-06-01,Mizoram,TOYOTA KIRLOSKAR MOTOR PVT LTD,Petrol/Diesel/CNG/Hybrid,5
2026-01-01,Nagaland,BMW INDIA PVT LTD,Petrol/Diesel/CNG/Hybrid,2
2026-02-01,Nagaland,HINDUSTAN MOTORS LTD,Petrol/Diesel/CNG/Hybrid,1
2026-01-01,Nagaland,HONDA CARS INDIA LTD,Petrol/Diesel/CNG/Hybrid,3
2026-02-01,Nagaland,HONDA CARS INDIA LTD,Petrol/Diesel/CNG/Hybrid,7
2026-03-01,Nagaland,HONDA CARS INDIA LTD,Petrol/Diesel/CNG/Hybrid,3
2026-04-01,Nagaland,HONDA CARS INDIA LTD,Petrol/Diesel/CNG/Hybrid,2
2026-05-01,Nagaland,HONDA CARS INDIA LTD,Petrol/Diesel/CNG/Hybrid,1
2026-06-01,Nagaland,HONDA CARS INDIA LTD,Petrol/Diesel/CNG/Hybrid,2
2026-01-01,Nagaland,HYUNDAI MOTOR INDIA LTD,Petrol/Diesel/CNG/Hybrid,72
2026-02-01,Nagaland,HYUNDAI MOTOR INDIA LTD,Petrol/Diesel/CNG/Hybrid,61
2026-03-01,Nagaland,HYUNDAI MOTOR INDIA LTD,Petrol/Diesel/CNG/Hybrid,48
2026-04-01,Nagaland,HYUNDAI MOTOR INDIA LTD,Petrol/Diesel/CNG/Hybrid,42
2026-05-01,Nagaland,HYUNDAI MOTOR INDIA LTD,Petrol/Diesel/CNG/Hybrid,44
2026-06-01,Nagaland,HYUNDAI MOTOR INDIA LTD,Petrol/Diesel/CNG/Hybrid,27
2026-01-01,Nagaland,ISUZU MOTORS INDIA PVT LTD,Petrol/Diesel/CNG/Hybrid,1
2026-05-01,Nagaland,JAGUAR LAND ROVER INDIA LIMITED,Petrol/Diesel/CNG/Hybrid,1
2026-03-01,Nagaland,JOHN DEERE INDIA PVT LTD(TRACTOR DEVISION),Petrol/Diesel/CNG/Hybrid,2
2026-02-01,Nagaland,JSW MG MOTOR INDIA PVT LTD,Petrol/Diesel/CNG/Hybrid,1
2026-01-01,Nagaland,KIA INDIA PRIVATE LIMITED,Petrol/Diesel/CNG/Hybrid,9
2026-02-01,Nagaland,KIA INDIA PRIVATE LIMITED,Petrol/Diesel/CNG/Hybrid,20
2026-03-01,Nagaland,KIA INDIA PRIVATE LIMITED,Petrol/Diesel/CNG/Hybrid,27
2026-04-01,Nagaland,KIA INDIA PRIVATE LIMITED,Petrol/Diesel/CNG/Hybrid,20
2026-05-01,Nagaland,KIA INDIA PRIVATE LIMITED,Petrol/Diesel/CNG/Hybrid,14
2026-06-01,Nagaland,KIA INDIA PRIVATE LIMITED,Petrol/Diesel/CNG/Hybrid,20
2026-01-01,Nagaland,MAHINDRA & MAHINDRA LIMITED,Petrol/Diesel/CNG/Hybrid,191
2026-02-01,Nagaland,MAHINDRA & MAHINDRA LIMITED,Petrol/Diesel/CNG/Hybrid,189
2026-03-01,Nagaland,MAHINDRA & MAHINDRA LIMITED,Petrol/Diesel/CNG/Hybrid,170
2026-04-01,Nagaland,MAHINDRA & MAHINDRA LIMITED,Petrol/Diesel/CNG/Hybrid,163
2026-05-01,Nagaland,MAHINDRA & MAHINDRA LIMITED,Petrol/Diesel/CNG/Hybrid,123
2026-06-01,Nagaland,MAHINDRA & MAHINDRA LIMITED,Petrol/Diesel/CNG/Hybrid,74
2026-03-01,Nagaland,MAHINDRA & MAHINDRA LIMITED (TRACTOR),Petrol/Diesel/CNG/Hybrid,1
2026-03-01,Nagaland,MARUTI INDUSTRIES,Petrol/Diesel/CNG/Hybrid,1
2026-05-01,Nagaland,MARUTI INDUSTRIES,Petrol/Diesel/CNG/Hybrid,2
2026-06-01,Nagaland,MARUTI INDUSTRIES,Petrol/Diesel/CNG/Hybrid,3
2026-01-01,Nagaland,MARUTI SUZUKI INDIA LTD,Petrol/Diesel/CNG/Hybrid,505
2026-02-01,Nagaland,MARUTI SUZUKI INDIA LTD,Petrol/Diesel/CNG/Hybrid,359
2026-03-01,Nagaland,MARUTI SUZUKI INDIA LTD,Petrol/Diesel/CNG/Hybrid,374
2026-04-01,Nagaland,MARUTI SUZUKI INDIA LTD,Petrol/Diesel/CNG/Hybrid,376
2026-05-01,Nagaland,MARUTI SUZUKI INDIA LTD,Petrol/Diesel/CNG/Hybrid,463
2026-06-01,Nagaland,MARUTI SUZUKI INDIA LTD,Petrol/Diesel/CNG/Hybrid,284
2026-01-01,Nagaland,MARUTI UDYOG LTD,Petrol/Diesel/CNG/Hybrid,1
2026-02-01,Nagaland,MERCEDES-BENZ INDIA PVT LTD,Petrol/Diesel/CNG/Hybrid,2
2026-05-01,Nagaland,MITSUBISHI MOTORS CORPORATION,Petrol/Diesel/CNG/Hybrid,1
2026-06-01,Nagaland,MITSUBISHI MOTORS CORPORATION,Petrol/Diesel/CNG/Hybrid,1
2026-01-01,Nagaland,NISSAN MOTOR INDIA PVT LTD,Petrol/Diesel/CNG/Hybrid,7
2026-02-01,Nagaland,NISSAN MOTOR INDIA PVT LTD,Petrol/Diesel/CNG/Hybrid,10
2026-03-01,Nagaland,NISSAN MOTOR INDIA PVT LTD,Petrol/Diesel/CNG/Hybrid,15
2026-04-01,Nagaland,NISSAN MOTOR INDIA PVT LTD,Petrol/Diesel/CNG/Hybrid,11
2026-05-01,Nagaland,NISSAN MOTOR INDIA PVT LTD,Petrol/Diesel/CNG/Hybrid,11
2026-06-01,Nagaland,NISSAN MOTOR INDIA PVT LTD,Petrol/Diesel/CNG/Hybrid,7
2026-01-01,Nagaland,RENAULT INDIA PVT LTD,Petrol/Diesel/CNG/Hybrid,1
2026-06-01,Nagaland,RENAULT INDIA PVT LTD,Petrol/Diesel/CNG/Hybrid,2
2026-01-01,Nagaland,SKODA AUTO VOLKSWAGEN INDIA PVT LTD,Petrol/Diesel/CNG/Hybrid,16
2026-02-01,Nagaland,SKODA AUTO VOLKSWAGEN INDIA PVT LTD,Petrol/Diesel/CNG/Hybrid,11
2026-03-01,Nagaland,SKODA AUTO VOLKSWAGEN INDIA PVT LTD,Petrol/Diesel/CNG/Hybrid,10
2026-04-01,Nagaland,SKODA AUTO VOLKSWAGEN INDIA PVT LTD,Petrol/Diesel/CNG/Hybrid,8
2026-05-01,Nagaland,SKODA AUTO VOLKSWAGEN INDIA PVT LTD,Petrol/Diesel/CNG/Hybrid,11
2026-06-01,Nagaland,SKODA AUTO VOLKSWAGEN INDIA PVT LTD,Petrol/Diesel/CNG/Hybrid,4
2026-01-01,Nagaland,STELLANTIS INDIA PVT LTD,Petrol/Diesel/CNG/Hybrid,1
2026-02-01,Nagaland,STELLANTIS INDIA PVT LTD,Petrol/Diesel/CNG/Hybrid,1
2026-05-01,Nagaland,STELLANTIS INDIA PVT LTD,Petrol/Diesel/CNG/Hybrid,1
2026-04-01,Nagaland,TATA MOTORS LTD,Petrol/Diesel/CNG/Hybrid,2
2026-01-01,Nagaland,TATA MOTORS PASSENGER VEHICLES LTD,Petrol/Diesel/CNG/Hybrid,38
2026-02-01,Nagaland,TATA MOTORS PASSENGER VEHICLES LTD,Petrol/Diesel/CNG/Hybrid,40
2026-03-01,Nagaland,TATA MOTORS PASSENGER VEHICLES LTD,Petrol/Diesel/CNG/Hybrid,54
2026-04-01,Nagaland,TATA MOTORS PASSENGER VEHICLES LTD,Petrol/Diesel/CNG/Hybrid,31
2026-05-01,Nagaland,TATA MOTORS PASSENGER VEHICLES LTD,Petrol/Diesel/CNG/Hybrid,33
2026-06-01,Nagaland,TATA MOTORS PASSENGER VEHICLES LTD,Petrol/Diesel/CNG/Hybrid,22
2026-01-01,Nagaland,TOYOTA KIRLOSKAR MOTOR PVT LTD,Petrol/Diesel/CNG/Hybrid,86
2026-02-01,Nagaland,TOYOTA KIRLOSKAR MOTOR PVT LTD,Petrol/Diesel/CNG/Hybrid,62
2026-03-01,Nagaland,TOYOTA KIRLOSKAR MOTOR PVT LTD,Petrol/Diesel/CNG/Hybrid,65
2026-04-01,Nagaland,TOYOTA KIRLOSKAR MOTOR PVT LTD,Petrol/Diesel/CNG/Hybrid,52
2026-05-01,Nagaland,TOYOTA KIRLOSKAR MOTOR PVT LTD,Petrol/Diesel/CNG/Hybrid,66
2026-06-01,Nagaland,TOYOTA KIRLOSKAR MOTOR PVT LTD,Petrol/Diesel/CNG/Hybrid,35
2026-03-01,Odisha,ACTION CONSTRUCTION EQUIPMENT LTD,Petrol/Diesel/CNG/Hybrid,2
2026-05-01,Odisha,ACTION CONSTRUCTION EQUIPMENT LTD,Petrol/Diesel/CNG/Hybrid,1
2026-06-01,Odisha,ACTION CONSTRUCTION EQUIPMENT LTD,Petrol/Diesel/CNG/Hybrid,1
2026-02-01,Odisha,ASHOK LEYLAND LTD,Petrol/Diesel/CNG/Hybrid,1
2026-03-01,Odisha,AUTOMOBILI LAMBORGHINI S.P.A,Petrol/Diesel/CNG/Hybrid,1
2026-01-01,Odisha,BMW INDIA PVT LTD,Petrol/Diesel/CNG/Hybrid,13
2026-02-01,Odisha,BMW INDIA PVT LTD,Petrol/Diesel/CNG/Hybrid,10
2026-03-01,Odisha,BMW INDIA PVT LTD,Petrol/Diesel/CNG/Hybrid,17
2026-04-01,Odisha,BMW INDIA PVT LTD,Petrol/Diesel/CNG/Hybrid,16
2026-05-01,Odisha,BMW INDIA PVT LTD,Petrol/Diesel/CNG/Hybrid,15
2026-06-01,Odisha,BMW INDIA PVT LTD,Petrol/Diesel/CNG/Hybrid,10
2026-01-01,Odisha,BYD INDIA PRIVATE LIMITED,Petrol/Diesel/CNG/Hybrid,1
2026-04-01,Odisha,BYD INDIA PRIVATE LIMITED,Petrol/Diesel/CNG/Hybrid,1
2026-01-01,Odisha,CNH INDUSTRIAL (INDIA) PVT LTD,Petrol/Diesel/CNG/Hybrid,59
2026-02-01,Odisha,CNH INDUSTRIAL (INDIA) PVT LTD,Petrol/Diesel/CNG/Hybrid,72
2026-03-01,Odisha,CNH INDUSTRIAL (INDIA) PVT LTD,Petrol/Diesel/CNG/Hybrid,62
2026-04-01,Odisha,CNH INDUSTRIAL (INDIA) PVT LTD,Petrol/Diesel/CNG/Hybrid,36
2026-05-01,Odisha,CNH INDUSTRIAL (INDIA) PVT LTD,Petrol/Diesel/CNG/Hybrid,106
2026-06-01,Odisha,CNH INDUSTRIAL (INDIA) PVT LTD,Petrol/Diesel/CNG/Hybrid,47
2026-01-01,Odisha,DOOSAN BOBCAT INDIA PVT LTD,Petrol/Diesel/CNG/Hybrid,2
2026-03-01,Odisha,DOOSAN BOBCAT INDIA PVT LTD,Petrol/Diesel/CNG/Hybrid,1
2026-06-01,Odisha,DOOSAN BOBCAT INDIA PVT LTD,Petrol/Diesel/CNG/Hybrid,1
2026-01-01,Odisha,EICHER TRACTORS,Petrol/Diesel/CNG/Hybrid,97
2026-02-01,Odisha,EICHER TRACTORS,Petrol/Diesel/CNG/Hybrid,95
2026-03-01,Odisha,EICHER TRACTORS,Petrol/Diesel/CNG/Hybrid,96
2026-04-01,Odisha,EICHER TRACTORS,Petrol/Diesel/CNG/Hybrid,52
2026-05-01,Odisha,EICHER TRACTORS,Petrol/Diesel/CNG/Hybrid,161
2026-06-01,Odisha,EICHER TRACTORS,Petrol/Diesel/CNG/Hybrid,85
2026-01-01,Odisha,ESCORTS KUBOTA LIMITED (AGRI MACHINERY GROUP),Petrol/Diesel/CNG/Hybrid,105
2026-02-01,Odisha,ESCORTS KUBOTA LIMITED (AGRI MACHINERY GROUP),Petrol/Diesel/CNG/Hybrid,66
2026-03-01,Odisha,ESCORTS KUBOTA LIMITED (AGRI MACHINERY GROUP),Petrol/Diesel/CNG/Hybrid,77
2026-04-01,Odisha,ESCORTS KUBOTA LIMITED (AGRI MACHINERY GROUP),Petrol/Diesel/CNG/Hybrid,46
2026-05-01,Odisha,ESCORTS KUBOTA LIMITED (AGRI MACHINERY GROUP),Petrol/Diesel/CNG/Hybrid,123
2026-06-01,Odisha,ESCORTS KUBOTA LIMITED (AGRI MACHINERY GROUP),Petrol/Diesel/CNG/Hybrid,60
2026-02-01,Odisha,FORCE MOTORS LIMITED,Petrol/Diesel/CNG/Hybrid,3
2026-04-01,Odisha,FORCE MOTORS LIMITED,Petrol/Diesel/CNG/Hybrid,1
2026-05-01,Odisha,FORCE MOTORS LIMITED,Petrol/Diesel/CNG/Hybrid,2
2026-06-01,Odisha,FORCE MOTORS LIMITED,Petrol/Diesel/CNG/Hybrid,2
2026-01-01,Odisha,GROMAX AGRI EQUIPMENT LTD,Petrol/Diesel/CNG/Hybrid,11
2026-02-01,Odisha,GROMAX AGRI EQUIPMENT LTD,Petrol/Diesel/CNG/Hybrid,7
2026-03-01,Odisha,GROMAX AGRI EQUIPMENT LTD,Petrol/Diesel/CNG/Hybrid,4
2026-04-01,Odisha,GROMAX AGRI EQUIPMENT LTD,Petrol/Diesel/CNG/Hybrid,6
2026-05-01,Odisha,GROMAX AGRI EQUIPMENT LTD,Petrol/Diesel/CNG/Hybrid,5
2026-06-01,Odisha,GROMAX AGRI EQUIPMENT LTD,Petrol/Diesel/CNG/Hybrid,3
2026-01-01,Odisha,HONDA CARS INDIA LTD,Petrol/Diesel/CNG/Hybrid,119
2026-02-01,Odisha,HONDA CARS INDIA LTD,Petrol/Diesel/CNG/Hybrid,98
2026-03-01,Odisha,HONDA CARS INDIA LTD,Petrol/Diesel/CNG/Hybrid,131
2026-04-01,Odisha,HONDA CARS INDIA LTD,Petrol/Diesel/CNG/Hybrid,120
2026-05-01,Odisha,HONDA CARS INDIA LTD,Petrol/Diesel/CNG/Hybrid,78
2026-06-01,Odisha,HONDA CARS INDIA LTD,Petrol/Diesel/CNG/Hybrid,47
2026-01-01,Odisha,HYUNDAI MOTOR INDIA LTD,Petrol/Diesel/CNG/Hybrid,1155
2026-02-01,Odisha,HYUNDAI MOTOR INDIA LTD,Petrol/Diesel/CNG/Hybrid,882
2026-03-01,Odisha,HYUNDAI MOTOR INDIA LTD,Petrol/Diesel/CNG/Hybrid,978
2026-04-01,Odisha,HYUNDAI MOTOR INDIA LTD,Petrol/Diesel/CNG/Hybrid,1065
2026-05-01,Odisha,HYUNDAI MOTOR INDIA LTD,Petrol/Diesel/CNG/Hybrid,968
2026-06-01,Odisha,HYUNDAI MOTOR INDIA LTD,Petrol/Diesel/CNG/Hybrid,376
2026-01-01,Odisha,INDO FARM EQUIPMENT LIMITED,Petrol/Diesel/CNG/Hybrid,1
2026-03-01,Odisha,INDO FARM EQUIPMENT LIMITED,Petrol/Diesel/CNG/Hybrid,4
2026-04-01,Odisha,INDO FARM EQUIPMENT LIMITED,Petrol/Diesel/CNG/Hybrid,4
2026-05-01,Odisha,INDO FARM EQUIPMENT LIMITED,Petrol/Diesel/CNG/Hybrid,3
2026-06-01,Odisha,INDO FARM EQUIPMENT LIMITED,Petrol/Diesel/CNG/Hybrid,1
2026-01-01,Odisha,INTERNATIONAL TRACTORS LIMITED,Petrol/Diesel/CNG/Hybrid,271
2026-02-01,Odisha,INTERNATIONAL TRACTORS LIMITED,Petrol/Diesel/CNG/Hybrid,265
2026-03-01,Odisha,INTERNATIONAL TRACTORS LIMITED,Petrol/Diesel/CNG/Hybrid,291
2026-04-01,Odisha,INTERNATIONAL TRACTORS LIMITED,Petrol/Diesel/CNG/Hybrid,259
2026-05-01,Odisha,INTERNATIONAL TRACTORS LIMITED,Petrol/Diesel/CNG/Hybrid,492
2026-06-01,Odisha,INTERNATIONAL TRACTORS LIMITED,Petrol/Diesel/CNG/Hybrid,335
2026-01-01,Odisha,JAGUAR LAND ROVER INDIA LIMITED,Petrol/Diesel/CNG/Hybrid,7
2026-02-01,Odisha,JAGUAR LAND ROVER INDIA LIMITED,Petrol/Diesel/CNG/Hybrid,10
2026-03-01,Odisha,JAGUAR LAND ROVER INDIA LIMITED,Petrol/Diesel/CNG/Hybrid,10
2026-04-01,Odisha,JAGUAR LAND ROVER INDIA LIMITED,Petrol/Diesel/CNG/Hybrid,7
2026-05-01,Odisha,JAGUAR LAND ROVER INDIA LIMITED,Petrol/Diesel/CNG/Hybrid,5
2026-06-01,Odisha,JAGUAR LAND ROVER INDIA LIMITED,Petrol/Diesel/CNG/Hybrid,12
2026-04-01,Odisha,JCB INDIA LIMITED,Petrol/Diesel/CNG/Hybrid,1
2026-05-01,Odisha,JCB INDIA LIMITED,Petrol/Diesel/CNG/Hybrid,2
2026-01-01,Odisha,JOHN DEERE INDIA PVT LTD(TRACTOR DEVISION),Petrol/Diesel/CNG/Hybrid,252
2026-02-01,Odisha,JOHN DEERE INDIA PVT LTD(TRACTOR DEVISION),Petrol/Diesel/CNG/Hybrid,256
2026-03-01,Odisha,JOHN DEERE INDIA PVT LTD(TRACTOR DEVISION),Petrol/Diesel/CNG/Hybrid,151
2026-04-01,Odisha,JOHN DEERE INDIA PVT LTD(TRACTOR DEVISION),Petrol/Diesel/CNG/Hybrid,169
2026-05-01,Odisha,JOHN DEERE INDIA PVT LTD(TRACTOR DEVISION),Petrol/Diesel/CNG/Hybrid,405
2026-06-01,Odisha,JOHN DEERE INDIA PVT LTD(TRACTOR DEVISION),Petrol/Diesel/CNG/Hybrid,191
2026-01-01,Odisha,JSW MG MOTOR INDIA PVT LTD,Petrol/Diesel/CNG/Hybrid,17
2026-02-01,Odisha,JSW MG MOTOR INDIA PVT LTD,Petrol/Diesel/CNG/Hybrid,29
2026-03-01,Odisha,JSW MG MOTOR INDIA PVT LTD,Petrol/Diesel/CNG/Hybrid,18
2026-04-01,Odisha,JSW MG MOTOR INDIA PVT LTD,Petrol/Diesel/CNG/Hybrid,20
2026-05-01,Odisha,JSW MG MOTOR INDIA PVT LTD,Petrol/Diesel/CNG/Hybrid,17
2026-06-01,Odisha,JSW MG MOTOR INDIA PVT LTD,Petrol/Diesel/CNG/Hybrid,11
2026-01-01,Odisha,KIA INDIA PRIVATE LIMITED,Petrol/Diesel/CNG/Hybrid,555
2026-02-01,Odisha,KIA INDIA PRIVATE LIMITED,Petrol/Diesel/CNG/Hybrid,537
2026-03-01,Odisha,KIA INDIA PRIVATE LIMITED,Petrol/Diesel/CNG/Hybrid,574
2026-04-01,Odisha,KIA INDIA PRIVATE LIMITED,Petrol/Diesel/CNG/Hybrid,533
2026-05-01,Odisha,KIA INDIA PRIVATE LIMITED,Petrol/Diesel/CNG/Hybrid,489
2026-06-01,Odisha,KIA INDIA PRIVATE LIMITED,Petrol/Diesel/CNG/Hybrid,279
2026-01-01,Odisha,KUBOTA AGRICULTURAL MACHINERY INDIA PVT.LTD,Petrol/Diesel/CNG/Hybrid,3
2026-02-01,Odisha,KUBOTA AGRICULTURAL MACHINERY INDIA PVT.LTD,Petrol/Diesel/CNG/Hybrid,5
2026-03-01,Odisha,KUBOTA AGRICULTURAL MACHINERY INDIA PVT.LTD,Petrol/Diesel/CNG/Hybrid,8
2026-04-01,Odisha,KUBOTA AGRICULTURAL MACHINERY INDIA PVT.LTD,Petrol/Diesel/CNG/Hybrid,4
2026-05-01,Odisha,KUBOTA AGRICULTURAL MACHINERY INDIA PVT.LTD,Petrol/Diesel/CNG/Hybrid,4
2026-01-01,Odisha,MAHINDRA & MAHINDRA LIMITED,Petrol/Diesel/CNG/Hybrid,1043
2026-02-01,Odisha,MAHINDRA & MAHINDRA LIMITED,Petrol/Diesel/CNG/Hybrid,994
2026-03-01,Odisha,MAHINDRA & MAHINDRA LIMITED,Petrol/Diesel/CNG/Hybrid,1007
2026-04-01,Odisha,MAHINDRA & MAHINDRA LIMITED,Petrol/Diesel/CNG/Hybrid,976
2026-05-01,Odisha,MAHINDRA & MAHINDRA LIMITED,Petrol/Diesel/CNG/Hybrid,870
2026-06-01,Odisha,MAHINDRA & MAHINDRA LIMITED,Petrol/Diesel/CNG/Hybrid,403
2026-01-01,Odisha,MAHINDRA & MAHINDRA LIMITED (SWARAJ DIVISION),Petrol/Diesel/CNG/Hybrid,279
2026-02-01,Odisha,MAHINDRA & MAHINDRA LIMITED (SWARAJ DIVISION),Petrol/Diesel/CNG/Hybrid,258
2026-03-01,Odisha,MAHINDRA & MAHINDRA LIMITED (SWARAJ DIVISION),Petrol/Diesel/CNG/Hybrid,273
2026-04-01,Odisha,MAHINDRA & MAHINDRA LIMITED (SWARAJ DIVISION),Petrol/Diesel/CNG/Hybrid,175
2026-05-01,Odisha,MAHINDRA & MAHINDRA LIMITED (SWARAJ DIVISION),Petrol/Diesel/CNG/Hybrid,533
2026-06-01,Odisha,MAHINDRA & MAHINDRA LIMITED (SWARAJ DIVISION),Petrol/Diesel/CNG/Hybrid,217
2026-01-01,Odisha,MAHINDRA & MAHINDRA LIMITED (TRACTOR),Petrol/Diesel/CNG/Hybrid,442
2026-02-01,Odisha,MAHINDRA & MAHINDRA LIMITED (TRACTOR),Petrol/Diesel/CNG/Hybrid,403
2026-03-01,Odisha,MAHINDRA & MAHINDRA LIMITED (TRACTOR),Petrol/Diesel/CNG/Hybrid,373
2026-04-01,Odisha,MAHINDRA & MAHINDRA LIMITED (TRACTOR),Petrol/Diesel/CNG/Hybrid,297
2026-05-01,Odisha,MAHINDRA & MAHINDRA LIMITED (TRACTOR),Petrol/Diesel/CNG/Hybrid,903
2026-06-01,Odisha,MAHINDRA & MAHINDRA LIMITED (TRACTOR),Petrol/Diesel/CNG/Hybrid,325
2026-01-01,Odisha,MARUTI SUZUKI INDIA LTD,Petrol/Diesel/CNG/Hybrid,3287
2026-02-01,Odisha,MARUTI SUZUKI INDIA LTD,Petrol/Diesel/CNG/Hybrid,2187
2026-03-01,Odisha,MARUTI SUZUKI INDIA LTD,Petrol/Diesel/CNG/Hybrid,2242
2026-04-01,Odisha,MARUTI SUZUKI INDIA LTD,Petrol/Diesel/CNG/Hybrid,2608
2026-05-01,Odisha,MARUTI SUZUKI INDIA LTD,Petrol/Diesel/CNG/Hybrid,2618
2026-06-01,Odisha,MARUTI SUZUKI INDIA LTD,Petrol/Diesel/CNG/Hybrid,1685
2026-02-01,Odisha,MERCEDES-BENZ AG,Petrol/Diesel/CNG/Hybrid,1
2026-04-01,Odisha,MERCEDES-BENZ AG,Petrol/Diesel/CNG/Hybrid,2
2026-06-01,Odisha,MERCEDES-BENZ AG,Petrol/Diesel/CNG/Hybrid,1
2026-01-01,Odisha,MERCEDES-BENZ INDIA PVT LTD,Petrol/Diesel/CNG/Hybrid,17
2026-02-01,Odisha,MERCEDES-BENZ INDIA PVT LTD,Petrol/Diesel/CNG/Hybrid,15
2026-03-01,Odisha,MERCEDES-BENZ INDIA PVT LTD,Petrol/Diesel/CNG/Hybrid,17
2026-04-01,Odisha,MERCEDES-BENZ INDIA PVT LTD,Petrol/Diesel/CNG/Hybrid,14
2026-05-01,Odisha,MERCEDES-BENZ INDIA PVT LTD,Petrol/Diesel/CNG/Hybrid,14
2026-06-01,Odisha,MERCEDES-BENZ INDIA PVT LTD,Petrol/Diesel/CNG/Hybrid,3
2026-01-01,Odisha,NISSAN MOTOR INDIA PVT LTD,Petrol/Diesel/CNG/Hybrid,24
2026-02-01,Odisha,NISSAN MOTOR INDIA PVT LTD,Petrol/Diesel/CNG/Hybrid,14
2026-03-01,Odisha,NISSAN MOTOR INDIA PVT LTD,Petrol/Diesel/CNG/Hybrid,19
2026-04-01,Odisha,NISSAN MOTOR INDIA PVT LTD,Petrol/Diesel/CNG/Hybrid,22
2026-05-01,Odisha,NISSAN MOTOR INDIA PVT LTD,Petrol/Diesel/CNG/Hybrid,24
2026-06-01,Odisha,NISSAN MOTOR INDIA PVT LTD,Petrol/Diesel/CNG/Hybrid,14
2026-03-01,Odisha,PORSCHE AG GERMANY,Petrol/Diesel/CNG/Hybrid,1
2026-06-01,Odisha,PORSCHE AG GERMANY,Petrol/Diesel/CNG/Hybrid,1
2026-01-01,Odisha,RENAULT INDIA PVT LTD,Petrol/Diesel/CNG/Hybrid,91
2026-02-01,Odisha,RENAULT INDIA PVT LTD,Petrol/Diesel/CNG/Hybrid,87
2026-03-01,Odisha,RENAULT INDIA PVT LTD,Petrol/Diesel/CNG/Hybrid,78
2026-04-01,Odisha,RENAULT INDIA PVT LTD,Petrol/Diesel/CNG/Hybrid,86
2026-05-01,Odisha,RENAULT INDIA PVT LTD,Petrol/Diesel/CNG/Hybrid,95
2026-06-01,Odisha,RENAULT INDIA PVT LTD,Petrol/Diesel/CNG/Hybrid,49
2026-01-01,Odisha,SKODA AUTO VOLKSWAGEN INDIA PVT LTD,Petrol/Diesel/CNG/Hybrid,135
2026-02-01,Odisha,SKODA AUTO VOLKSWAGEN INDIA PVT LTD,Petrol/Diesel/CNG/Hybrid,122
2026-03-01,Odisha,SKODA AUTO VOLKSWAGEN INDIA PVT LTD,Petrol/Diesel/CNG/Hybrid,147
2026-04-01,Odisha,SKODA AUTO VOLKSWAGEN INDIA PVT LTD,Petrol/Diesel/CNG/Hybrid,182
2026-05-01,Odisha,SKODA AUTO VOLKSWAGEN INDIA PVT LTD,Petrol/Diesel/CNG/Hybrid,145
2026-06-01,Odisha,SKODA AUTO VOLKSWAGEN INDIA PVT LTD,Petrol/Diesel/CNG/Hybrid,66
2026-01-01,Odisha,STELLANTIS AUTOMOBILES INDIA PVT LTD,Petrol/Diesel/CNG/Hybrid,12
2026-02-01,Odisha,STELLANTIS AUTOMOBILES INDIA PVT LTD,Petrol/Diesel/CNG/Hybrid,7
2026-03-01,Odisha,STELLANTIS AUTOMOBILES INDIA PVT LTD,Petrol/Diesel/CNG/Hybrid,12
2026-04-01,Odisha,STELLANTIS AUTOMOBILES INDIA PVT LTD,Petrol/Diesel/CNG/Hybrid,7
2026-05-01,Odisha,STELLANTIS AUTOMOBILES INDIA PVT LTD,Petrol/Diesel/CNG/Hybrid,8
2026-06-01,Odisha,STELLANTIS AUTOMOBILES INDIA PVT LTD,Petrol/Diesel/CNG/Hybrid,3
2026-01-01,Odisha,STELLANTIS INDIA PVT LTD,Petrol/Diesel/CNG/Hybrid,5
2026-02-01,Odisha,STELLANTIS INDIA PVT LTD,Petrol/Diesel/CNG/Hybrid,3
2026-03-01,Odisha,STELLANTIS INDIA PVT LTD,Petrol/Diesel/CNG/Hybrid,3
2026-04-01,Odisha,STELLANTIS INDIA PVT LTD,Petrol/Diesel/CNG/Hybrid,6
2026-05-01,Odisha,STELLANTIS INDIA PVT LTD,Petrol/Diesel/CNG/Hybrid,2
2026-06-01,Odisha,STELLANTIS INDIA PVT LTD,Petrol/Diesel/CNG/Hybrid,4
2026-01-01,Odisha,TAFE LIMITED,Petrol/Diesel/CNG/Hybrid,118
2026-02-01,Odisha,TAFE LIMITED,Petrol/Diesel/CNG/Hybrid,116
2026-03-01,Odisha,TAFE LIMITED,Petrol/Diesel/CNG/Hybrid,112
2026-04-01,Odisha,TAFE LIMITED,Petrol/Diesel/CNG/Hybrid,183
2026-05-01,Odisha,TAFE LIMITED,Petrol/Diesel/CNG/Hybrid,209
2026-06-01,Odisha,TAFE LIMITED,Petrol/Diesel/CNG/Hybrid,102
2026-01-01,Odisha,TATA MOTORS LTD,Petrol/Diesel/CNG/Hybrid,1
2026-02-01,Odisha,TATA MOTORS LTD,Petrol/Diesel/CNG/Hybrid,1
2026-03-01,Odisha,TATA MOTORS LTD,Petrol/Diesel/CNG/Hybrid,5
2026-04-01,Odisha,TATA MOTORS LTD,Petrol/Diesel/CNG/Hybrid,5
2026-05-01,Odisha,TATA MOTORS LTD,Petrol/Diesel/CNG/Hybrid,4
2026-06-01,Odisha,TATA MOTORS LTD,Petrol/Diesel/CNG/Hybrid,3
2026-01-01,Odisha,TATA MOTORS PASSENGER VEHICLES LTD,Petrol/Diesel/CNG/Hybrid,826
2026-02-01,Odisha,TATA MOTORS PASSENGER VEHICLES LTD,Petrol/Diesel/CNG/Hybrid,893
2026-03-01,Odisha,TATA MOTORS PASSENGER VEHICLES LTD,Petrol/Diesel/CNG/Hybrid,954
2026-04-01,Odisha,TATA MOTORS PASSENGER VEHICLES LTD,Petrol/Diesel/CNG/Hybrid,923
2026-05-01,Odisha,TATA MOTORS PASSENGER VEHICLES LTD,Petrol/Diesel/CNG/Hybrid,890
2026-06-01,Odisha,TATA MOTORS PASSENGER VEHICLES LTD,Petrol/Diesel/CNG/Hybrid,360
2026-01-01,Odisha,TATA PASSENGER ELECTRIC MOBILITY LTD,Petrol/Diesel/CNG/Hybrid,2
2026-01-01,Odisha,TOYOTA KIRLOSKAR MOTOR PVT LTD,Petrol/Diesel/CNG/Hybrid,441
2026-02-01,Odisha,TOYOTA KIRLOSKAR MOTOR PVT LTD,Petrol/Diesel/CNG/Hybrid,283
2026-03-01,Odisha,TOYOTA KIRLOSKAR MOTOR PVT LTD,Petrol/Diesel/CNG/Hybrid,345
2026-04-01,Odisha,TOYOTA KIRLOSKAR MOTOR PVT LTD,Petrol/Diesel/CNG/Hybrid,370
2026-05-01,Odisha,TOYOTA KIRLOSKAR MOTOR PVT LTD,Petrol/Diesel/CNG/Hybrid,305
2026-06-01,Odisha,TOYOTA KIRLOSKAR MOTOR PVT LTD,Petrol/Diesel/CNG/Hybrid,168
2026-02-01,Odisha,V.S.T. TILLERS TRACTORS LIMITED,Petrol/Diesel/CNG/Hybrid,1
2026-05-01,Odisha,V.S.T. TILLERS TRACTORS LIMITED,Petrol/Diesel/CNG/Hybrid,2
2026-03-01,Odisha,VOLKSWAGEN AG,Petrol/Diesel/CNG/Hybrid,2
2026-04-01,Odisha,VOLKSWAGEN AG,Petrol/Diesel/CNG/Hybrid,1
2026-06-01,Odisha,VOLKSWAGEN AG,Petrol/Diesel/CNG/Hybrid,1
2026-01-01,Odisha,VOLVO AUTO INDIA PVT LTD,Petrol/Diesel/CNG/Hybrid,1
2026-03-01,Odisha,VOLVO AUTO INDIA PVT LTD,Petrol/Diesel/CNG/Hybrid,1
2026-01-01,Puducherry,AUDI AG,Petrol/Diesel/CNG/Hybrid,1
2026-03-01,Puducherry,AUDI AG,Petrol/Diesel/CNG/Hybrid,1
2026-05-01,Puducherry,AUDI AG,Petrol/Diesel/CNG/Hybrid,1
2026-03-01,Puducherry,AUTOMOBILI LAMBORGHINI S.P.A,Petrol/Diesel/CNG/Hybrid,1
2026-06-01,Puducherry,AUTOMOBILI LAMBORGHINI S.P.A,Petrol/Diesel/CNG/Hybrid,1
2026-01-01,Puducherry,BMW INDIA PVT LTD,Petrol/Diesel/CNG/Hybrid,19
2026-02-01,Puducherry,BMW INDIA PVT LTD,Petrol/Diesel/CNG/Hybrid,7
2026-03-01,Puducherry,BMW INDIA PVT LTD,Petrol/Diesel/CNG/Hybrid,17
2026-04-01,Puducherry,BMW INDIA PVT LTD,Petrol/Diesel/CNG/Hybrid,15
2026-05-01,Puducherry,BMW INDIA PVT LTD,Petrol/Diesel/CNG/Hybrid,15
2026-06-01,Puducherry,BMW INDIA PVT LTD,Petrol/Diesel/CNG/Hybrid,9
2026-01-01,Puducherry,EICHER TRACTORS,Petrol/Diesel/CNG/Hybrid,1
2026-02-01,Puducherry,EICHER TRACTORS,Petrol/Diesel/CNG/Hybrid,2
2026-03-01,Puducherry,EICHER TRACTORS,Petrol/Diesel/CNG/Hybrid,1
2026-05-01,Puducherry,EICHER TRACTORS,Petrol/Diesel/CNG/Hybrid,2
2026-03-01,Puducherry,ESCORTS KUBOTA LIMITED (AGRI MACHINERY GROUP),Petrol/Diesel/CNG/Hybrid,1
2026-04-01,Puducherry,ESCORTS KUBOTA LIMITED (AGRI MACHINERY GROUP),Petrol/Diesel/CNG/Hybrid,1
2026-01-01,Puducherry,HONDA CARS INDIA LTD,Petrol/Diesel/CNG/Hybrid,40
2026-02-01,Puducherry,HONDA CARS INDIA LTD,Petrol/Diesel/CNG/Hybrid,31
2026-03-01,Puducherry,HONDA CARS INDIA LTD,Petrol/Diesel/CNG/Hybrid,35
2026-04-01,Puducherry,HONDA CARS INDIA LTD,Petrol/Diesel/CNG/Hybrid,42
2026-05-01,Puducherry,HONDA CARS INDIA LTD,Petrol/Diesel/CNG/Hybrid,33
2026-06-01,Puducherry,HONDA CARS INDIA LTD,Petrol/Diesel/CNG/Hybrid,24
2026-01-01,Puducherry,HYUNDAI MOTOR INDIA LTD,Petrol/Diesel/CNG/Hybrid,179
2026-02-01,Puducherry,HYUNDAI MOTOR INDIA LTD,Petrol/Diesel/CNG/Hybrid,144
2026-03-01,Puducherry,HYUNDAI MOTOR INDIA LTD,Petrol/Diesel/CNG/Hybrid,140
2026-04-01,Puducherry,HYUNDAI MOTOR INDIA LTD,Petrol/Diesel/CNG/Hybrid,129
2026-05-01,Puducherry,HYUNDAI MOTOR INDIA LTD,Petrol/Diesel/CNG/Hybrid,143
2026-06-01,Puducherry,HYUNDAI MOTOR INDIA LTD,Petrol/Diesel/CNG/Hybrid,92
2026-05-01,Puducherry,ISUZU MOTORS INDIA PVT LTD,Petrol/Diesel/CNG/Hybrid,1
2026-01-01,Puducherry,JAGUAR LAND ROVER INDIA LIMITED,Petrol/Diesel/CNG/Hybrid,7
2026-02-01,Puducherry,JAGUAR LAND ROVER INDIA LIMITED,Petrol/Diesel/CNG/Hybrid,3
2026-03-01,Puducherry,JAGUAR LAND ROVER INDIA LIMITED,Petrol/Diesel/CNG/Hybrid,2
2026-04-01,Puducherry,JAGUAR LAND ROVER INDIA LIMITED,Petrol/Diesel/CNG/Hybrid,6
2026-05-01,Puducherry,JAGUAR LAND ROVER INDIA LIMITED,Petrol/Diesel/CNG/Hybrid,9
2026-06-01,Puducherry,JAGUAR LAND ROVER INDIA LIMITED,Petrol/Diesel/CNG/Hybrid,4
2026-01-01,Puducherry,JOHN DEERE INDIA PVT LTD(TRACTOR DEVISION),Petrol/Diesel/CNG/Hybrid,2
2026-02-01,Puducherry,JOHN DEERE INDIA PVT LTD(TRACTOR DEVISION),Petrol/Diesel/CNG/Hybrid,2
2026-03-01,Puducherry,JOHN DEERE INDIA PVT LTD(TRACTOR DEVISION),Petrol/Diesel/CNG/Hybrid,1
2026-06-01,Puducherry,JOHN DEERE INDIA PVT LTD(TRACTOR DEVISION),Petrol/Diesel/CNG/Hybrid,1
2026-01-01,Puducherry,JSW MG MOTOR INDIA PVT LTD,Petrol/Diesel/CNG/Hybrid,7
2026-02-01,Puducherry,JSW MG MOTOR INDIA PVT LTD,Petrol/Diesel/CNG/Hybrid,7
2026-03-01,Puducherry,JSW MG MOTOR INDIA PVT LTD,Petrol/Diesel/CNG/Hybrid,11
2026-04-01,Puducherry,JSW MG MOTOR INDIA PVT LTD,Petrol/Diesel/CNG/Hybrid,9
2026-05-01,Puducherry,JSW MG MOTOR INDIA PVT LTD,Petrol/Diesel/CNG/Hybrid,2
2026-06-01,Puducherry,JSW MG MOTOR INDIA PVT LTD,Petrol/Diesel/CNG/Hybrid,8
2026-01-01,Puducherry,KIA INDIA PRIVATE LIMITED,Petrol/Diesel/CNG/Hybrid,155
2026-02-01,Puducherry,KIA INDIA PRIVATE LIMITED,Petrol/Diesel/CNG/Hybrid,107
2026-03-01,Puducherry,KIA INDIA PRIVATE LIMITED,Petrol/Diesel/CNG/Hybrid,130
2026-04-01,Puducherry,KIA INDIA PRIVATE LIMITED,Petrol/Diesel/CNG/Hybrid,122
2026-05-01,Puducherry,KIA INDIA PRIVATE LIMITED,Petrol/Diesel/CNG/Hybrid,102
2026-06-01,Puducherry,KIA INDIA PRIVATE LIMITED,Petrol/Diesel/CNG/Hybrid,83
2026-01-01,Puducherry,MAHINDRA & MAHINDRA LIMITED,Petrol/Diesel/CNG/Hybrid,121
2026-02-01,Puducherry,MAHINDRA & MAHINDRA LIMITED,Petrol/Diesel/CNG/Hybrid,111
2026-03-01,Puducherry,MAHINDRA & MAHINDRA LIMITED,Petrol/Diesel/CNG/Hybrid,121
2026-04-01,Puducherry,MAHINDRA & MAHINDRA LIMITED,Petrol/Diesel/CNG/Hybrid,123
2026-05-01,Puducherry,MAHINDRA & MAHINDRA LIMITED,Petrol/Diesel/CNG/Hybrid,111
2026-06-01,Puducherry,MAHINDRA & MAHINDRA LIMITED,Petrol/Diesel/CNG/Hybrid,68
2026-02-01,Puducherry,MAHINDRA & MAHINDRA LIMITED (TRACTOR),Petrol/Diesel/CNG/Hybrid,7
2026-04-01,Puducherry,MAHINDRA & MAHINDRA LIMITED (TRACTOR),Petrol/Diesel/CNG/Hybrid,2
2026-01-01,Puducherry,MARUTI SUZUKI INDIA LTD,Petrol/Diesel/CNG/Hybrid,711
2026-02-01,Puducherry,MARUTI SUZUKI INDIA LTD,Petrol/Diesel/CNG/Hybrid,374
2026-03-01,Puducherry,MARUTI SUZUKI INDIA LTD,Petrol/Diesel/CNG/Hybrid,459
2026-04-01,Puducherry,MARUTI SUZUKI INDIA LTD,Petrol/Diesel/CNG/Hybrid,450
2026-05-01,Puducherry,MARUTI SUZUKI INDIA LTD,Petrol/Diesel/CNG/Hybrid,433
2026-06-01,Puducherry,MARUTI SUZUKI INDIA LTD,Petrol/Diesel/CNG/Hybrid,306
2026-01-01,Puducherry,MERCEDES BENZ,Petrol/Diesel/CNG/Hybrid,1
2026-05-01,Puducherry,MERCEDES BENZ,Petrol/Diesel/CNG/Hybrid,1
2026-06-01,Puducherry,MERCEDES BENZ,Petrol/Diesel/CNG/Hybrid,1
2026-01-01,Puducherry,MERCEDES-BENZ AG,Petrol/Diesel/CNG/Hybrid,1
2026-03-01,Puducherry,MERCEDES-BENZ AG,Petrol/Diesel/CNG/Hybrid,1
2026-04-01,Puducherry,MERCEDES-BENZ AG,Petrol/Diesel/CNG/Hybrid,2
2026-06-01,Puducherry,MERCEDES-BENZ AG,Petrol/Diesel/CNG/Hybrid,1
2026-01-01,Puducherry,MERCEDES-BENZ INDIA PVT LTD,Petrol/Diesel/CNG/Hybrid,6
2026-02-01,Puducherry,MERCEDES-BENZ INDIA PVT LTD,Petrol/Diesel/CNG/Hybrid,8
2026-03-01,Puducherry,MERCEDES-BENZ INDIA PVT LTD,Petrol/Diesel/CNG/Hybrid,11
2026-04-01,Puducherry,MERCEDES-BENZ INDIA PVT LTD,Petrol/Diesel/CNG/Hybrid,3
2026-05-01,Puducherry,MERCEDES-BENZ INDIA PVT LTD,Petrol/Diesel/CNG/Hybrid,4
2026-01-01,Puducherry,NISSAN MOTOR INDIA PVT LTD,Petrol/Diesel/CNG/Hybrid,35
2026-02-01,Puducherry,NISSAN MOTOR INDIA PVT LTD,Petrol/Diesel/CNG/Hybrid,23
2026-03-01,Puducherry,NISSAN MOTOR INDIA PVT LTD,Petrol/Diesel/CNG/Hybrid,47
2026-04-01,Puducherry,NISSAN MOTOR INDIA PVT LTD,Petrol/Diesel/CNG/Hybrid,53
2026-05-01,Puducherry,NISSAN MOTOR INDIA PVT LTD,Petrol/Diesel/CNG/Hybrid,32
2026-06-01,Puducherry,NISSAN MOTOR INDIA PVT LTD,Petrol/Diesel/CNG/Hybrid,29
2026-02-01,Puducherry,PORSCHE AG GERMANY,Petrol/Diesel/CNG/Hybrid,1
2026-05-01,Puducherry,PORSCHE AG GERMANY,Petrol/Diesel/CNG/Hybrid,2
2026-01-01,Puducherry,RENAULT INDIA PVT LTD,Petrol/Diesel/CNG/Hybrid,36
2026-02-01,Puducherry,RENAULT INDIA PVT LTD,Petrol/Diesel/CNG/Hybrid,29
2026-03-01,Puducherry,RENAULT INDIA PVT LTD,Petrol/Diesel/CNG/Hybrid,30
2026-04-01,Puducherry,RENAULT INDIA PVT LTD,Petrol/Diesel/CNG/Hybrid,25
2026-05-01,Puducherry,RENAULT INDIA PVT LTD,Petrol/Diesel/CNG/Hybrid,28
2026-06-01,Puducherry,RENAULT INDIA PVT LTD,Petrol/Diesel/CNG/Hybrid,19
2026-04-01,Puducherry,SKODA AUTO AS,Petrol/Diesel/CNG/Hybrid,1
2026-01-01,Puducherry,SKODA AUTO VOLKSWAGEN INDIA PVT LTD,Petrol/Diesel/CNG/Hybrid,102
2026-02-01,Puducherry,SKODA AUTO VOLKSWAGEN INDIA PVT LTD,Petrol/Diesel/CNG/Hybrid,76
2026-03-01,Puducherry,SKODA AUTO VOLKSWAGEN INDIA PVT LTD,Petrol/Diesel/CNG/Hybrid,86
2026-04-01,Puducherry,SKODA AUTO VOLKSWAGEN INDIA PVT LTD,Petrol/Diesel/CNG/Hybrid,92
2026-05-01,Puducherry,SKODA AUTO VOLKSWAGEN INDIA PVT LTD,Petrol/Diesel/CNG/Hybrid,99
2026-06-01,Puducherry,SKODA AUTO VOLKSWAGEN INDIA PVT LTD,Petrol/Diesel/CNG/Hybrid,53
2026-01-01,Puducherry,STELLANTIS AUTOMOBILES INDIA PVT LTD,Petrol/Diesel/CNG/Hybrid,21
2026-02-01,Puducherry,STELLANTIS AUTOMOBILES INDIA PVT LTD,Petrol/Diesel/CNG/Hybrid,14
2026-03-01,Puducherry,STELLANTIS AUTOMOBILES INDIA PVT LTD,Petrol/Diesel/CNG/Hybrid,9
2026-04-01,Puducherry,STELLANTIS AUTOMOBILES INDIA PVT LTD,Petrol/Diesel/CNG/Hybrid,11
2026-05-01,Puducherry,STELLANTIS AUTOMOBILES INDIA PVT LTD,Petrol/Diesel/CNG/Hybrid,10
2026-06-01,Puducherry,STELLANTIS AUTOMOBILES INDIA PVT LTD,Petrol/Diesel/CNG/Hybrid,6
2026-01-01,Puducherry,STELLANTIS INDIA PVT LTD,Petrol/Diesel/CNG/Hybrid,2
2026-04-01,Puducherry,STELLANTIS INDIA PVT LTD,Petrol/Diesel/CNG/Hybrid,2
2026-05-01,Puducherry,STELLANTIS INDIA PVT LTD,Petrol/Diesel/CNG/Hybrid,1
2026-06-01,Puducherry,STELLANTIS INDIA PVT LTD,Petrol/Diesel/CNG/Hybrid,2
2026-01-01,Puducherry,TAFE LIMITED,Petrol/Diesel/CNG/Hybrid,1
2026-02-01,Puducherry,TAFE LIMITED,Petrol/Diesel/CNG/Hybrid,1
2026-04-01,Puducherry,TAFE LIMITED,Petrol/Diesel/CNG/Hybrid,1
2026-04-01,Puducherry,TATA MOTORS LTD,Petrol/Diesel/CNG/Hybrid,2
2026-01-01,Puducherry,TATA MOTORS PASSENGER VEHICLES LTD,Petrol/Diesel/CNG/Hybrid,128
2026-02-01,Puducherry,TATA MOTORS PASSENGER VEHICLES LTD,Petrol/Diesel/CNG/Hybrid,125
2026-03-01,Puducherry,TATA MOTORS PASSENGER VEHICLES LTD,Petrol/Diesel/CNG/Hybrid,174
2026-04-01,Puducherry,TATA MOTORS PASSENGER VEHICLES LTD,Petrol/Diesel/CNG/Hybrid,148
2026-05-01,Puducherry,TATA MOTORS PASSENGER VEHICLES LTD,Petrol/Diesel/CNG/Hybrid,143
2026-06-01,Puducherry,TATA MOTORS PASSENGER VEHICLES LTD,Petrol/Diesel/CNG/Hybrid,90
2026-01-01,Puducherry,TOYOTA KIRLOSKAR MOTOR PVT LTD,Petrol/Diesel/CNG/Hybrid,116
2026-02-01,Puducherry,TOYOTA KIRLOSKAR MOTOR PVT LTD,Petrol/Diesel/CNG/Hybrid,126
2026-03-01,Puducherry,TOYOTA KIRLOSKAR MOTOR PVT LTD,Petrol/Diesel/CNG/Hybrid,140
2026-04-01,Puducherry,TOYOTA KIRLOSKAR MOTOR PVT LTD,Petrol/Diesel/CNG/Hybrid,116
2026-05-01,Puducherry,TOYOTA KIRLOSKAR MOTOR PVT LTD,Petrol/Diesel/CNG/Hybrid,114
2026-06-01,Puducherry,TOYOTA KIRLOSKAR MOTOR PVT LTD,Petrol/Diesel/CNG/Hybrid,65
2026-06-01,Puducherry,V.S.T. TILLERS TRACTORS LIMITED,Petrol/Diesel/CNG/Hybrid,1
2026-06-01,Puducherry,VOLKSWAGEN AG,Petrol/Diesel/CNG/Hybrid,1
2026-01-01,Puducherry,VOLVO AUTO INDIA PVT LTD,Petrol/Diesel/CNG/Hybrid,3
2026-03-01,Puducherry,VOLVO AUTO INDIA PVT LTD,Petrol/Diesel/CNG/Hybrid,3
2026-05-01,Puducherry,VOLVO AUTO INDIA PVT LTD,Petrol/Diesel/CNG/Hybrid,2
2026-06-01,Puducherry,VOLVO AUTO INDIA PVT LTD,Petrol/Diesel/CNG/Hybrid,2
2026-01-01,Punjab,ACTION CONSTRUCTION EQUIPMENT LTD,Petrol/Diesel/CNG/Hybrid,9
2026-02-01,Punjab,ACTION CONSTRUCTION EQUIPMENT LTD,Petrol/Diesel/CNG/Hybrid,4
2026-03-01,Punjab,ACTION CONSTRUCTION EQUIPMENT LTD,Petrol/Diesel/CNG/Hybrid,3
2026-04-01,Punjab,ACTION CONSTRUCTION EQUIPMENT LTD,Petrol/Diesel/CNG/Hybrid,5
2026-05-01,Punjab,ACTION CONSTRUCTION EQUIPMENT LTD,Petrol/Diesel/CNG/Hybrid,4
2026-06-01,Punjab,ACTION CONSTRUCTION EQUIPMENT LTD,Petrol/Diesel/CNG/Hybrid,3
2026-02-01,Punjab,AGRI KING TRACTORS & EQUIPMENTS PVT LTD,Petrol/Diesel/CNG/Hybrid,3
2026-03-01,Punjab,AGRI KING TRACTORS & EQUIPMENTS PVT LTD,Petrol/Diesel/CNG/Hybrid,4
2026-04-01,Punjab,AGRI KING TRACTORS & EQUIPMENTS PVT LTD,Petrol/Diesel/CNG/Hybrid,3
2026-05-01,Punjab,AGRI KING TRACTORS & EQUIPMENTS PVT LTD,Petrol/Diesel/CNG/Hybrid,2
2026-06-01,Punjab,ASHOK LEYLAND LTD,Petrol/Diesel/CNG/Hybrid,1
2026-03-01,Punjab,AUDI AG,Petrol/Diesel/CNG/Hybrid,1
2026-05-01,Punjab,AUDI AG,Petrol/Diesel/CNG/Hybrid,1
2026-01-01,Punjab,BMW INDIA PVT LTD,Petrol/Diesel/CNG/Hybrid,16
2026-02-01,Punjab,BMW INDIA PVT LTD,Petrol/Diesel/CNG/Hybrid,28
2026-03-01,Punjab,BMW INDIA PVT LTD,Petrol/Diesel/CNG/Hybrid,12
2026-04-01,Punjab,BMW INDIA PVT LTD,Petrol/Diesel/CNG/Hybrid,25
2026-05-01,Punjab,BMW INDIA PVT LTD,Petrol/Diesel/CNG/Hybrid,12
2026-06-01,Punjab,BMW INDIA PVT LTD,Petrol/Diesel/CNG/Hybrid,1
2026-01-01,Punjab,CNH INDUSTRIAL (INDIA) PVT LTD,Petrol/Diesel/CNG/Hybrid,776
2026-02-01,Punjab,CNH INDUSTRIAL (INDIA) PVT LTD,Petrol/Diesel/CNG/Hybrid,621
2026-03-01,Punjab,CNH INDUSTRIAL (INDIA) PVT LTD,Petrol/Diesel/CNG/Hybrid,798
2026-04-01,Punjab,CNH INDUSTRIAL (INDIA) PVT LTD,Petrol/Diesel/CNG/Hybrid,848
2026-05-01,Punjab,CNH INDUSTRIAL (INDIA) PVT LTD,Petrol/Diesel/CNG/Hybrid,731
2026-06-01,Punjab,CNH INDUSTRIAL (INDIA) PVT LTD,Petrol/Diesel/CNG/Hybrid,381
2026-01-01,Punjab,EICHER TRACTORS,Petrol/Diesel/CNG/Hybrid,61
2026-02-01,Punjab,EICHER TRACTORS,Petrol/Diesel/CNG/Hybrid,65
2026-03-01,Punjab,EICHER TRACTORS,Petrol/Diesel/CNG/Hybrid,71
2026-04-01,Punjab,EICHER TRACTORS,Petrol/Diesel/CNG/Hybrid,79
2026-05-01,Punjab,EICHER TRACTORS,Petrol/Diesel/CNG/Hybrid,81
2026-06-01,Punjab,EICHER TRACTORS,Petrol/Diesel/CNG/Hybrid,30
2026-01-01,Punjab,ESCORTS KUBOTA LIMITED (AGRI MACHINERY GROUP),Petrol/Diesel/CNG/Hybrid,405
2026-02-01,Punjab,ESCORTS KUBOTA LIMITED (AGRI MACHINERY GROUP),Petrol/Diesel/CNG/Hybrid,382
2026-03-01,Punjab,ESCORTS KUBOTA LIMITED (AGRI MACHINERY GROUP),Petrol/Diesel/CNG/Hybrid,496
2026-04-01,Punjab,ESCORTS KUBOTA LIMITED (AGRI MACHINERY GROUP),Petrol/Diesel/CNG/Hybrid,520
2026-05-01,Punjab,ESCORTS KUBOTA LIMITED (AGRI MACHINERY GROUP),Petrol/Diesel/CNG/Hybrid,427
2026-06-01,Punjab,ESCORTS KUBOTA LIMITED (AGRI MACHINERY GROUP),Petrol/Diesel/CNG/Hybrid,241
2026-05-01,Punjab,FIORI CONCRETE MACHINES INDIA PVT LTD,Petrol/Diesel/CNG/Hybrid,1
2026-02-01,Punjab,FORCE MOTORS LIMITED,Petrol/Diesel/CNG/Hybrid,4
2026-03-01,Punjab,FORCE MOTORS LIMITED,Petrol/Diesel/CNG/Hybrid,1
2026-05-01,Punjab,FORCE MOTORS LIMITED,Petrol/Diesel/CNG/Hybrid,2
2026-01-01,Punjab,GROMAX AGRI EQUIPMENT LTD,Petrol/Diesel/CNG/Hybrid,5
2026-03-01,Punjab,GROMAX AGRI EQUIPMENT LTD,Petrol/Diesel/CNG/Hybrid,6
2026-04-01,Punjab,GROMAX AGRI EQUIPMENT LTD,Petrol/Diesel/CNG/Hybrid,4
2026-05-01,Punjab,GROMAX AGRI EQUIPMENT LTD,Petrol/Diesel/CNG/Hybrid,3
2026-01-01,Punjab,HONDA CARS INDIA LTD,Petrol/Diesel/CNG/Hybrid,277
2026-02-01,Punjab,HONDA CARS INDIA LTD,Petrol/Diesel/CNG/Hybrid,254
2026-03-01,Punjab,HONDA CARS INDIA LTD,Petrol/Diesel/CNG/Hybrid,233
2026-04-01,Punjab,HONDA CARS INDIA LTD,Petrol/Diesel/CNG/Hybrid,257
2026-05-01,Punjab,HONDA CARS INDIA LTD,Petrol/Diesel/CNG/Hybrid,188
2026-06-01,Punjab,HONDA CARS INDIA LTD,Petrol/Diesel/CNG/Hybrid,111
2026-01-01,Punjab,HYUNDAI MOTOR INDIA LTD,Petrol/Diesel/CNG/Hybrid,3499
2026-02-01,Punjab,HYUNDAI MOTOR INDIA LTD,Petrol/Diesel/CNG/Hybrid,2391
2026-03-01,Punjab,HYUNDAI MOTOR INDIA LTD,Petrol/Diesel/CNG/Hybrid,2210
2026-04-01,Punjab,HYUNDAI MOTOR INDIA LTD,Petrol/Diesel/CNG/Hybrid,2068
2026-05-01,Punjab,HYUNDAI MOTOR INDIA LTD,Petrol/Diesel/CNG/Hybrid,1866
2026-06-01,Punjab,HYUNDAI MOTOR INDIA LTD,Petrol/Diesel/CNG/Hybrid,1058
2026-01-01,Punjab,INDO FARM EQUIPMENT LIMITED,Petrol/Diesel/CNG/Hybrid,30
2026-02-01,Punjab,INDO FARM EQUIPMENT LIMITED,Petrol/Diesel/CNG/Hybrid,52
2026-03-01,Punjab,INDO FARM EQUIPMENT LIMITED,Petrol/Diesel/CNG/Hybrid,57
2026-04-01,Punjab,INDO FARM EQUIPMENT LIMITED,Petrol/Diesel/CNG/Hybrid,53
2026-05-01,Punjab,INDO FARM EQUIPMENT LIMITED,Petrol/Diesel/CNG/Hybrid,35
2026-06-01,Punjab,INDO FARM EQUIPMENT LIMITED,Petrol/Diesel/CNG/Hybrid,17
2026-01-01,Punjab,INTERNATIONAL TRACTORS LIMITED,Petrol/Diesel/CNG/Hybrid,675
2026-02-01,Punjab,INTERNATIONAL TRACTORS LIMITED,Petrol/Diesel/CNG/Hybrid,587
2026-03-01,Punjab,INTERNATIONAL TRACTORS LIMITED,Petrol/Diesel/CNG/Hybrid,541
2026-04-01,Punjab,INTERNATIONAL TRACTORS LIMITED,Petrol/Diesel/CNG/Hybrid,633
2026-05-01,Punjab,INTERNATIONAL TRACTORS LIMITED,Petrol/Diesel/CNG/Hybrid,519
2026-06-01,Punjab,INTERNATIONAL TRACTORS LIMITED,Petrol/Diesel/CNG/Hybrid,460
2026-01-01,Punjab,ISUZU MOTORS INDIA PVT LTD,Petrol/Diesel/CNG/Hybrid,2
2026-02-01,Punjab,ISUZU MOTORS INDIA PVT LTD,Petrol/Diesel/CNG/Hybrid,1
2026-03-01,Punjab,ISUZU MOTORS INDIA PVT LTD,Petrol/Diesel/CNG/Hybrid,4
2026-04-01,Punjab,ISUZU MOTORS INDIA PVT LTD,Petrol/Diesel/CNG/Hybrid,1
2026-05-01,Punjab,ISUZU MOTORS INDIA PVT LTD,Petrol/Diesel/CNG/Hybrid,4
2026-06-01,Punjab,ISUZU MOTORS INDIA PVT LTD,Petrol/Diesel/CNG/Hybrid,1
2026-01-01,Punjab,JAGUAR LAND ROVER INDIA LIMITED,Petrol/Diesel/CNG/Hybrid,21
2026-02-01,Punjab,JAGUAR LAND ROVER INDIA LIMITED,Petrol/Diesel/CNG/Hybrid,30
2026-03-01,Punjab,JAGUAR LAND ROVER INDIA LIMITED,Petrol/Diesel/CNG/Hybrid,18
2026-04-01,Punjab,JAGUAR LAND ROVER INDIA LIMITED,Petrol/Diesel/CNG/Hybrid,23
2026-05-01,Punjab,JAGUAR LAND ROVER INDIA LIMITED,Petrol/Diesel/CNG/Hybrid,28
2026-06-01,Punjab,JAGUAR LAND ROVER INDIA LIMITED,Petrol/Diesel/CNG/Hybrid,11
2026-01-01,Punjab,JCB INDIA LIMITED,Petrol/Diesel/CNG/Hybrid,2
2026-02-01,Punjab,JCB INDIA LIMITED,Petrol/Diesel/CNG/Hybrid,2
2026-03-01,Punjab,JCB INDIA LIMITED,Petrol/Diesel/CNG/Hybrid,1
2026-04-01,Punjab,JCB INDIA LIMITED,Petrol/Diesel/CNG/Hybrid,4
2026-05-01,Punjab,JCB INDIA LIMITED,Petrol/Diesel/CNG/Hybrid,5
2026-01-01,Punjab,JOHN DEERE INDIA PVT LTD(TRACTOR DEVISION),Petrol/Diesel/CNG/Hybrid,556
2026-02-01,Punjab,JOHN DEERE INDIA PVT LTD(TRACTOR DEVISION),Petrol/Diesel/CNG/Hybrid,538
2026-03-01,Punjab,JOHN DEERE INDIA PVT LTD(TRACTOR DEVISION),Petrol/Diesel/CNG/Hybrid,538
2026-04-01,Punjab,JOHN DEERE INDIA PVT LTD(TRACTOR DEVISION),Petrol/Diesel/CNG/Hybrid,438
2026-05-01,Punjab,JOHN DEERE INDIA PVT LTD(TRACTOR DEVISION),Petrol/Diesel/CNG/Hybrid,434
2026-06-01,Punjab,JOHN DEERE INDIA PVT LTD(TRACTOR DEVISION),Petrol/Diesel/CNG/Hybrid,291
2026-01-01,Punjab,JSW MG MOTOR INDIA PVT LTD,Petrol/Diesel/CNG/Hybrid,47
2026-02-01,Punjab,JSW MG MOTOR INDIA PVT LTD,Petrol/Diesel/CNG/Hybrid,43
2026-03-01,Punjab,JSW MG MOTOR INDIA PVT LTD,Petrol/Diesel/CNG/Hybrid,31
2026-04-01,Punjab,JSW MG MOTOR INDIA PVT LTD,Petrol/Diesel/CNG/Hybrid,33
2026-05-01,Punjab,JSW MG MOTOR INDIA PVT LTD,Petrol/Diesel/CNG/Hybrid,27
2026-06-01,Punjab,JSW MG MOTOR INDIA PVT LTD,Petrol/Diesel/CNG/Hybrid,15
2026-01-01,Punjab,KARTAR TRACTORS PRIVATE LIMITED,Petrol/Diesel/CNG/Hybrid,17
2026-02-01,Punjab,KARTAR TRACTORS PRIVATE LIMITED,Petrol/Diesel/CNG/Hybrid,7
2026-03-01,Punjab,KARTAR TRACTORS PRIVATE LIMITED,Petrol/Diesel/CNG/Hybrid,26
2026-04-01,Punjab,KARTAR TRACTORS PRIVATE LIMITED,Petrol/Diesel/CNG/Hybrid,6
2026-05-01,Punjab,KARTAR TRACTORS PRIVATE LIMITED,Petrol/Diesel/CNG/Hybrid,14
2026-06-01,Punjab,KARTAR TRACTORS PRIVATE LIMITED,Petrol/Diesel/CNG/Hybrid,9
2026-01-01,Punjab,KIA INDIA PRIVATE LIMITED,Petrol/Diesel/CNG/Hybrid,1680
2026-02-01,Punjab,KIA INDIA PRIVATE LIMITED,Petrol/Diesel/CNG/Hybrid,1357
2026-03-01,Punjab,KIA INDIA PRIVATE LIMITED,Petrol/Diesel/CNG/Hybrid,1287
2026-04-01,Punjab,KIA INDIA PRIVATE LIMITED,Petrol/Diesel/CNG/Hybrid,1161
2026-05-01,Punjab,KIA INDIA PRIVATE LIMITED,Petrol/Diesel/CNG/Hybrid,1074
2026-06-01,Punjab,KIA INDIA PRIVATE LIMITED,Petrol/Diesel/CNG/Hybrid,535
2026-01-01,Punjab,KUBOTA AGRICULTURAL MACHINERY INDIA PVT.LTD,Petrol/Diesel/CNG/Hybrid,25
2026-02-01,Punjab,KUBOTA AGRICULTURAL MACHINERY INDIA PVT.LTD,Petrol/Diesel/CNG/Hybrid,5
2026-03-01,Punjab,KUBOTA AGRICULTURAL MACHINERY INDIA PVT.LTD,Petrol/Diesel/CNG/Hybrid,10
2026-04-01,Punjab,KUBOTA AGRICULTURAL MACHINERY INDIA PVT.LTD,Petrol/Diesel/CNG/Hybrid,5
2026-05-01,Punjab,KUBOTA AGRICULTURAL MACHINERY INDIA PVT.LTD,Petrol/Diesel/CNG/Hybrid,3
2026-06-01,Punjab,KUBOTA AGRICULTURAL MACHINERY INDIA PVT.LTD,Petrol/Diesel/CNG/Hybrid,1
2026-01-01,Punjab,MAHINDRA & MAHINDRA LIMITED,Petrol/Diesel/CNG/Hybrid,4590
2026-02-01,Punjab,MAHINDRA & MAHINDRA LIMITED,Petrol/Diesel/CNG/Hybrid,4365
2026-03-01,Punjab,MAHINDRA & MAHINDRA LIMITED,Petrol/Diesel/CNG/Hybrid,4621
2026-04-01,Punjab,MAHINDRA & MAHINDRA LIMITED,Petrol/Diesel/CNG/Hybrid,4592
2026-05-01,Punjab,MAHINDRA & MAHINDRA LIMITED,Petrol/Diesel/CNG/Hybrid,3480
2026-06-01,Punjab,MAHINDRA & MAHINDRA LIMITED,Petrol/Diesel/CNG/Hybrid,1786
2026-01-01,Punjab,MAHINDRA & MAHINDRA LIMITED (SWARAJ DIVISION),Petrol/Diesel/CNG/Hybrid,1218
2026-02-01,Punjab,MAHINDRA & MAHINDRA LIMITED (SWARAJ DIVISION),Petrol/Diesel/CNG/Hybrid,1176
2026-03-01,Punjab,MAHINDRA & MAHINDRA LIMITED (SWARAJ DIVISION),Petrol/Diesel/CNG/Hybrid,1183
2026-04-01,Punjab,MAHINDRA & MAHINDRA LIMITED (SWARAJ DIVISION),Petrol/Diesel/CNG/Hybrid,1172
2026-05-01,Punjab,MAHINDRA & MAHINDRA LIMITED (SWARAJ DIVISION),Petrol/Diesel/CNG/Hybrid,938
2026-06-01,Punjab,MAHINDRA & MAHINDRA LIMITED (SWARAJ DIVISION),Petrol/Diesel/CNG/Hybrid,828
2026-01-01,Punjab,MAHINDRA & MAHINDRA LIMITED (TRACTOR),Petrol/Diesel/CNG/Hybrid,908
2026-02-01,Punjab,MAHINDRA & MAHINDRA LIMITED (TRACTOR),Petrol/Diesel/CNG/Hybrid,1022
2026-03-01,Punjab,MAHINDRA & MAHINDRA LIMITED (TRACTOR),Petrol/Diesel/CNG/Hybrid,994
2026-04-01,Punjab,MAHINDRA & MAHINDRA LIMITED (TRACTOR),Petrol/Diesel/CNG/Hybrid,860
2026-05-01,Punjab,MAHINDRA & MAHINDRA LIMITED (TRACTOR),Petrol/Diesel/CNG/Hybrid,778
2026-06-01,Punjab,MAHINDRA & MAHINDRA LIMITED (TRACTOR),Petrol/Diesel/CNG/Hybrid,590
2026-03-01,Punjab,MAHINDRA & MAHINDRA LTD FARM MACHINERY DIVISION,Petrol/Diesel/CNG/Hybrid,1
2026-01-01,Punjab,MARUTI SUZUKI INDIA LTD,Petrol/Diesel/CNG/Hybrid,6900
2026-02-01,Punjab,MARUTI SUZUKI INDIA LTD,Petrol/Diesel/CNG/Hybrid,5138
2026-03-01,Punjab,MARUTI SUZUKI INDIA LTD,Petrol/Diesel/CNG/Hybrid,4982
2026-04-01,Punjab,MARUTI SUZUKI INDIA LTD,Petrol/Diesel/CNG/Hybrid,4863
2026-05-01,Punjab,MARUTI SUZUKI INDIA LTD,Petrol/Diesel/CNG/Hybrid,4603
2026-06-01,Punjab,MARUTI SUZUKI INDIA LTD,Petrol/Diesel/CNG/Hybrid,2878
2026-01-01,Punjab,MERCEDES-BENZ AG,Petrol/Diesel/CNG/Hybrid,1
2026-02-01,Punjab,MERCEDES-BENZ AG,Petrol/Diesel/CNG/Hybrid,2
2026-03-01,Punjab,MERCEDES-BENZ AG,Petrol/Diesel/CNG/Hybrid,2
2026-04-01,Punjab,MERCEDES-BENZ AG,Petrol/Diesel/CNG/Hybrid,3
2026-06-01,Punjab,MERCEDES-BENZ AG,Petrol/Diesel/CNG/Hybrid,1
2026-01-01,Punjab,MERCEDES-BENZ INDIA PVT LTD,Petrol/Diesel/CNG/Hybrid,29
2026-02-01,Punjab,MERCEDES-BENZ INDIA PVT LTD,Petrol/Diesel/CNG/Hybrid,34
2026-03-01,Punjab,MERCEDES-BENZ INDIA PVT LTD,Petrol/Diesel/CNG/Hybrid,30
2026-04-01,Punjab,MERCEDES-BENZ INDIA PVT LTD,Petrol/Diesel/CNG/Hybrid,26
2026-05-01,Punjab,MERCEDES-BENZ INDIA PVT LTD,Petrol/Diesel/CNG/Hybrid,25
2026-06-01,Punjab,MERCEDES-BENZ INDIA PVT LTD,Petrol/Diesel/CNG/Hybrid,18
2026-01-01,Punjab,NISSAN MOTOR INDIA PVT LTD,Petrol/Diesel/CNG/Hybrid,61
2026-02-01,Punjab,NISSAN MOTOR INDIA PVT LTD,Petrol/Diesel/CNG/Hybrid,62
2026-03-01,Punjab,NISSAN MOTOR INDIA PVT LTD,Petrol/Diesel/CNG/Hybrid,78
2026-04-01,Punjab,NISSAN MOTOR INDIA PVT LTD,Petrol/Diesel/CNG/Hybrid,93
2026-05-01,Punjab,NISSAN MOTOR INDIA PVT LTD,Petrol/Diesel/CNG/Hybrid,70
2026-06-01,Punjab,NISSAN MOTOR INDIA PVT LTD,Petrol/Diesel/CNG/Hybrid,47
2026-03-01,Punjab,POLARIS INDIA PVT LTD,Petrol/Diesel/CNG/Hybrid,2
2026-01-01,Punjab,PORSCHE AG GERMANY,Petrol/Diesel/CNG/Hybrid,3
2026-02-01,Punjab,PORSCHE AG GERMANY,Petrol/Diesel/CNG/Hybrid,1
2026-03-01,Punjab,PORSCHE AG GERMANY,Petrol/Diesel/CNG/Hybrid,2
2026-05-01,Punjab,PORSCHE AG GERMANY,Petrol/Diesel/CNG/Hybrid,1
2026-01-01,Punjab,PREET TRACTORS PVT LTD,Petrol/Diesel/CNG/Hybrid,42
2026-02-01,Punjab,PREET TRACTORS PVT LTD,Petrol/Diesel/CNG/Hybrid,47
2026-03-01,Punjab,PREET TRACTORS PVT LTD,Petrol/Diesel/CNG/Hybrid,79
2026-04-01,Punjab,PREET TRACTORS PVT LTD,Petrol/Diesel/CNG/Hybrid,59
2026-05-01,Punjab,PREET TRACTORS PVT LTD,Petrol/Diesel/CNG/Hybrid,43
2026-06-01,Punjab,PREET TRACTORS PVT LTD,Petrol/Diesel/CNG/Hybrid,28
2026-01-01,Punjab,RENAULT INDIA PVT LTD,Petrol/Diesel/CNG/Hybrid,47
2026-02-01,Punjab,RENAULT INDIA PVT LTD,Petrol/Diesel/CNG/Hybrid,42
2026-03-01,Punjab,RENAULT INDIA PVT LTD,Petrol/Diesel/CNG/Hybrid,30
2026-04-01,Punjab,RENAULT INDIA PVT LTD,Petrol/Diesel/CNG/Hybrid,37
2026-05-01,Punjab,RENAULT INDIA PVT LTD,Petrol/Diesel/CNG/Hybrid,38
2026-06-01,Punjab,RENAULT INDIA PVT LTD,Petrol/Diesel/CNG/Hybrid,13
2026-02-01,Punjab,ROYCE EV PVT LTD,Petrol/Diesel/CNG/Hybrid,1
2026-01-01,Punjab,SAME DEUTZ-FAHR INDIA (P) LTD,Petrol/Diesel/CNG/Hybrid,3
2026-02-01,Punjab,SAME DEUTZ-FAHR INDIA (P) LTD,Petrol/Diesel/CNG/Hybrid,5
2026-03-01,Punjab,SAME DEUTZ-FAHR INDIA (P) LTD,Petrol/Diesel/CNG/Hybrid,4
2026-04-01,Punjab,SAME DEUTZ-FAHR INDIA (P) LTD,Petrol/Diesel/CNG/Hybrid,11
2026-05-01,Punjab,SAME DEUTZ-FAHR INDIA (P) LTD,Petrol/Diesel/CNG/Hybrid,8
2026-06-01,Punjab,SAME DEUTZ-FAHR INDIA (P) LTD,Petrol/Diesel/CNG/Hybrid,7
2026-01-01,Punjab,SKODA AUTO VOLKSWAGEN INDIA PVT LTD,Petrol/Diesel/CNG/Hybrid,405
2026-02-01,Punjab,SKODA AUTO VOLKSWAGEN INDIA PVT LTD,Petrol/Diesel/CNG/Hybrid,308
2026-03-01,Punjab,SKODA AUTO VOLKSWAGEN INDIA PVT LTD,Petrol/Diesel/CNG/Hybrid,283
2026-04-01,Punjab,SKODA AUTO VOLKSWAGEN INDIA PVT LTD,Petrol/Diesel/CNG/Hybrid,265
2026-05-01,Punjab,SKODA AUTO VOLKSWAGEN INDIA PVT LTD,Petrol/Diesel/CNG/Hybrid,230
2026-06-01,Punjab,SKODA AUTO VOLKSWAGEN INDIA PVT LTD,Petrol/Diesel/CNG/Hybrid,127
2026-01-01,Punjab,STANDARD CORPORATION INDIA LTD,Petrol/Diesel/CNG/Hybrid,3
2026-02-01,Punjab,STANDARD CORPORATION INDIA LTD,Petrol/Diesel/CNG/Hybrid,7
2026-03-01,Punjab,STANDARD CORPORATION INDIA LTD,Petrol/Diesel/CNG/Hybrid,11
2026-04-01,Punjab,STANDARD CORPORATION INDIA LTD,Petrol/Diesel/CNG/Hybrid,7
2026-05-01,Punjab,STANDARD CORPORATION INDIA LTD,Petrol/Diesel/CNG/Hybrid,1
2026-06-01,Punjab,STANDARD CORPORATION INDIA LTD,Petrol/Diesel/CNG/Hybrid,1
2026-01-01,Punjab,STELLANTIS AUTOMOBILES INDIA PVT LTD,Petrol/Diesel/CNG/Hybrid,42
2026-02-01,Punjab,STELLANTIS AUTOMOBILES INDIA PVT LTD,Petrol/Diesel/CNG/Hybrid,26
2026-03-01,Punjab,STELLANTIS AUTOMOBILES INDIA PVT LTD,Petrol/Diesel/CNG/Hybrid,26
2026-04-01,Punjab,STELLANTIS AUTOMOBILES INDIA PVT LTD,Petrol/Diesel/CNG/Hybrid,18
2026-05-01,Punjab,STELLANTIS AUTOMOBILES INDIA PVT LTD,Petrol/Diesel/CNG/Hybrid,15
2026-06-01,Punjab,STELLANTIS AUTOMOBILES INDIA PVT LTD,Petrol/Diesel/CNG/Hybrid,11
2026-01-01,Punjab,STELLANTIS INDIA PVT LTD,Petrol/Diesel/CNG/Hybrid,10
2026-02-01,Punjab,STELLANTIS INDIA PVT LTD,Petrol/Diesel/CNG/Hybrid,9
2026-03-01,Punjab,STELLANTIS INDIA PVT LTD,Petrol/Diesel/CNG/Hybrid,10
2026-04-01,Punjab,STELLANTIS INDIA PVT LTD,Petrol/Diesel/CNG/Hybrid,11
2026-05-01,Punjab,STELLANTIS INDIA PVT LTD,Petrol/Diesel/CNG/Hybrid,7
2026-06-01,Punjab,STELLANTIS INDIA PVT LTD,Petrol/Diesel/CNG/Hybrid,10
2026-01-01,Punjab,TAFE LIMITED,Petrol/Diesel/CNG/Hybrid,96
2026-02-01,Punjab,TAFE LIMITED,Petrol/Diesel/CNG/Hybrid,109
2026-03-01,Punjab,TAFE LIMITED,Petrol/Diesel/CNG/Hybrid,117
2026-04-01,Punjab,TAFE LIMITED,Petrol/Diesel/CNG/Hybrid,95
2026-05-01,Punjab,TAFE LIMITED,Petrol/Diesel/CNG/Hybrid,135
2026-06-01,Punjab,TAFE LIMITED,Petrol/Diesel/CNG/Hybrid,67
2026-02-01,Punjab,TATA MOTORS LTD,Petrol/Diesel/CNG/Hybrid,3
2026-03-01,Punjab,TATA MOTORS LTD,Petrol/Diesel/CNG/Hybrid,1
2026-01-01,Punjab,TATA MOTORS PASSENGER VEHICLES LTD,Petrol/Diesel/CNG/Hybrid,1103
2026-02-01,Punjab,TATA MOTORS PASSENGER VEHICLES LTD,Petrol/Diesel/CNG/Hybrid,1140
2026-03-01,Punjab,TATA MOTORS PASSENGER VEHICLES LTD,Petrol/Diesel/CNG/Hybrid,1106
2026-04-01,Punjab,TATA MOTORS PASSENGER VEHICLES LTD,Petrol/Diesel/CNG/Hybrid,986
2026-05-01,Punjab,TATA MOTORS PASSENGER VEHICLES LTD,Petrol/Diesel/CNG/Hybrid,733
2026-06-01,Punjab,TATA MOTORS PASSENGER VEHICLES LTD,Petrol/Diesel/CNG/Hybrid,363
2026-01-01,Punjab,TATA PASSENGER ELECTRIC MOBILITY LTD,Petrol/Diesel/CNG/Hybrid,2
2026-02-01,Punjab,TATA PASSENGER ELECTRIC MOBILITY LTD,Petrol/Diesel/CNG/Hybrid,2
2026-06-01,Punjab,TATA PASSENGER ELECTRIC MOBILITY LTD,Petrol/Diesel/CNG/Hybrid,1
2026-02-01,Punjab,TIRTH AGRO TECHNOLOGY PVT LTD,Petrol/Diesel/CNG/Hybrid,2
2026-03-01,Punjab,TIRTH AGRO TECHNOLOGY PVT LTD,Petrol/Diesel/CNG/Hybrid,1
2026-04-01,Punjab,TIRTH AGRO TECHNOLOGY PVT LTD,Petrol/Diesel/CNG/Hybrid,4
2026-05-01,Punjab,TIRTH AGRO TECHNOLOGY PVT LTD,Petrol/Diesel/CNG/Hybrid,1
2026-06-01,Punjab,TIRTH AGRO TECHNOLOGY PVT LTD,Petrol/Diesel/CNG/Hybrid,1
2026-01-01,Punjab,TOYOTA KIRLOSKAR MOTOR PVT LTD,Petrol/Diesel/CNG/Hybrid,1986
2026-02-01,Punjab,TOYOTA KIRLOSKAR MOTOR PVT LTD,Petrol/Diesel/CNG/Hybrid,1648
2026-03-01,Punjab,TOYOTA KIRLOSKAR MOTOR PVT LTD,Petrol/Diesel/CNG/Hybrid,1427
2026-04-01,Punjab,TOYOTA KIRLOSKAR MOTOR PVT LTD,Petrol/Diesel/CNG/Hybrid,1505
2026-05-01,Punjab,TOYOTA KIRLOSKAR MOTOR PVT LTD,Petrol/Diesel/CNG/Hybrid,1450
2026-06-01,Punjab,TOYOTA KIRLOSKAR MOTOR PVT LTD,Petrol/Diesel/CNG/Hybrid,851
2026-05-01,Punjab,V.S.T. TILLERS TRACTORS LIMITED,Petrol/Diesel/CNG/Hybrid,1
2026-01-01,Punjab,VOLKSWAGEN AG,Petrol/Diesel/CNG/Hybrid,1
2026-02-01,Punjab,VOLKSWAGEN AG,Petrol/Diesel/CNG/Hybrid,1
2026-05-01,Punjab,VOLKSWAGEN AG,Petrol/Diesel/CNG/Hybrid,1
2026-06-01,Punjab,VOLKSWAGEN AG,Petrol/Diesel/CNG/Hybrid,1
2026-01-01,Punjab,VOLVO AUTO INDIA PVT LTD,Petrol/Diesel/CNG/Hybrid,2
2026-02-01,Punjab,VOLVO AUTO INDIA PVT LTD,Petrol/Diesel/CNG/Hybrid,2
2026-03-01,Punjab,VOLVO AUTO INDIA PVT LTD,Petrol/Diesel/CNG/Hybrid,2
2026-04-01,Punjab,VOLVO AUTO INDIA PVT LTD,Petrol/Diesel/CNG/Hybrid,3
2026-05-01,Punjab,VOLVO AUTO INDIA PVT LTD,Petrol/Diesel/CNG/Hybrid,1
2026-06-01,Punjab,VOLVO AUTO INDIA PVT LTD,Petrol/Diesel/CNG/Hybrid,1
2026-01-01,Rajasthan,ACTION CONSTRUCTION EQUIPMENT LTD,Petrol/Diesel/CNG/Hybrid,1
2026-02-01,Rajasthan,ACTION CONSTRUCTION EQUIPMENT LTD,Petrol/Diesel/CNG/Hybrid,2
2026-03-01,Rajasthan,ACTION CONSTRUCTION EQUIPMENT LTD,Petrol/Diesel/CNG/Hybrid,9
2026-04-01,Rajasthan,ACTION CONSTRUCTION EQUIPMENT LTD,Petrol/Diesel/CNG/Hybrid,11
2026-05-01,Rajasthan,ACTION CONSTRUCTION EQUIPMENT LTD,Petrol/Diesel/CNG/Hybrid,4
2026-06-01,Rajasthan,ACTION CONSTRUCTION EQUIPMENT LTD,Petrol/Diesel/CNG/Hybrid,4
2026-01-01,Rajasthan,ADICO ESCORTS AGRI EQUIPMENTS PVT. LTD,Petrol/Diesel/CNG/Hybrid,1
2026-02-01,Rajasthan,ADICO ESCORTS AGRI EQUIPMENTS PVT. LTD,Petrol/Diesel/CNG/Hybrid,2
2026-03-01,Rajasthan,ADICO ESCORTS AGRI EQUIPMENTS PVT. LTD,Petrol/Diesel/CNG/Hybrid,5
2026-05-01,Rajasthan,ADICO ESCORTS AGRI EQUIPMENTS PVT. LTD,Petrol/Diesel/CNG/Hybrid,1
2026-02-01,Rajasthan,AGRI KING TRACTORS & EQUIPMENTS PVT LTD,Petrol/Diesel/CNG/Hybrid,1
2026-03-01,Rajasthan,AGRI KING TRACTORS & EQUIPMENTS PVT LTD,Petrol/Diesel/CNG/Hybrid,1
2026-05-01,Rajasthan,AGRI KING TRACTORS & EQUIPMENTS PVT LTD,Petrol/Diesel/CNG/Hybrid,2
2026-06-01,Rajasthan,AGRI KING TRACTORS & EQUIPMENTS PVT LTD,Petrol/Diesel/CNG/Hybrid,3
2026-02-01,Rajasthan,ASHOK LEYLAND LTD,Petrol/Diesel/CNG/Hybrid,2
2026-03-01,Rajasthan,ASHOK LEYLAND LTD,Petrol/Diesel/CNG/Hybrid,3
2026-05-01,Rajasthan,ASHOK LEYLAND LTD,Petrol/Diesel/CNG/Hybrid,3
2026-06-01,Rajasthan,ASHOK LEYLAND LTD,Petrol/Diesel/CNG/Hybrid,2
2026-01-01,Rajasthan,AUDI AG,Petrol/Diesel/CNG/Hybrid,1
2026-01-01,Rajasthan,BMW INDIA PVT LTD,Petrol/Diesel/CNG/Hybrid,36
2026-02-01,Rajasthan,BMW INDIA PVT LTD,Petrol/Diesel/CNG/Hybrid,15
2026-03-01,Rajasthan,BMW INDIA PVT LTD,Petrol/Diesel/CNG/Hybrid,24
2026-04-01,Rajasthan,BMW INDIA PVT LTD,Petrol/Diesel/CNG/Hybrid,18
2026-05-01,Rajasthan,BMW INDIA PVT LTD,Petrol/Diesel/CNG/Hybrid,24
2026-06-01,Rajasthan,BMW INDIA PVT LTD,Petrol/Diesel/CNG/Hybrid,9
2026-04-01,Rajasthan,BYD INDIA PRIVATE LIMITED,Petrol/Diesel/CNG/Hybrid,1
2026-02-01,Rajasthan,CAPTAIN TRACTORS PVT. LTD,Petrol/Diesel/CNG/Hybrid,1
2026-02-01,Rajasthan,CASE NEW HOLLAND CONSTRUCTION EQUIPMENT(I) PVT LTD,Petrol/Diesel/CNG/Hybrid,1
2026-01-01,Rajasthan,CNH INDUSTRIAL (INDIA) PVT LTD,Petrol/Diesel/CNG/Hybrid,290
2026-02-01,Rajasthan,CNH INDUSTRIAL (INDIA) PVT LTD,Petrol/Diesel/CNG/Hybrid,217
2026-03-01,Rajasthan,CNH INDUSTRIAL (INDIA) PVT LTD,Petrol/Diesel/CNG/Hybrid,219
2026-04-01,Rajasthan,CNH INDUSTRIAL (INDIA) PVT LTD,Petrol/Diesel/CNG/Hybrid,309
2026-05-01,Rajasthan,CNH INDUSTRIAL (INDIA) PVT LTD,Petrol/Diesel/CNG/Hybrid,368
2026-06-01,Rajasthan,CNH INDUSTRIAL (INDIA) PVT LTD,Petrol/Diesel/CNG/Hybrid,176
2026-01-01,Rajasthan,EICHER TRACTORS,Petrol/Diesel/CNG/Hybrid,331
2026-02-01,Rajasthan,EICHER TRACTORS,Petrol/Diesel/CNG/Hybrid,288
2026-03-01,Rajasthan,EICHER TRACTORS,Petrol/Diesel/CNG/Hybrid,332
2026-04-01,Rajasthan,EICHER TRACTORS,Petrol/Diesel/CNG/Hybrid,194
2026-05-01,Rajasthan,EICHER TRACTORS,Petrol/Diesel/CNG/Hybrid,319
2026-06-01,Rajasthan,EICHER TRACTORS,Petrol/Diesel/CNG/Hybrid,175
2026-01-01,Rajasthan,ESCORTS KUBOTA LIMITED (AGRI MACHINERY GROUP),Petrol/Diesel/CNG/Hybrid,1924
2026-02-01,Rajasthan,ESCORTS KUBOTA LIMITED (AGRI MACHINERY GROUP),Petrol/Diesel/CNG/Hybrid,1581
2026-03-01,Rajasthan,ESCORTS KUBOTA LIMITED (AGRI MACHINERY GROUP),Petrol/Diesel/CNG/Hybrid,1668
2026-04-01,Rajasthan,ESCORTS KUBOTA LIMITED (AGRI MACHINERY GROUP),Petrol/Diesel/CNG/Hybrid,1798
2026-05-01,Rajasthan,ESCORTS KUBOTA LIMITED (AGRI MACHINERY GROUP),Petrol/Diesel/CNG/Hybrid,2104
2026-06-01,Rajasthan,ESCORTS KUBOTA LIMITED (AGRI MACHINERY GROUP),Petrol/Diesel/CNG/Hybrid,1442
2026-03-01,Rajasthan,ESCORTS TRACTORS LTD,Petrol/Diesel/CNG/Hybrid,1
2026-05-01,Rajasthan,ESCORTS TRACTORS LTD,Petrol/Diesel/CNG/Hybrid,2
2026-01-01,Rajasthan,FORCE MOTORS LIMITED,Petrol/Diesel/CNG/Hybrid,2
2026-02-01,Rajasthan,FORCE MOTORS LIMITED,Petrol/Diesel/CNG/Hybrid,3
2026-03-01,Rajasthan,FORCE MOTORS LIMITED,Petrol/Diesel/CNG/Hybrid,2
2026-04-01,Rajasthan,FORCE MOTORS LIMITED,Petrol/Diesel/CNG/Hybrid,1
2026-05-01,Rajasthan,FORCE MOTORS LIMITED,Petrol/Diesel/CNG/Hybrid,1
2026-06-01,Rajasthan,FORCE MOTORS LIMITED,Petrol/Diesel/CNG/Hybrid,2
2026-06-01,Rajasthan,FORD USA MILITARY BANTAM,Petrol/Diesel/CNG/Hybrid,1
2026-01-01,Rajasthan,GROMAX AGRI EQUIPMENT LTD,Petrol/Diesel/CNG/Hybrid,24
2026-02-01,Rajasthan,GROMAX AGRI EQUIPMENT LTD,Petrol/Diesel/CNG/Hybrid,37
2026-03-01,Rajasthan,GROMAX AGRI EQUIPMENT LTD,Petrol/Diesel/CNG/Hybrid,61
2026-04-01,Rajasthan,GROMAX AGRI EQUIPMENT LTD,Petrol/Diesel/CNG/Hybrid,6
2026-05-01,Rajasthan,GROMAX AGRI EQUIPMENT LTD,Petrol/Diesel/CNG/Hybrid,3
2026-06-01,Rajasthan,GROMAX AGRI EQUIPMENT LTD,Petrol/Diesel/CNG/Hybrid,2
2026-01-01,Rajasthan,HONDA CARS INDIA LTD,Petrol/Diesel/CNG/Hybrid,118
2026-02-01,Rajasthan,HONDA CARS INDIA LTD,Petrol/Diesel/CNG/Hybrid,96
2026-03-01,Rajasthan,HONDA CARS INDIA LTD,Petrol/Diesel/CNG/Hybrid,134
2026-04-01,Rajasthan,HONDA CARS INDIA LTD,Petrol/Diesel/CNG/Hybrid,141
2026-05-01,Rajasthan,HONDA CARS INDIA LTD,Petrol/Diesel/CNG/Hybrid,94
2026-06-01,Rajasthan,HONDA CARS INDIA LTD,Petrol/Diesel/CNG/Hybrid,46
2026-01-01,Rajasthan,HYUNDAI MOTOR INDIA LTD,Petrol/Diesel/CNG/Hybrid,3619
2026-02-01,Rajasthan,HYUNDAI MOTOR INDIA LTD,Petrol/Diesel/CNG/Hybrid,2412
2026-03-01,Rajasthan,HYUNDAI MOTOR INDIA LTD,Petrol/Diesel/CNG/Hybrid,2625
2026-04-01,Rajasthan,HYUNDAI MOTOR INDIA LTD,Petrol/Diesel/CNG/Hybrid,2528
2026-05-01,Rajasthan,HYUNDAI MOTOR INDIA LTD,Petrol/Diesel/CNG/Hybrid,2316
2026-06-01,Rajasthan,HYUNDAI MOTOR INDIA LTD,Petrol/Diesel/CNG/Hybrid,988
2026-01-01,Rajasthan,INDO FARM EQUIPMENT LIMITED,Petrol/Diesel/CNG/Hybrid,26
2026-02-01,Rajasthan,INDO FARM EQUIPMENT LIMITED,Petrol/Diesel/CNG/Hybrid,13
2026-03-01,Rajasthan,INDO FARM EQUIPMENT LIMITED,Petrol/Diesel/CNG/Hybrid,18
2026-04-01,Rajasthan,INDO FARM EQUIPMENT LIMITED,Petrol/Diesel/CNG/Hybrid,12
2026-05-01,Rajasthan,INDO FARM EQUIPMENT LIMITED,Petrol/Diesel/CNG/Hybrid,7
2026-06-01,Rajasthan,INDO FARM EQUIPMENT LIMITED,Petrol/Diesel/CNG/Hybrid,15
2026-01-01,Rajasthan,INTERNATIONAL TRACTORS LIMITED,Petrol/Diesel/CNG/Hybrid,884
2026-02-01,Rajasthan,INTERNATIONAL TRACTORS LIMITED,Petrol/Diesel/CNG/Hybrid,798
2026-03-01,Rajasthan,INTERNATIONAL TRACTORS LIMITED,Petrol/Diesel/CNG/Hybrid,725
2026-04-01,Rajasthan,INTERNATIONAL TRACTORS LIMITED,Petrol/Diesel/CNG/Hybrid,667
2026-05-01,Rajasthan,INTERNATIONAL TRACTORS LIMITED,Petrol/Diesel/CNG/Hybrid,812
2026-06-01,Rajasthan,INTERNATIONAL TRACTORS LIMITED,Petrol/Diesel/CNG/Hybrid,441
2026-01-01,Rajasthan,ISUZU MOTORS INDIA PVT LTD,Petrol/Diesel/CNG/Hybrid,1
2026-02-01,Rajasthan,ISUZU MOTORS INDIA PVT LTD,Petrol/Diesel/CNG/Hybrid,1
2026-04-01,Rajasthan,ISUZU MOTORS INDIA PVT LTD,Petrol/Diesel/CNG/Hybrid,1
2026-06-01,Rajasthan,ISUZU MOTORS INDIA PVT LTD,Petrol/Diesel/CNG/Hybrid,2
2026-01-01,Rajasthan,JAGUAR LAND ROVER INDIA LIMITED,Petrol/Diesel/CNG/Hybrid,25
2026-02-01,Rajasthan,JAGUAR LAND ROVER INDIA LIMITED,Petrol/Diesel/CNG/Hybrid,19
2026-03-01,Rajasthan,JAGUAR LAND ROVER INDIA LIMITED,Petrol/Diesel/CNG/Hybrid,18
2026-04-01,Rajasthan,JAGUAR LAND ROVER INDIA LIMITED,Petrol/Diesel/CNG/Hybrid,10
2026-05-01,Rajasthan,JAGUAR LAND ROVER INDIA LIMITED,Petrol/Diesel/CNG/Hybrid,9
2026-06-01,Rajasthan,JAGUAR LAND ROVER INDIA LIMITED,Petrol/Diesel/CNG/Hybrid,17
2026-01-01,Rajasthan,JCB INDIA LIMITED,Petrol/Diesel/CNG/Hybrid,5
2026-02-01,Rajasthan,JCB INDIA LIMITED,Petrol/Diesel/CNG/Hybrid,6
2026-03-01,Rajasthan,JCB INDIA LIMITED,Petrol/Diesel/CNG/Hybrid,5
2026-04-01,Rajasthan,JCB INDIA LIMITED,Petrol/Diesel/CNG/Hybrid,12
2026-05-01,Rajasthan,JCB INDIA LIMITED,Petrol/Diesel/CNG/Hybrid,5
2026-06-01,Rajasthan,JCB INDIA LIMITED,Petrol/Diesel/CNG/Hybrid,5
2026-01-01,Rajasthan,JOHN DEERE INDIA PVT LTD(TRACTOR DEVISION),Petrol/Diesel/CNG/Hybrid,457
2026-02-01,Rajasthan,JOHN DEERE INDIA PVT LTD(TRACTOR DEVISION),Petrol/Diesel/CNG/Hybrid,382
2026-03-01,Rajasthan,JOHN DEERE INDIA PVT LTD(TRACTOR DEVISION),Petrol/Diesel/CNG/Hybrid,640
2026-04-01,Rajasthan,JOHN DEERE INDIA PVT LTD(TRACTOR DEVISION),Petrol/Diesel/CNG/Hybrid,410
2026-05-01,Rajasthan,JOHN DEERE INDIA PVT LTD(TRACTOR DEVISION),Petrol/Diesel/CNG/Hybrid,465
2026-06-01,Rajasthan,JOHN DEERE INDIA PVT LTD(TRACTOR DEVISION),Petrol/Diesel/CNG/Hybrid,306
2026-01-01,Rajasthan,JSW MG MOTOR INDIA PVT LTD,Petrol/Diesel/CNG/Hybrid,30
2026-02-01,Rajasthan,JSW MG MOTOR INDIA PVT LTD,Petrol/Diesel/CNG/Hybrid,25
2026-03-01,Rajasthan,JSW MG MOTOR INDIA PVT LTD,Petrol/Diesel/CNG/Hybrid,37
2026-04-01,Rajasthan,JSW MG MOTOR INDIA PVT LTD,Petrol/Diesel/CNG/Hybrid,35
2026-05-01,Rajasthan,JSW MG MOTOR INDIA PVT LTD,Petrol/Diesel/CNG/Hybrid,41
2026-06-01,Rajasthan,JSW MG MOTOR INDIA PVT LTD,Petrol/Diesel/CNG/Hybrid,33
2026-02-01,Rajasthan,KARTAR TRACTORS PRIVATE LIMITED,Petrol/Diesel/CNG/Hybrid,3
2026-04-01,Rajasthan,KARTAR TRACTORS PRIVATE LIMITED,Petrol/Diesel/CNG/Hybrid,2
2026-06-01,Rajasthan,KARTAR TRACTORS PRIVATE LIMITED,Petrol/Diesel/CNG/Hybrid,1
2026-01-01,Rajasthan,KIA INDIA PRIVATE LIMITED,Petrol/Diesel/CNG/Hybrid,1749
2026-02-01,Rajasthan,KIA INDIA PRIVATE LIMITED,Petrol/Diesel/CNG/Hybrid,1463
2026-03-01,Rajasthan,KIA INDIA PRIVATE LIMITED,Petrol/Diesel/CNG/Hybrid,1710
2026-04-01,Rajasthan,KIA INDIA PRIVATE LIMITED,Petrol/Diesel/CNG/Hybrid,1405
2026-05-01,Rajasthan,KIA INDIA PRIVATE LIMITED,Petrol/Diesel/CNG/Hybrid,1216
2026-06-01,Rajasthan,KIA INDIA PRIVATE LIMITED,Petrol/Diesel/CNG/Hybrid,518
2026-01-01,Rajasthan,KUBOTA AGRICULTURAL MACHINERY INDIA PVT.LTD,Petrol/Diesel/CNG/Hybrid,1
2026-02-01,Rajasthan,KUBOTA AGRICULTURAL MACHINERY INDIA PVT.LTD,Petrol/Diesel/CNG/Hybrid,2
2026-03-01,Rajasthan,KUBOTA AGRICULTURAL MACHINERY INDIA PVT.LTD,Petrol/Diesel/CNG/Hybrid,2
2026-04-01,Rajasthan,KUBOTA AGRICULTURAL MACHINERY INDIA PVT.LTD,Petrol/Diesel/CNG/Hybrid,1
2026-05-01,Rajasthan,KUBOTA AGRICULTURAL MACHINERY INDIA PVT.LTD,Petrol/Diesel/CNG/Hybrid,3
2026-01-01,Rajasthan,MAHINDRA & MAHINDRA LIMITED,Petrol/Diesel/CNG/Hybrid,4725
2026-02-01,Rajasthan,MAHINDRA & MAHINDRA LIMITED,Petrol/Diesel/CNG/Hybrid,3502
2026-03-01,Rajasthan,MAHINDRA & MAHINDRA LIMITED,Petrol/Diesel/CNG/Hybrid,3901
2026-04-01,Rajasthan,MAHINDRA & MAHINDRA LIMITED,Petrol/Diesel/CNG/Hybrid,3612
2026-05-01,Rajasthan,MAHINDRA & MAHINDRA LIMITED,Petrol/Diesel/CNG/Hybrid,2918
2026-06-01,Rajasthan,MAHINDRA & MAHINDRA LIMITED,Petrol/Diesel/CNG/Hybrid,1519
2026-01-01,Rajasthan,MAHINDRA & MAHINDRA LIMITED (SWARAJ DIVISION),Petrol/Diesel/CNG/Hybrid,1476
2026-02-01,Rajasthan,MAHINDRA & MAHINDRA LIMITED (SWARAJ DIVISION),Petrol/Diesel/CNG/Hybrid,964
2026-03-01,Rajasthan,MAHINDRA & MAHINDRA LIMITED (SWARAJ DIVISION),Petrol/Diesel/CNG/Hybrid,1186
2026-04-01,Rajasthan,MAHINDRA & MAHINDRA LIMITED (SWARAJ DIVISION),Petrol/Diesel/CNG/Hybrid,924
2026-05-01,Rajasthan,MAHINDRA & MAHINDRA LIMITED (SWARAJ DIVISION),Petrol/Diesel/CNG/Hybrid,1166
2026-06-01,Rajasthan,MAHINDRA & MAHINDRA LIMITED (SWARAJ DIVISION),Petrol/Diesel/CNG/Hybrid,844
2026-01-01,Rajasthan,MAHINDRA & MAHINDRA LIMITED (TRACTOR),Petrol/Diesel/CNG/Hybrid,2450
2026-02-01,Rajasthan,MAHINDRA & MAHINDRA LIMITED (TRACTOR),Petrol/Diesel/CNG/Hybrid,2687
2026-03-01,Rajasthan,MAHINDRA & MAHINDRA LIMITED (TRACTOR),Petrol/Diesel/CNG/Hybrid,3012
2026-04-01,Rajasthan,MAHINDRA & MAHINDRA LIMITED (TRACTOR),Petrol/Diesel/CNG/Hybrid,2010
2026-05-01,Rajasthan,MAHINDRA & MAHINDRA LIMITED (TRACTOR),Petrol/Diesel/CNG/Hybrid,2587
2026-06-01,Rajasthan,MAHINDRA & MAHINDRA LIMITED (TRACTOR),Petrol/Diesel/CNG/Hybrid,1410
2026-03-01,Rajasthan,MAHINDRA & MAHINDRA LTD FARM MACHINERY DIVISION,Petrol/Diesel/CNG/Hybrid,2
2026-04-01,Rajasthan,MAHINDRA & MAHINDRA LTD FARM MACHINERY DIVISION,Petrol/Diesel/CNG/Hybrid,2
2026-05-01,Rajasthan,MAHINDRA & MAHINDRA LTD FARM MACHINERY DIVISION,Petrol/Diesel/CNG/Hybrid,1
2026-06-01,Rajasthan,MAHINDRA & MAHINDRA LTD FARM MACHINERY DIVISION,Petrol/Diesel/CNG/Hybrid,2
2026-01-01,Rajasthan,MARUTI SUZUKI INDIA LTD,Petrol/Diesel/CNG/Hybrid,12610
2026-02-01,Rajasthan,MARUTI SUZUKI INDIA LTD,Petrol/Diesel/CNG/Hybrid,8155
2026-03-01,Rajasthan,MARUTI SUZUKI INDIA LTD,Petrol/Diesel/CNG/Hybrid,9693
2026-04-01,Rajasthan,MARUTI SUZUKI INDIA LTD,Petrol/Diesel/CNG/Hybrid,8912
2026-05-01,Rajasthan,MARUTI SUZUKI INDIA LTD,Petrol/Diesel/CNG/Hybrid,8449
2026-06-01,Rajasthan,MARUTI SUZUKI INDIA LTD,Petrol/Diesel/CNG/Hybrid,3955
2026-05-01,Rajasthan,MERCEDES BENZ,Petrol/Diesel/CNG/Hybrid,1
2026-06-01,Rajasthan,MERCEDES BENZ,Petrol/Diesel/CNG/Hybrid,1
2026-01-01,Rajasthan,MERCEDES-BENZ AG,Petrol/Diesel/CNG/Hybrid,2
2026-02-01,Rajasthan,MERCEDES-BENZ AG,Petrol/Diesel/CNG/Hybrid,3
2026-03-01,Rajasthan,MERCEDES-BENZ AG,Petrol/Diesel/CNG/Hybrid,1
2026-04-01,Rajasthan,MERCEDES-BENZ AG,Petrol/Diesel/CNG/Hybrid,5
2026-05-01,Rajasthan,MERCEDES-BENZ AG,Petrol/Diesel/CNG/Hybrid,3
2026-06-01,Rajasthan,MERCEDES-BENZ AG,Petrol/Diesel/CNG/Hybrid,2
2026-01-01,Rajasthan,MERCEDES-BENZ INDIA PVT LTD,Petrol/Diesel/CNG/Hybrid,47
2026-02-01,Rajasthan,MERCEDES-BENZ INDIA PVT LTD,Petrol/Diesel/CNG/Hybrid,31
2026-03-01,Rajasthan,MERCEDES-BENZ INDIA PVT LTD,Petrol/Diesel/CNG/Hybrid,36
2026-04-01,Rajasthan,MERCEDES-BENZ INDIA PVT LTD,Petrol/Diesel/CNG/Hybrid,37
2026-05-01,Rajasthan,MERCEDES-BENZ INDIA PVT LTD,Petrol/Diesel/CNG/Hybrid,32
2026-06-01,Rajasthan,MERCEDES-BENZ INDIA PVT LTD,Petrol/Diesel/CNG/Hybrid,20
2026-03-01,Rajasthan,NEW HOLLAND FIAT INDIA PVT. LTD,Petrol/Diesel/CNG/Hybrid,1
2026-01-01,Rajasthan,NISSAN MOTOR INDIA PVT LTD,Petrol/Diesel/CNG/Hybrid,103
2026-02-01,Rajasthan,NISSAN MOTOR INDIA PVT LTD,Petrol/Diesel/CNG/Hybrid,85
2026-03-01,Rajasthan,NISSAN MOTOR INDIA PVT LTD,Petrol/Diesel/CNG/Hybrid,122
2026-04-01,Rajasthan,NISSAN MOTOR INDIA PVT LTD,Petrol/Diesel/CNG/Hybrid,155
2026-05-01,Rajasthan,NISSAN MOTOR INDIA PVT LTD,Petrol/Diesel/CNG/Hybrid,110
2026-06-01,Rajasthan,NISSAN MOTOR INDIA PVT LTD,Petrol/Diesel/CNG/Hybrid,60
2026-02-01,Rajasthan,POLARIS INDIA PVT LTD,Petrol/Diesel/CNG/Hybrid,1
2026-05-01,Rajasthan,PORSCHE AG GERMANY,Petrol/Diesel/CNG/Hybrid,1
2026-06-01,Rajasthan,PORSCHE AG GERMANY,Petrol/Diesel/CNG/Hybrid,1
2026-01-01,Rajasthan,POWERLAND AGRO TRACTOR VEHICLES PVT LTD,Petrol/Diesel/CNG/Hybrid,1
2026-01-01,Rajasthan,PREET TRACTORS PVT LTD,Petrol/Diesel/CNG/Hybrid,7
2026-02-01,Rajasthan,PREET TRACTORS PVT LTD,Petrol/Diesel/CNG/Hybrid,15
2026-03-01,Rajasthan,PREET TRACTORS PVT LTD,Petrol/Diesel/CNG/Hybrid,22
2026-04-01,Rajasthan,PREET TRACTORS PVT LTD,Petrol/Diesel/CNG/Hybrid,16
2026-05-01,Rajasthan,PREET TRACTORS PVT LTD,Petrol/Diesel/CNG/Hybrid,4
2026-06-01,Rajasthan,PREET TRACTORS PVT LTD,Petrol/Diesel/CNG/Hybrid,4
2026-01-01,Rajasthan,RENAULT INDIA PVT LTD,Petrol/Diesel/CNG/Hybrid,112
2026-02-01,Rajasthan,RENAULT INDIA PVT LTD,Petrol/Diesel/CNG/Hybrid,96
2026-03-01,Rajasthan,RENAULT INDIA PVT LTD,Petrol/Diesel/CNG/Hybrid,111
2026-04-01,Rajasthan,RENAULT INDIA PVT LTD,Petrol/Diesel/CNG/Hybrid,90
2026-05-01,Rajasthan,RENAULT INDIA PVT LTD,Petrol/Diesel/CNG/Hybrid,95
2026-06-01,Rajasthan,RENAULT INDIA PVT LTD,Petrol/Diesel/CNG/Hybrid,43
2026-03-01,Rajasthan,RK TRACTOR,Petrol/Diesel/CNG/Hybrid,2
2026-05-01,Rajasthan,RK TRACTOR,Petrol/Diesel/CNG/Hybrid,1
2026-01-01,Rajasthan,SAME DEUTZ-FAHR INDIA (P) LTD,Petrol/Diesel/CNG/Hybrid,4
2026-02-01,Rajasthan,SAME DEUTZ-FAHR INDIA (P) LTD,Petrol/Diesel/CNG/Hybrid,1
2026-05-01,Rajasthan,SAME DEUTZ-FAHR INDIA (P) LTD,Petrol/Diesel/CNG/Hybrid,1
2026-06-01,Rajasthan,SAME DEUTZ-FAHR INDIA (P) LTD,Petrol/Diesel/CNG/Hybrid,1
2026-01-01,Rajasthan,SKODA AUTO VOLKSWAGEN INDIA PVT LTD,Petrol/Diesel/CNG/Hybrid,412
2026-02-01,Rajasthan,SKODA AUTO VOLKSWAGEN INDIA PVT LTD,Petrol/Diesel/CNG/Hybrid,277
2026-03-01,Rajasthan,SKODA AUTO VOLKSWAGEN INDIA PVT LTD,Petrol/Diesel/CNG/Hybrid,406
2026-04-01,Rajasthan,SKODA AUTO VOLKSWAGEN INDIA PVT LTD,Petrol/Diesel/CNG/Hybrid,384
2026-05-01,Rajasthan,SKODA AUTO VOLKSWAGEN INDIA PVT LTD,Petrol/Diesel/CNG/Hybrid,294
2026-06-01,Rajasthan,SKODA AUTO VOLKSWAGEN INDIA PVT LTD,Petrol/Diesel/CNG/Hybrid,155
2026-04-01,Rajasthan,SONALIKA INTERNATIONAL TRACTORS LIMITED,Petrol/Diesel/CNG/Hybrid,1
2026-01-01,Rajasthan,STELLANTIS AUTOMOBILES INDIA PVT LTD,Petrol/Diesel/CNG/Hybrid,40
2026-02-01,Rajasthan,STELLANTIS AUTOMOBILES INDIA PVT LTD,Petrol/Diesel/CNG/Hybrid,27
2026-03-01,Rajasthan,STELLANTIS AUTOMOBILES INDIA PVT LTD,Petrol/Diesel/CNG/Hybrid,28
2026-04-01,Rajasthan,STELLANTIS AUTOMOBILES INDIA PVT LTD,Petrol/Diesel/CNG/Hybrid,21
2026-05-01,Rajasthan,STELLANTIS AUTOMOBILES INDIA PVT LTD,Petrol/Diesel/CNG/Hybrid,12
2026-06-01,Rajasthan,STELLANTIS AUTOMOBILES INDIA PVT LTD,Petrol/Diesel/CNG/Hybrid,9
2026-01-01,Rajasthan,STELLANTIS INDIA PVT LTD,Petrol/Diesel/CNG/Hybrid,10
2026-02-01,Rajasthan,STELLANTIS INDIA PVT LTD,Petrol/Diesel/CNG/Hybrid,12
2026-03-01,Rajasthan,STELLANTIS INDIA PVT LTD,Petrol/Diesel/CNG/Hybrid,8
2026-04-01,Rajasthan,STELLANTIS INDIA PVT LTD,Petrol/Diesel/CNG/Hybrid,8
2026-05-01,Rajasthan,STELLANTIS INDIA PVT LTD,Petrol/Diesel/CNG/Hybrid,14
2026-06-01,Rajasthan,STELLANTIS INDIA PVT LTD,Petrol/Diesel/CNG/Hybrid,4
2026-01-01,Rajasthan,TAFE LIMITED,Petrol/Diesel/CNG/Hybrid,5949
2026-02-01,Rajasthan,TAFE LIMITED,Petrol/Diesel/CNG/Hybrid,4071
2026-03-01,Rajasthan,TAFE LIMITED,Petrol/Diesel/CNG/Hybrid,4480
2026-04-01,Rajasthan,TAFE LIMITED,Petrol/Diesel/CNG/Hybrid,4915
2026-05-01,Rajasthan,TAFE LIMITED,Petrol/Diesel/CNG/Hybrid,6223
2026-06-01,Rajasthan,TAFE LIMITED,Petrol/Diesel/CNG/Hybrid,4209
2026-02-01,Rajasthan,TATA MOTORS LTD,Petrol/Diesel/CNG/Hybrid,3
2026-03-01,Rajasthan,TATA MOTORS LTD,Petrol/Diesel/CNG/Hybrid,1
2026-04-01,Rajasthan,TATA MOTORS LTD,Petrol/Diesel/CNG/Hybrid,2
2026-06-01,Rajasthan,TATA MOTORS LTD,Petrol/Diesel/CNG/Hybrid,1
2026-01-01,Rajasthan,TATA MOTORS PASSENGER VEHICLES LTD,Petrol/Diesel/CNG/Hybrid,3569
2026-02-01,Rajasthan,TATA MOTORS PASSENGER VEHICLES LTD,Petrol/Diesel/CNG/Hybrid,3154
2026-03-01,Rajasthan,TATA MOTORS PASSENGER VEHICLES LTD,Petrol/Diesel/CNG/Hybrid,3427
2026-04-01,Rajasthan,TATA MOTORS PASSENGER VEHICLES LTD,Petrol/Diesel/CNG/Hybrid,2662
2026-05-01,Rajasthan,TATA MOTORS PASSENGER VEHICLES LTD,Petrol/Diesel/CNG/Hybrid,2159
2026-06-01,Rajasthan,TATA MOTORS PASSENGER VEHICLES LTD,Petrol/Diesel/CNG/Hybrid,864
2026-01-01,Rajasthan,TATA PASSENGER ELECTRIC MOBILITY LTD,Petrol/Diesel/CNG/Hybrid,3
2026-06-01,Rajasthan,TATA PASSENGER ELECTRIC MOBILITY LTD,Petrol/Diesel/CNG/Hybrid,2
2026-02-01,Rajasthan,TIRTH AGRO TECHNOLOGY PVT LTD,Petrol/Diesel/CNG/Hybrid,1
2026-01-01,Rajasthan,TOYOTA KIRLOSKAR MOTOR PVT LTD,Petrol/Diesel/CNG/Hybrid,1213
2026-02-01,Rajasthan,TOYOTA KIRLOSKAR MOTOR PVT LTD,Petrol/Diesel/CNG/Hybrid,831
2026-03-01,Rajasthan,TOYOTA KIRLOSKAR MOTOR PVT LTD,Petrol/Diesel/CNG/Hybrid,955
2026-04-01,Rajasthan,TOYOTA KIRLOSKAR MOTOR PVT LTD,Petrol/Diesel/CNG/Hybrid,858
2026-05-01,Rajasthan,TOYOTA KIRLOSKAR MOTOR PVT LTD,Petrol/Diesel/CNG/Hybrid,777
2026-06-01,Rajasthan,TOYOTA KIRLOSKAR MOTOR PVT LTD,Petrol/Diesel/CNG/Hybrid,387
2026-02-01,Rajasthan,V.S.T. TILLERS TRACTORS LIMITED,Petrol/Diesel/CNG/Hybrid,2
2026-03-01,Rajasthan,V.S.T. TILLERS TRACTORS LIMITED,Petrol/Diesel/CNG/Hybrid,16
2026-04-01,Rajasthan,V.S.T. TILLERS TRACTORS LIMITED,Petrol/Diesel/CNG/Hybrid,1
2026-05-01,Rajasthan,V.S.T. TILLERS TRACTORS LIMITED,Petrol/Diesel/CNG/Hybrid,1
2026-06-01,Rajasthan,V.S.T. TILLERS TRACTORS LIMITED,Petrol/Diesel/CNG/Hybrid,5
2026-01-01,Rajasthan,VOLKSWAGEN AG,Petrol/Diesel/CNG/Hybrid,3
2026-01-01,Rajasthan,VOLVO AUTO INDIA PVT LTD,Petrol/Diesel/CNG/Hybrid,5
2026-02-01,Rajasthan,VOLVO AUTO INDIA PVT LTD,Petrol/Diesel/CNG/Hybrid,7
2026-03-01,Rajasthan,VOLVO AUTO INDIA PVT LTD,Petrol/Diesel/CNG/Hybrid,6
2026-04-01,Rajasthan,VOLVO AUTO INDIA PVT LTD,Petrol/Diesel/CNG/Hybrid,1
2026-05-01,Rajasthan,VOLVO AUTO INDIA PVT LTD,Petrol/Diesel/CNG/Hybrid,5
2026-06-01,Rajasthan,VOLVO AUTO INDIA PVT LTD,Petrol/Diesel/CNG/Hybrid,1
2026-01-01,Rajasthan,VST ZETOR PVT LTD,Petrol/Diesel/CNG/Hybrid,3
2026-02-01,Rajasthan,VST ZETOR PVT LTD,Petrol/Diesel/CNG/Hybrid,5
2026-03-01,Rajasthan,VST ZETOR PVT LTD,Petrol/Diesel/CNG/Hybrid,18
2026-04-01,Rajasthan,VST ZETOR PVT LTD,Petrol/Diesel/CNG/Hybrid,9
2026-05-01,Rajasthan,VST ZETOR PVT LTD,Petrol/Diesel/CNG/Hybrid,2
2026-06-01,Rajasthan,VST ZETOR PVT LTD,Petrol/Diesel/CNG/Hybrid,6
2026-01-01,Sikkim,FORCE MOTORS LIMITED,Petrol/Diesel/CNG/Hybrid,1
2026-02-01,Sikkim,FORCE MOTORS LIMITED,Petrol/Diesel/CNG/Hybrid,1
2026-05-01,Sikkim,GENERAL MOTORS LLC,Petrol/Diesel/CNG/Hybrid,1
2026-01-01,Sikkim,HONDA CARS INDIA LTD,Petrol/Diesel/CNG/Hybrid,1
2026-01-01,Sikkim,HYUNDAI MOTOR INDIA LTD,Petrol/Diesel/CNG/Hybrid,57
2026-02-01,Sikkim,HYUNDAI MOTOR INDIA LTD,Petrol/Diesel/CNG/Hybrid,53
2026-03-01,Sikkim,HYUNDAI MOTOR INDIA LTD,Petrol/Diesel/CNG/Hybrid,48
2026-04-01,Sikkim,HYUNDAI MOTOR INDIA LTD,Petrol/Diesel/CNG/Hybrid,55
2026-05-01,Sikkim,HYUNDAI MOTOR INDIA LTD,Petrol/Diesel/CNG/Hybrid,55
2026-06-01,Sikkim,HYUNDAI MOTOR INDIA LTD,Petrol/Diesel/CNG/Hybrid,33
2026-01-01,Sikkim,ISUZU MOTORS INDIA PVT LTD,Petrol/Diesel/CNG/Hybrid,1
2026-05-01,Sikkim,ISUZU MOTORS INDIA PVT LTD,Petrol/Diesel/CNG/Hybrid,1
2026-04-01,Sikkim,JAGUAR LAND ROVER INDIA LIMITED,Petrol/Diesel/CNG/Hybrid,1
2026-01-01,Sikkim,JSW MG MOTOR INDIA PVT LTD,Petrol/Diesel/CNG/Hybrid,1
2026-02-01,Sikkim,JSW MG MOTOR INDIA PVT LTD,Petrol/Diesel/CNG/Hybrid,1
2026-01-01,Sikkim,KIA INDIA PRIVATE LIMITED,Petrol/Diesel/CNG/Hybrid,8
2026-02-01,Sikkim,KIA INDIA PRIVATE LIMITED,Petrol/Diesel/CNG/Hybrid,2
2026-03-01,Sikkim,KIA INDIA PRIVATE LIMITED,Petrol/Diesel/CNG/Hybrid,8
2026-04-01,Sikkim,KIA INDIA PRIVATE LIMITED,Petrol/Diesel/CNG/Hybrid,8
2026-05-01,Sikkim,KIA INDIA PRIVATE LIMITED,Petrol/Diesel/CNG/Hybrid,7
2026-06-01,Sikkim,KIA INDIA PRIVATE LIMITED,Petrol/Diesel/CNG/Hybrid,9
2026-01-01,Sikkim,MAHINDRA & MAHINDRA LIMITED,Petrol/Diesel/CNG/Hybrid,191
2026-02-01,Sikkim,MAHINDRA & MAHINDRA LIMITED,Petrol/Diesel/CNG/Hybrid,123
2026-03-01,Sikkim,MAHINDRA & MAHINDRA LIMITED,Petrol/Diesel/CNG/Hybrid,108
2026-04-01,Sikkim,MAHINDRA & MAHINDRA LIMITED,Petrol/Diesel/CNG/Hybrid,134
2026-05-01,Sikkim,MAHINDRA & MAHINDRA LIMITED,Petrol/Diesel/CNG/Hybrid,98
2026-06-01,Sikkim,MAHINDRA & MAHINDRA LIMITED,Petrol/Diesel/CNG/Hybrid,69
2026-01-01,Sikkim,MARUTI SUZUKI INDIA LTD,Petrol/Diesel/CNG/Hybrid,74
2026-02-01,Sikkim,MARUTI SUZUKI INDIA LTD,Petrol/Diesel/CNG/Hybrid,80
2026-03-01,Sikkim,MARUTI SUZUKI INDIA LTD,Petrol/Diesel/CNG/Hybrid,113
2026-04-01,Sikkim,MARUTI SUZUKI INDIA LTD,Petrol/Diesel/CNG/Hybrid,84
2026-05-01,Sikkim,MARUTI SUZUKI INDIA LTD,Petrol/Diesel/CNG/Hybrid,103
2026-06-01,Sikkim,MARUTI SUZUKI INDIA LTD,Petrol/Diesel/CNG/Hybrid,42
2026-03-01,Sikkim,MERCEDES-BENZ INDIA PVT LTD,Petrol/Diesel/CNG/Hybrid,1
2026-04-01,Sikkim,NISSAN MOTOR INDIA PVT LTD,Petrol/Diesel/CNG/Hybrid,1
2026-05-01,Sikkim,NISSAN MOTOR INDIA PVT LTD,Petrol/Diesel/CNG/Hybrid,1
2026-01-01,Sikkim,RENAULT INDIA PVT LTD,Petrol/Diesel/CNG/Hybrid,1
2026-04-01,Sikkim,RENAULT INDIA PVT LTD,Petrol/Diesel/CNG/Hybrid,1
2026-05-01,Sikkim,RENAULT INDIA PVT LTD,Petrol/Diesel/CNG/Hybrid,3
2026-06-01,Sikkim,RENAULT INDIA PVT LTD,Petrol/Diesel/CNG/Hybrid,8
2026-06-01,Sikkim,SKODA AUTO INDIA PVT LTD,Petrol/Diesel/CNG/Hybrid,1
2026-01-01,Sikkim,TATA MOTORS LTD,Petrol/Diesel/CNG/Hybrid,1
2026-05-01,Sikkim,TATA MOTORS LTD,Petrol/Diesel/CNG/Hybrid,1
2026-01-01,Sikkim,TATA MOTORS PASSENGER VEHICLES LTD,Petrol/Diesel/CNG/Hybrid,33
2026-02-01,Sikkim,TATA MOTORS PASSENGER VEHICLES LTD,Petrol/Diesel/CNG/Hybrid,31
2026-03-01,Sikkim,TATA MOTORS PASSENGER VEHICLES LTD,Petrol/Diesel/CNG/Hybrid,39
2026-04-01,Sikkim,TATA MOTORS PASSENGER VEHICLES LTD,Petrol/Diesel/CNG/Hybrid,32
2026-05-01,Sikkim,TATA MOTORS PASSENGER VEHICLES LTD,Petrol/Diesel/CNG/Hybrid,39
2026-06-01,Sikkim,TATA MOTORS PASSENGER VEHICLES LTD,Petrol/Diesel/CNG/Hybrid,21
2026-01-01,Sikkim,TOYOTA KIRLOSKAR MOTOR PVT LTD,Petrol/Diesel/CNG/Hybrid,9
2026-02-01,Sikkim,TOYOTA KIRLOSKAR MOTOR PVT LTD,Petrol/Diesel/CNG/Hybrid,5
2026-03-01,Sikkim,TOYOTA KIRLOSKAR MOTOR PVT LTD,Petrol/Diesel/CNG/Hybrid,7
2026-04-01,Sikkim,TOYOTA KIRLOSKAR MOTOR PVT LTD,Petrol/Diesel/CNG/Hybrid,17
2026-05-01,Sikkim,TOYOTA KIRLOSKAR MOTOR PVT LTD,Petrol/Diesel/CNG/Hybrid,22
2026-06-01,Sikkim,TOYOTA KIRLOSKAR MOTOR PVT LTD,Petrol/Diesel/CNG/Hybrid,11
2026-01-01,Tamil Nadu,ACTION CONSTRUCTION EQUIPMENT LTD,Petrol/Diesel/CNG/Hybrid,10
2026-02-01,Tamil Nadu,ACTION CONSTRUCTION EQUIPMENT LTD,Petrol/Diesel/CNG/Hybrid,11
2026-03-01,Tamil Nadu,ACTION CONSTRUCTION EQUIPMENT LTD,Petrol/Diesel/CNG/Hybrid,7
2026-04-01,Tamil Nadu,ACTION CONSTRUCTION EQUIPMENT LTD,Petrol/Diesel/CNG/Hybrid,5
2026-05-01,Tamil Nadu,ACTION CONSTRUCTION EQUIPMENT LTD,Petrol/Diesel/CNG/Hybrid,4
2026-06-01,Tamil Nadu,ACTION CONSTRUCTION EQUIPMENT LTD,Petrol/Diesel/CNG/Hybrid,2
2026-04-01,Tamil Nadu,AGRI KING TRACTORS & EQUIPMENTS PVT LTD,Petrol/Diesel/CNG/Hybrid,1
2026-01-01,Tamil Nadu,ASHOK LEYLAND LTD,Petrol/Diesel/CNG/Hybrid,1
2026-02-01,Tamil Nadu,ASTON MARTIN LAGONDA LTD,Petrol/Diesel/CNG/Hybrid,1
2026-01-01,Tamil Nadu,AUDI AG,Petrol/Diesel/CNG/Hybrid,1
2026-02-01,Tamil Nadu,AUDI AG,Petrol/Diesel/CNG/Hybrid,2
2026-03-01,Tamil Nadu,AUDI AG,Petrol/Diesel/CNG/Hybrid,2
2026-04-01,Tamil Nadu,AUDI AG,Petrol/Diesel/CNG/Hybrid,3
2026-06-01,Tamil Nadu,AUDI AG,Petrol/Diesel/CNG/Hybrid,1
2026-05-01,Tamil Nadu,BENTLEY MOTORS LIMITED,Petrol/Diesel/CNG/Hybrid,1
2026-01-01,Tamil Nadu,BENTLEY MOTORS LTD (SAVWIPL),Petrol/Diesel/CNG/Hybrid,1
2026-02-01,Tamil Nadu,BENTLEY MOTORS LTD (SAVWIPL),Petrol/Diesel/CNG/Hybrid,1
2026-03-01,Tamil Nadu,BENTLEY MOTORS LTD (SAVWIPL),Petrol/Diesel/CNG/Hybrid,1
2026-01-01,Tamil Nadu,BMW INDIA PVT LTD,Petrol/Diesel/CNG/Hybrid,118
2026-02-01,Tamil Nadu,BMW INDIA PVT LTD,Petrol/Diesel/CNG/Hybrid,81
2026-03-01,Tamil Nadu,BMW INDIA PVT LTD,Petrol/Diesel/CNG/Hybrid,82
2026-04-01,Tamil Nadu,BMW INDIA PVT LTD,Petrol/Diesel/CNG/Hybrid,93
2026-05-01,Tamil Nadu,BMW INDIA PVT LTD,Petrol/Diesel/CNG/Hybrid,50
2026-06-01,Tamil Nadu,BMW INDIA PVT LTD,Petrol/Diesel/CNG/Hybrid,43
2026-03-01,Tamil Nadu,BULL MACHINES PVT LTD,Petrol/Diesel/CNG/Hybrid,1
2026-06-01,Tamil Nadu,BULL MACHINES PVT LTD,Petrol/Diesel/CNG/Hybrid,1
2026-01-01,Tamil Nadu,CAPTAIN TRACTORS PVT. LTD,Petrol/Diesel/CNG/Hybrid,5
2026-02-01,Tamil Nadu,CAPTAIN TRACTORS PVT. LTD,Petrol/Diesel/CNG/Hybrid,4
2026-03-01,Tamil Nadu,CAPTAIN TRACTORS PVT. LTD,Petrol/Diesel/CNG/Hybrid,8
2026-04-01,Tamil Nadu,CAPTAIN TRACTORS PVT. LTD,Petrol/Diesel/CNG/Hybrid,1
2026-03-01,Tamil Nadu,CASE NEW HOLLAND CONSTRUCTION EQUIPMENT(I) PVT LTD,Petrol/Diesel/CNG/Hybrid,1
2026-04-01,Tamil Nadu,CASE NEW HOLLAND CONSTRUCTION EQUIPMENT(I) PVT LTD,Petrol/Diesel/CNG/Hybrid,2
2026-05-01,Tamil Nadu,CASE NEW HOLLAND CONSTRUCTION EQUIPMENT(I) PVT LTD,Petrol/Diesel/CNG/Hybrid,3
2026-01-01,Tamil Nadu,CNH INDUSTRIAL (INDIA) PVT LTD,Petrol/Diesel/CNG/Hybrid,133
2026-02-01,Tamil Nadu,CNH INDUSTRIAL (INDIA) PVT LTD,Petrol/Diesel/CNG/Hybrid,265
2026-03-01,Tamil Nadu,CNH INDUSTRIAL (INDIA) PVT LTD,Petrol/Diesel/CNG/Hybrid,240
2026-04-01,Tamil Nadu,CNH INDUSTRIAL (INDIA) PVT LTD,Petrol/Diesel/CNG/Hybrid,188
2026-05-01,Tamil Nadu,CNH INDUSTRIAL (INDIA) PVT LTD,Petrol/Diesel/CNG/Hybrid,140
2026-06-01,Tamil Nadu,CNH INDUSTRIAL (INDIA) PVT LTD,Petrol/Diesel/CNG/Hybrid,110
2026-04-01,Tamil Nadu,DOOSAN BOBCAT INDIA PVT LTD,Petrol/Diesel/CNG/Hybrid,1
2026-01-01,Tamil Nadu,EICHER TRACTORS,Petrol/Diesel/CNG/Hybrid,81
2026-02-01,Tamil Nadu,EICHER TRACTORS,Petrol/Diesel/CNG/Hybrid,132
2026-03-01,Tamil Nadu,EICHER TRACTORS,Petrol/Diesel/CNG/Hybrid,145
2026-04-01,Tamil Nadu,EICHER TRACTORS,Petrol/Diesel/CNG/Hybrid,65
2026-05-01,Tamil Nadu,EICHER TRACTORS,Petrol/Diesel/CNG/Hybrid,59
2026-06-01,Tamil Nadu,EICHER TRACTORS,Petrol/Diesel/CNG/Hybrid,76
2026-01-01,Tamil Nadu,ESCORTS KUBOTA LIMITED (AGRI MACHINERY GROUP),Petrol/Diesel/CNG/Hybrid,257
2026-02-01,Tamil Nadu,ESCORTS KUBOTA LIMITED (AGRI MACHINERY GROUP),Petrol/Diesel/CNG/Hybrid,333
2026-03-01,Tamil Nadu,ESCORTS KUBOTA LIMITED (AGRI MACHINERY GROUP),Petrol/Diesel/CNG/Hybrid,350
2026-04-01,Tamil Nadu,ESCORTS KUBOTA LIMITED (AGRI MACHINERY GROUP),Petrol/Diesel/CNG/Hybrid,201
2026-05-01,Tamil Nadu,ESCORTS KUBOTA LIMITED (AGRI MACHINERY GROUP),Petrol/Diesel/CNG/Hybrid,229
2026-06-01,Tamil Nadu,ESCORTS KUBOTA LIMITED (AGRI MACHINERY GROUP),Petrol/Diesel/CNG/Hybrid,151
2026-03-01,Tamil Nadu,FERRARI SPA (IMPORTER:NAVNIT MOTORS PVT LTD),Petrol/Diesel/CNG/Hybrid,1
2026-02-01,Tamil Nadu,FERRARI SPA (IMPORTER:SELECT CARS P LTD),Petrol/Diesel/CNG/Hybrid,1
2026-01-01,Tamil Nadu,FORCE MOTORS LIMITED,Petrol/Diesel/CNG/Hybrid,22
2026-02-01,Tamil Nadu,FORCE MOTORS LIMITED,Petrol/Diesel/CNG/Hybrid,66
2026-03-01,Tamil Nadu,FORCE MOTORS LIMITED,Petrol/Diesel/CNG/Hybrid,29
2026-04-01,Tamil Nadu,FORCE MOTORS LIMITED,Petrol/Diesel/CNG/Hybrid,58
2026-05-01,Tamil Nadu,FORCE MOTORS LIMITED,Petrol/Diesel/CNG/Hybrid,72
2026-06-01,Tamil Nadu,FORCE MOTORS LIMITED,Petrol/Diesel/CNG/Hybrid,12
2026-01-01,Tamil Nadu,GROMAX AGRI EQUIPMENT LTD,Petrol/Diesel/CNG/Hybrid,1
2026-03-01,Tamil Nadu,GROMAX AGRI EQUIPMENT LTD,Petrol/Diesel/CNG/Hybrid,1
2026-04-01,Tamil Nadu,GROMAX AGRI EQUIPMENT LTD,Petrol/Diesel/CNG/Hybrid,2
2026-05-01,Tamil Nadu,GROMAX AGRI EQUIPMENT LTD,Petrol/Diesel/CNG/Hybrid,1
2026-01-01,Tamil Nadu,HONDA CARS INDIA LTD,Petrol/Diesel/CNG/Hybrid,585
2026-02-01,Tamil Nadu,HONDA CARS INDIA LTD,Petrol/Diesel/CNG/Hybrid,579
2026-03-01,Tamil Nadu,HONDA CARS INDIA LTD,Petrol/Diesel/CNG/Hybrid,632
2026-04-01,Tamil Nadu,HONDA CARS INDIA LTD,Petrol/Diesel/CNG/Hybrid,661
2026-05-01,Tamil Nadu,HONDA CARS INDIA LTD,Petrol/Diesel/CNG/Hybrid,423
2026-06-01,Tamil Nadu,HONDA CARS INDIA LTD,Petrol/Diesel/CNG/Hybrid,374
2026-01-01,Tamil Nadu,HYUNDAI MOTOR INDIA LTD,Petrol/Diesel/CNG/Hybrid,4412
2026-02-01,Tamil Nadu,HYUNDAI MOTOR INDIA LTD,Petrol/Diesel/CNG/Hybrid,3080
2026-03-01,Tamil Nadu,HYUNDAI MOTOR INDIA LTD,Petrol/Diesel/CNG/Hybrid,3256
2026-04-01,Tamil Nadu,HYUNDAI MOTOR INDIA LTD,Petrol/Diesel/CNG/Hybrid,3804
2026-05-01,Tamil Nadu,HYUNDAI MOTOR INDIA LTD,Petrol/Diesel/CNG/Hybrid,3315
2026-06-01,Tamil Nadu,HYUNDAI MOTOR INDIA LTD,Petrol/Diesel/CNG/Hybrid,2085
2026-01-01,Tamil Nadu,INDO FARM EQUIPMENT LIMITED,Petrol/Diesel/CNG/Hybrid,3
2026-02-01,Tamil Nadu,INDO FARM EQUIPMENT LIMITED,Petrol/Diesel/CNG/Hybrid,12
2026-03-01,Tamil Nadu,INDO FARM EQUIPMENT LIMITED,Petrol/Diesel/CNG/Hybrid,8
2026-04-01,Tamil Nadu,INDO FARM EQUIPMENT LIMITED,Petrol/Diesel/CNG/Hybrid,8
2026-05-01,Tamil Nadu,INDO FARM EQUIPMENT LIMITED,Petrol/Diesel/CNG/Hybrid,5
2026-02-01,Tamil Nadu,INFRA BAZAAR TECH PVT LTD,Petrol/Diesel/CNG/Hybrid,1
2026-01-01,Tamil Nadu,INTERNATIONAL TRACTORS LIMITED,Petrol/Diesel/CNG/Hybrid,239
2026-02-01,Tamil Nadu,INTERNATIONAL TRACTORS LIMITED,Petrol/Diesel/CNG/Hybrid,355
2026-03-01,Tamil Nadu,INTERNATIONAL TRACTORS LIMITED,Petrol/Diesel/CNG/Hybrid,339
2026-04-01,Tamil Nadu,INTERNATIONAL TRACTORS LIMITED,Petrol/Diesel/CNG/Hybrid,203
2026-05-01,Tamil Nadu,INTERNATIONAL TRACTORS LIMITED,Petrol/Diesel/CNG/Hybrid,192
2026-06-01,Tamil Nadu,INTERNATIONAL TRACTORS LIMITED,Petrol/Diesel/CNG/Hybrid,158
2026-01-01,Tamil Nadu,ISUZU MOTORS INDIA PVT LTD,Petrol/Diesel/CNG/Hybrid,3
2026-02-01,Tamil Nadu,ISUZU MOTORS INDIA PVT LTD,Petrol/Diesel/CNG/Hybrid,2
2026-03-01,Tamil Nadu,ISUZU MOTORS INDIA PVT LTD,Petrol/Diesel/CNG/Hybrid,1
2026-04-01,Tamil Nadu,ISUZU MOTORS INDIA PVT LTD,Petrol/Diesel/CNG/Hybrid,4
2026-06-01,Tamil Nadu,ISUZU MOTORS INDIA PVT LTD,Petrol/Diesel/CNG/Hybrid,1
2026-01-01,Tamil Nadu,JAGUAR LAND ROVER INDIA LIMITED,Petrol/Diesel/CNG/Hybrid,17
2026-02-01,Tamil Nadu,JAGUAR LAND ROVER INDIA LIMITED,Petrol/Diesel/CNG/Hybrid,26
2026-03-01,Tamil Nadu,JAGUAR LAND ROVER INDIA LIMITED,Petrol/Diesel/CNG/Hybrid,27
2026-04-01,Tamil Nadu,JAGUAR LAND ROVER INDIA LIMITED,Petrol/Diesel/CNG/Hybrid,30
2026-05-01,Tamil Nadu,JAGUAR LAND ROVER INDIA LIMITED,Petrol/Diesel/CNG/Hybrid,5
2026-06-01,Tamil Nadu,JAGUAR LAND ROVER INDIA LIMITED,Petrol/Diesel/CNG/Hybrid,15
2026-01-01,Tamil Nadu,JCB INDIA LIMITED,Petrol/Diesel/CNG/Hybrid,6
2026-02-01,Tamil Nadu,JCB INDIA LIMITED,Petrol/Diesel/CNG/Hybrid,7
2026-03-01,Tamil Nadu,JCB INDIA LIMITED,Petrol/Diesel/CNG/Hybrid,4
2026-04-01,Tamil Nadu,JCB INDIA LIMITED,Petrol/Diesel/CNG/Hybrid,3
2026-05-01,Tamil Nadu,JCB INDIA LIMITED,Petrol/Diesel/CNG/Hybrid,6
2026-06-01,Tamil Nadu,JCB INDIA LIMITED,Petrol/Diesel/CNG/Hybrid,4
2026-01-01,Tamil Nadu,JOHN DEERE INDIA PVT LTD(TRACTOR DEVISION),Petrol/Diesel/CNG/Hybrid,569
2026-02-01,Tamil Nadu,JOHN DEERE INDIA PVT LTD(TRACTOR DEVISION),Petrol/Diesel/CNG/Hybrid,676
2026-03-01,Tamil Nadu,JOHN DEERE INDIA PVT LTD(TRACTOR DEVISION),Petrol/Diesel/CNG/Hybrid,741
2026-04-01,Tamil Nadu,JOHN DEERE INDIA PVT LTD(TRACTOR DEVISION),Petrol/Diesel/CNG/Hybrid,456
2026-05-01,Tamil Nadu,JOHN DEERE INDIA PVT LTD(TRACTOR DEVISION),Petrol/Diesel/CNG/Hybrid,352
2026-06-01,Tamil Nadu,JOHN DEERE INDIA PVT LTD(TRACTOR DEVISION),Petrol/Diesel/CNG/Hybrid,273
2026-01-01,Tamil Nadu,JSW MG MOTOR INDIA PVT LTD,Petrol/Diesel/CNG/Hybrid,114
2026-02-01,Tamil Nadu,JSW MG MOTOR INDIA PVT LTD,Petrol/Diesel/CNG/Hybrid,87
2026-03-01,Tamil Nadu,JSW MG MOTOR INDIA PVT LTD,Petrol/Diesel/CNG/Hybrid,96
2026-04-01,Tamil Nadu,JSW MG MOTOR INDIA PVT LTD,Petrol/Diesel/CNG/Hybrid,102
2026-05-01,Tamil Nadu,JSW MG MOTOR INDIA PVT LTD,Petrol/Diesel/CNG/Hybrid,103
2026-06-01,Tamil Nadu,JSW MG MOTOR INDIA PVT LTD,Petrol/Diesel/CNG/Hybrid,105
2026-01-01,Tamil Nadu,KIA INDIA PRIVATE LIMITED,Petrol/Diesel/CNG/Hybrid,2006
2026-02-01,Tamil Nadu,KIA INDIA PRIVATE LIMITED,Petrol/Diesel/CNG/Hybrid,1876
2026-03-01,Tamil Nadu,KIA INDIA PRIVATE LIMITED,Petrol/Diesel/CNG/Hybrid,1951
2026-04-01,Tamil Nadu,KIA INDIA PRIVATE LIMITED,Petrol/Diesel/CNG/Hybrid,2098
2026-05-01,Tamil Nadu,KIA INDIA PRIVATE LIMITED,Petrol/Diesel/CNG/Hybrid,1725
2026-06-01,Tamil Nadu,KIA INDIA PRIVATE LIMITED,Petrol/Diesel/CNG/Hybrid,1147
2026-01-01,Tamil Nadu,KUBOTA AGRICULTURAL MACHINERY INDIA PVT.LTD,Petrol/Diesel/CNG/Hybrid,5
2026-02-01,Tamil Nadu,KUBOTA AGRICULTURAL MACHINERY INDIA PVT.LTD,Petrol/Diesel/CNG/Hybrid,7
2026-03-01,Tamil Nadu,KUBOTA AGRICULTURAL MACHINERY INDIA PVT.LTD,Petrol/Diesel/CNG/Hybrid,11
2026-04-01,Tamil Nadu,KUBOTA AGRICULTURAL MACHINERY INDIA PVT.LTD,Petrol/Diesel/CNG/Hybrid,7
2026-05-01,Tamil Nadu,KUBOTA AGRICULTURAL MACHINERY INDIA PVT.LTD,Petrol/Diesel/CNG/Hybrid,7
2026-06-01,Tamil Nadu,KUBOTA AGRICULTURAL MACHINERY INDIA PVT.LTD,Petrol/Diesel/CNG/Hybrid,6
2026-01-01,Tamil Nadu,MAHINDRA & MAHINDRA LIMITED,Petrol/Diesel/CNG/Hybrid,3124
2026-02-01,Tamil Nadu,MAHINDRA & MAHINDRA LIMITED,Petrol/Diesel/CNG/Hybrid,2599
2026-03-01,Tamil Nadu,MAHINDRA & MAHINDRA LIMITED,Petrol/Diesel/CNG/Hybrid,3065
2026-04-01,Tamil Nadu,MAHINDRA & MAHINDRA LIMITED,Petrol/Diesel/CNG/Hybrid,2833
2026-05-01,Tamil Nadu,MAHINDRA & MAHINDRA LIMITED,Petrol/Diesel/CNG/Hybrid,2115
2026-06-01,Tamil Nadu,MAHINDRA & MAHINDRA LIMITED,Petrol/Diesel/CNG/Hybrid,1392
2026-01-01,Tamil Nadu,MAHINDRA & MAHINDRA LIMITED (SWARAJ DIVISION),Petrol/Diesel/CNG/Hybrid,502
2026-02-01,Tamil Nadu,MAHINDRA & MAHINDRA LIMITED (SWARAJ DIVISION),Petrol/Diesel/CNG/Hybrid,686
2026-03-01,Tamil Nadu,MAHINDRA & MAHINDRA LIMITED (SWARAJ DIVISION),Petrol/Diesel/CNG/Hybrid,597
2026-04-01,Tamil Nadu,MAHINDRA & MAHINDRA LIMITED (SWARAJ DIVISION),Petrol/Diesel/CNG/Hybrid,437
2026-05-01,Tamil Nadu,MAHINDRA & MAHINDRA LIMITED (SWARAJ DIVISION),Petrol/Diesel/CNG/Hybrid,363
2026-06-01,Tamil Nadu,MAHINDRA & MAHINDRA LIMITED (SWARAJ DIVISION),Petrol/Diesel/CNG/Hybrid,282
2026-01-01,Tamil Nadu,MAHINDRA & MAHINDRA LIMITED (TRACTOR),Petrol/Diesel/CNG/Hybrid,855
2026-02-01,Tamil Nadu,MAHINDRA & MAHINDRA LIMITED (TRACTOR),Petrol/Diesel/CNG/Hybrid,1001
2026-03-01,Tamil Nadu,MAHINDRA & MAHINDRA LIMITED (TRACTOR),Petrol/Diesel/CNG/Hybrid,1082
2026-04-01,Tamil Nadu,MAHINDRA & MAHINDRA LIMITED (TRACTOR),Petrol/Diesel/CNG/Hybrid,575
2026-05-01,Tamil Nadu,MAHINDRA & MAHINDRA LIMITED (TRACTOR),Petrol/Diesel/CNG/Hybrid,564
2026-06-01,Tamil Nadu,MAHINDRA & MAHINDRA LIMITED (TRACTOR),Petrol/Diesel/CNG/Hybrid,416
2026-01-01,Tamil Nadu,MARUTI SUZUKI INDIA LTD,Petrol/Diesel/CNG/Hybrid,13046
2026-02-01,Tamil Nadu,MARUTI SUZUKI INDIA LTD,Petrol/Diesel/CNG/Hybrid,7897
2026-03-01,Tamil Nadu,MARUTI SUZUKI INDIA LTD,Petrol/Diesel/CNG/Hybrid,8385
2026-04-01,Tamil Nadu,MARUTI SUZUKI INDIA LTD,Petrol/Diesel/CNG/Hybrid,9171
2026-05-01,Tamil Nadu,MARUTI SUZUKI INDIA LTD,Petrol/Diesel/CNG/Hybrid,8647
2026-06-01,Tamil Nadu,MARUTI SUZUKI INDIA LTD,Petrol/Diesel/CNG/Hybrid,6118
2026-06-01,Tamil Nadu,MERCEDES BENZ,Petrol/Diesel/CNG/Hybrid,1
2026-01-01,Tamil Nadu,MERCEDES-BENZ AG,Petrol/Diesel/CNG/Hybrid,4
2026-02-01,Tamil Nadu,MERCEDES-BENZ AG,Petrol/Diesel/CNG/Hybrid,5
2026-03-01,Tamil Nadu,MERCEDES-BENZ AG,Petrol/Diesel/CNG/Hybrid,6
2026-04-01,Tamil Nadu,MERCEDES-BENZ AG,Petrol/Diesel/CNG/Hybrid,8
2026-05-01,Tamil Nadu,MERCEDES-BENZ AG,Petrol/Diesel/CNG/Hybrid,2
2026-06-01,Tamil Nadu,MERCEDES-BENZ AG,Petrol/Diesel/CNG/Hybrid,4
2026-01-01,Tamil Nadu,MERCEDES-BENZ INDIA PVT LTD,Petrol/Diesel/CNG/Hybrid,90
2026-02-01,Tamil Nadu,MERCEDES-BENZ INDIA PVT LTD,Petrol/Diesel/CNG/Hybrid,67
2026-03-01,Tamil Nadu,MERCEDES-BENZ INDIA PVT LTD,Petrol/Diesel/CNG/Hybrid,83
2026-04-01,Tamil Nadu,MERCEDES-BENZ INDIA PVT LTD,Petrol/Diesel/CNG/Hybrid,74
2026-05-01,Tamil Nadu,MERCEDES-BENZ INDIA PVT LTD,Petrol/Diesel/CNG/Hybrid,49
2026-06-01,Tamil Nadu,MERCEDES-BENZ INDIA PVT LTD,Petrol/Diesel/CNG/Hybrid,40
2026-01-01,Tamil Nadu,NISSAN MOTOR INDIA PVT LTD,Petrol/Diesel/CNG/Hybrid,393
2026-02-01,Tamil Nadu,NISSAN MOTOR INDIA PVT LTD,Petrol/Diesel/CNG/Hybrid,251
2026-03-01,Tamil Nadu,NISSAN MOTOR INDIA PVT LTD,Petrol/Diesel/CNG/Hybrid,367
2026-04-01,Tamil Nadu,NISSAN MOTOR INDIA PVT LTD,Petrol/Diesel/CNG/Hybrid,538
2026-05-01,Tamil Nadu,NISSAN MOTOR INDIA PVT LTD,Petrol/Diesel/CNG/Hybrid,335
2026-06-01,Tamil Nadu,NISSAN MOTOR INDIA PVT LTD,Petrol/Diesel/CNG/Hybrid,215
2026-01-01,Tamil Nadu,POLARIS INDIA PVT LTD,Petrol/Diesel/CNG/Hybrid,1
2026-01-01,Tamil Nadu,PORSCHE AG GERMANY,Petrol/Diesel/CNG/Hybrid,3
2026-02-01,Tamil Nadu,PORSCHE AG GERMANY,Petrol/Diesel/CNG/Hybrid,8
2026-03-01,Tamil Nadu,PORSCHE AG GERMANY,Petrol/Diesel/CNG/Hybrid,5
2026-04-01,Tamil Nadu,PORSCHE AG GERMANY,Petrol/Diesel/CNG/Hybrid,5
2026-05-01,Tamil Nadu,PORSCHE AG GERMANY,Petrol/Diesel/CNG/Hybrid,2
2026-01-01,Tamil Nadu,PREET TRACTORS PVT LTD,Petrol/Diesel/CNG/Hybrid,2
2026-02-01,Tamil Nadu,PREET TRACTORS PVT LTD,Petrol/Diesel/CNG/Hybrid,1
2026-03-01,Tamil Nadu,PREET TRACTORS PVT LTD,Petrol/Diesel/CNG/Hybrid,2
2026-04-01,Tamil Nadu,PREET TRACTORS PVT LTD,Petrol/Diesel/CNG/Hybrid,1
2026-05-01,Tamil Nadu,PREET TRACTORS PVT LTD,Petrol/Diesel/CNG/Hybrid,3
2026-01-01,Tamil Nadu,RENAULT INDIA PVT LTD,Petrol/Diesel/CNG/Hybrid,1038
2026-02-01,Tamil Nadu,RENAULT INDIA PVT LTD,Petrol/Diesel/CNG/Hybrid,597
2026-03-01,Tamil Nadu,RENAULT INDIA PVT LTD,Petrol/Diesel/CNG/Hybrid,700
2026-04-01,Tamil Nadu,RENAULT INDIA PVT LTD,Petrol/Diesel/CNG/Hybrid,742
2026-05-01,Tamil Nadu,RENAULT INDIA PVT LTD,Petrol/Diesel/CNG/Hybrid,726
2026-06-01,Tamil Nadu,RENAULT INDIA PVT LTD,Petrol/Diesel/CNG/Hybrid,417
2026-06-01,Tamil Nadu,ROLLS ROYCE MOTOR (IMPORTER: KUN MOTOR),Petrol/Diesel/CNG/Hybrid,1
2026-01-01,Tamil Nadu,SAME DEUTZ-FAHR INDIA (P) LTD,Petrol/Diesel/CNG/Hybrid,36
2026-02-01,Tamil Nadu,SAME DEUTZ-FAHR INDIA (P) LTD,Petrol/Diesel/CNG/Hybrid,26
2026-03-01,Tamil Nadu,SAME DEUTZ-FAHR INDIA (P) LTD,Petrol/Diesel/CNG/Hybrid,23
2026-04-01,Tamil Nadu,SAME DEUTZ-FAHR INDIA (P) LTD,Petrol/Diesel/CNG/Hybrid,23
2026-05-01,Tamil Nadu,SAME DEUTZ-FAHR INDIA (P) LTD,Petrol/Diesel/CNG/Hybrid,9
2026-06-01,Tamil Nadu,SAME DEUTZ-FAHR INDIA (P) LTD,Petrol/Diesel/CNG/Hybrid,2
2026-01-01,Tamil Nadu,SKODA AUTO AS,Petrol/Diesel/CNG/Hybrid,4
2026-02-01,Tamil Nadu,SKODA AUTO AS,Petrol/Diesel/CNG/Hybrid,3
2026-03-01,Tamil Nadu,SKODA AUTO AS,Petrol/Diesel/CNG/Hybrid,1
2026-05-01,Tamil Nadu,SKODA AUTO AS,Petrol/Diesel/CNG/Hybrid,1
2026-01-01,Tamil Nadu,SKODA AUTO VOLKSWAGEN INDIA PVT LTD,Petrol/Diesel/CNG/Hybrid,814
2026-02-01,Tamil Nadu,SKODA AUTO VOLKSWAGEN INDIA PVT LTD,Petrol/Diesel/CNG/Hybrid,711
2026-03-01,Tamil Nadu,SKODA AUTO VOLKSWAGEN INDIA PVT LTD,Petrol/Diesel/CNG/Hybrid,804
2026-04-01,Tamil Nadu,SKODA AUTO VOLKSWAGEN INDIA PVT LTD,Petrol/Diesel/CNG/Hybrid,885
2026-05-01,Tamil Nadu,SKODA AUTO VOLKSWAGEN INDIA PVT LTD,Petrol/Diesel/CNG/Hybrid,671
2026-06-01,Tamil Nadu,SKODA AUTO VOLKSWAGEN INDIA PVT LTD,Petrol/Diesel/CNG/Hybrid,522
2026-02-01,Tamil Nadu,SML MAHINDRA LTD,Petrol/Diesel/CNG/Hybrid,1
2026-01-01,Tamil Nadu,STELLANTIS AUTOMOBILES INDIA PVT LTD,Petrol/Diesel/CNG/Hybrid,252
2026-02-01,Tamil Nadu,STELLANTIS AUTOMOBILES INDIA PVT LTD,Petrol/Diesel/CNG/Hybrid,177
2026-03-01,Tamil Nadu,STELLANTIS AUTOMOBILES INDIA PVT LTD,Petrol/Diesel/CNG/Hybrid,156
2026-04-01,Tamil Nadu,STELLANTIS AUTOMOBILES INDIA PVT LTD,Petrol/Diesel/CNG/Hybrid,198
2026-05-01,Tamil Nadu,STELLANTIS AUTOMOBILES INDIA PVT LTD,Petrol/Diesel/CNG/Hybrid,126
2026-06-01,Tamil Nadu,STELLANTIS AUTOMOBILES INDIA PVT LTD,Petrol/Diesel/CNG/Hybrid,100
2026-01-01,Tamil Nadu,STELLANTIS INDIA PVT LTD,Petrol/Diesel/CNG/Hybrid,34
2026-02-01,Tamil Nadu,STELLANTIS INDIA PVT LTD,Petrol/Diesel/CNG/Hybrid,22
2026-03-01,Tamil Nadu,STELLANTIS INDIA PVT LTD,Petrol/Diesel/CNG/Hybrid,10
2026-04-01,Tamil Nadu,STELLANTIS INDIA PVT LTD,Petrol/Diesel/CNG/Hybrid,16
2026-05-01,Tamil Nadu,STELLANTIS INDIA PVT LTD,Petrol/Diesel/CNG/Hybrid,13
2026-06-01,Tamil Nadu,STELLANTIS INDIA PVT LTD,Petrol/Diesel/CNG/Hybrid,10
2026-01-01,Tamil Nadu,TAFE LIMITED,Petrol/Diesel/CNG/Hybrid,273
2026-02-01,Tamil Nadu,TAFE LIMITED,Petrol/Diesel/CNG/Hybrid,449
2026-03-01,Tamil Nadu,TAFE LIMITED,Petrol/Diesel/CNG/Hybrid,445
2026-04-01,Tamil Nadu,TAFE LIMITED,Petrol/Diesel/CNG/Hybrid,188
2026-05-01,Tamil Nadu,TAFE LIMITED,Petrol/Diesel/CNG/Hybrid,183
2026-06-01,Tamil Nadu,TAFE LIMITED,Petrol/Diesel/CNG/Hybrid,168
2026-04-01,Tamil Nadu,TATA ADVANCED SYSTEMS LTD,Petrol/Diesel/CNG/Hybrid,6
2026-01-01,Tamil Nadu,TATA MOTORS LTD,Petrol/Diesel/CNG/Hybrid,19
2026-02-01,Tamil Nadu,TATA MOTORS LTD,Petrol/Diesel/CNG/Hybrid,7
2026-03-01,Tamil Nadu,TATA MOTORS LTD,Petrol/Diesel/CNG/Hybrid,19
2026-04-01,Tamil Nadu,TATA MOTORS LTD,Petrol/Diesel/CNG/Hybrid,14
2026-05-01,Tamil Nadu,TATA MOTORS LTD,Petrol/Diesel/CNG/Hybrid,10
2026-06-01,Tamil Nadu,TATA MOTORS LTD,Petrol/Diesel/CNG/Hybrid,6
2026-01-01,Tamil Nadu,TATA MOTORS PASSENGER VEHICLES LTD,Petrol/Diesel/CNG/Hybrid,4008
2026-02-01,Tamil Nadu,TATA MOTORS PASSENGER VEHICLES LTD,Petrol/Diesel/CNG/Hybrid,2902
2026-03-01,Tamil Nadu,TATA MOTORS PASSENGER VEHICLES LTD,Petrol/Diesel/CNG/Hybrid,3564
2026-04-01,Tamil Nadu,TATA MOTORS PASSENGER VEHICLES LTD,Petrol/Diesel/CNG/Hybrid,3490
2026-05-01,Tamil Nadu,TATA MOTORS PASSENGER VEHICLES LTD,Petrol/Diesel/CNG/Hybrid,2755
2026-06-01,Tamil Nadu,TATA MOTORS PASSENGER VEHICLES LTD,Petrol/Diesel/CNG/Hybrid,1693
2026-01-01,Tamil Nadu,TATA PASSENGER ELECTRIC MOBILITY LTD,Petrol/Diesel/CNG/Hybrid,2
2026-02-01,Tamil Nadu,TATA PASSENGER ELECTRIC MOBILITY LTD,Petrol/Diesel/CNG/Hybrid,6
2026-03-01,Tamil Nadu,TATA PASSENGER ELECTRIC MOBILITY LTD,Petrol/Diesel/CNG/Hybrid,2
2026-04-01,Tamil Nadu,TATA PASSENGER ELECTRIC MOBILITY LTD,Petrol/Diesel/CNG/Hybrid,2
2026-01-01,Tamil Nadu,TOYOTA KIRLOSKAR MOTOR PVT LTD,Petrol/Diesel/CNG/Hybrid,3698
2026-02-01,Tamil Nadu,TOYOTA KIRLOSKAR MOTOR PVT LTD,Petrol/Diesel/CNG/Hybrid,2594
2026-03-01,Tamil Nadu,TOYOTA KIRLOSKAR MOTOR PVT LTD,Petrol/Diesel/CNG/Hybrid,2892
2026-04-01,Tamil Nadu,TOYOTA KIRLOSKAR MOTOR PVT LTD,Petrol/Diesel/CNG/Hybrid,2966
2026-05-01,Tamil Nadu,TOYOTA KIRLOSKAR MOTOR PVT LTD,Petrol/Diesel/CNG/Hybrid,2139
2026-06-01,Tamil Nadu,TOYOTA KIRLOSKAR MOTOR PVT LTD,Petrol/Diesel/CNG/Hybrid,1561
2026-01-01,Tamil Nadu,TVS MOTOR COMPANY LTD,Petrol/Diesel/CNG/Hybrid,1
2026-01-01,Tamil Nadu,V.S.T. TILLERS TRACTORS LIMITED,Petrol/Diesel/CNG/Hybrid,26
2026-02-01,Tamil Nadu,V.S.T. TILLERS TRACTORS LIMITED,Petrol/Diesel/CNG/Hybrid,40
2026-03-01,Tamil Nadu,V.S.T. TILLERS TRACTORS LIMITED,Petrol/Diesel/CNG/Hybrid,35
2026-04-01,Tamil Nadu,V.S.T. TILLERS TRACTORS LIMITED,Petrol/Diesel/CNG/Hybrid,19
2026-05-01,Tamil Nadu,V.S.T. TILLERS TRACTORS LIMITED,Petrol/Diesel/CNG/Hybrid,22
2026-06-01,Tamil Nadu,V.S.T. TILLERS TRACTORS LIMITED,Petrol/Diesel/CNG/Hybrid,11
2026-06-01,Tamil Nadu,VE COMMERCIAL VEHICLES LTD,Petrol/Diesel/CNG/Hybrid,1
2026-01-01,Tamil Nadu,VOLKSWAGEN AG,Petrol/Diesel/CNG/Hybrid,8
2026-02-01,Tamil Nadu,VOLKSWAGEN AG,Petrol/Diesel/CNG/Hybrid,4
2026-03-01,Tamil Nadu,VOLKSWAGEN AG,Petrol/Diesel/CNG/Hybrid,4
2026-04-01,Tamil Nadu,VOLKSWAGEN AG,Petrol/Diesel/CNG/Hybrid,3
2026-05-01,Tamil Nadu,VOLKSWAGEN AG,Petrol/Diesel/CNG/Hybrid,3
2026-06-01,Tamil Nadu,VOLKSWAGEN AG,Petrol/Diesel/CNG/Hybrid,5
2026-01-01,Tamil Nadu,VOLVO AUTO INDIA PVT LTD,Petrol/Diesel/CNG/Hybrid,5
2026-02-01,Tamil Nadu,VOLVO AUTO INDIA PVT LTD,Petrol/Diesel/CNG/Hybrid,7
2026-03-01,Tamil Nadu,VOLVO AUTO INDIA PVT LTD,Petrol/Diesel/CNG/Hybrid,7
2026-04-01,Tamil Nadu,VOLVO AUTO INDIA PVT LTD,Petrol/Diesel/CNG/Hybrid,5
2026-05-01,Tamil Nadu,VOLVO AUTO INDIA PVT LTD,Petrol/Diesel/CNG/Hybrid,2
2026-06-01,Tamil Nadu,VOLVO AUTO INDIA PVT LTD,Petrol/Diesel/CNG/Hybrid,3
2026-02-01,Tamil Nadu,VST ZETOR PVT LTD,Petrol/Diesel/CNG/Hybrid,1
2026-03-01,Tamil Nadu,VST ZETOR PVT LTD,Petrol/Diesel/CNG/Hybrid,2
2026-04-01,Tamil Nadu,VST ZETOR PVT LTD,Petrol/Diesel/CNG/Hybrid,1
2026-06-01,Tamil Nadu,VST ZETOR PVT LTD,Petrol/Diesel/CNG/Hybrid,3
2026-03-01,Tamil Nadu,XYZ1,Petrol/Diesel/CNG/Hybrid,1
2026-03-01,Telangana,ACTION CONSTRUCTION EQUIPMENT LTD,Petrol/Diesel/CNG/Hybrid,1
2026-04-01,Telangana,ACTION CONSTRUCTION EQUIPMENT LTD,Petrol/Diesel/CNG/Hybrid,2
2026-05-01,Telangana,ACTION CONSTRUCTION EQUIPMENT LTD,Petrol/Diesel/CNG/Hybrid,3
2026-01-01,Telangana,AMAR ENGINEERING WORKS,Petrol/Diesel/CNG/Hybrid,1
2026-02-01,Telangana,AMAR ENGINEERING WORKS,Petrol/Diesel/CNG/Hybrid,1
2026-04-01,Telangana,AMAR ENGINEERING WORKS,Petrol/Diesel/CNG/Hybrid,1
2026-01-01,Telangana,ASHOK LEYLAND LTD,Petrol/Diesel/CNG/Hybrid,24
2026-02-01,Telangana,ASHOK LEYLAND LTD,Petrol/Diesel/CNG/Hybrid,5
2026-03-01,Telangana,ASHOK LEYLAND LTD,Petrol/Diesel/CNG/Hybrid,1
2026-04-01,Telangana,ASHOK LEYLAND LTD,Petrol/Diesel/CNG/Hybrid,6
2026-05-01,Telangana,ASHOK LEYLAND LTD,Petrol/Diesel/CNG/Hybrid,2
2026-01-01,Telangana,AUDI AG,Petrol/Diesel/CNG/Hybrid,21
2026-02-01,Telangana,AUDI AG,Petrol/Diesel/CNG/Hybrid,4
2026-03-01,Telangana,AUDI AG,Petrol/Diesel/CNG/Hybrid,14
2026-04-01,Telangana,AUDI AG,Petrol/Diesel/CNG/Hybrid,1
2026-05-01,Telangana,AUTOMOBILI LAMBORGHINI S.P.A,Petrol/Diesel/CNG/Hybrid,1
2026-01-01,Telangana,BALAJI AGRO INDUSTRIES,Petrol/Diesel/CNG/Hybrid,4
2026-02-01,Telangana,BALAJI AGRO INDUSTRIES,Petrol/Diesel/CNG/Hybrid,4
2026-03-01,Telangana,BALAJI AGRO INDUSTRIES,Petrol/Diesel/CNG/Hybrid,2
2026-01-01,Telangana,BALAJI ENGG WORKS,Petrol/Diesel/CNG/Hybrid,4
2026-02-01,Telangana,BALAJI ENGG WORKS,Petrol/Diesel/CNG/Hybrid,8
2026-03-01,Telangana,BALAJI ENGG WORKS,Petrol/Diesel/CNG/Hybrid,8
2026-04-01,Telangana,BALAJI ENGG WORKS,Petrol/Diesel/CNG/Hybrid,3
2026-05-01,Telangana,BALAJI ENGG WORKS,Petrol/Diesel/CNG/Hybrid,7
2026-01-01,Telangana,BALAJI INDUSTRIES,Petrol/Diesel/CNG/Hybrid,4
2026-02-01,Telangana,BALAJI INDUSTRIES,Petrol/Diesel/CNG/Hybrid,11
2026-03-01,Telangana,BALAJI INDUSTRIES,Petrol/Diesel/CNG/Hybrid,5
2026-04-01,Telangana,BALAJI INDUSTRIES,Petrol/Diesel/CNG/Hybrid,8
2026-05-01,Telangana,BALAJI INDUSTRIES,Petrol/Diesel/CNG/Hybrid,6
2026-02-01,Telangana,BENTLEY MOTORS LIMITED,Petrol/Diesel/CNG/Hybrid,1
2026-01-01,Telangana,BHARAT AGRO ENGG WORKS,Petrol/Diesel/CNG/Hybrid,6
2026-02-01,Telangana,BHARAT AGRO ENGG WORKS,Petrol/Diesel/CNG/Hybrid,14
2026-03-01,Telangana,BHARAT AGRO ENGG WORKS,Petrol/Diesel/CNG/Hybrid,12
2026-04-01,Telangana,BHARAT AGRO ENGG WORKS,Petrol/Diesel/CNG/Hybrid,4
2026-05-01,Telangana,BHARAT AGRO ENGG WORKS,Petrol/Diesel/CNG/Hybrid,3
2026-01-01,Telangana,BHARAT BHUSHAN ENGNEERING WORK,Petrol/Diesel/CNG/Hybrid,6
2026-02-01,Telangana,BHARAT BHUSHAN ENGNEERING WORK,Petrol/Diesel/CNG/Hybrid,12
2026-03-01,Telangana,BHARAT BHUSHAN ENGNEERING WORK,Petrol/Diesel/CNG/Hybrid,5
2026-04-01,Telangana,BHARAT BHUSHAN ENGNEERING WORK,Petrol/Diesel/CNG/Hybrid,1
2026-05-01,Telangana,BHARAT BHUSHAN ENGNEERING WORK,Petrol/Diesel/CNG/Hybrid,8
2026-01-01,Telangana,BHARATH ENGINEERING WORKS,Petrol/Diesel/CNG/Hybrid,10
2026-02-01,Telangana,BHARATH ENGINEERING WORKS,Petrol/Diesel/CNG/Hybrid,19
2026-03-01,Telangana,BHARATH ENGINEERING WORKS,Petrol/Diesel/CNG/Hybrid,11
2026-04-01,Telangana,BHARATH ENGINEERING WORKS,Petrol/Diesel/CNG/Hybrid,10
2026-05-01,Telangana,BHARATH ENGINEERING WORKS,Petrol/Diesel/CNG/Hybrid,9
2026-01-01,Telangana,BHASKARA INDUSTRIES,Petrol/Diesel/CNG/Hybrid,5
2026-02-01,Telangana,BHASKARA INDUSTRIES,Petrol/Diesel/CNG/Hybrid,2
2026-03-01,Telangana,BHASKARA INDUSTRIES,Petrol/Diesel/CNG/Hybrid,2
2026-04-01,Telangana,BHASKARA INDUSTRIES,Petrol/Diesel/CNG/Hybrid,1
2026-05-01,Telangana,BHASKARA INDUSTRIES,Petrol/Diesel/CNG/Hybrid,3
2026-01-01,Telangana,BMW INDIA PVT LTD,Petrol/Diesel/CNG/Hybrid,116
2026-02-01,Telangana,BMW INDIA PVT LTD,Petrol/Diesel/CNG/Hybrid,99
2026-03-01,Telangana,BMW INDIA PVT LTD,Petrol/Diesel/CNG/Hybrid,109
2026-04-01,Telangana,BMW INDIA PVT LTD,Petrol/Diesel/CNG/Hybrid,54
2026-05-01,Telangana,BMW INDIA PVT LTD,Petrol/Diesel/CNG/Hybrid,109
2026-06-01,Telangana,BMW INDIA PVT LTD,Petrol/Diesel/CNG/Hybrid,41
2026-01-01,Telangana,BYD AUTO,Petrol/Diesel/CNG/Hybrid,57
2026-02-01,Telangana,BYD AUTO,Petrol/Diesel/CNG/Hybrid,38
2026-03-01,Telangana,BYD AUTO,Petrol/Diesel/CNG/Hybrid,16
2026-04-01,Telangana,BYD AUTO,Petrol/Diesel/CNG/Hybrid,8
2026-05-01,Telangana,BYD AUTO,Petrol/Diesel/CNG/Hybrid,4
2026-02-01,Telangana,BYD INDIA PRIVATE LIMITED,Petrol/Diesel/CNG/Hybrid,16
2026-03-01,Telangana,BYD INDIA PRIVATE LIMITED,Petrol/Diesel/CNG/Hybrid,43
2026-04-01,Telangana,BYD INDIA PRIVATE LIMITED,Petrol/Diesel/CNG/Hybrid,16
2026-05-01,Telangana,BYD INDIA PRIVATE LIMITED,Petrol/Diesel/CNG/Hybrid,10
2026-01-01,Telangana,CAPTAIN TRACTORS PVT. LTD,Petrol/Diesel/CNG/Hybrid,1
2026-02-01,Telangana,CAPTAIN TRACTORS PVT. LTD,Petrol/Diesel/CNG/Hybrid,3
2026-03-01,Telangana,CAPTAIN TRACTORS PVT. LTD,Petrol/Diesel/CNG/Hybrid,2
2026-04-01,Telangana,CAPTAIN TRACTORS PVT. LTD,Petrol/Diesel/CNG/Hybrid,1
2026-05-01,Telangana,CAPTAIN TRACTORS PVT. LTD,Petrol/Diesel/CNG/Hybrid,2
2026-01-01,Telangana,CASE NEW HOLLAND CONSTRUCTION EQUIPMENT(I) PVT LTD,Petrol/Diesel/CNG/Hybrid,1
2026-02-01,Telangana,CASE NEW HOLLAND CONSTRUCTION EQUIPMENT(I) PVT LTD,Petrol/Diesel/CNG/Hybrid,2
2026-04-01,Telangana,CASE NEW HOLLAND CONSTRUCTION EQUIPMENT(I) PVT LTD,Petrol/Diesel/CNG/Hybrid,1
2026-01-01,Telangana,CNH INDUSTRIAL (INDIA) PVT LTD,Petrol/Diesel/CNG/Hybrid,70
2026-02-01,Telangana,CNH INDUSTRIAL (INDIA) PVT LTD,Petrol/Diesel/CNG/Hybrid,97
2026-03-01,Telangana,CNH INDUSTRIAL (INDIA) PVT LTD,Petrol/Diesel/CNG/Hybrid,92
2026-04-01,Telangana,CNH INDUSTRIAL (INDIA) PVT LTD,Petrol/Diesel/CNG/Hybrid,61
2026-05-01,Telangana,CNH INDUSTRIAL (INDIA) PVT LTD,Petrol/Diesel/CNG/Hybrid,59
2026-06-01,Telangana,CNH INDUSTRIAL (INDIA) PVT LTD,Petrol/Diesel/CNG/Hybrid,1
2026-01-01,Telangana,DASMESH MECHANICAL WORKS PVT.LTD,Petrol/Diesel/CNG/Hybrid,45
2026-02-01,Telangana,DASMESH MECHANICAL WORKS PVT.LTD,Petrol/Diesel/CNG/Hybrid,51
2026-03-01,Telangana,DASMESH MECHANICAL WORKS PVT.LTD,Petrol/Diesel/CNG/Hybrid,107
2026-04-01,Telangana,DASMESH MECHANICAL WORKS PVT.LTD,Petrol/Diesel/CNG/Hybrid,53
2026-05-01,Telangana,DASMESH MECHANICAL WORKS PVT.LTD,Petrol/Diesel/CNG/Hybrid,41
2026-01-01,Telangana,DEEPTHI ENG WORKS,Petrol/Diesel/CNG/Hybrid,1
2026-03-01,Telangana,DEEPTHI ENG WORKS,Petrol/Diesel/CNG/Hybrid,1
2026-04-01,Telangana,DEEPTHI ENG WORKS,Petrol/Diesel/CNG/Hybrid,4
2026-03-01,Telangana,"DIAMOND ENGG,CTC",Petrol/Diesel/CNG/Hybrid,1
2026-01-01,Telangana,DYS IMPEX PVT LTD,Petrol/Diesel/CNG/Hybrid,1
2026-05-01,Telangana,DYS IMPEX PVT LTD,Petrol/Diesel/CNG/Hybrid,1
2026-01-01,Telangana,EICHER TRACTORS,Petrol/Diesel/CNG/Hybrid,91
2026-02-01,Telangana,EICHER TRACTORS,Petrol/Diesel/CNG/Hybrid,148
2026-03-01,Telangana,EICHER TRACTORS,Petrol/Diesel/CNG/Hybrid,213
2026-04-01,Telangana,EICHER TRACTORS,Petrol/Diesel/CNG/Hybrid,107
2026-05-01,Telangana,EICHER TRACTORS,Petrol/Diesel/CNG/Hybrid,116
2026-01-01,Telangana,ESCORTS CONSTRUCTION EQUIPMENT LTD,Petrol/Diesel/CNG/Hybrid,52
2026-02-01,Telangana,ESCORTS CONSTRUCTION EQUIPMENT LTD,Petrol/Diesel/CNG/Hybrid,58
2026-03-01,Telangana,ESCORTS CONSTRUCTION EQUIPMENT LTD,Petrol/Diesel/CNG/Hybrid,76
2026-04-01,Telangana,ESCORTS CONSTRUCTION EQUIPMENT LTD,Petrol/Diesel/CNG/Hybrid,54
2026-05-01,Telangana,ESCORTS CONSTRUCTION EQUIPMENT LTD,Petrol/Diesel/CNG/Hybrid,43
2026-04-01,Telangana,ESCORTS KUBOTA LIMITED (AGRI MACHINERY GROUP),Petrol/Diesel/CNG/Hybrid,1
2026-04-01,Telangana,ESCORTS KUBOTA LIMITED (CONSTRUCTION EQUIPMENT),Petrol/Diesel/CNG/Hybrid,10
2026-05-01,Telangana,ESCORTS KUBOTA LIMITED (CONSTRUCTION EQUIPMENT),Petrol/Diesel/CNG/Hybrid,20
2026-03-01,Telangana,FERRARI SPA,Petrol/Diesel/CNG/Hybrid,1
2026-01-01,Telangana,FORCE MOTORS LIMITED,Petrol/Diesel/CNG/Hybrid,15
2026-02-01,Telangana,FORCE MOTORS LIMITED,Petrol/Diesel/CNG/Hybrid,21
2026-03-01,Telangana,FORCE MOTORS LIMITED,Petrol/Diesel/CNG/Hybrid,10
2026-04-01,Telangana,FORCE MOTORS LIMITED,Petrol/Diesel/CNG/Hybrid,20
2026-05-01,Telangana,FORCE MOTORS LIMITED,Petrol/Diesel/CNG/Hybrid,5
2026-01-01,Telangana,FRIENDS ENGINEERING WORKS,Petrol/Diesel/CNG/Hybrid,1
2026-02-01,Telangana,FRIENDS ENGINEERING WORKS,Petrol/Diesel/CNG/Hybrid,2
2026-03-01,Telangana,FRIENDS ENGINEERING WORKS,Petrol/Diesel/CNG/Hybrid,1
2026-01-01,Telangana,GAHIR AGRICULTURE INDUSTRIES,Petrol/Diesel/CNG/Hybrid,1
2026-03-01,Telangana,GAHIR AGRICULTURE INDUSTRIES,Petrol/Diesel/CNG/Hybrid,1
2026-01-01,Telangana,GANGA ENGINEERING WORKS,Petrol/Diesel/CNG/Hybrid,5
2026-02-01,Telangana,GANGA ENGINEERING WORKS,Petrol/Diesel/CNG/Hybrid,13
2026-03-01,Telangana,GANGA ENGINEERING WORKS,Petrol/Diesel/CNG/Hybrid,8
2026-04-01,Telangana,GANGA ENGINEERING WORKS,Petrol/Diesel/CNG/Hybrid,5
2026-05-01,Telangana,GANGA ENGINEERING WORKS,Petrol/Diesel/CNG/Hybrid,3
2026-01-01,Telangana,GROMAX AGRI EQUIPMENT LTD,Petrol/Diesel/CNG/Hybrid,15
2026-02-01,Telangana,GROMAX AGRI EQUIPMENT LTD,Petrol/Diesel/CNG/Hybrid,12
2026-03-01,Telangana,GROMAX AGRI EQUIPMENT LTD,Petrol/Diesel/CNG/Hybrid,16
2026-04-01,Telangana,GROMAX AGRI EQUIPMENT LTD,Petrol/Diesel/CNG/Hybrid,13
2026-05-01,Telangana,GROMAX AGRI EQUIPMENT LTD,Petrol/Diesel/CNG/Hybrid,7
2026-01-01,Telangana,GURUNANAK INDUSTRIES PVT LTD,Petrol/Diesel/CNG/Hybrid,2
2026-02-01,Telangana,GURUNANAK INDUSTRIES PVT LTD,Petrol/Diesel/CNG/Hybrid,3
2026-03-01,Telangana,GURUNANAK INDUSTRIES PVT LTD,Petrol/Diesel/CNG/Hybrid,6
2026-05-01,Telangana,GURUNANAK INDUSTRIES PVT LTD,Petrol/Diesel/CNG/Hybrid,1
2026-01-01,Telangana,HANUMAN AGRO INDUSTRIES,Petrol/Diesel/CNG/Hybrid,5
2026-02-01,Telangana,HANUMAN AGRO INDUSTRIES,Petrol/Diesel/CNG/Hybrid,11
2026-03-01,Telangana,HANUMAN AGRO INDUSTRIES,Petrol/Diesel/CNG/Hybrid,12
2026-04-01,Telangana,HANUMAN AGRO INDUSTRIES,Petrol/Diesel/CNG/Hybrid,6
2026-05-01,Telangana,HANUMAN AGRO INDUSTRIES,Petrol/Diesel/CNG/Hybrid,6
2026-01-01,Telangana,HONDA CARS INDIA LTD,Petrol/Diesel/CNG/Hybrid,333
2026-02-01,Telangana,HONDA CARS INDIA LTD,Petrol/Diesel/CNG/Hybrid,191
2026-03-01,Telangana,HONDA CARS INDIA LTD,Petrol/Diesel/CNG/Hybrid,238
2026-04-01,Telangana,HONDA CARS INDIA LTD,Petrol/Diesel/CNG/Hybrid,138
2026-05-01,Telangana,HONDA CARS INDIA LTD,Petrol/Diesel/CNG/Hybrid,395
2026-06-01,Telangana,HONDA CARS INDIA LTD,Petrol/Diesel/CNG/Hybrid,136
2026-01-01,Telangana,HONDA MOTORCYCLE AND SCOOTER INDIA (P) LTD,Petrol/Diesel/CNG/Hybrid,16
2026-02-01,Telangana,HONDA MOTORCYCLE AND SCOOTER INDIA (P) LTD,Petrol/Diesel/CNG/Hybrid,9
2026-03-01,Telangana,HONDA MOTORCYCLE AND SCOOTER INDIA (P) LTD,Petrol/Diesel/CNG/Hybrid,1
2026-01-01,Telangana,HYUNDAI MOTOR INDIA LTD,Petrol/Diesel/CNG/Hybrid,2465
2026-02-01,Telangana,HYUNDAI MOTOR INDIA LTD,Petrol/Diesel/CNG/Hybrid,1573
2026-03-01,Telangana,HYUNDAI MOTOR INDIA LTD,Petrol/Diesel/CNG/Hybrid,1606
2026-04-01,Telangana,HYUNDAI MOTOR INDIA LTD,Petrol/Diesel/CNG/Hybrid,841
2026-05-01,Telangana,HYUNDAI MOTOR INDIA LTD,Petrol/Diesel/CNG/Hybrid,2366
2026-06-01,Telangana,HYUNDAI MOTOR INDIA LTD,Petrol/Diesel/CNG/Hybrid,949
2026-01-01,Telangana,INDO FARM EQUIPMENT LIMITED,Petrol/Diesel/CNG/Hybrid,1
2026-04-01,Telangana,INDO FARM EQUIPMENT LIMITED,Petrol/Diesel/CNG/Hybrid,1
2026-01-01,Telangana,INTERNATIONAL TRACTORS LIMITED,Petrol/Diesel/CNG/Hybrid,203
2026-02-01,Telangana,INTERNATIONAL TRACTORS LIMITED,Petrol/Diesel/CNG/Hybrid,294
2026-03-01,Telangana,INTERNATIONAL TRACTORS LIMITED,Petrol/Diesel/CNG/Hybrid,360
2026-04-01,Telangana,INTERNATIONAL TRACTORS LIMITED,Petrol/Diesel/CNG/Hybrid,190
2026-05-01,Telangana,INTERNATIONAL TRACTORS LIMITED,Petrol/Diesel/CNG/Hybrid,206
2026-06-01,Telangana,INTERNATIONAL TRACTORS LIMITED,Petrol/Diesel/CNG/Hybrid,1
2026-01-01,Telangana,ISUZU MOTORS INDIA PVT LTD,Petrol/Diesel/CNG/Hybrid,1
2026-02-01,Telangana,ISUZU MOTORS INDIA PVT LTD,Petrol/Diesel/CNG/Hybrid,2
2026-03-01,Telangana,ISUZU MOTORS INDIA PVT LTD,Petrol/Diesel/CNG/Hybrid,44
2026-04-01,Telangana,ISUZU MOTORS INDIA PVT LTD,Petrol/Diesel/CNG/Hybrid,1
2026-02-01,Telangana,JAGUAR LAND ROVER INDIA LIMITED,Petrol/Diesel/CNG/Hybrid,2
2026-03-01,Telangana,JAGUAR LAND ROVER INDIA LIMITED,Petrol/Diesel/CNG/Hybrid,15
2026-04-01,Telangana,JAGUAR LAND ROVER INDIA LIMITED,Petrol/Diesel/CNG/Hybrid,17
2026-05-01,Telangana,JAGUAR LAND ROVER INDIA LIMITED,Petrol/Diesel/CNG/Hybrid,31
2026-06-01,Telangana,JAGUAR LAND ROVER INDIA LIMITED,Petrol/Diesel/CNG/Hybrid,26
2026-01-01,Telangana,JAGUAR LAND ROVER LIMITED UK,Petrol/Diesel/CNG/Hybrid,13
2026-02-01,Telangana,JAGUAR LAND ROVER LIMITED UK,Petrol/Diesel/CNG/Hybrid,8
2026-03-01,Telangana,JAGUAR LAND ROVER LIMITED UK,Petrol/Diesel/CNG/Hybrid,2
2026-04-01,Telangana,JAGUAR LAND ROVER LIMITED UK,Petrol/Diesel/CNG/Hybrid,3
2026-01-01,Telangana,JAI BHAVANI ENGINEERING WORKS,Petrol/Diesel/CNG/Hybrid,4
2026-02-01,Telangana,JAI BHAVANI ENGINEERING WORKS,Petrol/Diesel/CNG/Hybrid,15
2026-03-01,Telangana,JAI BHAVANI ENGINEERING WORKS,Petrol/Diesel/CNG/Hybrid,19
2026-04-01,Telangana,JAI BHAVANI ENGINEERING WORKS,Petrol/Diesel/CNG/Hybrid,11
2026-05-01,Telangana,JAI BHAVANI ENGINEERING WORKS,Petrol/Diesel/CNG/Hybrid,11
2026-01-01,Telangana,JAI SRI RAM ELECTRIC VEHICLE MANUFACTURING PVT LTD,Petrol/Diesel/CNG/Hybrid,7
2026-02-01,Telangana,JAI SRI RAM ELECTRIC VEHICLE MANUFACTURING PVT LTD,Petrol/Diesel/CNG/Hybrid,8
2026-03-01,Telangana,JAI SRI RAM ELECTRIC VEHICLE MANUFACTURING PVT LTD,Petrol/Diesel/CNG/Hybrid,11
2026-04-01,Telangana,JAI SRI RAM ELECTRIC VEHICLE MANUFACTURING PVT LTD,Petrol/Diesel/CNG/Hybrid,11
2026-05-01,Telangana,JAI SRI RAM ELECTRIC VEHICLE MANUFACTURING PVT LTD,Petrol/Diesel/CNG/Hybrid,11
2026-01-01,Telangana,JAYA LAKSHMI ENGINEERING WORKS,Petrol/Diesel/CNG/Hybrid,9
2026-02-01,Telangana,JAYA LAKSHMI ENGINEERING WORKS,Petrol/Diesel/CNG/Hybrid,14
2026-03-01,Telangana,JAYA LAKSHMI ENGINEERING WORKS,Petrol/Diesel/CNG/Hybrid,11
2026-04-01,Telangana,JAYA LAKSHMI ENGINEERING WORKS,Petrol/Diesel/CNG/Hybrid,12
2026-05-01,Telangana,JAYA LAKSHMI ENGINEERING WORKS,Petrol/Diesel/CNG/Hybrid,2
2026-01-01,Telangana,JCB INDIA LTD,Petrol/Diesel/CNG/Hybrid,1
2026-03-01,Telangana,JCB INDIA LTD,Petrol/Diesel/CNG/Hybrid,4
2026-01-01,Telangana,JOHN DEERE INDIA PVT LTD(CROP SOLUTION DIV),Petrol/Diesel/CNG/Hybrid,779
2026-02-01,Telangana,JOHN DEERE INDIA PVT LTD(CROP SOLUTION DIV),Petrol/Diesel/CNG/Hybrid,1187
2026-03-01,Telangana,JOHN DEERE INDIA PVT LTD(CROP SOLUTION DIV),Petrol/Diesel/CNG/Hybrid,1241
2026-04-01,Telangana,JOHN DEERE INDIA PVT LTD(CROP SOLUTION DIV),Petrol/Diesel/CNG/Hybrid,858
2026-05-01,Telangana,JOHN DEERE INDIA PVT LTD(CROP SOLUTION DIV),Petrol/Diesel/CNG/Hybrid,725
2026-04-01,Telangana,JOHN DEERE INDIA PVT LTD(TRACTOR DEVISION),Petrol/Diesel/CNG/Hybrid,18
2026-05-01,Telangana,JOHN DEERE INDIA PVT LTD(TRACTOR DEVISION),Petrol/Diesel/CNG/Hybrid,56
2026-06-01,Telangana,JOHN DEERE INDIA PVT LTD(TRACTOR DEVISION),Petrol/Diesel/CNG/Hybrid,19
2026-01-01,Telangana,JSW MG MOTOR INDIA PVT LTD,Petrol/Diesel/CNG/Hybrid,659
2026-02-01,Telangana,JSW MG MOTOR INDIA PVT LTD,Petrol/Diesel/CNG/Hybrid,292
2026-03-01,Telangana,JSW MG MOTOR INDIA PVT LTD,Petrol/Diesel/CNG/Hybrid,113
2026-04-01,Telangana,JSW MG MOTOR INDIA PVT LTD,Petrol/Diesel/CNG/Hybrid,63
2026-05-01,Telangana,JSW MG MOTOR INDIA PVT LTD,Petrol/Diesel/CNG/Hybrid,112
2026-06-01,Telangana,JSW MG MOTOR INDIA PVT LTD,Petrol/Diesel/CNG/Hybrid,55
2026-02-01,Telangana,JYOTI ENGINEERING WORKS,Petrol/Diesel/CNG/Hybrid,2
2026-03-01,Telangana,JYOTI ENGINEERING WORKS,Petrol/Diesel/CNG/Hybrid,1
2026-04-01,Telangana,JYOTI ENGINEERING WORKS,Petrol/Diesel/CNG/Hybrid,2
2026-05-01,Telangana,JYOTI ENGINEERING WORKS,Petrol/Diesel/CNG/Hybrid,3
2026-01-01,Telangana,K S AGROTECH,Petrol/Diesel/CNG/Hybrid,7
2026-02-01,Telangana,K S AGROTECH,Petrol/Diesel/CNG/Hybrid,6
2026-03-01,Telangana,K S AGROTECH,Petrol/Diesel/CNG/Hybrid,31
2026-04-01,Telangana,K S AGROTECH,Petrol/Diesel/CNG/Hybrid,11
2026-05-01,Telangana,K S AGROTECH,Petrol/Diesel/CNG/Hybrid,8
2026-02-01,Telangana,K.S. AGRICULTURAL INDUSTRIES PVT. LTD,Petrol/Diesel/CNG/Hybrid,1
2026-03-01,Telangana,K.S. AGRICULTURAL INDUSTRIES PVT. LTD,Petrol/Diesel/CNG/Hybrid,1
2026-01-01,Telangana,K.S. AGROTECH PVT LTD,Petrol/Diesel/CNG/Hybrid,2
2026-02-01,Telangana,K.S. AGROTECH PVT LTD,Petrol/Diesel/CNG/Hybrid,4
2026-04-01,Telangana,K.S. AGROTECH PVT LTD,Petrol/Diesel/CNG/Hybrid,2
2026-05-01,Telangana,K.S. AGROTECH PVT LTD,Petrol/Diesel/CNG/Hybrid,4
2026-01-01,Telangana,KANAKADUGRA ENGINEERING,Petrol/Diesel/CNG/Hybrid,6
2026-02-01,Telangana,KANAKADUGRA ENGINEERING,Petrol/Diesel/CNG/Hybrid,6
2026-03-01,Telangana,KANAKADUGRA ENGINEERING,Petrol/Diesel/CNG/Hybrid,6
2026-04-01,Telangana,KANAKADUGRA ENGINEERING,Petrol/Diesel/CNG/Hybrid,2
2026-01-01,Telangana,KIA INDIA PRIVATE LIMITED,Petrol/Diesel/CNG/Hybrid,1520
2026-02-01,Telangana,KIA INDIA PRIVATE LIMITED,Petrol/Diesel/CNG/Hybrid,646
2026-03-01,Telangana,KIA INDIA PRIVATE LIMITED,Petrol/Diesel/CNG/Hybrid,201
2026-04-01,Telangana,KIA INDIA PRIVATE LIMITED,Petrol/Diesel/CNG/Hybrid,421
2026-05-01,Telangana,KIA INDIA PRIVATE LIMITED,Petrol/Diesel/CNG/Hybrid,1827
2026-06-01,Telangana,KIA INDIA PRIVATE LIMITED,Petrol/Diesel/CNG/Hybrid,654
2026-03-01,Telangana,KIA MOTORS CORPN,Petrol/Diesel/CNG/Hybrid,3
2026-01-01,Telangana,KINETIC MOTOR COMPANY LIMITED,Petrol/Diesel/CNG/Hybrid,85
2026-02-01,Telangana,KINETIC MOTOR COMPANY LIMITED,Petrol/Diesel/CNG/Hybrid,2453
2026-03-01,Telangana,KINETIC MOTOR COMPANY LIMITED,Petrol/Diesel/CNG/Hybrid,136
2026-04-01,Telangana,KINETIC MOTOR COMPANY LIMITED,Petrol/Diesel/CNG/Hybrid,2042
2026-05-01,Telangana,KINETIC MOTOR COMPANY LIMITED,Petrol/Diesel/CNG/Hybrid,585
2026-02-01,Telangana,KISAN ENGINEERING,Petrol/Diesel/CNG/Hybrid,1
2026-03-01,Telangana,KISAN ENGINEERING,Petrol/Diesel/CNG/Hybrid,1
2026-01-01,Telangana,KISAN ENGINEERING WORKS,Petrol/Diesel/CNG/Hybrid,12
2026-02-01,Telangana,KISAN ENGINEERING WORKS,Petrol/Diesel/CNG/Hybrid,31
2026-03-01,Telangana,KISAN ENGINEERING WORKS,Petrol/Diesel/CNG/Hybrid,21
2026-04-01,Telangana,KISAN ENGINEERING WORKS,Petrol/Diesel/CNG/Hybrid,14
2026-05-01,Telangana,KISAN ENGINEERING WORKS,Petrol/Diesel/CNG/Hybrid,20
2026-01-01,Telangana,KOHINOOR ENGGINEERING WORKS,Petrol/Diesel/CNG/Hybrid,3
2026-02-01,Telangana,KOHINOOR ENGGINEERING WORKS,Petrol/Diesel/CNG/Hybrid,6
2026-03-01,Telangana,KOHINOOR ENGGINEERING WORKS,Petrol/Diesel/CNG/Hybrid,2
2026-04-01,Telangana,KOHINOOR ENGGINEERING WORKS,Petrol/Diesel/CNG/Hybrid,8
2026-05-01,Telangana,KOHINOOR ENGGINEERING WORKS,Petrol/Diesel/CNG/Hybrid,6
2026-01-01,Telangana,KUBOTA AGRICULTURAL MACHINERY INDIA PVT.LTD,Petrol/Diesel/CNG/Hybrid,27
2026-02-01,Telangana,KUBOTA AGRICULTURAL MACHINERY INDIA PVT.LTD,Petrol/Diesel/CNG/Hybrid,29
2026-03-01,Telangana,KUBOTA AGRICULTURAL MACHINERY INDIA PVT.LTD,Petrol/Diesel/CNG/Hybrid,51
2026-04-01,Telangana,KUBOTA AGRICULTURAL MACHINERY INDIA PVT.LTD,Petrol/Diesel/CNG/Hybrid,34
2026-05-01,Telangana,KUBOTA AGRICULTURAL MACHINERY INDIA PVT.LTD,Petrol/Diesel/CNG/Hybrid,29
2026-01-01,Telangana,KUMARAN ENGINEERING ENTERPRISES,Petrol/Diesel/CNG/Hybrid,10
2026-02-01,Telangana,KUMARAN ENGINEERING ENTERPRISES,Petrol/Diesel/CNG/Hybrid,17
2026-03-01,Telangana,KUMARAN ENGINEERING ENTERPRISES,Petrol/Diesel/CNG/Hybrid,10
2026-04-01,Telangana,KUMARAN ENGINEERING ENTERPRISES,Petrol/Diesel/CNG/Hybrid,11
2026-05-01,Telangana,KUMARAN ENGINEERING ENTERPRISES,Petrol/Diesel/CNG/Hybrid,2
2026-01-01,Telangana,LAKSHMI AGRO INDUSTRIES,Petrol/Diesel/CNG/Hybrid,2
2026-02-01,Telangana,LAKSHMI AGRO INDUSTRIES,Petrol/Diesel/CNG/Hybrid,2
2026-03-01,Telangana,LAKSHMI AGRO INDUSTRIES,Petrol/Diesel/CNG/Hybrid,4
2026-04-01,Telangana,LAKSHMI AGRO INDUSTRIES,Petrol/Diesel/CNG/Hybrid,3
2026-05-01,Telangana,LAKSHMI AGRO INDUSTRIES,Petrol/Diesel/CNG/Hybrid,1
2026-01-01,Telangana,LAKSHMI ENGINEERING WORKS,Petrol/Diesel/CNG/Hybrid,5
2026-02-01,Telangana,LAKSHMI ENGINEERING WORKS,Petrol/Diesel/CNG/Hybrid,9
2026-03-01,Telangana,LAKSHMI ENGINEERING WORKS,Petrol/Diesel/CNG/Hybrid,8
2026-04-01,Telangana,LAKSHMI ENGINEERING WORKS,Petrol/Diesel/CNG/Hybrid,10
2026-05-01,Telangana,LAKSHMI ENGINEERING WORKS,Petrol/Diesel/CNG/Hybrid,7
2026-01-01,Telangana,LEXUS MOTORS LTD,Petrol/Diesel/CNG/Hybrid,1
2026-03-01,Telangana,LEXUS MOTORS LTD,Petrol/Diesel/CNG/Hybrid,11
2026-03-01,Telangana,MADINA ENGG. WORK,Petrol/Diesel/CNG/Hybrid,8
2026-04-01,Telangana,MADINA ENGG. WORK,Petrol/Diesel/CNG/Hybrid,2
2026-05-01,Telangana,MADINA ENGG. WORK,Petrol/Diesel/CNG/Hybrid,6
2026-02-01,Telangana,MAHALAXMI ENGG WORK,Petrol/Diesel/CNG/Hybrid,3
2026-03-01,Telangana,MAHALAXMI ENGG WORK,Petrol/Diesel/CNG/Hybrid,1
2026-04-01,Telangana,MAHALAXMI ENGG WORK,Petrol/Diesel/CNG/Hybrid,6
2026-05-01,Telangana,MAHALAXMI ENGG WORK,Petrol/Diesel/CNG/Hybrid,7
2026-01-01,Telangana,MAHINDRA & MAHINDRA LIMITED,Petrol/Diesel/CNG/Hybrid,2702
2026-02-01,Telangana,MAHINDRA & MAHINDRA LIMITED,Petrol/Diesel/CNG/Hybrid,1463
2026-03-01,Telangana,MAHINDRA & MAHINDRA LIMITED,Petrol/Diesel/CNG/Hybrid,2515
2026-04-01,Telangana,MAHINDRA & MAHINDRA LIMITED,Petrol/Diesel/CNG/Hybrid,1475
2026-05-01,Telangana,MAHINDRA & MAHINDRA LIMITED,Petrol/Diesel/CNG/Hybrid,1689
2026-06-01,Telangana,MAHINDRA & MAHINDRA LIMITED,Petrol/Diesel/CNG/Hybrid,903
2026-03-01,Telangana,MAHINDRA & MAHINDRA LIMITED (SWARAJ DIVISION),Petrol/Diesel/CNG/Hybrid,2
2026-04-01,Telangana,MAHINDRA & MAHINDRA LIMITED (SWARAJ DIVISION),Petrol/Diesel/CNG/Hybrid,309
2026-02-01,Telangana,MAHINDRA & MAHINDRA LIMITED (TRACTOR),Petrol/Diesel/CNG/Hybrid,9
2026-03-01,Telangana,MAHINDRA & MAHINDRA LIMITED (TRACTOR),Petrol/Diesel/CNG/Hybrid,1
2026-05-01,Telangana,MAHINDRA & MAHINDRA LIMITED (TRACTOR),Petrol/Diesel/CNG/Hybrid,1
2026-01-01,Telangana,MAHINDRA ELECTRIC MOBILITY LIMITED,Petrol/Diesel/CNG/Hybrid,436
2026-02-01,Telangana,MAHINDRA ELECTRIC MOBILITY LIMITED,Petrol/Diesel/CNG/Hybrid,205
2026-03-01,Telangana,MAHINDRA ELECTRIC MOBILITY LIMITED,Petrol/Diesel/CNG/Hybrid,102
2026-04-01,Telangana,MAHINDRA ELECTRIC MOBILITY LIMITED,Petrol/Diesel/CNG/Hybrid,45
2026-05-01,Telangana,MAHINDRA ELECTRIC MOBILITY LIMITED,Petrol/Diesel/CNG/Hybrid,42
2026-04-01,Telangana,MANIKANTA ENGINEERING WORKS,Petrol/Diesel/CNG/Hybrid,1
2026-01-01,Telangana,MARUTI SUZUKI INDIA LTD,Petrol/Diesel/CNG/Hybrid,7226
2026-02-01,Telangana,MARUTI SUZUKI INDIA LTD,Petrol/Diesel/CNG/Hybrid,4005
2026-03-01,Telangana,MARUTI SUZUKI INDIA LTD,Petrol/Diesel/CNG/Hybrid,2693
2026-04-01,Telangana,MARUTI SUZUKI INDIA LTD,Petrol/Diesel/CNG/Hybrid,2670
2026-05-01,Telangana,MARUTI SUZUKI INDIA LTD,Petrol/Diesel/CNG/Hybrid,6918
2026-06-01,Telangana,MARUTI SUZUKI INDIA LTD,Petrol/Diesel/CNG/Hybrid,2154
2026-01-01,Telangana,MASSEY FERGUSON LTD,Petrol/Diesel/CNG/Hybrid,54
2026-02-01,Telangana,MASSEY FERGUSON LTD,Petrol/Diesel/CNG/Hybrid,96
2026-03-01,Telangana,MASSEY FERGUSON LTD,Petrol/Diesel/CNG/Hybrid,103
2026-04-01,Telangana,MASSEY FERGUSON LTD,Petrol/Diesel/CNG/Hybrid,86
2026-05-01,Telangana,MCLAREN AUTOMOTIVE (IMPORTER: INFINITY CARS),Petrol/Diesel/CNG/Hybrid,1
2026-05-01,Telangana,MERCEDES-BENZ AG,Petrol/Diesel/CNG/Hybrid,5
2026-06-01,Telangana,MERCEDES-BENZ AG,Petrol/Diesel/CNG/Hybrid,5
2026-01-01,Telangana,MERCEDES-BENZ INDIA PVT LTD,Petrol/Diesel/CNG/Hybrid,99
2026-02-01,Telangana,MERCEDES-BENZ INDIA PVT LTD,Petrol/Diesel/CNG/Hybrid,64
2026-03-01,Telangana,MERCEDES-BENZ INDIA PVT LTD,Petrol/Diesel/CNG/Hybrid,38
2026-04-01,Telangana,MERCEDES-BENZ INDIA PVT LTD,Petrol/Diesel/CNG/Hybrid,22
2026-05-01,Telangana,MERCEDES-BENZ INDIA PVT LTD,Petrol/Diesel/CNG/Hybrid,69
2026-06-01,Telangana,MERCEDES-BENZ INDIA PVT LTD,Petrol/Diesel/CNG/Hybrid,37
2026-03-01,Telangana,NEW HOLLAND FIAT INDIA PVT. LTD,Petrol/Diesel/CNG/Hybrid,1
2026-04-01,Telangana,NEW HOLLAND FIAT INDIA PVT. LTD,Petrol/Diesel/CNG/Hybrid,1
2026-01-01,Telangana,NEW MALLIKARJUNA ENG WORKS,Petrol/Diesel/CNG/Hybrid,10
2026-02-01,Telangana,NEW MALLIKARJUNA ENG WORKS,Petrol/Diesel/CNG/Hybrid,11
2026-03-01,Telangana,NEW MALLIKARJUNA ENG WORKS,Petrol/Diesel/CNG/Hybrid,20
2026-04-01,Telangana,NEW MALLIKARJUNA ENG WORKS,Petrol/Diesel/CNG/Hybrid,5
2026-05-01,Telangana,NEW MALLIKARJUNA ENG WORKS,Petrol/Diesel/CNG/Hybrid,8
2026-02-01,Telangana,NISSAN MOTOR INDIA PVT LTD,Petrol/Diesel/CNG/Hybrid,51
2026-03-01,Telangana,NISSAN MOTOR INDIA PVT LTD,Petrol/Diesel/CNG/Hybrid,129
2026-04-01,Telangana,NISSAN MOTOR INDIA PVT LTD,Petrol/Diesel/CNG/Hybrid,83
2026-05-01,Telangana,NISSAN MOTOR INDIA PVT LTD,Petrol/Diesel/CNG/Hybrid,367
2026-06-01,Telangana,NISSAN MOTOR INDIA PVT LTD,Petrol/Diesel/CNG/Hybrid,145
2026-02-01,Telangana,OLECTRA GREENTECH LTD,Petrol/Diesel/CNG/Hybrid,1
2026-01-01,Telangana,OTHERS,Petrol/Diesel/CNG/Hybrid,1301
2026-02-01,Telangana,OTHERS,Petrol/Diesel/CNG/Hybrid,2250
2026-03-01,Telangana,OTHERS,Petrol/Diesel/CNG/Hybrid,6805
2026-04-01,Telangana,OTHERS,Petrol/Diesel/CNG/Hybrid,1085
2026-05-01,Telangana,OTHERS,Petrol/Diesel/CNG/Hybrid,2161
2026-01-01,Telangana,PANESAR AGRO TECH,Petrol/Diesel/CNG/Hybrid,1
2026-03-01,Telangana,PANESAR AGRO TECH,Petrol/Diesel/CNG/Hybrid,2
2026-05-01,Telangana,PATEL ENGINEERING,Petrol/Diesel/CNG/Hybrid,1
2026-01-01,Telangana,PORSCHE AG GERMANY,Petrol/Diesel/CNG/Hybrid,5
2026-02-01,Telangana,PORSCHE AG GERMANY,Petrol/Diesel/CNG/Hybrid,4
2026-03-01,Telangana,PORSCHE AG GERMANY,Petrol/Diesel/CNG/Hybrid,8
2026-04-01,Telangana,PORSCHE AG GERMANY,Petrol/Diesel/CNG/Hybrid,4
2026-05-01,Telangana,PORSCHE AG GERMANY,Petrol/Diesel/CNG/Hybrid,6
2026-06-01,Telangana,PORSCHE AG GERMANY,Petrol/Diesel/CNG/Hybrid,4
2026-01-01,Telangana,RAJA ENG WORK,Petrol/Diesel/CNG/Hybrid,6
2026-02-01,Telangana,RAJA ENG WORK,Petrol/Diesel/CNG/Hybrid,11
2026-03-01,Telangana,RAJA ENG WORK,Petrol/Diesel/CNG/Hybrid,8
2026-04-01,Telangana,RAJA ENG WORK,Petrol/Diesel/CNG/Hybrid,9
2026-05-01,Telangana,RAJA ENG WORK,Petrol/Diesel/CNG/Hybrid,10
2026-01-01,Telangana,RAJU AGRO ENGG.WORKS,Petrol/Diesel/CNG/Hybrid,1
2026-02-01,Telangana,RAJU AGRO ENGG.WORKS,Petrol/Diesel/CNG/Hybrid,3
2026-05-01,Telangana,RAJU AGRO ENGG.WORKS,Petrol/Diesel/CNG/Hybrid,2
2026-01-01,Telangana,RAVI ENGINEERING WORKS,Petrol/Diesel/CNG/Hybrid,1
2026-02-01,Telangana,RAVI ENGINEERING WORKS,Petrol/Diesel/CNG/Hybrid,5
2026-03-01,Telangana,RAVI ENGINEERING WORKS,Petrol/Diesel/CNG/Hybrid,4
2026-04-01,Telangana,RAVI ENGINEERING WORKS,Petrol/Diesel/CNG/Hybrid,3
2026-05-01,Telangana,RAVI ENGINEERING WORKS,Petrol/Diesel/CNG/Hybrid,4
2026-02-01,Telangana,REDDY AGRO ENGG WORKS,Petrol/Diesel/CNG/Hybrid,2
2026-03-01,Telangana,REDDY ENGINEERING AND CO,Petrol/Diesel/CNG/Hybrid,1
2026-04-01,Telangana,REDDY ENGINEERING AND CO,Petrol/Diesel/CNG/Hybrid,2
2026-05-01,Telangana,REDDY ENGINEERING AND CO,Petrol/Diesel/CNG/Hybrid,3
2026-04-01,Telangana,RENAULT INDIA PVT LTD,Petrol/Diesel/CNG/Hybrid,19
2026-05-01,Telangana,RENAULT INDIA PVT LTD,Petrol/Diesel/CNG/Hybrid,153
2026-06-01,Telangana,RENAULT INDIA PVT LTD,Petrol/Diesel/CNG/Hybrid,61
2026-01-01,Telangana,RENAULT NISSAN AUTOMOTIVE INDIA PRIVATE LIMITED,Petrol/Diesel/CNG/Hybrid,268
2026-02-01,Telangana,RENAULT NISSAN AUTOMOTIVE INDIA PRIVATE LIMITED,Petrol/Diesel/CNG/Hybrid,79
2026-03-01,Telangana,RENAULT NISSAN AUTOMOTIVE INDIA PRIVATE LIMITED,Petrol/Diesel/CNG/Hybrid,28
2026-04-01,Telangana,RENAULT NISSAN AUTOMOTIVE INDIA PRIVATE LIMITED,Petrol/Diesel/CNG/Hybrid,10
2026-05-01,Telangana,RENAULT NISSAN AUTOMOTIVE INDIA PRIVATE LIMITED,Petrol/Diesel/CNG/Hybrid,9
2026-01-01,Telangana,REVOLT INTELLICORP PVT LTD,Petrol/Diesel/CNG/Hybrid,7
2026-02-01,Telangana,REVOLT INTELLICORP PVT LTD,Petrol/Diesel/CNG/Hybrid,8
2026-03-01,Telangana,REVOLT INTELLICORP PVT LTD,Petrol/Diesel/CNG/Hybrid,11
2026-04-01,Telangana,REVOLT INTELLICORP PVT LTD,Petrol/Diesel/CNG/Hybrid,1
2026-01-01,Telangana,ROLLS ROYCE,Petrol/Diesel/CNG/Hybrid,1
2026-01-01,Telangana,SAERA ELECTRIC AUTO PVT LTD,Petrol/Diesel/CNG/Hybrid,1
2026-02-01,Telangana,SAERA ELECTRIC AUTO PVT LTD,Petrol/Diesel/CNG/Hybrid,4
2026-03-01,Telangana,SAERA ELECTRIC AUTO PVT LTD,Petrol/Diesel/CNG/Hybrid,1
2026-05-01,Telangana,SAERA ELECTRIC AUTO PVT LTD,Petrol/Diesel/CNG/Hybrid,1
2026-05-01,Telangana,SAI DURGA ENGINEERING WORKS,Petrol/Diesel/CNG/Hybrid,1
2026-01-01,Telangana,SAI ENGINEERING,Petrol/Diesel/CNG/Hybrid,1
2026-02-01,Telangana,SAI ENGINEERING,Petrol/Diesel/CNG/Hybrid,5
2026-01-01,Telangana,SAINATH AGRO IND,Petrol/Diesel/CNG/Hybrid,3
2026-02-01,Telangana,SAINATH AGRO IND,Petrol/Diesel/CNG/Hybrid,2
2026-03-01,Telangana,SAINATH AGRO IND,Petrol/Diesel/CNG/Hybrid,10
2026-04-01,Telangana,SAINATH AGRO IND,Petrol/Diesel/CNG/Hybrid,3
2026-05-01,Telangana,SAINATH AGRO IND,Petrol/Diesel/CNG/Hybrid,8
2026-01-01,Telangana,SAME DEUTZ-FAHR INDIA (P) LTD,Petrol/Diesel/CNG/Hybrid,3
2026-02-01,Telangana,SAME DEUTZ-FAHR INDIA (P) LTD,Petrol/Diesel/CNG/Hybrid,3
2026-03-01,Telangana,SAME DEUTZ-FAHR INDIA (P) LTD,Petrol/Diesel/CNG/Hybrid,2
2026-04-01,Telangana,SAME DEUTZ-FAHR INDIA (P) LTD,Petrol/Diesel/CNG/Hybrid,4
2026-05-01,Telangana,SAME DEUTZ-FAHR INDIA (P) LTD,Petrol/Diesel/CNG/Hybrid,3
2026-01-01,Telangana,SANDEEP INDUSTRIES,Petrol/Diesel/CNG/Hybrid,7
2026-02-01,Telangana,SANDEEP INDUSTRIES,Petrol/Diesel/CNG/Hybrid,8
2026-03-01,Telangana,SANDEEP INDUSTRIES,Petrol/Diesel/CNG/Hybrid,6
2026-04-01,Telangana,SANDEEP INDUSTRIES,Petrol/Diesel/CNG/Hybrid,2
2026-05-01,Telangana,SANDEEP INDUSTRIES,Petrol/Diesel/CNG/Hybrid,8
2026-01-01,Telangana,SHAKTIMINING EQUIPMENT,Petrol/Diesel/CNG/Hybrid,5
2026-02-01,Telangana,SHAKTIMINING EQUIPMENT,Petrol/Diesel/CNG/Hybrid,3
2026-03-01,Telangana,SHAKTIMINING EQUIPMENT,Petrol/Diesel/CNG/Hybrid,3
2026-04-01,Telangana,SHAKTIMINING EQUIPMENT,Petrol/Diesel/CNG/Hybrid,2
2026-05-01,Telangana,SHAKTIMINING EQUIPMENT,Petrol/Diesel/CNG/Hybrid,1
2026-03-01,Telangana,SHANKAR INDUSTRIES,Petrol/Diesel/CNG/Hybrid,4
2026-04-01,Telangana,SHANKAR INDUSTRIES,Petrol/Diesel/CNG/Hybrid,3
2026-05-01,Telangana,SHANKAR INDUSTRIES,Petrol/Diesel/CNG/Hybrid,5
2026-03-01,Telangana,SHIVA GAYATRI ENGG WORKS,Petrol/Diesel/CNG/Hybrid,1
2026-04-01,Telangana,SHIVA GAYATRI ENGG WORKS,Petrol/Diesel/CNG/Hybrid,1
2026-01-01,Telangana,SHREE SHYAM AGROTECH,Petrol/Diesel/CNG/Hybrid,109
2026-02-01,Telangana,SHREE SHYAM AGROTECH,Petrol/Diesel/CNG/Hybrid,32
2026-03-01,Telangana,SHREE SHYAM AGROTECH,Petrol/Diesel/CNG/Hybrid,15
2026-05-01,Telangana,SHREE SHYAM AGROTECH,Petrol/Diesel/CNG/Hybrid,7
2026-01-01,Telangana,SKODA AUTO VOLKSWAGEN INDIA PVT LTD,Petrol/Diesel/CNG/Hybrid,696
2026-02-01,Telangana,SKODA AUTO VOLKSWAGEN INDIA PVT LTD,Petrol/Diesel/CNG/Hybrid,228
2026-03-01,Telangana,SKODA AUTO VOLKSWAGEN INDIA PVT LTD,Petrol/Diesel/CNG/Hybrid,66
2026-04-01,Telangana,SKODA AUTO VOLKSWAGEN INDIA PVT LTD,Petrol/Diesel/CNG/Hybrid,132
2026-05-01,Telangana,SKODA AUTO VOLKSWAGEN INDIA PVT LTD,Petrol/Diesel/CNG/Hybrid,703
2026-06-01,Telangana,SKODA AUTO VOLKSWAGEN INDIA PVT LTD,Petrol/Diesel/CNG/Hybrid,355
2026-01-01,Telangana,SRI AYYAPPA AGRO INDUSTRIES,Petrol/Diesel/CNG/Hybrid,5
2026-02-01,Telangana,SRI AYYAPPA AGRO INDUSTRIES,Petrol/Diesel/CNG/Hybrid,2
2026-03-01,Telangana,SRI AYYAPPA AGRO INDUSTRIES,Petrol/Diesel/CNG/Hybrid,1
2026-04-01,Telangana,SRI AYYAPPA AGRO INDUSTRIES,Petrol/Diesel/CNG/Hybrid,8
2026-05-01,Telangana,SRI AYYAPPA AGRO INDUSTRIES,Petrol/Diesel/CNG/Hybrid,8
2026-01-01,Telangana,SRI BALAJI ENGINEERING WORKS,Petrol/Diesel/CNG/Hybrid,6
2026-02-01,Telangana,SRI BALAJI ENGINEERING WORKS,Petrol/Diesel/CNG/Hybrid,7
2026-03-01,Telangana,SRI BALAJI ENGINEERING WORKS,Petrol/Diesel/CNG/Hybrid,10
2026-04-01,Telangana,SRI BALAJI ENGINEERING WORKS,Petrol/Diesel/CNG/Hybrid,5
2026-05-01,Telangana,SRI BALAJI ENGINEERING WORKS,Petrol/Diesel/CNG/Hybrid,4
2026-01-01,Telangana,SRI BHAVANI ENGINEERING WORKS,Petrol/Diesel/CNG/Hybrid,3
2026-02-01,Telangana,SRI BHAVANI ENGINEERING WORKS,Petrol/Diesel/CNG/Hybrid,1
2026-03-01,Telangana,SRI BHAVANI ENGINEERING WORKS,Petrol/Diesel/CNG/Hybrid,5
2026-04-01,Telangana,SRI BHAVANI ENGINEERING WORKS,Petrol/Diesel/CNG/Hybrid,5
2026-05-01,Telangana,SRI BHAVANI ENGINEERING WORKS,Petrol/Diesel/CNG/Hybrid,4
2026-03-01,Telangana,SRI KRISHNA ENGINEERING WORKS,Petrol/Diesel/CNG/Hybrid,1
2026-02-01,Telangana,SRI LAKSHMI ENGINEERING INDUSTRIES,Petrol/Diesel/CNG/Hybrid,2
2026-01-01,Telangana,SRI LAKSHMI ENGINEERING WORKS,Petrol/Diesel/CNG/Hybrid,12
2026-02-01,Telangana,SRI LAKSHMI ENGINEERING WORKS,Petrol/Diesel/CNG/Hybrid,22
2026-03-01,Telangana,SRI LAKSHMI ENGINEERING WORKS,Petrol/Diesel/CNG/Hybrid,19
2026-04-01,Telangana,SRI LAKSHMI ENGINEERING WORKS,Petrol/Diesel/CNG/Hybrid,25
2026-05-01,Telangana,SRI LAKSHMI ENGINEERING WORKS,Petrol/Diesel/CNG/Hybrid,15
2026-01-01,Telangana,SRI LAKSHMI GANAPATHI ENGG WORKS,Petrol/Diesel/CNG/Hybrid,15
2026-02-01,Telangana,SRI LAKSHMI GANAPATHI ENGG WORKS,Petrol/Diesel/CNG/Hybrid,18
2026-03-01,Telangana,SRI LAKSHMI GANAPATHI ENGG WORKS,Petrol/Diesel/CNG/Hybrid,23
2026-04-01,Telangana,SRI LAKSHMI GANAPATHI ENGG WORKS,Petrol/Diesel/CNG/Hybrid,15
2026-05-01,Telangana,SRI LAKSHMI GANAPATHI ENGG WORKS,Petrol/Diesel/CNG/Hybrid,20
2026-01-01,Telangana,SRI MANIKANTA ENGINEERING WORKS,Petrol/Diesel/CNG/Hybrid,10
2026-02-01,Telangana,SRI MANIKANTA ENGINEERING WORKS,Petrol/Diesel/CNG/Hybrid,22
2026-03-01,Telangana,SRI MANIKANTA ENGINEERING WORKS,Petrol/Diesel/CNG/Hybrid,19
2026-04-01,Telangana,SRI MANIKANTA ENGINEERING WORKS,Petrol/Diesel/CNG/Hybrid,7
2026-05-01,Telangana,SRI MANIKANTA ENGINEERING WORKS,Petrol/Diesel/CNG/Hybrid,11
2026-03-01,Telangana,SRI PADMAVATHI ENGINEERING WORKS,Petrol/Diesel/CNG/Hybrid,2
2026-04-01,Telangana,SRI PADMAVATHI ENGINEERING WORKS,Petrol/Diesel/CNG/Hybrid,1
2026-01-01,Telangana,SRI SAI AGRO INDUSTRIES,Petrol/Diesel/CNG/Hybrid,3
2026-02-01,Telangana,SRI SAI AGRO INDUSTRIES,Petrol/Diesel/CNG/Hybrid,2
2026-03-01,Telangana,SRI SAI AGRO INDUSTRIES,Petrol/Diesel/CNG/Hybrid,8
2026-04-01,Telangana,SRI SAI AGRO INDUSTRIES,Petrol/Diesel/CNG/Hybrid,4
2026-05-01,Telangana,SRI SAI AGRO INDUSTRIES,Petrol/Diesel/CNG/Hybrid,3
2026-01-01,Telangana,SRI SAI ENGINEERING WORKS,Petrol/Diesel/CNG/Hybrid,22
2026-02-01,Telangana,SRI SAI ENGINEERING WORKS,Petrol/Diesel/CNG/Hybrid,20
2026-03-01,Telangana,SRI SAI ENGINEERING WORKS,Petrol/Diesel/CNG/Hybrid,24
2026-04-01,Telangana,SRI SAI ENGINEERING WORKS,Petrol/Diesel/CNG/Hybrid,10
2026-05-01,Telangana,SRI SAI ENGINEERING WORKS,Petrol/Diesel/CNG/Hybrid,15
2026-01-01,Telangana,SRI SAI KIRAN ENGG WORKS,Petrol/Diesel/CNG/Hybrid,1
2026-02-01,Telangana,SRI SAI KIRAN ENGG WORKS,Petrol/Diesel/CNG/Hybrid,6
2026-03-01,Telangana,SRI SAI KIRAN ENGG WORKS,Petrol/Diesel/CNG/Hybrid,1
2026-04-01,Telangana,SRI SAI KIRAN ENGG WORKS,Petrol/Diesel/CNG/Hybrid,4
2026-05-01,Telangana,SRI SAI KIRAN ENGG WORKS,Petrol/Diesel/CNG/Hybrid,2
2026-01-01,Telangana,SRI SRINIVASA ENGINEERING WORKS,Petrol/Diesel/CNG/Hybrid,15
2026-02-01,Telangana,SRI SRINIVASA ENGINEERING WORKS,Petrol/Diesel/CNG/Hybrid,29
2026-03-01,Telangana,SRI SRINIVASA ENGINEERING WORKS,Petrol/Diesel/CNG/Hybrid,10
2026-04-01,Telangana,SRI SRINIVASA ENGINEERING WORKS,Petrol/Diesel/CNG/Hybrid,13
2026-05-01,Telangana,SRI SRINIVASA ENGINEERING WORKS,Petrol/Diesel/CNG/Hybrid,7
2026-01-01,Telangana,SRI VENKATA RAMANA ENGINEERING WORKS,Petrol/Diesel/CNG/Hybrid,5
2026-02-01,Telangana,SRI VENKATA RAMANA ENGINEERING WORKS,Petrol/Diesel/CNG/Hybrid,5
2026-03-01,Telangana,SRI VENKATA RAMANA ENGINEERING WORKS,Petrol/Diesel/CNG/Hybrid,4
2026-04-01,Telangana,SRI VENKATA RAMANA ENGINEERING WORKS,Petrol/Diesel/CNG/Hybrid,2
2026-05-01,Telangana,SRI VENKATA RAMANA ENGINEERING WORKS,Petrol/Diesel/CNG/Hybrid,1
2026-01-01,Telangana,SRI VENKATESWARA ENGINEERING WORKS,Petrol/Diesel/CNG/Hybrid,35
2026-02-01,Telangana,SRI VENKATESWARA ENGINEERING WORKS,Petrol/Diesel/CNG/Hybrid,28
2026-03-01,Telangana,SRI VENKATESWARA ENGINEERING WORKS,Petrol/Diesel/CNG/Hybrid,26
2026-04-01,Telangana,SRI VENKATESWARA ENGINEERING WORKS,Petrol/Diesel/CNG/Hybrid,21
2026-05-01,Telangana,SRI VENKATESWARA ENGINEERING WORKS,Petrol/Diesel/CNG/Hybrid,21
2026-02-01,Telangana,SRINIVAS ENGINEERING WORKS RAYAGADA,Petrol/Diesel/CNG/Hybrid,3
2026-03-01,Telangana,SRINIVAS ENGINEERING WORKS RAYAGADA,Petrol/Diesel/CNG/Hybrid,2
2026-04-01,Telangana,SRINIVAS ENGINEERING WORKS RAYAGADA,Petrol/Diesel/CNG/Hybrid,1
2026-05-01,Telangana,SRINIVAS ENGINEERING WORKS RAYAGADA,Petrol/Diesel/CNG/Hybrid,4
2026-01-01,Telangana,STANDARD CORPORATION INDIA LTD,Petrol/Diesel/CNG/Hybrid,24
2026-02-01,Telangana,STANDARD CORPORATION INDIA LTD,Petrol/Diesel/CNG/Hybrid,17
2026-03-01,Telangana,STANDARD CORPORATION INDIA LTD,Petrol/Diesel/CNG/Hybrid,33
2026-04-01,Telangana,STANDARD CORPORATION INDIA LTD,Petrol/Diesel/CNG/Hybrid,18
2026-05-01,Telangana,STANDARD CORPORATION INDIA LTD,Petrol/Diesel/CNG/Hybrid,14
2026-01-01,Telangana,STELLANTIS AUTOMOBILES INDIA PVT LTD,Petrol/Diesel/CNG/Hybrid,21
2026-02-01,Telangana,STELLANTIS AUTOMOBILES INDIA PVT LTD,Petrol/Diesel/CNG/Hybrid,7
2026-03-01,Telangana,STELLANTIS AUTOMOBILES INDIA PVT LTD,Petrol/Diesel/CNG/Hybrid,6
2026-04-01,Telangana,STELLANTIS AUTOMOBILES INDIA PVT LTD,Petrol/Diesel/CNG/Hybrid,12
2026-05-01,Telangana,STELLANTIS AUTOMOBILES INDIA PVT LTD,Petrol/Diesel/CNG/Hybrid,68
2026-06-01,Telangana,STELLANTIS AUTOMOBILES INDIA PVT LTD,Petrol/Diesel/CNG/Hybrid,28
2026-01-01,Telangana,STELLANTIS INDIA PVT LTD,Petrol/Diesel/CNG/Hybrid,18
2026-02-01,Telangana,STELLANTIS INDIA PVT LTD,Petrol/Diesel/CNG/Hybrid,7
2026-03-01,Telangana,STELLANTIS INDIA PVT LTD,Petrol/Diesel/CNG/Hybrid,5
2026-04-01,Telangana,STELLANTIS INDIA PVT LTD,Petrol/Diesel/CNG/Hybrid,4
2026-05-01,Telangana,STELLANTIS INDIA PVT LTD,Petrol/Diesel/CNG/Hybrid,15
2026-06-01,Telangana,STELLANTIS INDIA PVT LTD,Petrol/Diesel/CNG/Hybrid,9
2026-01-01,Telangana,SWARAJ AUTOMOTIVES LTD,Petrol/Diesel/CNG/Hybrid,4
2026-02-01,Telangana,SWARAJ AUTOMOTIVES LTD,Petrol/Diesel/CNG/Hybrid,366
2026-03-01,Telangana,SWARAJ AUTOMOTIVES LTD,Petrol/Diesel/CNG/Hybrid,35
2026-01-01,Telangana,TATA MOTORS LTD,Petrol/Diesel/CNG/Hybrid,45
2026-02-01,Telangana,TATA MOTORS LTD,Petrol/Diesel/CNG/Hybrid,24
2026-03-01,Telangana,TATA MOTORS LTD,Petrol/Diesel/CNG/Hybrid,402
2026-04-01,Telangana,TATA MOTORS LTD,Petrol/Diesel/CNG/Hybrid,12
2026-05-01,Telangana,TATA MOTORS LTD,Petrol/Diesel/CNG/Hybrid,25
2026-01-01,Telangana,TATA MOTORS PASSENGER VEHICLES LTD,Petrol/Diesel/CNG/Hybrid,3333
2026-02-01,Telangana,TATA MOTORS PASSENGER VEHICLES LTD,Petrol/Diesel/CNG/Hybrid,1657
2026-03-01,Telangana,TATA MOTORS PASSENGER VEHICLES LTD,Petrol/Diesel/CNG/Hybrid,2285
2026-04-01,Telangana,TATA MOTORS PASSENGER VEHICLES LTD,Petrol/Diesel/CNG/Hybrid,1422
2026-05-01,Telangana,TATA MOTORS PASSENGER VEHICLES LTD,Petrol/Diesel/CNG/Hybrid,3399
2026-06-01,Telangana,TATA MOTORS PASSENGER VEHICLES LTD,Petrol/Diesel/CNG/Hybrid,1101
2026-01-01,Telangana,TATA PASSENGER ELECTRIC MOBILITY LTD,Petrol/Diesel/CNG/Hybrid,777
2026-02-01,Telangana,TATA PASSENGER ELECTRIC MOBILITY LTD,Petrol/Diesel/CNG/Hybrid,460
2026-03-01,Telangana,TATA PASSENGER ELECTRIC MOBILITY LTD,Petrol/Diesel/CNG/Hybrid,234
2026-04-01,Telangana,TATA PASSENGER ELECTRIC MOBILITY LTD,Petrol/Diesel/CNG/Hybrid,135
2026-05-01,Telangana,TATA PASSENGER ELECTRIC MOBILITY LTD,Petrol/Diesel/CNG/Hybrid,94
2026-03-01,Telangana,TESLA INDIA MOTORS AND ENERGY PVT LTD,Petrol/Diesel/CNG/Hybrid,1
2026-01-01,Telangana,THIRUMALA ENGG WORKS,Petrol/Diesel/CNG/Hybrid,6
2026-02-01,Telangana,THIRUMALA ENGG WORKS,Petrol/Diesel/CNG/Hybrid,7
2026-03-01,Telangana,THIRUMALA ENGG WORKS,Petrol/Diesel/CNG/Hybrid,4
2026-04-01,Telangana,THIRUMALA ENGG WORKS,Petrol/Diesel/CNG/Hybrid,3
2026-05-01,Telangana,THIRUMALA ENGG WORKS,Petrol/Diesel/CNG/Hybrid,2
2026-01-01,Telangana,TOYOTA KIRLOSKAR MOTOR PVT LTD,Petrol/Diesel/CNG/Hybrid,1276
2026-02-01,Telangana,TOYOTA KIRLOSKAR MOTOR PVT LTD,Petrol/Diesel/CNG/Hybrid,642
2026-03-01,Telangana,TOYOTA KIRLOSKAR MOTOR PVT LTD,Petrol/Diesel/CNG/Hybrid,681
2026-04-01,Telangana,TOYOTA KIRLOSKAR MOTOR PVT LTD,Petrol/Diesel/CNG/Hybrid,297
2026-05-01,Telangana,TOYOTA KIRLOSKAR MOTOR PVT LTD,Petrol/Diesel/CNG/Hybrid,1147
2026-06-01,Telangana,TOYOTA KIRLOSKAR MOTOR PVT LTD,Petrol/Diesel/CNG/Hybrid,630
2026-02-01,Telangana,TRANS MECH SYSTEMS,Petrol/Diesel/CNG/Hybrid,4
2026-03-01,Telangana,TRANS MECH SYSTEMS,Petrol/Diesel/CNG/Hybrid,12
2026-04-01,Telangana,TRANS MECH SYSTEMS,Petrol/Diesel/CNG/Hybrid,4
2026-05-01,Telangana,TRANS MECH SYSTEMS,Petrol/Diesel/CNG/Hybrid,2
2026-04-01,Telangana,V.S.T. TILLERS TRACTORS LIMITED,Petrol/Diesel/CNG/Hybrid,1
2026-05-01,Telangana,V.S.T. TILLERS TRACTORS LIMITED,Petrol/Diesel/CNG/Hybrid,2
2026-06-01,Telangana,V.S.T. TILLERS TRACTORS LIMITED,Petrol/Diesel/CNG/Hybrid,1
2026-01-01,Telangana,VE COMMERCIAL VEHICLES LTD,Petrol/Diesel/CNG/Hybrid,1
2026-02-01,Telangana,VE COMMERCIAL VEHICLES LTD,Petrol/Diesel/CNG/Hybrid,2
2026-03-01,Telangana,VE COMMERCIAL VEHICLES LTD,Petrol/Diesel/CNG/Hybrid,1
2026-04-01,Telangana,VE COMMERCIAL VEHICLES LTD,Petrol/Diesel/CNG/Hybrid,3
2026-05-01,Telangana,VE COMMERCIAL VEHICLES LTD,Petrol/Diesel/CNG/Hybrid,2
2026-01-01,Telangana,VIJAYALAKSHIMI ENGG WORKS,Petrol/Diesel/CNG/Hybrid,1
2026-02-01,Telangana,VIJAYALAKSHIMI ENGG WORKS,Petrol/Diesel/CNG/Hybrid,2
2026-04-01,Telangana,VOLKSWAGEN AG,Petrol/Diesel/CNG/Hybrid,1
2026-05-01,Telangana,VOLKSWAGEN AG,Petrol/Diesel/CNG/Hybrid,3
2026-01-01,Telangana,VOLVO,Petrol/Diesel/CNG/Hybrid,13
2026-02-01,Telangana,VOLVO,Petrol/Diesel/CNG/Hybrid,5
2026-03-01,Telangana,VOLVO,Petrol/Diesel/CNG/Hybrid,3
2026-04-01,Telangana,VOLVO,Petrol/Diesel/CNG/Hybrid,1
2026-05-01,Telangana,VOLVO,Petrol/Diesel/CNG/Hybrid,1
2026-05-01,Telangana,VOLVO AUTO INDIA PVT LTD,Petrol/Diesel/CNG/Hybrid,3
2026-06-01,Telangana,VOLVO AUTO INDIA PVT LTD,Petrol/Diesel/CNG/Hybrid,2
2026-01-01,Telangana,VST TILLER TRACTOR LTD,Petrol/Diesel/CNG/Hybrid,3
2026-02-01,Telangana,VST TILLER TRACTOR LTD,Petrol/Diesel/CNG/Hybrid,5
2026-03-01,Telangana,VST TILLER TRACTOR LTD,Petrol/Diesel/CNG/Hybrid,19
2026-04-01,Telangana,VST TILLER TRACTOR LTD,Petrol/Diesel/CNG/Hybrid,11
2026-02-01,Telangana,VST ZETOR PVT LTD,Petrol/Diesel/CNG/Hybrid,4
2026-04-01,Telangana,VST ZETOR PVT LTD,Petrol/Diesel/CNG/Hybrid,1
2026-05-01,Tripura,BMW INDIA PVT LTD,Petrol/Diesel/CNG/Hybrid,1
2026-04-01,Tripura,CASE NEW HOLLAND CONSTRUCTION EQUIPMENT(I) PVT LTD,Petrol/Diesel/CNG/Hybrid,1
2026-05-01,Tripura,ESCORTS KUBOTA LIMITED (AGRI MACHINERY GROUP),Petrol/Diesel/CNG/Hybrid,1
2026-01-01,Tripura,HONDA CARS INDIA LTD,Petrol/Diesel/CNG/Hybrid,1
2026-02-01,Tripura,HONDA CARS INDIA LTD,Petrol/Diesel/CNG/Hybrid,1
2026-03-01,Tripura,HONDA CARS INDIA LTD,Petrol/Diesel/CNG/Hybrid,3
2026-05-01,Tripura,HONDA CARS INDIA LTD,Petrol/Diesel/CNG/Hybrid,1
2026-06-01,Tripura,HONDA CARS INDIA LTD,Petrol/Diesel/CNG/Hybrid,1
2026-01-01,Tripura,HYUNDAI MOTOR INDIA LTD,Petrol/Diesel/CNG/Hybrid,7
2026-02-01,Tripura,HYUNDAI MOTOR INDIA LTD,Petrol/Diesel/CNG/Hybrid,31
2026-03-01,Tripura,HYUNDAI MOTOR INDIA LTD,Petrol/Diesel/CNG/Hybrid,38
2026-04-01,Tripura,HYUNDAI MOTOR INDIA LTD,Petrol/Diesel/CNG/Hybrid,38
2026-05-01,Tripura,HYUNDAI MOTOR INDIA LTD,Petrol/Diesel/CNG/Hybrid,37
2026-06-01,Tripura,HYUNDAI MOTOR INDIA LTD,Petrol/Diesel/CNG/Hybrid,18
2026-05-01,Tripura,JAGUAR LAND ROVER INDIA LIMITED,Petrol/Diesel/CNG/Hybrid,1
2026-02-01,Tripura,JSW MG MOTOR INDIA PVT LTD,Petrol/Diesel/CNG/Hybrid,2
2026-05-01,Tripura,JSW MG MOTOR INDIA PVT LTD,Petrol/Diesel/CNG/Hybrid,2
2026-01-01,Tripura,KIA INDIA PRIVATE LIMITED,Petrol/Diesel/CNG/Hybrid,1
2026-02-01,Tripura,KIA INDIA PRIVATE LIMITED,Petrol/Diesel/CNG/Hybrid,1
2026-03-01,Tripura,KIA INDIA PRIVATE LIMITED,Petrol/Diesel/CNG/Hybrid,2
2026-04-01,Tripura,KIA INDIA PRIVATE LIMITED,Petrol/Diesel/CNG/Hybrid,1
2026-05-01,Tripura,KIA INDIA PRIVATE LIMITED,Petrol/Diesel/CNG/Hybrid,3
2026-06-01,Tripura,KIA INDIA PRIVATE LIMITED,Petrol/Diesel/CNG/Hybrid,1
2026-01-01,Tripura,MAHINDRA & MAHINDRA LIMITED,Petrol/Diesel/CNG/Hybrid,65
2026-02-01,Tripura,MAHINDRA & MAHINDRA LIMITED,Petrol/Diesel/CNG/Hybrid,64
2026-03-01,Tripura,MAHINDRA & MAHINDRA LIMITED,Petrol/Diesel/CNG/Hybrid,106
2026-04-01,Tripura,MAHINDRA & MAHINDRA LIMITED,Petrol/Diesel/CNG/Hybrid,106
2026-05-01,Tripura,MAHINDRA & MAHINDRA LIMITED,Petrol/Diesel/CNG/Hybrid,64
2026-06-01,Tripura,MAHINDRA & MAHINDRA LIMITED,Petrol/Diesel/CNG/Hybrid,25
2026-04-01,Tripura,MAHINDRA & MAHINDRA LIMITED (TRACTOR),Petrol/Diesel/CNG/Hybrid,2
2026-01-01,Tripura,MARUTI SUZUKI INDIA LTD,Petrol/Diesel/CNG/Hybrid,359
2026-02-01,Tripura,MARUTI SUZUKI INDIA LTD,Petrol/Diesel/CNG/Hybrid,317
2026-03-01,Tripura,MARUTI SUZUKI INDIA LTD,Petrol/Diesel/CNG/Hybrid,348
2026-04-01,Tripura,MARUTI SUZUKI INDIA LTD,Petrol/Diesel/CNG/Hybrid,387
2026-05-01,Tripura,MARUTI SUZUKI INDIA LTD,Petrol/Diesel/CNG/Hybrid,391
2026-06-01,Tripura,MARUTI SUZUKI INDIA LTD,Petrol/Diesel/CNG/Hybrid,122
2026-01-01,Tripura,MERCEDES-BENZ INDIA PVT LTD,Petrol/Diesel/CNG/Hybrid,1
2026-01-01,Tripura,RENAULT INDIA PVT LTD,Petrol/Diesel/CNG/Hybrid,1
2026-03-01,Tripura,RENAULT INDIA PVT LTD,Petrol/Diesel/CNG/Hybrid,2
2026-05-01,Tripura,RENAULT INDIA PVT LTD,Petrol/Diesel/CNG/Hybrid,1
2026-02-01,Tripura,SKODA AUTO VOLKSWAGEN INDIA PVT LTD,Petrol/Diesel/CNG/Hybrid,1
2026-03-01,Tripura,SKODA AUTO VOLKSWAGEN INDIA PVT LTD,Petrol/Diesel/CNG/Hybrid,1
2026-06-01,Tripura,SKODA AUTO VOLKSWAGEN INDIA PVT LTD,Petrol/Diesel/CNG/Hybrid,1
2026-03-01,Tripura,STELLANTIS AUTOMOBILES INDIA PVT LTD,Petrol/Diesel/CNG/Hybrid,4
2026-04-01,Tripura,STELLANTIS AUTOMOBILES INDIA PVT LTD,Petrol/Diesel/CNG/Hybrid,5
2026-05-01,Tripura,STELLANTIS AUTOMOBILES INDIA PVT LTD,Petrol/Diesel/CNG/Hybrid,3
2026-06-01,Tripura,STELLANTIS AUTOMOBILES INDIA PVT LTD,Petrol/Diesel/CNG/Hybrid,2
2026-03-01,Tripura,STELLANTIS INDIA PVT LTD,Petrol/Diesel/CNG/Hybrid,1
2026-01-01,Tripura,TATA MOTORS PASSENGER VEHICLES LTD,Petrol/Diesel/CNG/Hybrid,77
2026-02-01,Tripura,TATA MOTORS PASSENGER VEHICLES LTD,Petrol/Diesel/CNG/Hybrid,71
2026-03-01,Tripura,TATA MOTORS PASSENGER VEHICLES LTD,Petrol/Diesel/CNG/Hybrid,106
2026-04-01,Tripura,TATA MOTORS PASSENGER VEHICLES LTD,Petrol/Diesel/CNG/Hybrid,89
2026-05-01,Tripura,TATA MOTORS PASSENGER VEHICLES LTD,Petrol/Diesel/CNG/Hybrid,98
2026-06-01,Tripura,TATA MOTORS PASSENGER VEHICLES LTD,Petrol/Diesel/CNG/Hybrid,33
2026-01-01,Tripura,TOYOTA KIRLOSKAR MOTOR PVT LTD,Petrol/Diesel/CNG/Hybrid,21
2026-02-01,Tripura,TOYOTA KIRLOSKAR MOTOR PVT LTD,Petrol/Diesel/CNG/Hybrid,16
2026-03-01,Tripura,TOYOTA KIRLOSKAR MOTOR PVT LTD,Petrol/Diesel/CNG/Hybrid,19
2026-04-01,Tripura,TOYOTA KIRLOSKAR MOTOR PVT LTD,Petrol/Diesel/CNG/Hybrid,15
2026-05-01,Tripura,TOYOTA KIRLOSKAR MOTOR PVT LTD,Petrol/Diesel/CNG/Hybrid,5
2026-06-01,Tripura,TOYOTA KIRLOSKAR MOTOR PVT LTD,Petrol/Diesel/CNG/Hybrid,2
2026-01-01,Uttar Pradesh,ACTION CONSTRUCTION EQUIPMENT LTD,Petrol/Diesel/CNG/Hybrid,61
2026-02-01,Uttar Pradesh,ACTION CONSTRUCTION EQUIPMENT LTD,Petrol/Diesel/CNG/Hybrid,72
2026-03-01,Uttar Pradesh,ACTION CONSTRUCTION EQUIPMENT LTD,Petrol/Diesel/CNG/Hybrid,52
2026-04-01,Uttar Pradesh,ACTION CONSTRUCTION EQUIPMENT LTD,Petrol/Diesel/CNG/Hybrid,45
2026-05-01,Uttar Pradesh,ACTION CONSTRUCTION EQUIPMENT LTD,Petrol/Diesel/CNG/Hybrid,80
2026-06-01,Uttar Pradesh,ACTION CONSTRUCTION EQUIPMENT LTD,Petrol/Diesel/CNG/Hybrid,37
2026-01-01,Uttar Pradesh,ADICO ESCORTS AGRI EQUIPMENTS PVT. LTD,Petrol/Diesel/CNG/Hybrid,34
2026-02-01,Uttar Pradesh,ADICO ESCORTS AGRI EQUIPMENTS PVT. LTD,Petrol/Diesel/CNG/Hybrid,35
2026-03-01,Uttar Pradesh,ADICO ESCORTS AGRI EQUIPMENTS PVT. LTD,Petrol/Diesel/CNG/Hybrid,24
2026-04-01,Uttar Pradesh,ADICO ESCORTS AGRI EQUIPMENTS PVT. LTD,Petrol/Diesel/CNG/Hybrid,35
2026-05-01,Uttar Pradesh,ADICO ESCORTS AGRI EQUIPMENTS PVT. LTD,Petrol/Diesel/CNG/Hybrid,24
2026-06-01,Uttar Pradesh,ADICO ESCORTS AGRI EQUIPMENTS PVT. LTD,Petrol/Diesel/CNG/Hybrid,13
2026-02-01,Uttar Pradesh,AGRI KING TRACTORS & EQUIPMENTS PVT LTD,Petrol/Diesel/CNG/Hybrid,2
2026-03-01,Uttar Pradesh,AGRI KING TRACTORS & EQUIPMENTS PVT LTD,Petrol/Diesel/CNG/Hybrid,1
2026-04-01,Uttar Pradesh,AGRI KING TRACTORS & EQUIPMENTS PVT LTD,Petrol/Diesel/CNG/Hybrid,2
2026-05-01,Uttar Pradesh,AGRI KING TRACTORS & EQUIPMENTS PVT LTD,Petrol/Diesel/CNG/Hybrid,3
2026-06-01,Uttar Pradesh,AGRI KING TRACTORS & EQUIPMENTS PVT LTD,Petrol/Diesel/CNG/Hybrid,2
2026-01-01,Uttar Pradesh,AUDI AG,Petrol/Diesel/CNG/Hybrid,1
2026-02-01,Uttar Pradesh,AUDI AG,Petrol/Diesel/CNG/Hybrid,1
2026-03-01,Uttar Pradesh,AUDI AG,Petrol/Diesel/CNG/Hybrid,2
2026-06-01,Uttar Pradesh,AUDI AG,Petrol/Diesel/CNG/Hybrid,1
2026-01-01,Uttar Pradesh,AUTOMOBILI LAMBORGHINI S.P.A,Petrol/Diesel/CNG/Hybrid,1
2026-06-01,Uttar Pradesh,BAJAJ AUTO LTD,Petrol/Diesel/CNG/Hybrid,1
2026-01-01,Uttar Pradesh,BMW INDIA PVT LTD,Petrol/Diesel/CNG/Hybrid,132
2026-02-01,Uttar Pradesh,BMW INDIA PVT LTD,Petrol/Diesel/CNG/Hybrid,71
2026-03-01,Uttar Pradesh,BMW INDIA PVT LTD,Petrol/Diesel/CNG/Hybrid,51
2026-04-01,Uttar Pradesh,BMW INDIA PVT LTD,Petrol/Diesel/CNG/Hybrid,79
2026-05-01,Uttar Pradesh,BMW INDIA PVT LTD,Petrol/Diesel/CNG/Hybrid,45
2026-06-01,Uttar Pradesh,BMW INDIA PVT LTD,Petrol/Diesel/CNG/Hybrid,25
2026-04-01,Uttar Pradesh,BYD INDIA PRIVATE LIMITED,Petrol/Diesel/CNG/Hybrid,1
2026-05-01,Uttar Pradesh,BYD INDIA PRIVATE LIMITED,Petrol/Diesel/CNG/Hybrid,1
2026-01-01,Uttar Pradesh,CAPTAIN TRACTORS PVT. LTD,Petrol/Diesel/CNG/Hybrid,1
2026-04-01,Uttar Pradesh,CAPTAIN TRACTORS PVT. LTD,Petrol/Diesel/CNG/Hybrid,4
2026-05-01,Uttar Pradesh,CAPTAIN TRACTORS PVT. LTD,Petrol/Diesel/CNG/Hybrid,1
2026-01-01,Uttar Pradesh,CNH INDUSTRIAL (INDIA) PVT LTD,Petrol/Diesel/CNG/Hybrid,633
2026-02-01,Uttar Pradesh,CNH INDUSTRIAL (INDIA) PVT LTD,Petrol/Diesel/CNG/Hybrid,542
2026-03-01,Uttar Pradesh,CNH INDUSTRIAL (INDIA) PVT LTD,Petrol/Diesel/CNG/Hybrid,469
2026-04-01,Uttar Pradesh,CNH INDUSTRIAL (INDIA) PVT LTD,Petrol/Diesel/CNG/Hybrid,634
2026-05-01,Uttar Pradesh,CNH INDUSTRIAL (INDIA) PVT LTD,Petrol/Diesel/CNG/Hybrid,552
2026-06-01,Uttar Pradesh,CNH INDUSTRIAL (INDIA) PVT LTD,Petrol/Diesel/CNG/Hybrid,256
2026-03-01,Uttar Pradesh,CONMAT HEAVY INDUSTRIES PVT LTD,Petrol/Diesel/CNG/Hybrid,1
2026-01-01,Uttar Pradesh,EICHER TRACTORS,Petrol/Diesel/CNG/Hybrid,2321
2026-02-01,Uttar Pradesh,EICHER TRACTORS,Petrol/Diesel/CNG/Hybrid,1555
2026-03-01,Uttar Pradesh,EICHER TRACTORS,Petrol/Diesel/CNG/Hybrid,1312
2026-04-01,Uttar Pradesh,EICHER TRACTORS,Petrol/Diesel/CNG/Hybrid,1381
2026-05-01,Uttar Pradesh,EICHER TRACTORS,Petrol/Diesel/CNG/Hybrid,1383
2026-06-01,Uttar Pradesh,EICHER TRACTORS,Petrol/Diesel/CNG/Hybrid,831
2026-01-01,Uttar Pradesh,ESCORTS KUBOTA LIMITED (AGRI MACHINERY GROUP),Petrol/Diesel/CNG/Hybrid,2418
2026-02-01,Uttar Pradesh,ESCORTS KUBOTA LIMITED (AGRI MACHINERY GROUP),Petrol/Diesel/CNG/Hybrid,2346
2026-03-01,Uttar Pradesh,ESCORTS KUBOTA LIMITED (AGRI MACHINERY GROUP),Petrol/Diesel/CNG/Hybrid,1671
2026-04-01,Uttar Pradesh,ESCORTS KUBOTA LIMITED (AGRI MACHINERY GROUP),Petrol/Diesel/CNG/Hybrid,1761
2026-05-01,Uttar Pradesh,ESCORTS KUBOTA LIMITED (AGRI MACHINERY GROUP),Petrol/Diesel/CNG/Hybrid,1769
2026-06-01,Uttar Pradesh,ESCORTS KUBOTA LIMITED (AGRI MACHINERY GROUP),Petrol/Diesel/CNG/Hybrid,946
2026-01-01,Uttar Pradesh,FORCE MOTORS LIMITED,Petrol/Diesel/CNG/Hybrid,4
2026-02-01,Uttar Pradesh,FORCE MOTORS LIMITED,Petrol/Diesel/CNG/Hybrid,8
2026-03-01,Uttar Pradesh,FORCE MOTORS LIMITED,Petrol/Diesel/CNG/Hybrid,5
2026-04-01,Uttar Pradesh,FORCE MOTORS LIMITED,Petrol/Diesel/CNG/Hybrid,7
2026-06-01,Uttar Pradesh,FORCE MOTORS LIMITED,Petrol/Diesel/CNG/Hybrid,4
2026-01-01,Uttar Pradesh,GROMAX AGRI EQUIPMENT LTD,Petrol/Diesel/CNG/Hybrid,29
2026-02-01,Uttar Pradesh,GROMAX AGRI EQUIPMENT LTD,Petrol/Diesel/CNG/Hybrid,30
2026-03-01,Uttar Pradesh,GROMAX AGRI EQUIPMENT LTD,Petrol/Diesel/CNG/Hybrid,11
2026-04-01,Uttar Pradesh,GROMAX AGRI EQUIPMENT LTD,Petrol/Diesel/CNG/Hybrid,8
2026-05-01,Uttar Pradesh,GROMAX AGRI EQUIPMENT LTD,Petrol/Diesel/CNG/Hybrid,11
2026-06-01,Uttar Pradesh,GROMAX AGRI EQUIPMENT LTD,Petrol/Diesel/CNG/Hybrid,6
2026-01-01,Uttar Pradesh,HONDA CARS INDIA LTD,Petrol/Diesel/CNG/Hybrid,692
2026-02-01,Uttar Pradesh,HONDA CARS INDIA LTD,Petrol/Diesel/CNG/Hybrid,545
2026-03-01,Uttar Pradesh,HONDA CARS INDIA LTD,Petrol/Diesel/CNG/Hybrid,599
2026-04-01,Uttar Pradesh,HONDA CARS INDIA LTD,Petrol/Diesel/CNG/Hybrid,641
2026-05-01,Uttar Pradesh,HONDA CARS INDIA LTD,Petrol/Diesel/CNG/Hybrid,437
2026-06-01,Uttar Pradesh,HONDA CARS INDIA LTD,Petrol/Diesel/CNG/Hybrid,150
2026-01-01,Uttar Pradesh,HYUNDAI MOTOR INDIA LTD,Petrol/Diesel/CNG/Hybrid,6632
2026-02-01,Uttar Pradesh,HYUNDAI MOTOR INDIA LTD,Petrol/Diesel/CNG/Hybrid,4297
2026-03-01,Uttar Pradesh,HYUNDAI MOTOR INDIA LTD,Petrol/Diesel/CNG/Hybrid,4055
2026-04-01,Uttar Pradesh,HYUNDAI MOTOR INDIA LTD,Petrol/Diesel/CNG/Hybrid,4353
2026-05-01,Uttar Pradesh,HYUNDAI MOTOR INDIA LTD,Petrol/Diesel/CNG/Hybrid,3695
2026-06-01,Uttar Pradesh,HYUNDAI MOTOR INDIA LTD,Petrol/Diesel/CNG/Hybrid,1434
2026-01-01,Uttar Pradesh,INDO FARM EQUIPMENT LIMITED,Petrol/Diesel/CNG/Hybrid,24
2026-02-01,Uttar Pradesh,INDO FARM EQUIPMENT LIMITED,Petrol/Diesel/CNG/Hybrid,32
2026-03-01,Uttar Pradesh,INDO FARM EQUIPMENT LIMITED,Petrol/Diesel/CNG/Hybrid,14
2026-04-01,Uttar Pradesh,INDO FARM EQUIPMENT LIMITED,Petrol/Diesel/CNG/Hybrid,16
2026-05-01,Uttar Pradesh,INDO FARM EQUIPMENT LIMITED,Petrol/Diesel/CNG/Hybrid,33
2026-06-01,Uttar Pradesh,INDO FARM EQUIPMENT LIMITED,Petrol/Diesel/CNG/Hybrid,17
2026-01-01,Uttar Pradesh,INTERNATIONAL TRACTORS LIMITED,Petrol/Diesel/CNG/Hybrid,3905
2026-02-01,Uttar Pradesh,INTERNATIONAL TRACTORS LIMITED,Petrol/Diesel/CNG/Hybrid,2844
2026-03-01,Uttar Pradesh,INTERNATIONAL TRACTORS LIMITED,Petrol/Diesel/CNG/Hybrid,2439
2026-04-01,Uttar Pradesh,INTERNATIONAL TRACTORS LIMITED,Petrol/Diesel/CNG/Hybrid,2768
2026-05-01,Uttar Pradesh,INTERNATIONAL TRACTORS LIMITED,Petrol/Diesel/CNG/Hybrid,2700
2026-06-01,Uttar Pradesh,INTERNATIONAL TRACTORS LIMITED,Petrol/Diesel/CNG/Hybrid,1462
2026-01-01,Uttar Pradesh,ISUZU MOTORS INDIA PVT LTD,Petrol/Diesel/CNG/Hybrid,10
2026-02-01,Uttar Pradesh,ISUZU MOTORS INDIA PVT LTD,Petrol/Diesel/CNG/Hybrid,1
2026-03-01,Uttar Pradesh,ISUZU MOTORS INDIA PVT LTD,Petrol/Diesel/CNG/Hybrid,1
2026-04-01,Uttar Pradesh,ISUZU MOTORS INDIA PVT LTD,Petrol/Diesel/CNG/Hybrid,5
2026-05-01,Uttar Pradesh,ISUZU MOTORS INDIA PVT LTD,Petrol/Diesel/CNG/Hybrid,2
2026-01-01,Uttar Pradesh,JAGUAR LAND ROVER INDIA LIMITED,Petrol/Diesel/CNG/Hybrid,39
2026-02-01,Uttar Pradesh,JAGUAR LAND ROVER INDIA LIMITED,Petrol/Diesel/CNG/Hybrid,43
2026-03-01,Uttar Pradesh,JAGUAR LAND ROVER INDIA LIMITED,Petrol/Diesel/CNG/Hybrid,40
2026-04-01,Uttar Pradesh,JAGUAR LAND ROVER INDIA LIMITED,Petrol/Diesel/CNG/Hybrid,39
2026-05-01,Uttar Pradesh,JAGUAR LAND ROVER INDIA LIMITED,Petrol/Diesel/CNG/Hybrid,24
2026-06-01,Uttar Pradesh,JAGUAR LAND ROVER INDIA LIMITED,Petrol/Diesel/CNG/Hybrid,10
2026-01-01,Uttar Pradesh,JCB INDIA LIMITED,Petrol/Diesel/CNG/Hybrid,11
2026-02-01,Uttar Pradesh,JCB INDIA LIMITED,Petrol/Diesel/CNG/Hybrid,8
2026-03-01,Uttar Pradesh,JCB INDIA LIMITED,Petrol/Diesel/CNG/Hybrid,6
2026-04-01,Uttar Pradesh,JCB INDIA LIMITED,Petrol/Diesel/CNG/Hybrid,7
2026-05-01,Uttar Pradesh,JCB INDIA LIMITED,Petrol/Diesel/CNG/Hybrid,7
2026-06-01,Uttar Pradesh,JCB INDIA LIMITED,Petrol/Diesel/CNG/Hybrid,6
2026-01-01,Uttar Pradesh,JOHN DEERE INDIA PVT LTD(TRACTOR DEVISION),Petrol/Diesel/CNG/Hybrid,547
2026-02-01,Uttar Pradesh,JOHN DEERE INDIA PVT LTD(TRACTOR DEVISION),Petrol/Diesel/CNG/Hybrid,417
2026-03-01,Uttar Pradesh,JOHN DEERE INDIA PVT LTD(TRACTOR DEVISION),Petrol/Diesel/CNG/Hybrid,338
2026-04-01,Uttar Pradesh,JOHN DEERE INDIA PVT LTD(TRACTOR DEVISION),Petrol/Diesel/CNG/Hybrid,298
2026-05-01,Uttar Pradesh,JOHN DEERE INDIA PVT LTD(TRACTOR DEVISION),Petrol/Diesel/CNG/Hybrid,342
2026-06-01,Uttar Pradesh,JOHN DEERE INDIA PVT LTD(TRACTOR DEVISION),Petrol/Diesel/CNG/Hybrid,257
2026-01-01,Uttar Pradesh,JSW MG MOTOR INDIA PVT LTD,Petrol/Diesel/CNG/Hybrid,160
2026-02-01,Uttar Pradesh,JSW MG MOTOR INDIA PVT LTD,Petrol/Diesel/CNG/Hybrid,140
2026-03-01,Uttar Pradesh,JSW MG MOTOR INDIA PVT LTD,Petrol/Diesel/CNG/Hybrid,136
2026-04-01,Uttar Pradesh,JSW MG MOTOR INDIA PVT LTD,Petrol/Diesel/CNG/Hybrid,139
2026-05-01,Uttar Pradesh,JSW MG MOTOR INDIA PVT LTD,Petrol/Diesel/CNG/Hybrid,95
2026-06-01,Uttar Pradesh,JSW MG MOTOR INDIA PVT LTD,Petrol/Diesel/CNG/Hybrid,51
2026-03-01,Uttar Pradesh,KARTAR TRACTORS PRIVATE LIMITED,Petrol/Diesel/CNG/Hybrid,3
2026-04-01,Uttar Pradesh,KARTAR TRACTORS PRIVATE LIMITED,Petrol/Diesel/CNG/Hybrid,1
2026-05-01,Uttar Pradesh,KARTAR TRACTORS PRIVATE LIMITED,Petrol/Diesel/CNG/Hybrid,4
2026-06-01,Uttar Pradesh,KARTAR TRACTORS PRIVATE LIMITED,Petrol/Diesel/CNG/Hybrid,5
2026-01-01,Uttar Pradesh,KIA INDIA PRIVATE LIMITED,Petrol/Diesel/CNG/Hybrid,3883
2026-02-01,Uttar Pradesh,KIA INDIA PRIVATE LIMITED,Petrol/Diesel/CNG/Hybrid,3085
2026-03-01,Uttar Pradesh,KIA INDIA PRIVATE LIMITED,Petrol/Diesel/CNG/Hybrid,3047
2026-04-01,Uttar Pradesh,KIA INDIA PRIVATE LIMITED,Petrol/Diesel/CNG/Hybrid,3075
2026-05-01,Uttar Pradesh,KIA INDIA PRIVATE LIMITED,Petrol/Diesel/CNG/Hybrid,2766
2026-06-01,Uttar Pradesh,KIA INDIA PRIVATE LIMITED,Petrol/Diesel/CNG/Hybrid,1074
2026-01-01,Uttar Pradesh,KUBOTA AGRICULTURAL MACHINERY INDIA PVT.LTD,Petrol/Diesel/CNG/Hybrid,6
2026-02-01,Uttar Pradesh,KUBOTA AGRICULTURAL MACHINERY INDIA PVT.LTD,Petrol/Diesel/CNG/Hybrid,17
2026-03-01,Uttar Pradesh,KUBOTA AGRICULTURAL MACHINERY INDIA PVT.LTD,Petrol/Diesel/CNG/Hybrid,18
2026-04-01,Uttar Pradesh,KUBOTA AGRICULTURAL MACHINERY INDIA PVT.LTD,Petrol/Diesel/CNG/Hybrid,10
2026-05-01,Uttar Pradesh,KUBOTA AGRICULTURAL MACHINERY INDIA PVT.LTD,Petrol/Diesel/CNG/Hybrid,11
2026-06-01,Uttar Pradesh,KUBOTA AGRICULTURAL MACHINERY INDIA PVT.LTD,Petrol/Diesel/CNG/Hybrid,8
2026-01-01,Uttar Pradesh,MAHINDRA & MAHINDRA LIMITED,Petrol/Diesel/CNG/Hybrid,8879
2026-02-01,Uttar Pradesh,MAHINDRA & MAHINDRA LIMITED,Petrol/Diesel/CNG/Hybrid,6891
2026-03-01,Uttar Pradesh,MAHINDRA & MAHINDRA LIMITED,Petrol/Diesel/CNG/Hybrid,7562
2026-04-01,Uttar Pradesh,MAHINDRA & MAHINDRA LIMITED,Petrol/Diesel/CNG/Hybrid,6915
2026-05-01,Uttar Pradesh,MAHINDRA & MAHINDRA LIMITED,Petrol/Diesel/CNG/Hybrid,5805
2026-06-01,Uttar Pradesh,MAHINDRA & MAHINDRA LIMITED,Petrol/Diesel/CNG/Hybrid,2259
2026-01-01,Uttar Pradesh,MAHINDRA & MAHINDRA LIMITED (SWARAJ DIVISION),Petrol/Diesel/CNG/Hybrid,4386
2026-02-01,Uttar Pradesh,MAHINDRA & MAHINDRA LIMITED (SWARAJ DIVISION),Petrol/Diesel/CNG/Hybrid,3843
2026-03-01,Uttar Pradesh,MAHINDRA & MAHINDRA LIMITED (SWARAJ DIVISION),Petrol/Diesel/CNG/Hybrid,3463
2026-04-01,Uttar Pradesh,MAHINDRA & MAHINDRA LIMITED (SWARAJ DIVISION),Petrol/Diesel/CNG/Hybrid,3373
2026-05-01,Uttar Pradesh,MAHINDRA & MAHINDRA LIMITED (SWARAJ DIVISION),Petrol/Diesel/CNG/Hybrid,3075
2026-06-01,Uttar Pradesh,MAHINDRA & MAHINDRA LIMITED (SWARAJ DIVISION),Petrol/Diesel/CNG/Hybrid,1883
2026-01-01,Uttar Pradesh,MAHINDRA & MAHINDRA LIMITED (TRACTOR),Petrol/Diesel/CNG/Hybrid,3759
2026-02-01,Uttar Pradesh,MAHINDRA & MAHINDRA LIMITED (TRACTOR),Petrol/Diesel/CNG/Hybrid,3098
2026-03-01,Uttar Pradesh,MAHINDRA & MAHINDRA LIMITED (TRACTOR),Petrol/Diesel/CNG/Hybrid,2881
2026-04-01,Uttar Pradesh,MAHINDRA & MAHINDRA LIMITED (TRACTOR),Petrol/Diesel/CNG/Hybrid,2823
2026-05-01,Uttar Pradesh,MAHINDRA & MAHINDRA LIMITED (TRACTOR),Petrol/Diesel/CNG/Hybrid,2727
2026-06-01,Uttar Pradesh,MAHINDRA & MAHINDRA LIMITED (TRACTOR),Petrol/Diesel/CNG/Hybrid,1641
2026-01-01,Uttar Pradesh,MARUTI SUZUKI INDIA LTD,Petrol/Diesel/CNG/Hybrid,28660
2026-02-01,Uttar Pradesh,MARUTI SUZUKI INDIA LTD,Petrol/Diesel/CNG/Hybrid,18201
2026-03-01,Uttar Pradesh,MARUTI SUZUKI INDIA LTD,Petrol/Diesel/CNG/Hybrid,19107
2026-04-01,Uttar Pradesh,MARUTI SUZUKI INDIA LTD,Petrol/Diesel/CNG/Hybrid,19108
2026-05-01,Uttar Pradesh,MARUTI SUZUKI INDIA LTD,Petrol/Diesel/CNG/Hybrid,18427
2026-06-01,Uttar Pradesh,MARUTI SUZUKI INDIA LTD,Petrol/Diesel/CNG/Hybrid,9319
2026-04-01,Uttar Pradesh,MASERATI S.P.A,Petrol/Diesel/CNG/Hybrid,1
2026-01-01,Uttar Pradesh,MERCEDES-BENZ AG,Petrol/Diesel/CNG/Hybrid,2
2026-02-01,Uttar Pradesh,MERCEDES-BENZ AG,Petrol/Diesel/CNG/Hybrid,3
2026-03-01,Uttar Pradesh,MERCEDES-BENZ AG,Petrol/Diesel/CNG/Hybrid,3
2026-04-01,Uttar Pradesh,MERCEDES-BENZ AG,Petrol/Diesel/CNG/Hybrid,6
2026-05-01,Uttar Pradesh,MERCEDES-BENZ AG,Petrol/Diesel/CNG/Hybrid,5
2026-06-01,Uttar Pradesh,MERCEDES-BENZ AG,Petrol/Diesel/CNG/Hybrid,1
2026-01-01,Uttar Pradesh,MERCEDES-BENZ INDIA PVT LTD,Petrol/Diesel/CNG/Hybrid,133
2026-02-01,Uttar Pradesh,MERCEDES-BENZ INDIA PVT LTD,Petrol/Diesel/CNG/Hybrid,123
2026-03-01,Uttar Pradesh,MERCEDES-BENZ INDIA PVT LTD,Petrol/Diesel/CNG/Hybrid,71
2026-04-01,Uttar Pradesh,MERCEDES-BENZ INDIA PVT LTD,Petrol/Diesel/CNG/Hybrid,97
2026-05-01,Uttar Pradesh,MERCEDES-BENZ INDIA PVT LTD,Petrol/Diesel/CNG/Hybrid,77
2026-06-01,Uttar Pradesh,MERCEDES-BENZ INDIA PVT LTD,Petrol/Diesel/CNG/Hybrid,57
2026-01-01,Uttar Pradesh,NEW VIJAY MIRZAPUR,Petrol/Diesel/CNG/Hybrid,1
2026-01-01,Uttar Pradesh,NISSAN MOTOR INDIA PVT LTD,Petrol/Diesel/CNG/Hybrid,243
2026-02-01,Uttar Pradesh,NISSAN MOTOR INDIA PVT LTD,Petrol/Diesel/CNG/Hybrid,172
2026-03-01,Uttar Pradesh,NISSAN MOTOR INDIA PVT LTD,Petrol/Diesel/CNG/Hybrid,351
2026-04-01,Uttar Pradesh,NISSAN MOTOR INDIA PVT LTD,Petrol/Diesel/CNG/Hybrid,384
2026-05-01,Uttar Pradesh,NISSAN MOTOR INDIA PVT LTD,Petrol/Diesel/CNG/Hybrid,313
2026-06-01,Uttar Pradesh,NISSAN MOTOR INDIA PVT LTD,Petrol/Diesel/CNG/Hybrid,163
2026-01-01,Uttar Pradesh,PAUNIYA TRACTORS AND FARM EQUIPMENT PVT LTD,Petrol/Diesel/CNG/Hybrid,4
2026-02-01,Uttar Pradesh,PAUNIYA TRACTORS AND FARM EQUIPMENT PVT LTD,Petrol/Diesel/CNG/Hybrid,2
2026-06-01,Uttar Pradesh,PAUNIYA TRACTORS AND FARM EQUIPMENT PVT LTD,Petrol/Diesel/CNG/Hybrid,1
2026-01-01,Uttar Pradesh,PORSCHE AG GERMANY,Petrol/Diesel/CNG/Hybrid,1
2026-05-01,Uttar Pradesh,PORSCHE AG GERMANY,Petrol/Diesel/CNG/Hybrid,3
2026-06-01,Uttar Pradesh,PORSCHE AG GERMANY,Petrol/Diesel/CNG/Hybrid,2
2026-02-01,Uttar Pradesh,PREET AGRO INDUSTRIES PVT LTD,Petrol/Diesel/CNG/Hybrid,1
2026-06-01,Uttar Pradesh,PREET AGRO INDUSTRIES PVT LTD,Petrol/Diesel/CNG/Hybrid,6
2026-01-01,Uttar Pradesh,PREET TRACTORS PVT LTD,Petrol/Diesel/CNG/Hybrid,55
2026-02-01,Uttar Pradesh,PREET TRACTORS PVT LTD,Petrol/Diesel/CNG/Hybrid,29
2026-03-01,Uttar Pradesh,PREET TRACTORS PVT LTD,Petrol/Diesel/CNG/Hybrid,44
2026-04-01,Uttar Pradesh,PREET TRACTORS PVT LTD,Petrol/Diesel/CNG/Hybrid,19
2026-05-01,Uttar Pradesh,PREET TRACTORS PVT LTD,Petrol/Diesel/CNG/Hybrid,30
2026-06-01,Uttar Pradesh,PREET TRACTORS PVT LTD,Petrol/Diesel/CNG/Hybrid,12
2026-01-01,Uttar Pradesh,RENAULT INDIA PVT LTD,Petrol/Diesel/CNG/Hybrid,586
2026-02-01,Uttar Pradesh,RENAULT INDIA PVT LTD,Petrol/Diesel/CNG/Hybrid,479
2026-03-01,Uttar Pradesh,RENAULT INDIA PVT LTD,Petrol/Diesel/CNG/Hybrid,446
2026-04-01,Uttar Pradesh,RENAULT INDIA PVT LTD,Petrol/Diesel/CNG/Hybrid,594
2026-05-01,Uttar Pradesh,RENAULT INDIA PVT LTD,Petrol/Diesel/CNG/Hybrid,472
2026-06-01,Uttar Pradesh,RENAULT INDIA PVT LTD,Petrol/Diesel/CNG/Hybrid,185
2026-05-01,Uttar Pradesh,ROLLS-ROYCE MOTOR CARS(IMPORTER:SELECT CARS P LTD),Petrol/Diesel/CNG/Hybrid,1
2026-01-01,Uttar Pradesh,SAME DEUTZ-FAHR INDIA (P) LTD,Petrol/Diesel/CNG/Hybrid,1
2026-02-01,Uttar Pradesh,SAME DEUTZ-FAHR INDIA (P) LTD,Petrol/Diesel/CNG/Hybrid,1
2026-06-01,Uttar Pradesh,SAME DEUTZ-FAHR INDIA (P) LTD,Petrol/Diesel/CNG/Hybrid,1
2026-01-01,Uttar Pradesh,SKODA AUTO VOLKSWAGEN INDIA PVT LTD,Petrol/Diesel/CNG/Hybrid,898
2026-02-01,Uttar Pradesh,SKODA AUTO VOLKSWAGEN INDIA PVT LTD,Petrol/Diesel/CNG/Hybrid,749
2026-03-01,Uttar Pradesh,SKODA AUTO VOLKSWAGEN INDIA PVT LTD,Petrol/Diesel/CNG/Hybrid,658
2026-04-01,Uttar Pradesh,SKODA AUTO VOLKSWAGEN INDIA PVT LTD,Petrol/Diesel/CNG/Hybrid,779
2026-05-01,Uttar Pradesh,SKODA AUTO VOLKSWAGEN INDIA PVT LTD,Petrol/Diesel/CNG/Hybrid,631
2026-06-01,Uttar Pradesh,SKODA AUTO VOLKSWAGEN INDIA PVT LTD,Petrol/Diesel/CNG/Hybrid,244
2026-01-01,Uttar Pradesh,STANDARD CORPORATION INDIA LTD,Petrol/Diesel/CNG/Hybrid,1
2026-02-01,Uttar Pradesh,STANDARD CORPORATION INDIA LTD,Petrol/Diesel/CNG/Hybrid,1
2026-04-01,Uttar Pradesh,STANDARD CORPORATION INDIA LTD,Petrol/Diesel/CNG/Hybrid,1
2026-06-01,Uttar Pradesh,STANDARD CORPORATION INDIA LTD,Petrol/Diesel/CNG/Hybrid,1
2026-01-01,Uttar Pradesh,STELLANTIS AUTOMOBILES INDIA PVT LTD,Petrol/Diesel/CNG/Hybrid,78
2026-02-01,Uttar Pradesh,STELLANTIS AUTOMOBILES INDIA PVT LTD,Petrol/Diesel/CNG/Hybrid,29
2026-03-01,Uttar Pradesh,STELLANTIS AUTOMOBILES INDIA PVT LTD,Petrol/Diesel/CNG/Hybrid,29
2026-04-01,Uttar Pradesh,STELLANTIS AUTOMOBILES INDIA PVT LTD,Petrol/Diesel/CNG/Hybrid,28
2026-05-01,Uttar Pradesh,STELLANTIS AUTOMOBILES INDIA PVT LTD,Petrol/Diesel/CNG/Hybrid,27
2026-06-01,Uttar Pradesh,STELLANTIS AUTOMOBILES INDIA PVT LTD,Petrol/Diesel/CNG/Hybrid,7
2026-01-01,Uttar Pradesh,STELLANTIS INDIA PVT LTD,Petrol/Diesel/CNG/Hybrid,24
2026-02-01,Uttar Pradesh,STELLANTIS INDIA PVT LTD,Petrol/Diesel/CNG/Hybrid,18
2026-03-01,Uttar Pradesh,STELLANTIS INDIA PVT LTD,Petrol/Diesel/CNG/Hybrid,14
2026-04-01,Uttar Pradesh,STELLANTIS INDIA PVT LTD,Petrol/Diesel/CNG/Hybrid,20
2026-05-01,Uttar Pradesh,STELLANTIS INDIA PVT LTD,Petrol/Diesel/CNG/Hybrid,10
2026-06-01,Uttar Pradesh,STELLANTIS INDIA PVT LTD,Petrol/Diesel/CNG/Hybrid,7
2026-01-01,Uttar Pradesh,TAFE LIMITED,Petrol/Diesel/CNG/Hybrid,961
2026-02-01,Uttar Pradesh,TAFE LIMITED,Petrol/Diesel/CNG/Hybrid,792
2026-03-01,Uttar Pradesh,TAFE LIMITED,Petrol/Diesel/CNG/Hybrid,682
2026-04-01,Uttar Pradesh,TAFE LIMITED,Petrol/Diesel/CNG/Hybrid,573
2026-05-01,Uttar Pradesh,TAFE LIMITED,Petrol/Diesel/CNG/Hybrid,651
2026-06-01,Uttar Pradesh,TAFE LIMITED,Petrol/Diesel/CNG/Hybrid,398
2026-01-01,Uttar Pradesh,TATA MOTORS LTD,Petrol/Diesel/CNG/Hybrid,2
2026-02-01,Uttar Pradesh,TATA MOTORS LTD,Petrol/Diesel/CNG/Hybrid,1
2026-01-01,Uttar Pradesh,TATA MOTORS PASSENGER VEHICLES LTD,Petrol/Diesel/CNG/Hybrid,6955
2026-02-01,Uttar Pradesh,TATA MOTORS PASSENGER VEHICLES LTD,Petrol/Diesel/CNG/Hybrid,6015
2026-03-01,Uttar Pradesh,TATA MOTORS PASSENGER VEHICLES LTD,Petrol/Diesel/CNG/Hybrid,6116
2026-04-01,Uttar Pradesh,TATA MOTORS PASSENGER VEHICLES LTD,Petrol/Diesel/CNG/Hybrid,5670
2026-05-01,Uttar Pradesh,TATA MOTORS PASSENGER VEHICLES LTD,Petrol/Diesel/CNG/Hybrid,4650
2026-06-01,Uttar Pradesh,TATA MOTORS PASSENGER VEHICLES LTD,Petrol/Diesel/CNG/Hybrid,1744
2026-02-01,Uttar Pradesh,TATA PASSENGER ELECTRIC MOBILITY LTD,Petrol/Diesel/CNG/Hybrid,2
2026-03-01,Uttar Pradesh,TATA PASSENGER ELECTRIC MOBILITY LTD,Petrol/Diesel/CNG/Hybrid,1
2026-04-01,Uttar Pradesh,TATA PASSENGER ELECTRIC MOBILITY LTD,Petrol/Diesel/CNG/Hybrid,1
2026-01-01,Uttar Pradesh,TOYOTA KIRLOSKAR MOTOR PVT LTD,Petrol/Diesel/CNG/Hybrid,2993
2026-02-01,Uttar Pradesh,TOYOTA KIRLOSKAR MOTOR PVT LTD,Petrol/Diesel/CNG/Hybrid,2453
2026-03-01,Uttar Pradesh,TOYOTA KIRLOSKAR MOTOR PVT LTD,Petrol/Diesel/CNG/Hybrid,2290
2026-04-01,Uttar Pradesh,TOYOTA KIRLOSKAR MOTOR PVT LTD,Petrol/Diesel/CNG/Hybrid,2205
2026-05-01,Uttar Pradesh,TOYOTA KIRLOSKAR MOTOR PVT LTD,Petrol/Diesel/CNG/Hybrid,1979
2026-06-01,Uttar Pradesh,TOYOTA KIRLOSKAR MOTOR PVT LTD,Petrol/Diesel/CNG/Hybrid,868
2026-01-01,Uttar Pradesh,V.S.T. TILLERS TRACTORS LIMITED,Petrol/Diesel/CNG/Hybrid,12
2026-02-01,Uttar Pradesh,V.S.T. TILLERS TRACTORS LIMITED,Petrol/Diesel/CNG/Hybrid,7
2026-03-01,Uttar Pradesh,V.S.T. TILLERS TRACTORS LIMITED,Petrol/Diesel/CNG/Hybrid,5
2026-04-01,Uttar Pradesh,V.S.T. TILLERS TRACTORS LIMITED,Petrol/Diesel/CNG/Hybrid,2
2026-05-01,Uttar Pradesh,V.S.T. TILLERS TRACTORS LIMITED,Petrol/Diesel/CNG/Hybrid,11
2026-06-01,Uttar Pradesh,V.S.T. TILLERS TRACTORS LIMITED,Petrol/Diesel/CNG/Hybrid,6
2026-02-01,Uttar Pradesh,VOLKSWAGEN AG,Petrol/Diesel/CNG/Hybrid,1
2026-03-01,Uttar Pradesh,VOLKSWAGEN AG,Petrol/Diesel/CNG/Hybrid,1
2026-04-01,Uttar Pradesh,VOLKSWAGEN AG,Petrol/Diesel/CNG/Hybrid,1
2026-06-01,Uttar Pradesh,VOLKSWAGEN AG,Petrol/Diesel/CNG/Hybrid,1
2026-01-01,Uttar Pradesh,VOLVO AUTO INDIA PVT LTD,Petrol/Diesel/CNG/Hybrid,8
2026-02-01,Uttar Pradesh,VOLVO AUTO INDIA PVT LTD,Petrol/Diesel/CNG/Hybrid,5
2026-03-01,Uttar Pradesh,VOLVO AUTO INDIA PVT LTD,Petrol/Diesel/CNG/Hybrid,7
2026-04-01,Uttar Pradesh,VOLVO AUTO INDIA PVT LTD,Petrol/Diesel/CNG/Hybrid,7
2026-05-01,Uttar Pradesh,VOLVO AUTO INDIA PVT LTD,Petrol/Diesel/CNG/Hybrid,6
2026-06-01,Uttar Pradesh,VOLVO AUTO INDIA PVT LTD,Petrol/Diesel/CNG/Hybrid,1
2026-01-01,Uttar Pradesh,VST ZETOR PVT LTD,Petrol/Diesel/CNG/Hybrid,1
2026-02-01,Uttar Pradesh,VST ZETOR PVT LTD,Petrol/Diesel/CNG/Hybrid,1
2026-03-01,Uttar Pradesh,VST ZETOR PVT LTD,Petrol/Diesel/CNG/Hybrid,4
2026-04-01,Uttar Pradesh,VST ZETOR PVT LTD,Petrol/Diesel/CNG/Hybrid,2
2026-05-01,Uttar Pradesh,VST ZETOR PVT LTD,Petrol/Diesel/CNG/Hybrid,2
2026-06-01,Uttar Pradesh,VST ZETOR PVT LTD,Petrol/Diesel/CNG/Hybrid,2
2026-05-01,Uttarakhand,ACTION CONSTRUCTION EQUIPMENT LTD,Petrol/Diesel/CNG/Hybrid,2
2026-03-01,Uttarakhand,ADICO ESCORTS AGRI EQUIPMENTS PVT. LTD,Petrol/Diesel/CNG/Hybrid,1
2026-02-01,Uttarakhand,BENTLEY MOTORS LIMITED,Petrol/Diesel/CNG/Hybrid,1
2026-01-01,Uttarakhand,BMW INDIA PVT LTD,Petrol/Diesel/CNG/Hybrid,13
2026-02-01,Uttarakhand,BMW INDIA PVT LTD,Petrol/Diesel/CNG/Hybrid,10
2026-03-01,Uttarakhand,BMW INDIA PVT LTD,Petrol/Diesel/CNG/Hybrid,8
2026-04-01,Uttarakhand,BMW INDIA PVT LTD,Petrol/Diesel/CNG/Hybrid,15
2026-05-01,Uttarakhand,BMW INDIA PVT LTD,Petrol/Diesel/CNG/Hybrid,6
2026-06-01,Uttarakhand,BMW INDIA PVT LTD,Petrol/Diesel/CNG/Hybrid,1
2026-01-01,Uttarakhand,CNH INDUSTRIAL (INDIA) PVT LTD,Petrol/Diesel/CNG/Hybrid,11
2026-02-01,Uttarakhand,CNH INDUSTRIAL (INDIA) PVT LTD,Petrol/Diesel/CNG/Hybrid,6
2026-03-01,Uttarakhand,CNH INDUSTRIAL (INDIA) PVT LTD,Petrol/Diesel/CNG/Hybrid,15
2026-04-01,Uttarakhand,CNH INDUSTRIAL (INDIA) PVT LTD,Petrol/Diesel/CNG/Hybrid,12
2026-05-01,Uttarakhand,CNH INDUSTRIAL (INDIA) PVT LTD,Petrol/Diesel/CNG/Hybrid,15
2026-06-01,Uttarakhand,CNH INDUSTRIAL (INDIA) PVT LTD,Petrol/Diesel/CNG/Hybrid,15
2026-01-01,Uttarakhand,EICHER TRACTORS,Petrol/Diesel/CNG/Hybrid,7
2026-03-01,Uttarakhand,EICHER TRACTORS,Petrol/Diesel/CNG/Hybrid,4
2026-04-01,Uttarakhand,EICHER TRACTORS,Petrol/Diesel/CNG/Hybrid,10
2026-05-01,Uttarakhand,EICHER TRACTORS,Petrol/Diesel/CNG/Hybrid,4
2026-06-01,Uttarakhand,EICHER TRACTORS,Petrol/Diesel/CNG/Hybrid,5
2026-01-01,Uttarakhand,ESCORTS KUBOTA LIMITED (AGRI MACHINERY GROUP),Petrol/Diesel/CNG/Hybrid,26
2026-02-01,Uttarakhand,ESCORTS KUBOTA LIMITED (AGRI MACHINERY GROUP),Petrol/Diesel/CNG/Hybrid,26
2026-03-01,Uttarakhand,ESCORTS KUBOTA LIMITED (AGRI MACHINERY GROUP),Petrol/Diesel/CNG/Hybrid,29
2026-04-01,Uttarakhand,ESCORTS KUBOTA LIMITED (AGRI MACHINERY GROUP),Petrol/Diesel/CNG/Hybrid,15
2026-05-01,Uttarakhand,ESCORTS KUBOTA LIMITED (AGRI MACHINERY GROUP),Petrol/Diesel/CNG/Hybrid,31
2026-06-01,Uttarakhand,ESCORTS KUBOTA LIMITED (AGRI MACHINERY GROUP),Petrol/Diesel/CNG/Hybrid,17
2026-06-01,Uttarakhand,FIORI CONCRETE MACHINES INDIA PVT LTD,Petrol/Diesel/CNG/Hybrid,1
2026-01-01,Uttarakhand,FORCE MOTORS LIMITED,Petrol/Diesel/CNG/Hybrid,1
2026-02-01,Uttarakhand,FORCE MOTORS LIMITED,Petrol/Diesel/CNG/Hybrid,1
2026-03-01,Uttarakhand,FORCE MOTORS LIMITED,Petrol/Diesel/CNG/Hybrid,1
2026-04-01,Uttarakhand,FORCE MOTORS LIMITED,Petrol/Diesel/CNG/Hybrid,1
2026-05-01,Uttarakhand,FORCE MOTORS LIMITED,Petrol/Diesel/CNG/Hybrid,1
2026-06-01,Uttarakhand,FORCE MOTORS LIMITED,Petrol/Diesel/CNG/Hybrid,1
2026-01-01,Uttarakhand,HONDA CARS INDIA LTD,Petrol/Diesel/CNG/Hybrid,106
2026-02-01,Uttarakhand,HONDA CARS INDIA LTD,Petrol/Diesel/CNG/Hybrid,66
2026-03-01,Uttarakhand,HONDA CARS INDIA LTD,Petrol/Diesel/CNG/Hybrid,82
2026-04-01,Uttarakhand,HONDA CARS INDIA LTD,Petrol/Diesel/CNG/Hybrid,86
2026-05-01,Uttarakhand,HONDA CARS INDIA LTD,Petrol/Diesel/CNG/Hybrid,70
2026-06-01,Uttarakhand,HONDA CARS INDIA LTD,Petrol/Diesel/CNG/Hybrid,31
2026-01-01,Uttarakhand,HYUNDAI MOTOR INDIA LTD,Petrol/Diesel/CNG/Hybrid,944
2026-02-01,Uttarakhand,HYUNDAI MOTOR INDIA LTD,Petrol/Diesel/CNG/Hybrid,676
2026-03-01,Uttarakhand,HYUNDAI MOTOR INDIA LTD,Petrol/Diesel/CNG/Hybrid,563
2026-04-01,Uttarakhand,HYUNDAI MOTOR INDIA LTD,Petrol/Diesel/CNG/Hybrid,633
2026-05-01,Uttarakhand,HYUNDAI MOTOR INDIA LTD,Petrol/Diesel/CNG/Hybrid,613
2026-06-01,Uttarakhand,HYUNDAI MOTOR INDIA LTD,Petrol/Diesel/CNG/Hybrid,254
2026-01-01,Uttarakhand,INTERNATIONAL TRACTORS LIMITED,Petrol/Diesel/CNG/Hybrid,38
2026-02-01,Uttarakhand,INTERNATIONAL TRACTORS LIMITED,Petrol/Diesel/CNG/Hybrid,33
2026-03-01,Uttarakhand,INTERNATIONAL TRACTORS LIMITED,Petrol/Diesel/CNG/Hybrid,40
2026-04-01,Uttarakhand,INTERNATIONAL TRACTORS LIMITED,Petrol/Diesel/CNG/Hybrid,50
2026-05-01,Uttarakhand,INTERNATIONAL TRACTORS LIMITED,Petrol/Diesel/CNG/Hybrid,57
2026-06-01,Uttarakhand,INTERNATIONAL TRACTORS LIMITED,Petrol/Diesel/CNG/Hybrid,26
2026-01-01,Uttarakhand,ISUZU MOTORS INDIA PVT LTD,Petrol/Diesel/CNG/Hybrid,2
2026-04-01,Uttarakhand,ISUZU MOTORS INDIA PVT LTD,Petrol/Diesel/CNG/Hybrid,3
2026-05-01,Uttarakhand,ISUZU MOTORS INDIA PVT LTD,Petrol/Diesel/CNG/Hybrid,1
2026-01-01,Uttarakhand,JAGUAR LAND ROVER INDIA LIMITED,Petrol/Diesel/CNG/Hybrid,5
2026-02-01,Uttarakhand,JAGUAR LAND ROVER INDIA LIMITED,Petrol/Diesel/CNG/Hybrid,4
2026-03-01,Uttarakhand,JAGUAR LAND ROVER INDIA LIMITED,Petrol/Diesel/CNG/Hybrid,3
2026-04-01,Uttarakhand,JAGUAR LAND ROVER INDIA LIMITED,Petrol/Diesel/CNG/Hybrid,5
2026-05-01,Uttarakhand,JAGUAR LAND ROVER INDIA LIMITED,Petrol/Diesel/CNG/Hybrid,3
2026-06-01,Uttarakhand,JAGUAR LAND ROVER INDIA LIMITED,Petrol/Diesel/CNG/Hybrid,2
2026-02-01,Uttarakhand,JAGUAR LAND ROVER LIMITED UK,Petrol/Diesel/CNG/Hybrid,1
2026-01-01,Uttarakhand,JCB INDIA LIMITED,Petrol/Diesel/CNG/Hybrid,2
2026-02-01,Uttarakhand,JCB INDIA LIMITED,Petrol/Diesel/CNG/Hybrid,2
2026-03-01,Uttarakhand,JCB INDIA LIMITED,Petrol/Diesel/CNG/Hybrid,3
2026-05-01,Uttarakhand,JCB INDIA LIMITED,Petrol/Diesel/CNG/Hybrid,3
2026-06-01,Uttarakhand,JCB INDIA LIMITED,Petrol/Diesel/CNG/Hybrid,2
2026-01-01,Uttarakhand,JOHN DEERE INDIA PVT LTD(TRACTOR DEVISION),Petrol/Diesel/CNG/Hybrid,5
2026-02-01,Uttarakhand,JOHN DEERE INDIA PVT LTD(TRACTOR DEVISION),Petrol/Diesel/CNG/Hybrid,10
2026-03-01,Uttarakhand,JOHN DEERE INDIA PVT LTD(TRACTOR DEVISION),Petrol/Diesel/CNG/Hybrid,8
2026-04-01,Uttarakhand,JOHN DEERE INDIA PVT LTD(TRACTOR DEVISION),Petrol/Diesel/CNG/Hybrid,17
2026-05-01,Uttarakhand,JOHN DEERE INDIA PVT LTD(TRACTOR DEVISION),Petrol/Diesel/CNG/Hybrid,17
2026-06-01,Uttarakhand,JOHN DEERE INDIA PVT LTD(TRACTOR DEVISION),Petrol/Diesel/CNG/Hybrid,16
2026-01-01,Uttarakhand,JSW MG MOTOR INDIA PVT LTD,Petrol/Diesel/CNG/Hybrid,11
2026-02-01,Uttarakhand,JSW MG MOTOR INDIA PVT LTD,Petrol/Diesel/CNG/Hybrid,19
2026-03-01,Uttarakhand,JSW MG MOTOR INDIA PVT LTD,Petrol/Diesel/CNG/Hybrid,5
2026-04-01,Uttarakhand,JSW MG MOTOR INDIA PVT LTD,Petrol/Diesel/CNG/Hybrid,21
2026-05-01,Uttarakhand,JSW MG MOTOR INDIA PVT LTD,Petrol/Diesel/CNG/Hybrid,12
2026-06-01,Uttarakhand,JSW MG MOTOR INDIA PVT LTD,Petrol/Diesel/CNG/Hybrid,8
2026-01-01,Uttarakhand,KIA INDIA PRIVATE LIMITED,Petrol/Diesel/CNG/Hybrid,501
2026-02-01,Uttarakhand,KIA INDIA PRIVATE LIMITED,Petrol/Diesel/CNG/Hybrid,365
2026-03-01,Uttarakhand,KIA INDIA PRIVATE LIMITED,Petrol/Diesel/CNG/Hybrid,353
2026-04-01,Uttarakhand,KIA INDIA PRIVATE LIMITED,Petrol/Diesel/CNG/Hybrid,414
2026-05-01,Uttarakhand,KIA INDIA PRIVATE LIMITED,Petrol/Diesel/CNG/Hybrid,372
2026-06-01,Uttarakhand,KIA INDIA PRIVATE LIMITED,Petrol/Diesel/CNG/Hybrid,166
2026-06-01,Uttarakhand,KUBOTA AGRICULTURAL MACHINERY INDIA PVT.LTD,Petrol/Diesel/CNG/Hybrid,1
2026-01-01,Uttarakhand,MAHINDRA & MAHINDRA LIMITED,Petrol/Diesel/CNG/Hybrid,1331
2026-02-01,Uttarakhand,MAHINDRA & MAHINDRA LIMITED,Petrol/Diesel/CNG/Hybrid,937
2026-03-01,Uttarakhand,MAHINDRA & MAHINDRA LIMITED,Petrol/Diesel/CNG/Hybrid,929
2026-04-01,Uttarakhand,MAHINDRA & MAHINDRA LIMITED,Petrol/Diesel/CNG/Hybrid,1143
2026-05-01,Uttarakhand,MAHINDRA & MAHINDRA LIMITED,Petrol/Diesel/CNG/Hybrid,1053
2026-06-01,Uttarakhand,MAHINDRA & MAHINDRA LIMITED,Petrol/Diesel/CNG/Hybrid,499
2026-01-01,Uttarakhand,MAHINDRA & MAHINDRA LIMITED (SWARAJ DIVISION),Petrol/Diesel/CNG/Hybrid,69
2026-02-01,Uttarakhand,MAHINDRA & MAHINDRA LIMITED (SWARAJ DIVISION),Petrol/Diesel/CNG/Hybrid,42
2026-03-01,Uttarakhand,MAHINDRA & MAHINDRA LIMITED (SWARAJ DIVISION),Petrol/Diesel/CNG/Hybrid,42
2026-04-01,Uttarakhand,MAHINDRA & MAHINDRA LIMITED (SWARAJ DIVISION),Petrol/Diesel/CNG/Hybrid,43
2026-05-01,Uttarakhand,MAHINDRA & MAHINDRA LIMITED (SWARAJ DIVISION),Petrol/Diesel/CNG/Hybrid,51
2026-06-01,Uttarakhand,MAHINDRA & MAHINDRA LIMITED (SWARAJ DIVISION),Petrol/Diesel/CNG/Hybrid,28
2026-01-01,Uttarakhand,MAHINDRA & MAHINDRA LIMITED (TRACTOR),Petrol/Diesel/CNG/Hybrid,143
2026-02-01,Uttarakhand,MAHINDRA & MAHINDRA LIMITED (TRACTOR),Petrol/Diesel/CNG/Hybrid,168
2026-03-01,Uttarakhand,MAHINDRA & MAHINDRA LIMITED (TRACTOR),Petrol/Diesel/CNG/Hybrid,190
2026-04-01,Uttarakhand,MAHINDRA & MAHINDRA LIMITED (TRACTOR),Petrol/Diesel/CNG/Hybrid,143
2026-05-01,Uttarakhand,MAHINDRA & MAHINDRA LIMITED (TRACTOR),Petrol/Diesel/CNG/Hybrid,131
2026-06-01,Uttarakhand,MAHINDRA & MAHINDRA LIMITED (TRACTOR),Petrol/Diesel/CNG/Hybrid,70
2026-01-01,Uttarakhand,MARUTI SUZUKI INDIA LTD,Petrol/Diesel/CNG/Hybrid,3260
2026-02-01,Uttarakhand,MARUTI SUZUKI INDIA LTD,Petrol/Diesel/CNG/Hybrid,1885
2026-03-01,Uttarakhand,MARUTI SUZUKI INDIA LTD,Petrol/Diesel/CNG/Hybrid,1991
2026-04-01,Uttarakhand,MARUTI SUZUKI INDIA LTD,Petrol/Diesel/CNG/Hybrid,2083
2026-05-01,Uttarakhand,MARUTI SUZUKI INDIA LTD,Petrol/Diesel/CNG/Hybrid,1874
2026-06-01,Uttarakhand,MARUTI SUZUKI INDIA LTD,Petrol/Diesel/CNG/Hybrid,1044
2026-02-01,Uttarakhand,MERCEDES BENZ,Petrol/Diesel/CNG/Hybrid,1
2026-03-01,Uttarakhand,MERCEDES-BENZ AG,Petrol/Diesel/CNG/Hybrid,1
2026-05-01,Uttarakhand,MERCEDES-BENZ AG,Petrol/Diesel/CNG/Hybrid,1
2026-01-01,Uttarakhand,MERCEDES-BENZ INDIA PVT LTD,Petrol/Diesel/CNG/Hybrid,21
2026-02-01,Uttarakhand,MERCEDES-BENZ INDIA PVT LTD,Petrol/Diesel/CNG/Hybrid,7
2026-03-01,Uttarakhand,MERCEDES-BENZ INDIA PVT LTD,Petrol/Diesel/CNG/Hybrid,12
2026-04-01,Uttarakhand,MERCEDES-BENZ INDIA PVT LTD,Petrol/Diesel/CNG/Hybrid,11
2026-05-01,Uttarakhand,MERCEDES-BENZ INDIA PVT LTD,Petrol/Diesel/CNG/Hybrid,10
2026-06-01,Uttarakhand,MERCEDES-BENZ INDIA PVT LTD,Petrol/Diesel/CNG/Hybrid,4
2026-01-01,Uttarakhand,NISSAN MOTOR INDIA PVT LTD,Petrol/Diesel/CNG/Hybrid,68
2026-02-01,Uttarakhand,NISSAN MOTOR INDIA PVT LTD,Petrol/Diesel/CNG/Hybrid,37
2026-03-01,Uttarakhand,NISSAN MOTOR INDIA PVT LTD,Petrol/Diesel/CNG/Hybrid,46
2026-04-01,Uttarakhand,NISSAN MOTOR INDIA PVT LTD,Petrol/Diesel/CNG/Hybrid,64
2026-05-01,Uttarakhand,NISSAN MOTOR INDIA PVT LTD,Petrol/Diesel/CNG/Hybrid,41
2026-06-01,Uttarakhand,NISSAN MOTOR INDIA PVT LTD,Petrol/Diesel/CNG/Hybrid,26
2026-02-01,Uttarakhand,PORSCHE AG GERMANY,Petrol/Diesel/CNG/Hybrid,3
2026-04-01,Uttarakhand,PORSCHE AG GERMANY,Petrol/Diesel/CNG/Hybrid,1
2026-01-01,Uttarakhand,PREET TRACTORS PVT LTD,Petrol/Diesel/CNG/Hybrid,1
2026-01-01,Uttarakhand,RENAULT INDIA PVT LTD,Petrol/Diesel/CNG/Hybrid,41
2026-02-01,Uttarakhand,RENAULT INDIA PVT LTD,Petrol/Diesel/CNG/Hybrid,25
2026-03-01,Uttarakhand,RENAULT INDIA PVT LTD,Petrol/Diesel/CNG/Hybrid,32
2026-04-01,Uttarakhand,RENAULT INDIA PVT LTD,Petrol/Diesel/CNG/Hybrid,38
2026-05-01,Uttarakhand,RENAULT INDIA PVT LTD,Petrol/Diesel/CNG/Hybrid,71
2026-06-01,Uttarakhand,RENAULT INDIA PVT LTD,Petrol/Diesel/CNG/Hybrid,12
2026-02-01,Uttarakhand,ROLLS ROYCE,Petrol/Diesel/CNG/Hybrid,1
2026-02-01,Uttarakhand,ROLLS ROYCE MOTOR (IMPORTER: KUN MOTOR),Petrol/Diesel/CNG/Hybrid,1
2026-01-01,Uttarakhand,SKODA AUTO VOLKSWAGEN INDIA PVT LTD,Petrol/Diesel/CNG/Hybrid,214
2026-02-01,Uttarakhand,SKODA AUTO VOLKSWAGEN INDIA PVT LTD,Petrol/Diesel/CNG/Hybrid,140
2026-03-01,Uttarakhand,SKODA AUTO VOLKSWAGEN INDIA PVT LTD,Petrol/Diesel/CNG/Hybrid,120
2026-04-01,Uttarakhand,SKODA AUTO VOLKSWAGEN INDIA PVT LTD,Petrol/Diesel/CNG/Hybrid,164
2026-05-01,Uttarakhand,SKODA AUTO VOLKSWAGEN INDIA PVT LTD,Petrol/Diesel/CNG/Hybrid,159
2026-06-01,Uttarakhand,SKODA AUTO VOLKSWAGEN INDIA PVT LTD,Petrol/Diesel/CNG/Hybrid,44
2026-01-01,Uttarakhand,STELLANTIS AUTOMOBILES INDIA PVT LTD,Petrol/Diesel/CNG/Hybrid,26
2026-02-01,Uttarakhand,STELLANTIS AUTOMOBILES INDIA PVT LTD,Petrol/Diesel/CNG/Hybrid,8
2026-03-01,Uttarakhand,STELLANTIS AUTOMOBILES INDIA PVT LTD,Petrol/Diesel/CNG/Hybrid,5
2026-04-01,Uttarakhand,STELLANTIS AUTOMOBILES INDIA PVT LTD,Petrol/Diesel/CNG/Hybrid,10
2026-05-01,Uttarakhand,STELLANTIS AUTOMOBILES INDIA PVT LTD,Petrol/Diesel/CNG/Hybrid,3
2026-06-01,Uttarakhand,STELLANTIS AUTOMOBILES INDIA PVT LTD,Petrol/Diesel/CNG/Hybrid,5
2026-01-01,Uttarakhand,STELLANTIS INDIA PVT LTD,Petrol/Diesel/CNG/Hybrid,9
2026-02-01,Uttarakhand,STELLANTIS INDIA PVT LTD,Petrol/Diesel/CNG/Hybrid,6
2026-03-01,Uttarakhand,STELLANTIS INDIA PVT LTD,Petrol/Diesel/CNG/Hybrid,7
2026-04-01,Uttarakhand,STELLANTIS INDIA PVT LTD,Petrol/Diesel/CNG/Hybrid,5
2026-05-01,Uttarakhand,STELLANTIS INDIA PVT LTD,Petrol/Diesel/CNG/Hybrid,4
2026-06-01,Uttarakhand,STELLANTIS INDIA PVT LTD,Petrol/Diesel/CNG/Hybrid,2
2026-01-01,Uttarakhand,TAFE LIMITED,Petrol/Diesel/CNG/Hybrid,6
2026-02-01,Uttarakhand,TAFE LIMITED,Petrol/Diesel/CNG/Hybrid,4
2026-03-01,Uttarakhand,TAFE LIMITED,Petrol/Diesel/CNG/Hybrid,11
2026-04-01,Uttarakhand,TAFE LIMITED,Petrol/Diesel/CNG/Hybrid,14
2026-05-01,Uttarakhand,TAFE LIMITED,Petrol/Diesel/CNG/Hybrid,10
2026-06-01,Uttarakhand,TAFE LIMITED,Petrol/Diesel/CNG/Hybrid,7
2026-02-01,Uttarakhand,TATA MOTORS LTD,Petrol/Diesel/CNG/Hybrid,3
2026-03-01,Uttarakhand,TATA MOTORS LTD,Petrol/Diesel/CNG/Hybrid,1
2026-01-01,Uttarakhand,TATA MOTORS PASSENGER VEHICLES LTD,Petrol/Diesel/CNG/Hybrid,734
2026-02-01,Uttarakhand,TATA MOTORS PASSENGER VEHICLES LTD,Petrol/Diesel/CNG/Hybrid,645
2026-03-01,Uttarakhand,TATA MOTORS PASSENGER VEHICLES LTD,Petrol/Diesel/CNG/Hybrid,707
2026-04-01,Uttarakhand,TATA MOTORS PASSENGER VEHICLES LTD,Petrol/Diesel/CNG/Hybrid,769
2026-05-01,Uttarakhand,TATA MOTORS PASSENGER VEHICLES LTD,Petrol/Diesel/CNG/Hybrid,641
2026-06-01,Uttarakhand,TATA MOTORS PASSENGER VEHICLES LTD,Petrol/Diesel/CNG/Hybrid,208
2026-06-01,Uttarakhand,TATA PASSENGER ELECTRIC MOBILITY LTD,Petrol/Diesel/CNG/Hybrid,1
2026-01-01,Uttarakhand,TOYOTA KIRLOSKAR MOTOR PVT LTD,Petrol/Diesel/CNG/Hybrid,341
2026-02-01,Uttarakhand,TOYOTA KIRLOSKAR MOTOR PVT LTD,Petrol/Diesel/CNG/Hybrid,233
2026-03-01,Uttarakhand,TOYOTA KIRLOSKAR MOTOR PVT LTD,Petrol/Diesel/CNG/Hybrid,196
2026-04-01,Uttarakhand,TOYOTA KIRLOSKAR MOTOR PVT LTD,Petrol/Diesel/CNG/Hybrid,252
2026-05-01,Uttarakhand,TOYOTA KIRLOSKAR MOTOR PVT LTD,Petrol/Diesel/CNG/Hybrid,237
2026-06-01,Uttarakhand,TOYOTA KIRLOSKAR MOTOR PVT LTD,Petrol/Diesel/CNG/Hybrid,133
2026-01-01,Uttarakhand,VOLKSWAGEN AG,Petrol/Diesel/CNG/Hybrid,2
2026-03-01,Uttarakhand,VOLKSWAGEN AG,Petrol/Diesel/CNG/Hybrid,1
2026-01-01,Uttarakhand,VOLVO AUTO INDIA PVT LTD,Petrol/Diesel/CNG/Hybrid,1
2026-02-01,Uttarakhand,VOLVO AUTO INDIA PVT LTD,Petrol/Diesel/CNG/Hybrid,4
2026-03-01,Uttarakhand,VOLVO AUTO INDIA PVT LTD,Petrol/Diesel/CNG/Hybrid,1
2026-04-01,Uttarakhand,VOLVO AUTO INDIA PVT LTD,Petrol/Diesel/CNG/Hybrid,2
2026-05-01,Uttarakhand,VOLVO AUTO INDIA PVT LTD,Petrol/Diesel/CNG/Hybrid,4
2026-03-01,West Bengal,ACTION CONSTRUCTION EQUIPMENT LTD,Petrol/Diesel/CNG/Hybrid,2
2026-06-01,West Bengal,ACTION CONSTRUCTION EQUIPMENT LTD,Petrol/Diesel/CNG/Hybrid,1
2026-03-01,West Bengal,ADICO ESCORTS AGRI EQUIPMENTS PVT. LTD,Petrol/Diesel/CNG/Hybrid,3
2026-04-01,West Bengal,ADICO ESCORTS AGRI EQUIPMENTS PVT. LTD,Petrol/Diesel/CNG/Hybrid,1
2026-05-01,West Bengal,ADICO ESCORTS AGRI EQUIPMENTS PVT. LTD,Petrol/Diesel/CNG/Hybrid,1
2026-01-01,West Bengal,AGRI KING TRACTORS & EQUIPMENTS PVT LTD,Petrol/Diesel/CNG/Hybrid,10
2026-02-01,West Bengal,AGRI KING TRACTORS & EQUIPMENTS PVT LTD,Petrol/Diesel/CNG/Hybrid,1
2026-05-01,West Bengal,AGRI KING TRACTORS & EQUIPMENTS PVT LTD,Petrol/Diesel/CNG/Hybrid,4
2026-06-01,West Bengal,AGRI KING TRACTORS & EQUIPMENTS PVT LTD,Petrol/Diesel/CNG/Hybrid,1
2026-02-01,West Bengal,ASHOK LEYLAND LTD,Petrol/Diesel/CNG/Hybrid,1
2026-03-01,West Bengal,AUDI AG,Petrol/Diesel/CNG/Hybrid,1
2026-04-01,West Bengal,AUTOMOBILI LAMBORGHINI S.P.A,Petrol/Diesel/CNG/Hybrid,1
2026-01-01,West Bengal,BMW INDIA PVT LTD,Petrol/Diesel/CNG/Hybrid,54
2026-02-01,West Bengal,BMW INDIA PVT LTD,Petrol/Diesel/CNG/Hybrid,42
2026-03-01,West Bengal,BMW INDIA PVT LTD,Petrol/Diesel/CNG/Hybrid,51
2026-04-01,West Bengal,BMW INDIA PVT LTD,Petrol/Diesel/CNG/Hybrid,53
2026-05-01,West Bengal,BMW INDIA PVT LTD,Petrol/Diesel/CNG/Hybrid,45
2026-06-01,West Bengal,BMW INDIA PVT LTD,Petrol/Diesel/CNG/Hybrid,20
2026-01-01,West Bengal,BYD INDIA PRIVATE LIMITED,Petrol/Diesel/CNG/Hybrid,6
2026-02-01,West Bengal,BYD INDIA PRIVATE LIMITED,Petrol/Diesel/CNG/Hybrid,11
2026-03-01,West Bengal,BYD INDIA PRIVATE LIMITED,Petrol/Diesel/CNG/Hybrid,13
2026-04-01,West Bengal,BYD INDIA PRIVATE LIMITED,Petrol/Diesel/CNG/Hybrid,20
2026-05-01,West Bengal,BYD INDIA PRIVATE LIMITED,Petrol/Diesel/CNG/Hybrid,31
2026-06-01,West Bengal,BYD INDIA PRIVATE LIMITED,Petrol/Diesel/CNG/Hybrid,20
2026-01-01,West Bengal,CNH INDUSTRIAL (INDIA) PVT LTD,Petrol/Diesel/CNG/Hybrid,32
2026-02-01,West Bengal,CNH INDUSTRIAL (INDIA) PVT LTD,Petrol/Diesel/CNG/Hybrid,42
2026-03-01,West Bengal,CNH INDUSTRIAL (INDIA) PVT LTD,Petrol/Diesel/CNG/Hybrid,51
2026-04-01,West Bengal,CNH INDUSTRIAL (INDIA) PVT LTD,Petrol/Diesel/CNG/Hybrid,24
2026-05-01,West Bengal,CNH INDUSTRIAL (INDIA) PVT LTD,Petrol/Diesel/CNG/Hybrid,31
2026-06-01,West Bengal,CNH INDUSTRIAL (INDIA) PVT LTD,Petrol/Diesel/CNG/Hybrid,53
2026-01-01,West Bengal,EICHER TRACTORS,Petrol/Diesel/CNG/Hybrid,61
2026-02-01,West Bengal,EICHER TRACTORS,Petrol/Diesel/CNG/Hybrid,59
2026-03-01,West Bengal,EICHER TRACTORS,Petrol/Diesel/CNG/Hybrid,51
2026-04-01,West Bengal,EICHER TRACTORS,Petrol/Diesel/CNG/Hybrid,41
2026-05-01,West Bengal,EICHER TRACTORS,Petrol/Diesel/CNG/Hybrid,66
2026-06-01,West Bengal,EICHER TRACTORS,Petrol/Diesel/CNG/Hybrid,51
2026-01-01,West Bengal,ESCORTS KUBOTA LIMITED (AGRI MACHINERY GROUP),Petrol/Diesel/CNG/Hybrid,81
2026-02-01,West Bengal,ESCORTS KUBOTA LIMITED (AGRI MACHINERY GROUP),Petrol/Diesel/CNG/Hybrid,78
2026-03-01,West Bengal,ESCORTS KUBOTA LIMITED (AGRI MACHINERY GROUP),Petrol/Diesel/CNG/Hybrid,75
2026-04-01,West Bengal,ESCORTS KUBOTA LIMITED (AGRI MACHINERY GROUP),Petrol/Diesel/CNG/Hybrid,46
2026-05-01,West Bengal,ESCORTS KUBOTA LIMITED (AGRI MACHINERY GROUP),Petrol/Diesel/CNG/Hybrid,73
2026-06-01,West Bengal,ESCORTS KUBOTA LIMITED (AGRI MACHINERY GROUP),Petrol/Diesel/CNG/Hybrid,64
2026-01-01,West Bengal,FORCE MOTORS LIMITED,Petrol/Diesel/CNG/Hybrid,4
2026-02-01,West Bengal,FORCE MOTORS LIMITED,Petrol/Diesel/CNG/Hybrid,3
2026-03-01,West Bengal,FORCE MOTORS LIMITED,Petrol/Diesel/CNG/Hybrid,2
2026-04-01,West Bengal,FORCE MOTORS LIMITED,Petrol/Diesel/CNG/Hybrid,1
2026-05-01,West Bengal,FORCE MOTORS LIMITED,Petrol/Diesel/CNG/Hybrid,1
2026-06-01,West Bengal,FORCE MOTORS LIMITED,Petrol/Diesel/CNG/Hybrid,3
2026-01-01,West Bengal,HONDA CARS INDIA LTD,Petrol/Diesel/CNG/Hybrid,104
2026-02-01,West Bengal,HONDA CARS INDIA LTD,Petrol/Diesel/CNG/Hybrid,130
2026-03-01,West Bengal,HONDA CARS INDIA LTD,Petrol/Diesel/CNG/Hybrid,110
2026-04-01,West Bengal,HONDA CARS INDIA LTD,Petrol/Diesel/CNG/Hybrid,121
2026-05-01,West Bengal,HONDA CARS INDIA LTD,Petrol/Diesel/CNG/Hybrid,86
2026-06-01,West Bengal,HONDA CARS INDIA LTD,Petrol/Diesel/CNG/Hybrid,52
2026-01-01,West Bengal,HYUNDAI MOTOR INDIA LTD,Petrol/Diesel/CNG/Hybrid,1795
2026-02-01,West Bengal,HYUNDAI MOTOR INDIA LTD,Petrol/Diesel/CNG/Hybrid,1392
2026-03-01,West Bengal,HYUNDAI MOTOR INDIA LTD,Petrol/Diesel/CNG/Hybrid,1480
2026-04-01,West Bengal,HYUNDAI MOTOR INDIA LTD,Petrol/Diesel/CNG/Hybrid,1491
2026-05-01,West Bengal,HYUNDAI MOTOR INDIA LTD,Petrol/Diesel/CNG/Hybrid,1547
2026-06-01,West Bengal,HYUNDAI MOTOR INDIA LTD,Petrol/Diesel/CNG/Hybrid,761
2026-01-01,West Bengal,INTERNATIONAL TRACTORS LIMITED,Petrol/Diesel/CNG/Hybrid,220
2026-02-01,West Bengal,INTERNATIONAL TRACTORS LIMITED,Petrol/Diesel/CNG/Hybrid,235
2026-03-01,West Bengal,INTERNATIONAL TRACTORS LIMITED,Petrol/Diesel/CNG/Hybrid,273
2026-04-01,West Bengal,INTERNATIONAL TRACTORS LIMITED,Petrol/Diesel/CNG/Hybrid,163
2026-05-01,West Bengal,INTERNATIONAL TRACTORS LIMITED,Petrol/Diesel/CNG/Hybrid,269
2026-06-01,West Bengal,INTERNATIONAL TRACTORS LIMITED,Petrol/Diesel/CNG/Hybrid,199
2026-01-01,West Bengal,ISUZU MOTORS INDIA PVT LTD,Petrol/Diesel/CNG/Hybrid,4
2026-02-01,West Bengal,ISUZU MOTORS INDIA PVT LTD,Petrol/Diesel/CNG/Hybrid,1
2026-03-01,West Bengal,ISUZU MOTORS INDIA PVT LTD,Petrol/Diesel/CNG/Hybrid,2
2026-04-01,West Bengal,ISUZU MOTORS INDIA PVT LTD,Petrol/Diesel/CNG/Hybrid,4
2026-05-01,West Bengal,ISUZU MOTORS INDIA PVT LTD,Petrol/Diesel/CNG/Hybrid,1
2026-06-01,West Bengal,ISUZU MOTORS INDIA PVT LTD,Petrol/Diesel/CNG/Hybrid,2
2026-01-01,West Bengal,JAGUAR LAND ROVER INDIA LIMITED,Petrol/Diesel/CNG/Hybrid,4
2026-02-01,West Bengal,JAGUAR LAND ROVER INDIA LIMITED,Petrol/Diesel/CNG/Hybrid,9
2026-03-01,West Bengal,JAGUAR LAND ROVER INDIA LIMITED,Petrol/Diesel/CNG/Hybrid,5
2026-04-01,West Bengal,JAGUAR LAND ROVER INDIA LIMITED,Petrol/Diesel/CNG/Hybrid,9
2026-05-01,West Bengal,JAGUAR LAND ROVER INDIA LIMITED,Petrol/Diesel/CNG/Hybrid,5
2026-06-01,West Bengal,JAGUAR LAND ROVER INDIA LIMITED,Petrol/Diesel/CNG/Hybrid,7
2026-01-01,West Bengal,JCB INDIA LIMITED,Petrol/Diesel/CNG/Hybrid,1
2026-03-01,West Bengal,JCB INDIA LIMITED,Petrol/Diesel/CNG/Hybrid,4
2026-04-01,West Bengal,JCB INDIA LIMITED,Petrol/Diesel/CNG/Hybrid,2
2026-05-01,West Bengal,JCB INDIA LIMITED,Petrol/Diesel/CNG/Hybrid,3
2026-06-01,West Bengal,JCB INDIA LIMITED,Petrol/Diesel/CNG/Hybrid,1
2026-01-01,West Bengal,JOHN DEERE INDIA PVT LTD(TRACTOR DEVISION),Petrol/Diesel/CNG/Hybrid,202
2026-02-01,West Bengal,JOHN DEERE INDIA PVT LTD(TRACTOR DEVISION),Petrol/Diesel/CNG/Hybrid,303
2026-03-01,West Bengal,JOHN DEERE INDIA PVT LTD(TRACTOR DEVISION),Petrol/Diesel/CNG/Hybrid,171
2026-04-01,West Bengal,JOHN DEERE INDIA PVT LTD(TRACTOR DEVISION),Petrol/Diesel/CNG/Hybrid,157
2026-05-01,West Bengal,JOHN DEERE INDIA PVT LTD(TRACTOR DEVISION),Petrol/Diesel/CNG/Hybrid,230
2026-06-01,West Bengal,JOHN DEERE INDIA PVT LTD(TRACTOR DEVISION),Petrol/Diesel/CNG/Hybrid,161
2026-01-01,West Bengal,JSW MG MOTOR INDIA PVT LTD,Petrol/Diesel/CNG/Hybrid,116
2026-02-01,West Bengal,JSW MG MOTOR INDIA PVT LTD,Petrol/Diesel/CNG/Hybrid,103
2026-03-01,West Bengal,JSW MG MOTOR INDIA PVT LTD,Petrol/Diesel/CNG/Hybrid,161
2026-04-01,West Bengal,JSW MG MOTOR INDIA PVT LTD,Petrol/Diesel/CNG/Hybrid,140
2026-05-01,West Bengal,JSW MG MOTOR INDIA PVT LTD,Petrol/Diesel/CNG/Hybrid,134
2026-06-01,West Bengal,JSW MG MOTOR INDIA PVT LTD,Petrol/Diesel/CNG/Hybrid,87
2026-01-01,West Bengal,KIA INDIA PRIVATE LIMITED,Petrol/Diesel/CNG/Hybrid,608
2026-02-01,West Bengal,KIA INDIA PRIVATE LIMITED,Petrol/Diesel/CNG/Hybrid,558
2026-03-01,West Bengal,KIA INDIA PRIVATE LIMITED,Petrol/Diesel/CNG/Hybrid,594
2026-04-01,West Bengal,KIA INDIA PRIVATE LIMITED,Petrol/Diesel/CNG/Hybrid,551
2026-05-01,West Bengal,KIA INDIA PRIVATE LIMITED,Petrol/Diesel/CNG/Hybrid,539
2026-06-01,West Bengal,KIA INDIA PRIVATE LIMITED,Petrol/Diesel/CNG/Hybrid,363
2026-01-01,West Bengal,KUBOTA AGRICULTURAL MACHINERY INDIA PVT.LTD,Petrol/Diesel/CNG/Hybrid,3
2026-02-01,West Bengal,KUBOTA AGRICULTURAL MACHINERY INDIA PVT.LTD,Petrol/Diesel/CNG/Hybrid,3
2026-03-01,West Bengal,KUBOTA AGRICULTURAL MACHINERY INDIA PVT.LTD,Petrol/Diesel/CNG/Hybrid,1
2026-04-01,West Bengal,KUBOTA AGRICULTURAL MACHINERY INDIA PVT.LTD,Petrol/Diesel/CNG/Hybrid,2
2026-05-01,West Bengal,KUBOTA AGRICULTURAL MACHINERY INDIA PVT.LTD,Petrol/Diesel/CNG/Hybrid,4
2026-06-01,West Bengal,KUBOTA AGRICULTURAL MACHINERY INDIA PVT.LTD,Petrol/Diesel/CNG/Hybrid,3
2026-01-01,West Bengal,MAHINDRA & MAHINDRA LIMITED,Petrol/Diesel/CNG/Hybrid,1438
2026-02-01,West Bengal,MAHINDRA & MAHINDRA LIMITED,Petrol/Diesel/CNG/Hybrid,1267
2026-03-01,West Bengal,MAHINDRA & MAHINDRA LIMITED,Petrol/Diesel/CNG/Hybrid,1201
2026-04-01,West Bengal,MAHINDRA & MAHINDRA LIMITED,Petrol/Diesel/CNG/Hybrid,1184
2026-05-01,West Bengal,MAHINDRA & MAHINDRA LIMITED,Petrol/Diesel/CNG/Hybrid,1080
2026-06-01,West Bengal,MAHINDRA & MAHINDRA LIMITED,Petrol/Diesel/CNG/Hybrid,666
2026-01-01,West Bengal,MAHINDRA & MAHINDRA LIMITED (SWARAJ DIVISION),Petrol/Diesel/CNG/Hybrid,588
2026-02-01,West Bengal,MAHINDRA & MAHINDRA LIMITED (SWARAJ DIVISION),Petrol/Diesel/CNG/Hybrid,628
2026-03-01,West Bengal,MAHINDRA & MAHINDRA LIMITED (SWARAJ DIVISION),Petrol/Diesel/CNG/Hybrid,488
2026-04-01,West Bengal,MAHINDRA & MAHINDRA LIMITED (SWARAJ DIVISION),Petrol/Diesel/CNG/Hybrid,305
2026-05-01,West Bengal,MAHINDRA & MAHINDRA LIMITED (SWARAJ DIVISION),Petrol/Diesel/CNG/Hybrid,396
2026-06-01,West Bengal,MAHINDRA & MAHINDRA LIMITED (SWARAJ DIVISION),Petrol/Diesel/CNG/Hybrid,355
2026-01-01,West Bengal,MAHINDRA & MAHINDRA LIMITED (TRACTOR),Petrol/Diesel/CNG/Hybrid,629
2026-02-01,West Bengal,MAHINDRA & MAHINDRA LIMITED (TRACTOR),Petrol/Diesel/CNG/Hybrid,734
2026-03-01,West Bengal,MAHINDRA & MAHINDRA LIMITED (TRACTOR),Petrol/Diesel/CNG/Hybrid,622
2026-04-01,West Bengal,MAHINDRA & MAHINDRA LIMITED (TRACTOR),Petrol/Diesel/CNG/Hybrid,480
2026-05-01,West Bengal,MAHINDRA & MAHINDRA LIMITED (TRACTOR),Petrol/Diesel/CNG/Hybrid,567
2026-06-01,West Bengal,MAHINDRA & MAHINDRA LIMITED (TRACTOR),Petrol/Diesel/CNG/Hybrid,407
2026-01-01,West Bengal,MAHINDRA ELECTRIC AUTOMOBILE LTD,Petrol/Diesel/CNG/Hybrid,83
2026-02-01,West Bengal,MAHINDRA ELECTRIC AUTOMOBILE LTD,Petrol/Diesel/CNG/Hybrid,91
2026-03-01,West Bengal,MAHINDRA ELECTRIC AUTOMOBILE LTD,Petrol/Diesel/CNG/Hybrid,102
2026-04-01,West Bengal,MAHINDRA ELECTRIC AUTOMOBILE LTD,Petrol/Diesel/CNG/Hybrid,133
2026-05-01,West Bengal,MAHINDRA ELECTRIC AUTOMOBILE LTD,Petrol/Diesel/CNG/Hybrid,103
2026-06-01,West Bengal,MAHINDRA ELECTRIC AUTOMOBILE LTD,Petrol/Diesel/CNG/Hybrid,77
2026-01-01,West Bengal,MARUTI SUZUKI INDIA LTD,Petrol/Diesel/CNG/Hybrid,4473
2026-02-01,West Bengal,MARUTI SUZUKI INDIA LTD,Petrol/Diesel/CNG/Hybrid,3192
2026-03-01,West Bengal,MARUTI SUZUKI INDIA LTD,Petrol/Diesel/CNG/Hybrid,3448
2026-04-01,West Bengal,MARUTI SUZUKI INDIA LTD,Petrol/Diesel/CNG/Hybrid,3210
2026-05-01,West Bengal,MARUTI SUZUKI INDIA LTD,Petrol/Diesel/CNG/Hybrid,3324
2026-06-01,West Bengal,MARUTI SUZUKI INDIA LTD,Petrol/Diesel/CNG/Hybrid,2177
2026-03-01,West Bengal,MASERATI S.P.A,Petrol/Diesel/CNG/Hybrid,1
2026-01-01,West Bengal,MERCEDES-BENZ AG,Petrol/Diesel/CNG/Hybrid,2
2026-02-01,West Bengal,MERCEDES-BENZ AG,Petrol/Diesel/CNG/Hybrid,2
2026-04-01,West Bengal,MERCEDES-BENZ AG,Petrol/Diesel/CNG/Hybrid,2
2026-05-01,West Bengal,MERCEDES-BENZ AG,Petrol/Diesel/CNG/Hybrid,2
2026-06-01,West Bengal,MERCEDES-BENZ AG,Petrol/Diesel/CNG/Hybrid,3
2026-01-01,West Bengal,MERCEDES-BENZ INDIA PVT LTD,Petrol/Diesel/CNG/Hybrid,41
2026-02-01,West Bengal,MERCEDES-BENZ INDIA PVT LTD,Petrol/Diesel/CNG/Hybrid,34
2026-03-01,West Bengal,MERCEDES-BENZ INDIA PVT LTD,Petrol/Diesel/CNG/Hybrid,40
2026-04-01,West Bengal,MERCEDES-BENZ INDIA PVT LTD,Petrol/Diesel/CNG/Hybrid,39
2026-05-01,West Bengal,MERCEDES-BENZ INDIA PVT LTD,Petrol/Diesel/CNG/Hybrid,24
2026-06-01,West Bengal,MERCEDES-BENZ INDIA PVT LTD,Petrol/Diesel/CNG/Hybrid,24
2026-01-01,West Bengal,NISSAN MOTOR INDIA PVT LTD,Petrol/Diesel/CNG/Hybrid,85
2026-02-01,West Bengal,NISSAN MOTOR INDIA PVT LTD,Petrol/Diesel/CNG/Hybrid,65
2026-03-01,West Bengal,NISSAN MOTOR INDIA PVT LTD,Petrol/Diesel/CNG/Hybrid,120
2026-04-01,West Bengal,NISSAN MOTOR INDIA PVT LTD,Petrol/Diesel/CNG/Hybrid,158
2026-05-01,West Bengal,NISSAN MOTOR INDIA PVT LTD,Petrol/Diesel/CNG/Hybrid,163
2026-06-01,West Bengal,NISSAN MOTOR INDIA PVT LTD,Petrol/Diesel/CNG/Hybrid,95
2026-01-01,West Bengal,PORSCHE AG GERMANY,Petrol/Diesel/CNG/Hybrid,2
2026-02-01,West Bengal,PORSCHE AG GERMANY,Petrol/Diesel/CNG/Hybrid,1
2026-03-01,West Bengal,PORSCHE AG GERMANY,Petrol/Diesel/CNG/Hybrid,1
2026-04-01,West Bengal,PORSCHE AG GERMANY,Petrol/Diesel/CNG/Hybrid,1
2026-05-01,West Bengal,PORSCHE AG GERMANY,Petrol/Diesel/CNG/Hybrid,2
2026-06-01,West Bengal,PORSCHE AG GERMANY,Petrol/Diesel/CNG/Hybrid,1
2026-02-01,West Bengal,PREET TRACTORS PVT LTD,Petrol/Diesel/CNG/Hybrid,1
2026-01-01,West Bengal,RENAULT INDIA PVT LTD,Petrol/Diesel/CNG/Hybrid,154
2026-02-01,West Bengal,RENAULT INDIA PVT LTD,Petrol/Diesel/CNG/Hybrid,124
2026-03-01,West Bengal,RENAULT INDIA PVT LTD,Petrol/Diesel/CNG/Hybrid,138
2026-04-01,West Bengal,RENAULT INDIA PVT LTD,Petrol/Diesel/CNG/Hybrid,149
2026-05-01,West Bengal,RENAULT INDIA PVT LTD,Petrol/Diesel/CNG/Hybrid,177
2026-06-01,West Bengal,RENAULT INDIA PVT LTD,Petrol/Diesel/CNG/Hybrid,103
2026-05-01,West Bengal,ROLLS-ROYCE MOTOR CARS(IMPORTER:SELECT CARS P LTD),Petrol/Diesel/CNG/Hybrid,1
2026-03-01,West Bengal,SAME DEUTZ-FAHR INDIA (P) LTD,Petrol/Diesel/CNG/Hybrid,1
2026-05-01,West Bengal,SAME DEUTZ-FAHR INDIA (P) LTD,Petrol/Diesel/CNG/Hybrid,1
2026-01-01,West Bengal,SKODA AUTO VOLKSWAGEN INDIA PVT LTD,Petrol/Diesel/CNG/Hybrid,180
2026-02-01,West Bengal,SKODA AUTO VOLKSWAGEN INDIA PVT LTD,Petrol/Diesel/CNG/Hybrid,191
2026-03-01,West Bengal,SKODA AUTO VOLKSWAGEN INDIA PVT LTD,Petrol/Diesel/CNG/Hybrid,182
2026-04-01,West Bengal,SKODA AUTO VOLKSWAGEN INDIA PVT LTD,Petrol/Diesel/CNG/Hybrid,187
2026-05-01,West Bengal,SKODA AUTO VOLKSWAGEN INDIA PVT LTD,Petrol/Diesel/CNG/Hybrid,164
2026-06-01,West Bengal,SKODA AUTO VOLKSWAGEN INDIA PVT LTD,Petrol/Diesel/CNG/Hybrid,94
2026-01-01,West Bengal,SML MAHINDRA LTD,Petrol/Diesel/CNG/Hybrid,1
2026-01-01,West Bengal,STELLANTIS AUTOMOBILES INDIA PVT LTD,Petrol/Diesel/CNG/Hybrid,14
2026-02-01,West Bengal,STELLANTIS AUTOMOBILES INDIA PVT LTD,Petrol/Diesel/CNG/Hybrid,13
2026-03-01,West Bengal,STELLANTIS AUTOMOBILES INDIA PVT LTD,Petrol/Diesel/CNG/Hybrid,11
2026-04-01,West Bengal,STELLANTIS AUTOMOBILES INDIA PVT LTD,Petrol/Diesel/CNG/Hybrid,9
2026-05-01,West Bengal,STELLANTIS AUTOMOBILES INDIA PVT LTD,Petrol/Diesel/CNG/Hybrid,8
2026-06-01,West Bengal,STELLANTIS AUTOMOBILES INDIA PVT LTD,Petrol/Diesel/CNG/Hybrid,4
2026-01-01,West Bengal,STELLANTIS INDIA PVT LTD,Petrol/Diesel/CNG/Hybrid,15
2026-02-01,West Bengal,STELLANTIS INDIA PVT LTD,Petrol/Diesel/CNG/Hybrid,5
2026-03-01,West Bengal,STELLANTIS INDIA PVT LTD,Petrol/Diesel/CNG/Hybrid,8
2026-04-01,West Bengal,STELLANTIS INDIA PVT LTD,Petrol/Diesel/CNG/Hybrid,9
2026-05-01,West Bengal,STELLANTIS INDIA PVT LTD,Petrol/Diesel/CNG/Hybrid,7
2026-06-01,West Bengal,STELLANTIS INDIA PVT LTD,Petrol/Diesel/CNG/Hybrid,8
2026-01-01,West Bengal,TAFE LIMITED,Petrol/Diesel/CNG/Hybrid,96
2026-02-01,West Bengal,TAFE LIMITED,Petrol/Diesel/CNG/Hybrid,96
2026-03-01,West Bengal,TAFE LIMITED,Petrol/Diesel/CNG/Hybrid,100
2026-04-01,West Bengal,TAFE LIMITED,Petrol/Diesel/CNG/Hybrid,61
2026-05-01,West Bengal,TAFE LIMITED,Petrol/Diesel/CNG/Hybrid,59
2026-06-01,West Bengal,TAFE LIMITED,Petrol/Diesel/CNG/Hybrid,77
2026-01-01,West Bengal,TATA MOTORS LTD,Petrol/Diesel/CNG/Hybrid,59
2026-02-01,West Bengal,TATA MOTORS LTD,Petrol/Diesel/CNG/Hybrid,42
2026-03-01,West Bengal,TATA MOTORS LTD,Petrol/Diesel/CNG/Hybrid,38
2026-04-01,West Bengal,TATA MOTORS LTD,Petrol/Diesel/CNG/Hybrid,46
2026-05-01,West Bengal,TATA MOTORS LTD,Petrol/Diesel/CNG/Hybrid,30
2026-06-01,West Bengal,TATA MOTORS LTD,Petrol/Diesel/CNG/Hybrid,25
2026-01-01,West Bengal,TATA MOTORS PASSENGER VEHICLES LTD,Petrol/Diesel/CNG/Hybrid,1262
2026-02-01,West Bengal,TATA MOTORS PASSENGER VEHICLES LTD,Petrol/Diesel/CNG/Hybrid,1271
2026-03-01,West Bengal,TATA MOTORS PASSENGER VEHICLES LTD,Petrol/Diesel/CNG/Hybrid,1345
2026-04-01,West Bengal,TATA MOTORS PASSENGER VEHICLES LTD,Petrol/Diesel/CNG/Hybrid,1145
2026-05-01,West Bengal,TATA MOTORS PASSENGER VEHICLES LTD,Petrol/Diesel/CNG/Hybrid,1099
2026-06-01,West Bengal,TATA MOTORS PASSENGER VEHICLES LTD,Petrol/Diesel/CNG/Hybrid,576
2026-01-01,West Bengal,TATA PASSENGER ELECTRIC MOBILITY LTD,Petrol/Diesel/CNG/Hybrid,221
2026-02-01,West Bengal,TATA PASSENGER ELECTRIC MOBILITY LTD,Petrol/Diesel/CNG/Hybrid,234
2026-03-01,West Bengal,TATA PASSENGER ELECTRIC MOBILITY LTD,Petrol/Diesel/CNG/Hybrid,118
2026-04-01,West Bengal,TATA PASSENGER ELECTRIC MOBILITY LTD,Petrol/Diesel/CNG/Hybrid,154
2026-05-01,West Bengal,TATA PASSENGER ELECTRIC MOBILITY LTD,Petrol/Diesel/CNG/Hybrid,170
2026-06-01,West Bengal,TATA PASSENGER ELECTRIC MOBILITY LTD,Petrol/Diesel/CNG/Hybrid,138
2026-01-01,West Bengal,TESLA INDIA MOTORS AND ENERGY PVT LTD,Petrol/Diesel/CNG/Hybrid,3
2026-03-01,West Bengal,TESLA INDIA MOTORS AND ENERGY PVT LTD,Petrol/Diesel/CNG/Hybrid,2
2026-04-01,West Bengal,TESLA INDIA MOTORS AND ENERGY PVT LTD,Petrol/Diesel/CNG/Hybrid,1
2026-01-01,West Bengal,TOYOTA KIRLOSKAR MOTOR PVT LTD,Petrol/Diesel/CNG/Hybrid,657
2026-02-01,West Bengal,TOYOTA KIRLOSKAR MOTOR PVT LTD,Petrol/Diesel/CNG/Hybrid,450
2026-03-01,West Bengal,TOYOTA KIRLOSKAR MOTOR PVT LTD,Petrol/Diesel/CNG/Hybrid,418
2026-04-01,West Bengal,TOYOTA KIRLOSKAR MOTOR PVT LTD,Petrol/Diesel/CNG/Hybrid,459
2026-05-01,West Bengal,TOYOTA KIRLOSKAR MOTOR PVT LTD,Petrol/Diesel/CNG/Hybrid,464
2026-06-01,West Bengal,TOYOTA KIRLOSKAR MOTOR PVT LTD,Petrol/Diesel/CNG/Hybrid,282
2026-05-01,West Bengal,VE COMMERCIAL VEHICLES LTD,Petrol/Diesel/CNG/Hybrid,1
2026-01-01,West Bengal,VINFAST AUTO INDIA PVT LTD,Petrol/Diesel/CNG/Hybrid,22
2026-02-01,West Bengal,VINFAST AUTO INDIA PVT LTD,Petrol/Diesel/CNG/Hybrid,16
2026-03-01,West Bengal,VINFAST AUTO INDIA PVT LTD,Petrol/Diesel/CNG/Hybrid,22
2026-04-01,West Bengal,VINFAST AUTO INDIA PVT LTD,Petrol/Diesel/CNG/Hybrid,18
2026-05-01,West Bengal,VINFAST AUTO INDIA PVT LTD,Petrol/Diesel/CNG/Hybrid,24
2026-06-01,West Bengal,VINFAST AUTO INDIA PVT LTD,Petrol/Diesel/CNG/Hybrid,18
2026-01-01,West Bengal,VOLVO AUTO INDIA PVT LTD,Petrol/Diesel/CNG/Hybrid,6
2026-02-01,West Bengal,VOLVO AUTO INDIA PVT LTD,Petrol/Diesel/CNG/Hybrid,8
2026-03-01,West Bengal,VOLVO AUTO INDIA PVT LTD,Petrol/Diesel/CNG/Hybrid,3
2026-04-01,West Bengal,VOLVO AUTO INDIA PVT LTD,Petrol/Diesel/CNG/Hybrid,8
2026-05-01,West Bengal,VOLVO AUTO INDIA PVT LTD,Petrol/Diesel/CNG/Hybrid,2
2026-06-01,West Bengal,VOLVO AUTO INDIA PVT LTD,Petrol/Diesel/CNG/Hybrid,3
