Month,State,Maker (legal entity),Powertrain,Registrations,Brand,Parent Group,Origin Country,Region,State Code,State or UT,Map Location,Month Name,Month Number,Quarter,Days Covered,Is Partial Month,Is EV
2026-01-01,Andaman and Nicobar Islands,JSW MG MOTOR INDIA PVT LTD,Electric (EV),4,MG,JSW-SAIC,India / China,South,IN-AN,Union Territory,"Andaman and Nicobar Islands, India",Jan,1,Q1,31,False,True
2026-03-01,Andaman and Nicobar Islands,JSW MG MOTOR INDIA PVT LTD,Electric (EV),1,MG,JSW-SAIC,India / China,South,IN-AN,Union Territory,"Andaman and Nicobar Islands, India",Mar,3,Q1,31,False,True
2026-04-01,Andaman and Nicobar Islands,JSW MG MOTOR INDIA PVT LTD,Electric (EV),2,MG,JSW-SAIC,India / China,South,IN-AN,Union Territory,"Andaman and Nicobar Islands, India",Apr,4,Q2,30,False,True
2026-05-01,Andaman and Nicobar Islands,JSW MG MOTOR INDIA PVT LTD,Electric (EV),1,MG,JSW-SAIC,India / China,South,IN-AN,Union Territory,"Andaman and Nicobar Islands, India",May,5,Q2,31,False,True
2026-06-01,Andaman and Nicobar Islands,JSW MG MOTOR INDIA PVT LTD,Electric (EV),1,MG,JSW-SAIC,India / China,South,IN-AN,Union Territory,"Andaman and Nicobar Islands, India",Jun,6,Q2,17,True,True
2026-02-01,Andaman and Nicobar Islands,MAHINDRA ELECTRIC AUTOMOBILE LTD,Electric (EV),1,Mahindra,Mahindra,India,South,IN-AN,Union Territory,"Andaman and Nicobar Islands, India",Feb,2,Q1,28,False,True
2026-04-01,Andaman and Nicobar Islands,MAHINDRA ELECTRIC AUTOMOBILE LTD,Electric (EV),1,Mahindra,Mahindra,India,South,IN-AN,Union Territory,"Andaman and Nicobar Islands, India",Apr,4,Q2,30,False,True
2026-04-01,Andaman and Nicobar Islands,MARUTI SUZUKI INDIA LTD,Electric (EV),1,Maruti Suzuki,Suzuki,Japan,South,IN-AN,Union Territory,"Andaman and Nicobar Islands, India",Apr,4,Q2,30,False,True
2026-05-01,Andaman and Nicobar Islands,MARUTI SUZUKI INDIA LTD,Electric (EV),1,Maruti Suzuki,Suzuki,Japan,South,IN-AN,Union Territory,"Andaman and Nicobar Islands, India",May,5,Q2,31,False,True
2026-01-01,Andaman and Nicobar Islands,TATA PASSENGER ELECTRIC MOBILITY LTD,Electric (EV),3,Tata,Tata Motors,India,South,IN-AN,Union Territory,"Andaman and Nicobar Islands, India",Jan,1,Q1,31,False,True
2026-02-01,Andaman and Nicobar Islands,TATA PASSENGER ELECTRIC MOBILITY LTD,Electric (EV),4,Tata,Tata Motors,India,South,IN-AN,Union Territory,"Andaman and Nicobar Islands, India",Feb,2,Q1,28,False,True
2026-03-01,Andaman and Nicobar Islands,TATA PASSENGER ELECTRIC MOBILITY LTD,Electric (EV),1,Tata,Tata Motors,India,South,IN-AN,Union Territory,"Andaman and Nicobar Islands, India",Mar,3,Q1,31,False,True
2026-05-01,Andaman and Nicobar Islands,TATA PASSENGER ELECTRIC MOBILITY LTD,Electric (EV),2,Tata,Tata Motors,India,South,IN-AN,Union Territory,"Andaman and Nicobar Islands, India",May,5,Q2,31,False,True
2026-06-01,Andaman and Nicobar Islands,TATA PASSENGER ELECTRIC MOBILITY LTD,Electric (EV),1,Tata,Tata Motors,India,South,IN-AN,Union Territory,"Andaman and Nicobar Islands, India",Jun,6,Q2,17,True,True
2026-01-01,Andhra Pradesh,BMW INDIA PVT LTD,Electric (EV),7,BMW,BMW Group,Germany,South,IN-AP,State,"Andhra Pradesh, India",Jan,1,Q1,31,False,True
2026-02-01,Andhra Pradesh,BMW INDIA PVT LTD,Electric (EV),3,BMW,BMW Group,Germany,South,IN-AP,State,"Andhra Pradesh, India",Feb,2,Q1,28,False,True
2026-03-01,Andhra Pradesh,BMW INDIA PVT LTD,Electric (EV),9,BMW,BMW Group,Germany,South,IN-AP,State,"Andhra Pradesh, India",Mar,3,Q1,31,False,True
2026-04-01,Andhra Pradesh,BMW INDIA PVT LTD,Electric (EV),13,BMW,BMW Group,Germany,South,IN-AP,State,"Andhra Pradesh, India",Apr,4,Q2,30,False,True
2026-05-01,Andhra Pradesh,BMW INDIA PVT LTD,Electric (EV),4,BMW,BMW Group,Germany,South,IN-AP,State,"Andhra Pradesh, India",May,5,Q2,31,False,True
2026-06-01,Andhra Pradesh,BMW INDIA PVT LTD,Electric (EV),7,BMW,BMW Group,Germany,South,IN-AP,State,"Andhra Pradesh, India",Jun,6,Q2,17,True,True
2026-01-01,Andhra Pradesh,BYD INDIA PRIVATE LIMITED,Electric (EV),5,BYD,BYD,China,South,IN-AP,State,"Andhra Pradesh, India",Jan,1,Q1,31,False,True
2026-02-01,Andhra Pradesh,BYD INDIA PRIVATE LIMITED,Electric (EV),4,BYD,BYD,China,South,IN-AP,State,"Andhra Pradesh, India",Feb,2,Q1,28,False,True
2026-03-01,Andhra Pradesh,BYD INDIA PRIVATE LIMITED,Electric (EV),12,BYD,BYD,China,South,IN-AP,State,"Andhra Pradesh, India",Mar,3,Q1,31,False,True
2026-04-01,Andhra Pradesh,BYD INDIA PRIVATE LIMITED,Electric (EV),12,BYD,BYD,China,South,IN-AP,State,"Andhra Pradesh, India",Apr,4,Q2,30,False,True
2026-05-01,Andhra Pradesh,BYD INDIA PRIVATE LIMITED,Electric (EV),19,BYD,BYD,China,South,IN-AP,State,"Andhra Pradesh, India",May,5,Q2,31,False,True
2026-06-01,Andhra Pradesh,BYD INDIA PRIVATE LIMITED,Electric (EV),18,BYD,BYD,China,South,IN-AP,State,"Andhra Pradesh, India",Jun,6,Q2,17,True,True
2026-01-01,Andhra Pradesh,HYUNDAI MOTOR INDIA LTD,Electric (EV),11,Hyundai,Hyundai,South Korea,South,IN-AP,State,"Andhra Pradesh, India",Jan,1,Q1,31,False,True
2026-02-01,Andhra Pradesh,HYUNDAI MOTOR INDIA LTD,Electric (EV),10,Hyundai,Hyundai,South Korea,South,IN-AP,State,"Andhra Pradesh, India",Feb,2,Q1,28,False,True
2026-03-01,Andhra Pradesh,HYUNDAI MOTOR INDIA LTD,Electric (EV),6,Hyundai,Hyundai,South Korea,South,IN-AP,State,"Andhra Pradesh, India",Mar,3,Q1,31,False,True
2026-04-01,Andhra Pradesh,HYUNDAI MOTOR INDIA LTD,Electric (EV),12,Hyundai,Hyundai,South Korea,South,IN-AP,State,"Andhra Pradesh, India",Apr,4,Q2,30,False,True
2026-05-01,Andhra Pradesh,HYUNDAI MOTOR INDIA LTD,Electric (EV),16,Hyundai,Hyundai,South Korea,South,IN-AP,State,"Andhra Pradesh, India",May,5,Q2,31,False,True
2026-06-01,Andhra Pradesh,HYUNDAI MOTOR INDIA LTD,Electric (EV),8,Hyundai,Hyundai,South Korea,South,IN-AP,State,"Andhra Pradesh, India",Jun,6,Q2,17,True,True
2026-01-01,Andhra Pradesh,JSW MG MOTOR INDIA PVT LTD,Electric (EV),115,MG,JSW-SAIC,India / China,South,IN-AP,State,"Andhra Pradesh, India",Jan,1,Q1,31,False,True
2026-02-01,Andhra Pradesh,JSW MG MOTOR INDIA PVT LTD,Electric (EV),114,MG,JSW-SAIC,India / China,South,IN-AP,State,"Andhra Pradesh, India",Feb,2,Q1,28,False,True
2026-03-01,Andhra Pradesh,JSW MG MOTOR INDIA PVT LTD,Electric (EV),144,MG,JSW-SAIC,India / China,South,IN-AP,State,"Andhra Pradesh, India",Mar,3,Q1,31,False,True
2026-04-01,Andhra Pradesh,JSW MG MOTOR INDIA PVT LTD,Electric (EV),195,MG,JSW-SAIC,India / China,South,IN-AP,State,"Andhra Pradesh, India",Apr,4,Q2,30,False,True
2026-05-01,Andhra Pradesh,JSW MG MOTOR INDIA PVT LTD,Electric (EV),143,MG,JSW-SAIC,India / China,South,IN-AP,State,"Andhra Pradesh, India",May,5,Q2,31,False,True
2026-06-01,Andhra Pradesh,JSW MG MOTOR INDIA PVT LTD,Electric (EV),98,MG,JSW-SAIC,India / China,South,IN-AP,State,"Andhra Pradesh, India",Jun,6,Q2,17,True,True
2026-01-01,Andhra Pradesh,KIA INDIA PRIVATE LIMITED,Electric (EV),6,Kia,Hyundai,South Korea,South,IN-AP,State,"Andhra Pradesh, India",Jan,1,Q1,31,False,True
2026-02-01,Andhra Pradesh,KIA INDIA PRIVATE LIMITED,Electric (EV),5,Kia,Hyundai,South Korea,South,IN-AP,State,"Andhra Pradesh, India",Feb,2,Q1,28,False,True
2026-03-01,Andhra Pradesh,KIA INDIA PRIVATE LIMITED,Electric (EV),11,Kia,Hyundai,South Korea,South,IN-AP,State,"Andhra Pradesh, India",Mar,3,Q1,31,False,True
2026-04-01,Andhra Pradesh,KIA INDIA PRIVATE LIMITED,Electric (EV),7,Kia,Hyundai,South Korea,South,IN-AP,State,"Andhra Pradesh, India",Apr,4,Q2,30,False,True
2026-05-01,Andhra Pradesh,KIA INDIA PRIVATE LIMITED,Electric (EV),6,Kia,Hyundai,South Korea,South,IN-AP,State,"Andhra Pradesh, India",May,5,Q2,31,False,True
2026-06-01,Andhra Pradesh,KIA INDIA PRIVATE LIMITED,Electric (EV),8,Kia,Hyundai,South Korea,South,IN-AP,State,"Andhra Pradesh, India",Jun,6,Q2,17,True,True
2026-01-01,Andhra Pradesh,MAHINDRA & MAHINDRA LIMITED,Electric (EV),13,Mahindra,Mahindra,India,South,IN-AP,State,"Andhra Pradesh, India",Jan,1,Q1,31,False,True
2026-02-01,Andhra Pradesh,MAHINDRA & MAHINDRA LIMITED,Electric (EV),4,Mahindra,Mahindra,India,South,IN-AP,State,"Andhra Pradesh, India",Feb,2,Q1,28,False,True
2026-03-01,Andhra Pradesh,MAHINDRA & MAHINDRA LIMITED,Electric (EV),3,Mahindra,Mahindra,India,South,IN-AP,State,"Andhra Pradesh, India",Mar,3,Q1,31,False,True
2026-04-01,Andhra Pradesh,MAHINDRA & MAHINDRA LIMITED,Electric (EV),6,Mahindra,Mahindra,India,South,IN-AP,State,"Andhra Pradesh, India",Apr,4,Q2,30,False,True
2026-05-01,Andhra Pradesh,MAHINDRA & MAHINDRA LIMITED,Electric (EV),26,Mahindra,Mahindra,India,South,IN-AP,State,"Andhra Pradesh, India",May,5,Q2,31,False,True
2026-06-01,Andhra Pradesh,MAHINDRA & MAHINDRA LIMITED,Electric (EV),14,Mahindra,Mahindra,India,South,IN-AP,State,"Andhra Pradesh, India",Jun,6,Q2,17,True,True
2026-01-01,Andhra Pradesh,MAHINDRA ELECTRIC AUTOMOBILE LTD,Electric (EV),145,Mahindra,Mahindra,India,South,IN-AP,State,"Andhra Pradesh, India",Jan,1,Q1,31,False,True
2026-02-01,Andhra Pradesh,MAHINDRA ELECTRIC AUTOMOBILE LTD,Electric (EV),127,Mahindra,Mahindra,India,South,IN-AP,State,"Andhra Pradesh, India",Feb,2,Q1,28,False,True
2026-03-01,Andhra Pradesh,MAHINDRA ELECTRIC AUTOMOBILE LTD,Electric (EV),206,Mahindra,Mahindra,India,South,IN-AP,State,"Andhra Pradesh, India",Mar,3,Q1,31,False,True
2026-04-01,Andhra Pradesh,MAHINDRA ELECTRIC AUTOMOBILE LTD,Electric (EV),271,Mahindra,Mahindra,India,South,IN-AP,State,"Andhra Pradesh, India",Apr,4,Q2,30,False,True
2026-05-01,Andhra Pradesh,MAHINDRA ELECTRIC AUTOMOBILE LTD,Electric (EV),295,Mahindra,Mahindra,India,South,IN-AP,State,"Andhra Pradesh, India",May,5,Q2,31,False,True
2026-06-01,Andhra Pradesh,MAHINDRA ELECTRIC AUTOMOBILE LTD,Electric (EV),226,Mahindra,Mahindra,India,South,IN-AP,State,"Andhra Pradesh, India",Jun,6,Q2,17,True,True
2026-01-01,Andhra Pradesh,MARUTI SUZUKI INDIA LTD,Electric (EV),2,Maruti Suzuki,Suzuki,Japan,South,IN-AP,State,"Andhra Pradesh, India",Jan,1,Q1,31,False,True
2026-02-01,Andhra Pradesh,MARUTI SUZUKI INDIA LTD,Electric (EV),8,Maruti Suzuki,Suzuki,Japan,South,IN-AP,State,"Andhra Pradesh, India",Feb,2,Q1,28,False,True
2026-03-01,Andhra Pradesh,MARUTI SUZUKI INDIA LTD,Electric (EV),23,Maruti Suzuki,Suzuki,Japan,South,IN-AP,State,"Andhra Pradesh, India",Mar,3,Q1,31,False,True
2026-04-01,Andhra Pradesh,MARUTI SUZUKI INDIA LTD,Electric (EV),42,Maruti Suzuki,Suzuki,Japan,South,IN-AP,State,"Andhra Pradesh, India",Apr,4,Q2,30,False,True
2026-05-01,Andhra Pradesh,MARUTI SUZUKI INDIA LTD,Electric (EV),61,Maruti Suzuki,Suzuki,Japan,South,IN-AP,State,"Andhra Pradesh, India",May,5,Q2,31,False,True
2026-06-01,Andhra Pradesh,MARUTI SUZUKI INDIA LTD,Electric (EV),45,Maruti Suzuki,Suzuki,Japan,South,IN-AP,State,"Andhra Pradesh, India",Jun,6,Q2,17,True,True
2026-01-01,Andhra Pradesh,MERCEDES-BENZ AG,Electric (EV),1,Mercedes-Benz,Mercedes-Benz,Germany,South,IN-AP,State,"Andhra Pradesh, India",Jan,1,Q1,31,False,True
2026-05-01,Andhra Pradesh,MERCEDES-BENZ AG,Electric (EV),2,Mercedes-Benz,Mercedes-Benz,Germany,South,IN-AP,State,"Andhra Pradesh, India",May,5,Q2,31,False,True
2026-06-01,Andhra Pradesh,MERCEDES-BENZ AG,Electric (EV),3,Mercedes-Benz,Mercedes-Benz,Germany,South,IN-AP,State,"Andhra Pradesh, India",Jun,6,Q2,17,True,True
2026-01-01,Andhra Pradesh,MERCEDES-BENZ INDIA PVT LTD,Electric (EV),3,Mercedes-Benz,Mercedes-Benz,Germany,South,IN-AP,State,"Andhra Pradesh, India",Jan,1,Q1,31,False,True
2026-02-01,Andhra Pradesh,MERCEDES-BENZ INDIA PVT LTD,Electric (EV),2,Mercedes-Benz,Mercedes-Benz,Germany,South,IN-AP,State,"Andhra Pradesh, India",Feb,2,Q1,28,False,True
2026-03-01,Andhra Pradesh,MERCEDES-BENZ INDIA PVT LTD,Electric (EV),1,Mercedes-Benz,Mercedes-Benz,Germany,South,IN-AP,State,"Andhra Pradesh, India",Mar,3,Q1,31,False,True
2026-04-01,Andhra Pradesh,MERCEDES-BENZ INDIA PVT LTD,Electric (EV),1,Mercedes-Benz,Mercedes-Benz,Germany,South,IN-AP,State,"Andhra Pradesh, India",Apr,4,Q2,30,False,True
2026-05-01,Andhra Pradesh,MERCEDES-BENZ INDIA PVT LTD,Electric (EV),2,Mercedes-Benz,Mercedes-Benz,Germany,South,IN-AP,State,"Andhra Pradesh, India",May,5,Q2,31,False,True
2026-06-01,Andhra Pradesh,MERCEDES-BENZ INDIA PVT LTD,Electric (EV),2,Mercedes-Benz,Mercedes-Benz,Germany,South,IN-AP,State,"Andhra Pradesh, India",Jun,6,Q2,17,True,True
2026-01-01,Andhra Pradesh,TATA PASSENGER ELECTRIC MOBILITY LTD,Electric (EV),209,Tata,Tata Motors,India,South,IN-AP,State,"Andhra Pradesh, India",Jan,1,Q1,31,False,True
2026-02-01,Andhra Pradesh,TATA PASSENGER ELECTRIC MOBILITY LTD,Electric (EV),155,Tata,Tata Motors,India,South,IN-AP,State,"Andhra Pradesh, India",Feb,2,Q1,28,False,True
2026-03-01,Andhra Pradesh,TATA PASSENGER ELECTRIC MOBILITY LTD,Electric (EV),219,Tata,Tata Motors,India,South,IN-AP,State,"Andhra Pradesh, India",Mar,3,Q1,31,False,True
2026-04-01,Andhra Pradesh,TATA PASSENGER ELECTRIC MOBILITY LTD,Electric (EV),297,Tata,Tata Motors,India,South,IN-AP,State,"Andhra Pradesh, India",Apr,4,Q2,30,False,True
2026-05-01,Andhra Pradesh,TATA PASSENGER ELECTRIC MOBILITY LTD,Electric (EV),346,Tata,Tata Motors,India,South,IN-AP,State,"Andhra Pradesh, India",May,5,Q2,31,False,True
2026-06-01,Andhra Pradesh,TATA PASSENGER ELECTRIC MOBILITY LTD,Electric (EV),229,Tata,Tata Motors,India,South,IN-AP,State,"Andhra Pradesh, India",Jun,6,Q2,17,True,True
2026-01-01,Andhra Pradesh,VINFAST AUTO INDIA PVT LTD,Electric (EV),28,VinFast,Vingroup,Vietnam,South,IN-AP,State,"Andhra Pradesh, India",Jan,1,Q1,31,False,True
2026-02-01,Andhra Pradesh,VINFAST AUTO INDIA PVT LTD,Electric (EV),9,VinFast,Vingroup,Vietnam,South,IN-AP,State,"Andhra Pradesh, India",Feb,2,Q1,28,False,True
2026-03-01,Andhra Pradesh,VINFAST AUTO INDIA PVT LTD,Electric (EV),12,VinFast,Vingroup,Vietnam,South,IN-AP,State,"Andhra Pradesh, India",Mar,3,Q1,31,False,True
2026-04-01,Andhra Pradesh,VINFAST AUTO INDIA PVT LTD,Electric (EV),46,VinFast,Vingroup,Vietnam,South,IN-AP,State,"Andhra Pradesh, India",Apr,4,Q2,30,False,True
2026-05-01,Andhra Pradesh,VINFAST AUTO INDIA PVT LTD,Electric (EV),64,VinFast,Vingroup,Vietnam,South,IN-AP,State,"Andhra Pradesh, India",May,5,Q2,31,False,True
2026-06-01,Andhra Pradesh,VINFAST AUTO INDIA PVT LTD,Electric (EV),57,VinFast,Vingroup,Vietnam,South,IN-AP,State,"Andhra Pradesh, India",Jun,6,Q2,17,True,True
2026-05-01,Andhra Pradesh,VOLVO AUTO INDIA PVT LTD,Electric (EV),3,Volvo,Geely,Sweden,South,IN-AP,State,"Andhra Pradesh, India",May,5,Q2,31,False,True
2026-06-01,Andhra Pradesh,VOLVO AUTO INDIA PVT LTD,Electric (EV),1,Volvo,Geely,Sweden,South,IN-AP,State,"Andhra Pradesh, India",Jun,6,Q2,17,True,True
2026-01-01,Arunachal Pradesh,JSW MG MOTOR INDIA PVT LTD,Electric (EV),1,MG,JSW-SAIC,India / China,North-East,IN-AR,State,"Arunachal Pradesh, India",Jan,1,Q1,31,False,True
2026-02-01,Arunachal Pradesh,JSW MG MOTOR INDIA PVT LTD,Electric (EV),2,MG,JSW-SAIC,India / China,North-East,IN-AR,State,"Arunachal Pradesh, India",Feb,2,Q1,28,False,True
2026-03-01,Arunachal Pradesh,JSW MG MOTOR INDIA PVT LTD,Electric (EV),1,MG,JSW-SAIC,India / China,North-East,IN-AR,State,"Arunachal Pradesh, India",Mar,3,Q1,31,False,True
2026-06-01,Arunachal Pradesh,JSW MG MOTOR INDIA PVT LTD,Electric (EV),1,MG,JSW-SAIC,India / China,North-East,IN-AR,State,"Arunachal Pradesh, India",Jun,6,Q2,17,True,True
2026-01-01,Arunachal Pradesh,MAHINDRA ELECTRIC AUTOMOBILE LTD,Electric (EV),3,Mahindra,Mahindra,India,North-East,IN-AR,State,"Arunachal Pradesh, India",Jan,1,Q1,31,False,True
2026-03-01,Arunachal Pradesh,MAHINDRA ELECTRIC AUTOMOBILE LTD,Electric (EV),2,Mahindra,Mahindra,India,North-East,IN-AR,State,"Arunachal Pradesh, India",Mar,3,Q1,31,False,True
2026-04-01,Arunachal Pradesh,MAHINDRA ELECTRIC AUTOMOBILE LTD,Electric (EV),3,Mahindra,Mahindra,India,North-East,IN-AR,State,"Arunachal Pradesh, India",Apr,4,Q2,30,False,True
2026-05-01,Arunachal Pradesh,MAHINDRA ELECTRIC AUTOMOBILE LTD,Electric (EV),1,Mahindra,Mahindra,India,North-East,IN-AR,State,"Arunachal Pradesh, India",May,5,Q2,31,False,True
2026-06-01,Arunachal Pradesh,MAHINDRA ELECTRIC AUTOMOBILE LTD,Electric (EV),1,Mahindra,Mahindra,India,North-East,IN-AR,State,"Arunachal Pradesh, India",Jun,6,Q2,17,True,True
2026-01-01,Arunachal Pradesh,MARUTI SUZUKI INDIA LTD,Electric (EV),1,Maruti Suzuki,Suzuki,Japan,North-East,IN-AR,State,"Arunachal Pradesh, India",Jan,1,Q1,31,False,True
2026-05-01,Arunachal Pradesh,MARUTI SUZUKI INDIA LTD,Electric (EV),1,Maruti Suzuki,Suzuki,Japan,North-East,IN-AR,State,"Arunachal Pradesh, India",May,5,Q2,31,False,True
2026-06-01,Arunachal Pradesh,MARUTI SUZUKI INDIA LTD,Electric (EV),2,Maruti Suzuki,Suzuki,Japan,North-East,IN-AR,State,"Arunachal Pradesh, India",Jun,6,Q2,17,True,True
2026-01-01,Arunachal Pradesh,TATA PASSENGER ELECTRIC MOBILITY LTD,Electric (EV),2,Tata,Tata Motors,India,North-East,IN-AR,State,"Arunachal Pradesh, India",Jan,1,Q1,31,False,True
2026-02-01,Arunachal Pradesh,TATA PASSENGER ELECTRIC MOBILITY LTD,Electric (EV),2,Tata,Tata Motors,India,North-East,IN-AR,State,"Arunachal Pradesh, India",Feb,2,Q1,28,False,True
2026-03-01,Arunachal Pradesh,TATA PASSENGER ELECTRIC MOBILITY LTD,Electric (EV),4,Tata,Tata Motors,India,North-East,IN-AR,State,"Arunachal Pradesh, India",Mar,3,Q1,31,False,True
2026-04-01,Arunachal Pradesh,TATA PASSENGER ELECTRIC MOBILITY LTD,Electric (EV),5,Tata,Tata Motors,India,North-East,IN-AR,State,"Arunachal Pradesh, India",Apr,4,Q2,30,False,True
2026-06-01,Arunachal Pradesh,TATA PASSENGER ELECTRIC MOBILITY LTD,Electric (EV),2,Tata,Tata Motors,India,North-East,IN-AR,State,"Arunachal Pradesh, India",Jun,6,Q2,17,True,True
2026-06-01,Assam,BMW INDIA PVT LTD,Electric (EV),1,BMW,BMW Group,Germany,North-East,IN-AS,State,"Assam, India",Jun,6,Q2,17,True,True
2026-02-01,Assam,HYUNDAI MOTOR INDIA LTD,Electric (EV),1,Hyundai,Hyundai,South Korea,North-East,IN-AS,State,"Assam, India",Feb,2,Q1,28,False,True
2026-03-01,Assam,HYUNDAI MOTOR INDIA LTD,Electric (EV),1,Hyundai,Hyundai,South Korea,North-East,IN-AS,State,"Assam, India",Mar,3,Q1,31,False,True
2026-05-01,Assam,HYUNDAI MOTOR INDIA LTD,Electric (EV),2,Hyundai,Hyundai,South Korea,North-East,IN-AS,State,"Assam, India",May,5,Q2,31,False,True
2026-01-01,Assam,JSW MG MOTOR INDIA PVT LTD,Electric (EV),10,MG,JSW-SAIC,India / China,North-East,IN-AS,State,"Assam, India",Jan,1,Q1,31,False,True
2026-02-01,Assam,JSW MG MOTOR INDIA PVT LTD,Electric (EV),11,MG,JSW-SAIC,India / China,North-East,IN-AS,State,"Assam, India",Feb,2,Q1,28,False,True
2026-03-01,Assam,JSW MG MOTOR INDIA PVT LTD,Electric (EV),19,MG,JSW-SAIC,India / China,North-East,IN-AS,State,"Assam, India",Mar,3,Q1,31,False,True
2026-04-01,Assam,JSW MG MOTOR INDIA PVT LTD,Electric (EV),7,MG,JSW-SAIC,India / China,North-East,IN-AS,State,"Assam, India",Apr,4,Q2,30,False,True
2026-05-01,Assam,JSW MG MOTOR INDIA PVT LTD,Electric (EV),25,MG,JSW-SAIC,India / China,North-East,IN-AS,State,"Assam, India",May,5,Q2,31,False,True
2026-06-01,Assam,JSW MG MOTOR INDIA PVT LTD,Electric (EV),11,MG,JSW-SAIC,India / China,North-East,IN-AS,State,"Assam, India",Jun,6,Q2,17,True,True
2026-03-01,Assam,KIA INDIA PRIVATE LIMITED,Electric (EV),1,Kia,Hyundai,South Korea,North-East,IN-AS,State,"Assam, India",Mar,3,Q1,31,False,True
2026-04-01,Assam,KIA INDIA PRIVATE LIMITED,Electric (EV),1,Kia,Hyundai,South Korea,North-East,IN-AS,State,"Assam, India",Apr,4,Q2,30,False,True
2026-01-01,Assam,MAHINDRA ELECTRIC AUTOMOBILE LTD,Electric (EV),3,Mahindra,Mahindra,India,North-East,IN-AS,State,"Assam, India",Jan,1,Q1,31,False,True
2026-02-01,Assam,MAHINDRA ELECTRIC AUTOMOBILE LTD,Electric (EV),3,Mahindra,Mahindra,India,North-East,IN-AS,State,"Assam, India",Feb,2,Q1,28,False,True
2026-03-01,Assam,MAHINDRA ELECTRIC AUTOMOBILE LTD,Electric (EV),3,Mahindra,Mahindra,India,North-East,IN-AS,State,"Assam, India",Mar,3,Q1,31,False,True
2026-04-01,Assam,MAHINDRA ELECTRIC AUTOMOBILE LTD,Electric (EV),1,Mahindra,Mahindra,India,North-East,IN-AS,State,"Assam, India",Apr,4,Q2,30,False,True
2026-05-01,Assam,MAHINDRA ELECTRIC AUTOMOBILE LTD,Electric (EV),13,Mahindra,Mahindra,India,North-East,IN-AS,State,"Assam, India",May,5,Q2,31,False,True
2026-06-01,Assam,MAHINDRA ELECTRIC AUTOMOBILE LTD,Electric (EV),10,Mahindra,Mahindra,India,North-East,IN-AS,State,"Assam, India",Jun,6,Q2,17,True,True
2026-01-01,Assam,MARUTI SUZUKI INDIA LTD,Electric (EV),5,Maruti Suzuki,Suzuki,Japan,North-East,IN-AS,State,"Assam, India",Jan,1,Q1,31,False,True
2026-02-01,Assam,MARUTI SUZUKI INDIA LTD,Electric (EV),7,Maruti Suzuki,Suzuki,Japan,North-East,IN-AS,State,"Assam, India",Feb,2,Q1,28,False,True
2026-03-01,Assam,MARUTI SUZUKI INDIA LTD,Electric (EV),2,Maruti Suzuki,Suzuki,Japan,North-East,IN-AS,State,"Assam, India",Mar,3,Q1,31,False,True
2026-04-01,Assam,MARUTI SUZUKI INDIA LTD,Electric (EV),12,Maruti Suzuki,Suzuki,Japan,North-East,IN-AS,State,"Assam, India",Apr,4,Q2,30,False,True
2026-05-01,Assam,MARUTI SUZUKI INDIA LTD,Electric (EV),5,Maruti Suzuki,Suzuki,Japan,North-East,IN-AS,State,"Assam, India",May,5,Q2,31,False,True
2026-06-01,Assam,MARUTI SUZUKI INDIA LTD,Electric (EV),5,Maruti Suzuki,Suzuki,Japan,North-East,IN-AS,State,"Assam, India",Jun,6,Q2,17,True,True
2026-01-01,Assam,MERCEDES-BENZ AG,Electric (EV),1,Mercedes-Benz,Mercedes-Benz,Germany,North-East,IN-AS,State,"Assam, India",Jan,1,Q1,31,False,True
2026-01-01,Assam,TATA PASSENGER ELECTRIC MOBILITY LTD,Electric (EV),12,Tata,Tata Motors,India,North-East,IN-AS,State,"Assam, India",Jan,1,Q1,31,False,True
2026-02-01,Assam,TATA PASSENGER ELECTRIC MOBILITY LTD,Electric (EV),18,Tata,Tata Motors,India,North-East,IN-AS,State,"Assam, India",Feb,2,Q1,28,False,True
2026-03-01,Assam,TATA PASSENGER ELECTRIC MOBILITY LTD,Electric (EV),14,Tata,Tata Motors,India,North-East,IN-AS,State,"Assam, India",Mar,3,Q1,31,False,True
2026-04-01,Assam,TATA PASSENGER ELECTRIC MOBILITY LTD,Electric (EV),24,Tata,Tata Motors,India,North-East,IN-AS,State,"Assam, India",Apr,4,Q2,30,False,True
2026-05-01,Assam,TATA PASSENGER ELECTRIC MOBILITY LTD,Electric (EV),41,Tata,Tata Motors,India,North-East,IN-AS,State,"Assam, India",May,5,Q2,31,False,True
2026-06-01,Assam,TATA PASSENGER ELECTRIC MOBILITY LTD,Electric (EV),10,Tata,Tata Motors,India,North-East,IN-AS,State,"Assam, India",Jun,6,Q2,17,True,True
2026-01-01,Assam,TESLA INDIA MOTORS AND ENERGY PVT LTD,Electric (EV),1,Tesla,Tesla,USA,North-East,IN-AS,State,"Assam, India",Jan,1,Q1,31,False,True
2026-02-01,Bihar,BMW INDIA PVT LTD,Electric (EV),4,BMW,BMW Group,Germany,East,IN-BR,State,"Bihar, India",Feb,2,Q1,28,False,True
2026-03-01,Bihar,BMW INDIA PVT LTD,Electric (EV),1,BMW,BMW Group,Germany,East,IN-BR,State,"Bihar, India",Mar,3,Q1,31,False,True
2026-04-01,Bihar,BMW INDIA PVT LTD,Electric (EV),3,BMW,BMW Group,Germany,East,IN-BR,State,"Bihar, India",Apr,4,Q2,30,False,True
2026-06-01,Bihar,BMW INDIA PVT LTD,Electric (EV),1,BMW,BMW Group,Germany,East,IN-BR,State,"Bihar, India",Jun,6,Q2,17,True,True
2026-03-01,Bihar,HYUNDAI MOTOR INDIA LTD,Electric (EV),2,Hyundai,Hyundai,South Korea,East,IN-BR,State,"Bihar, India",Mar,3,Q1,31,False,True
2026-04-01,Bihar,HYUNDAI MOTOR INDIA LTD,Electric (EV),1,Hyundai,Hyundai,South Korea,East,IN-BR,State,"Bihar, India",Apr,4,Q2,30,False,True
2026-05-01,Bihar,HYUNDAI MOTOR INDIA LTD,Electric (EV),2,Hyundai,Hyundai,South Korea,East,IN-BR,State,"Bihar, India",May,5,Q2,31,False,True
2026-06-01,Bihar,HYUNDAI MOTOR INDIA LTD,Electric (EV),1,Hyundai,Hyundai,South Korea,East,IN-BR,State,"Bihar, India",Jun,6,Q2,17,True,True
2026-01-01,Bihar,JSW MG MOTOR INDIA PVT LTD,Electric (EV),12,MG,JSW-SAIC,India / China,East,IN-BR,State,"Bihar, India",Jan,1,Q1,31,False,True
2026-02-01,Bihar,JSW MG MOTOR INDIA PVT LTD,Electric (EV),12,MG,JSW-SAIC,India / China,East,IN-BR,State,"Bihar, India",Feb,2,Q1,28,False,True
2026-03-01,Bihar,JSW MG MOTOR INDIA PVT LTD,Electric (EV),11,MG,JSW-SAIC,India / China,East,IN-BR,State,"Bihar, India",Mar,3,Q1,31,False,True
2026-04-01,Bihar,JSW MG MOTOR INDIA PVT LTD,Electric (EV),15,MG,JSW-SAIC,India / China,East,IN-BR,State,"Bihar, India",Apr,4,Q2,30,False,True
2026-05-01,Bihar,JSW MG MOTOR INDIA PVT LTD,Electric (EV),17,MG,JSW-SAIC,India / China,East,IN-BR,State,"Bihar, India",May,5,Q2,31,False,True
2026-06-01,Bihar,JSW MG MOTOR INDIA PVT LTD,Electric (EV),5,MG,JSW-SAIC,India / China,East,IN-BR,State,"Bihar, India",Jun,6,Q2,17,True,True
2026-01-01,Bihar,KIA INDIA PRIVATE LIMITED,Electric (EV),2,Kia,Hyundai,South Korea,East,IN-BR,State,"Bihar, India",Jan,1,Q1,31,False,True
2026-02-01,Bihar,KIA INDIA PRIVATE LIMITED,Electric (EV),2,Kia,Hyundai,South Korea,East,IN-BR,State,"Bihar, India",Feb,2,Q1,28,False,True
2026-04-01,Bihar,KIA INDIA PRIVATE LIMITED,Electric (EV),3,Kia,Hyundai,South Korea,East,IN-BR,State,"Bihar, India",Apr,4,Q2,30,False,True
2026-05-01,Bihar,KIA INDIA PRIVATE LIMITED,Electric (EV),3,Kia,Hyundai,South Korea,East,IN-BR,State,"Bihar, India",May,5,Q2,31,False,True
2026-06-01,Bihar,KIA INDIA PRIVATE LIMITED,Electric (EV),1,Kia,Hyundai,South Korea,East,IN-BR,State,"Bihar, India",Jun,6,Q2,17,True,True
2026-04-01,Bihar,MAHINDRA & MAHINDRA LIMITED,Electric (EV),1,Mahindra,Mahindra,India,East,IN-BR,State,"Bihar, India",Apr,4,Q2,30,False,True
2026-05-01,Bihar,MAHINDRA & MAHINDRA LIMITED,Electric (EV),1,Mahindra,Mahindra,India,East,IN-BR,State,"Bihar, India",May,5,Q2,31,False,True
2026-01-01,Bihar,MAHINDRA ELECTRIC AUTOMOBILE LTD,Electric (EV),12,Mahindra,Mahindra,India,East,IN-BR,State,"Bihar, India",Jan,1,Q1,31,False,True
2026-02-01,Bihar,MAHINDRA ELECTRIC AUTOMOBILE LTD,Electric (EV),14,Mahindra,Mahindra,India,East,IN-BR,State,"Bihar, India",Feb,2,Q1,28,False,True
2026-03-01,Bihar,MAHINDRA ELECTRIC AUTOMOBILE LTD,Electric (EV),10,Mahindra,Mahindra,India,East,IN-BR,State,"Bihar, India",Mar,3,Q1,31,False,True
2026-04-01,Bihar,MAHINDRA ELECTRIC AUTOMOBILE LTD,Electric (EV),31,Mahindra,Mahindra,India,East,IN-BR,State,"Bihar, India",Apr,4,Q2,30,False,True
2026-05-01,Bihar,MAHINDRA ELECTRIC AUTOMOBILE LTD,Electric (EV),31,Mahindra,Mahindra,India,East,IN-BR,State,"Bihar, India",May,5,Q2,31,False,True
2026-06-01,Bihar,MAHINDRA ELECTRIC AUTOMOBILE LTD,Electric (EV),19,Mahindra,Mahindra,India,East,IN-BR,State,"Bihar, India",Jun,6,Q2,17,True,True
2026-01-01,Bihar,MARUTI SUZUKI INDIA LTD,Electric (EV),9,Maruti Suzuki,Suzuki,Japan,East,IN-BR,State,"Bihar, India",Jan,1,Q1,31,False,True
2026-02-01,Bihar,MARUTI SUZUKI INDIA LTD,Electric (EV),4,Maruti Suzuki,Suzuki,Japan,East,IN-BR,State,"Bihar, India",Feb,2,Q1,28,False,True
2026-03-01,Bihar,MARUTI SUZUKI INDIA LTD,Electric (EV),6,Maruti Suzuki,Suzuki,Japan,East,IN-BR,State,"Bihar, India",Mar,3,Q1,31,False,True
2026-04-01,Bihar,MARUTI SUZUKI INDIA LTD,Electric (EV),8,Maruti Suzuki,Suzuki,Japan,East,IN-BR,State,"Bihar, India",Apr,4,Q2,30,False,True
2026-05-01,Bihar,MARUTI SUZUKI INDIA LTD,Electric (EV),13,Maruti Suzuki,Suzuki,Japan,East,IN-BR,State,"Bihar, India",May,5,Q2,31,False,True
2026-06-01,Bihar,MARUTI SUZUKI INDIA LTD,Electric (EV),4,Maruti Suzuki,Suzuki,Japan,East,IN-BR,State,"Bihar, India",Jun,6,Q2,17,True,True
2026-01-01,Bihar,TATA PASSENGER ELECTRIC MOBILITY LTD,Electric (EV),100,Tata,Tata Motors,India,East,IN-BR,State,"Bihar, India",Jan,1,Q1,31,False,True
2026-02-01,Bihar,TATA PASSENGER ELECTRIC MOBILITY LTD,Electric (EV),68,Tata,Tata Motors,India,East,IN-BR,State,"Bihar, India",Feb,2,Q1,28,False,True
2026-03-01,Bihar,TATA PASSENGER ELECTRIC MOBILITY LTD,Electric (EV),81,Tata,Tata Motors,India,East,IN-BR,State,"Bihar, India",Mar,3,Q1,31,False,True
2026-04-01,Bihar,TATA PASSENGER ELECTRIC MOBILITY LTD,Electric (EV),114,Tata,Tata Motors,India,East,IN-BR,State,"Bihar, India",Apr,4,Q2,30,False,True
2026-05-01,Bihar,TATA PASSENGER ELECTRIC MOBILITY LTD,Electric (EV),134,Tata,Tata Motors,India,East,IN-BR,State,"Bihar, India",May,5,Q2,31,False,True
2026-06-01,Bihar,TATA PASSENGER ELECTRIC MOBILITY LTD,Electric (EV),63,Tata,Tata Motors,India,East,IN-BR,State,"Bihar, India",Jun,6,Q2,17,True,True
2026-05-01,Bihar,VINFAST AUTO INDIA PVT LTD,Electric (EV),9,VinFast,Vingroup,Vietnam,East,IN-BR,State,"Bihar, India",May,5,Q2,31,False,True
2026-06-01,Bihar,VINFAST AUTO INDIA PVT LTD,Electric (EV),1,VinFast,Vingroup,Vietnam,East,IN-BR,State,"Bihar, India",Jun,6,Q2,17,True,True
2026-01-01,Chandigarh,BMW INDIA PVT LTD,Electric (EV),3,BMW,BMW Group,Germany,North,IN-CH,Union Territory,"Chandigarh, India",Jan,1,Q1,31,False,True
2026-03-01,Chandigarh,BMW INDIA PVT LTD,Electric (EV),10,BMW,BMW Group,Germany,North,IN-CH,Union Territory,"Chandigarh, India",Mar,3,Q1,31,False,True
2026-04-01,Chandigarh,BMW INDIA PVT LTD,Electric (EV),3,BMW,BMW Group,Germany,North,IN-CH,Union Territory,"Chandigarh, India",Apr,4,Q2,30,False,True
2026-05-01,Chandigarh,BMW INDIA PVT LTD,Electric (EV),6,BMW,BMW Group,Germany,North,IN-CH,Union Territory,"Chandigarh, India",May,5,Q2,31,False,True
2026-06-01,Chandigarh,BMW INDIA PVT LTD,Electric (EV),2,BMW,BMW Group,Germany,North,IN-CH,Union Territory,"Chandigarh, India",Jun,6,Q2,17,True,True
2026-01-01,Chandigarh,BYD INDIA PRIVATE LIMITED,Electric (EV),6,BYD,BYD,China,North,IN-CH,Union Territory,"Chandigarh, India",Jan,1,Q1,31,False,True
2026-02-01,Chandigarh,BYD INDIA PRIVATE LIMITED,Electric (EV),4,BYD,BYD,China,North,IN-CH,Union Territory,"Chandigarh, India",Feb,2,Q1,28,False,True
2026-03-01,Chandigarh,BYD INDIA PRIVATE LIMITED,Electric (EV),7,BYD,BYD,China,North,IN-CH,Union Territory,"Chandigarh, India",Mar,3,Q1,31,False,True
2026-04-01,Chandigarh,BYD INDIA PRIVATE LIMITED,Electric (EV),7,BYD,BYD,China,North,IN-CH,Union Territory,"Chandigarh, India",Apr,4,Q2,30,False,True
2026-05-01,Chandigarh,BYD INDIA PRIVATE LIMITED,Electric (EV),5,BYD,BYD,China,North,IN-CH,Union Territory,"Chandigarh, India",May,5,Q2,31,False,True
2026-06-01,Chandigarh,BYD INDIA PRIVATE LIMITED,Electric (EV),15,BYD,BYD,China,North,IN-CH,Union Territory,"Chandigarh, India",Jun,6,Q2,17,True,True
2026-01-01,Chandigarh,HYUNDAI MOTOR INDIA LTD,Electric (EV),5,Hyundai,Hyundai,South Korea,North,IN-CH,Union Territory,"Chandigarh, India",Jan,1,Q1,31,False,True
2026-02-01,Chandigarh,HYUNDAI MOTOR INDIA LTD,Electric (EV),4,Hyundai,Hyundai,South Korea,North,IN-CH,Union Territory,"Chandigarh, India",Feb,2,Q1,28,False,True
2026-03-01,Chandigarh,HYUNDAI MOTOR INDIA LTD,Electric (EV),4,Hyundai,Hyundai,South Korea,North,IN-CH,Union Territory,"Chandigarh, India",Mar,3,Q1,31,False,True
2026-05-01,Chandigarh,HYUNDAI MOTOR INDIA LTD,Electric (EV),6,Hyundai,Hyundai,South Korea,North,IN-CH,Union Territory,"Chandigarh, India",May,5,Q2,31,False,True
2026-06-01,Chandigarh,HYUNDAI MOTOR INDIA LTD,Electric (EV),3,Hyundai,Hyundai,South Korea,North,IN-CH,Union Territory,"Chandigarh, India",Jun,6,Q2,17,True,True
2026-01-01,Chandigarh,JSW MG MOTOR INDIA PVT LTD,Electric (EV),67,MG,JSW-SAIC,India / China,North,IN-CH,Union Territory,"Chandigarh, India",Jan,1,Q1,31,False,True
2026-02-01,Chandigarh,JSW MG MOTOR INDIA PVT LTD,Electric (EV),35,MG,JSW-SAIC,India / China,North,IN-CH,Union Territory,"Chandigarh, India",Feb,2,Q1,28,False,True
2026-03-01,Chandigarh,JSW MG MOTOR INDIA PVT LTD,Electric (EV),82,MG,JSW-SAIC,India / China,North,IN-CH,Union Territory,"Chandigarh, India",Mar,3,Q1,31,False,True
2026-04-01,Chandigarh,JSW MG MOTOR INDIA PVT LTD,Electric (EV),53,MG,JSW-SAIC,India / China,North,IN-CH,Union Territory,"Chandigarh, India",Apr,4,Q2,30,False,True
2026-05-01,Chandigarh,JSW MG MOTOR INDIA PVT LTD,Electric (EV),53,MG,JSW-SAIC,India / China,North,IN-CH,Union Territory,"Chandigarh, India",May,5,Q2,31,False,True
2026-06-01,Chandigarh,JSW MG MOTOR INDIA PVT LTD,Electric (EV),48,MG,JSW-SAIC,India / China,North,IN-CH,Union Territory,"Chandigarh, India",Jun,6,Q2,17,True,True
2026-01-01,Chandigarh,KIA INDIA PRIVATE LIMITED,Electric (EV),1,Kia,Hyundai,South Korea,North,IN-CH,Union Territory,"Chandigarh, India",Jan,1,Q1,31,False,True
2026-02-01,Chandigarh,KIA INDIA PRIVATE LIMITED,Electric (EV),3,Kia,Hyundai,South Korea,North,IN-CH,Union Territory,"Chandigarh, India",Feb,2,Q1,28,False,True
2026-03-01,Chandigarh,KIA INDIA PRIVATE LIMITED,Electric (EV),5,Kia,Hyundai,South Korea,North,IN-CH,Union Territory,"Chandigarh, India",Mar,3,Q1,31,False,True
2026-04-01,Chandigarh,KIA INDIA PRIVATE LIMITED,Electric (EV),2,Kia,Hyundai,South Korea,North,IN-CH,Union Territory,"Chandigarh, India",Apr,4,Q2,30,False,True
2026-05-01,Chandigarh,KIA INDIA PRIVATE LIMITED,Electric (EV),3,Kia,Hyundai,South Korea,North,IN-CH,Union Territory,"Chandigarh, India",May,5,Q2,31,False,True
2026-06-01,Chandigarh,KIA INDIA PRIVATE LIMITED,Electric (EV),1,Kia,Hyundai,South Korea,North,IN-CH,Union Territory,"Chandigarh, India",Jun,6,Q2,17,True,True
2026-01-01,Chandigarh,MAHINDRA & MAHINDRA LIMITED,Electric (EV),2,Mahindra,Mahindra,India,North,IN-CH,Union Territory,"Chandigarh, India",Jan,1,Q1,31,False,True
2026-02-01,Chandigarh,MAHINDRA & MAHINDRA LIMITED,Electric (EV),2,Mahindra,Mahindra,India,North,IN-CH,Union Territory,"Chandigarh, India",Feb,2,Q1,28,False,True
2026-03-01,Chandigarh,MAHINDRA & MAHINDRA LIMITED,Electric (EV),1,Mahindra,Mahindra,India,North,IN-CH,Union Territory,"Chandigarh, India",Mar,3,Q1,31,False,True
2026-04-01,Chandigarh,MAHINDRA & MAHINDRA LIMITED,Electric (EV),2,Mahindra,Mahindra,India,North,IN-CH,Union Territory,"Chandigarh, India",Apr,4,Q2,30,False,True
2026-05-01,Chandigarh,MAHINDRA & MAHINDRA LIMITED,Electric (EV),1,Mahindra,Mahindra,India,North,IN-CH,Union Territory,"Chandigarh, India",May,5,Q2,31,False,True
2026-01-01,Chandigarh,MAHINDRA ELECTRIC AUTOMOBILE LTD,Electric (EV),67,Mahindra,Mahindra,India,North,IN-CH,Union Territory,"Chandigarh, India",Jan,1,Q1,31,False,True
2026-02-01,Chandigarh,MAHINDRA ELECTRIC AUTOMOBILE LTD,Electric (EV),46,Mahindra,Mahindra,India,North,IN-CH,Union Territory,"Chandigarh, India",Feb,2,Q1,28,False,True
2026-03-01,Chandigarh,MAHINDRA ELECTRIC AUTOMOBILE LTD,Electric (EV),71,Mahindra,Mahindra,India,North,IN-CH,Union Territory,"Chandigarh, India",Mar,3,Q1,31,False,True
2026-04-01,Chandigarh,MAHINDRA ELECTRIC AUTOMOBILE LTD,Electric (EV),65,Mahindra,Mahindra,India,North,IN-CH,Union Territory,"Chandigarh, India",Apr,4,Q2,30,False,True
2026-05-01,Chandigarh,MAHINDRA ELECTRIC AUTOMOBILE LTD,Electric (EV),63,Mahindra,Mahindra,India,North,IN-CH,Union Territory,"Chandigarh, India",May,5,Q2,31,False,True
2026-06-01,Chandigarh,MAHINDRA ELECTRIC AUTOMOBILE LTD,Electric (EV),75,Mahindra,Mahindra,India,North,IN-CH,Union Territory,"Chandigarh, India",Jun,6,Q2,17,True,True
2026-01-01,Chandigarh,MARUTI SUZUKI INDIA LTD,Electric (EV),2,Maruti Suzuki,Suzuki,Japan,North,IN-CH,Union Territory,"Chandigarh, India",Jan,1,Q1,31,False,True
2026-02-01,Chandigarh,MARUTI SUZUKI INDIA LTD,Electric (EV),5,Maruti Suzuki,Suzuki,Japan,North,IN-CH,Union Territory,"Chandigarh, India",Feb,2,Q1,28,False,True
2026-03-01,Chandigarh,MARUTI SUZUKI INDIA LTD,Electric (EV),8,Maruti Suzuki,Suzuki,Japan,North,IN-CH,Union Territory,"Chandigarh, India",Mar,3,Q1,31,False,True
2026-04-01,Chandigarh,MARUTI SUZUKI INDIA LTD,Electric (EV),7,Maruti Suzuki,Suzuki,Japan,North,IN-CH,Union Territory,"Chandigarh, India",Apr,4,Q2,30,False,True
2026-05-01,Chandigarh,MARUTI SUZUKI INDIA LTD,Electric (EV),8,Maruti Suzuki,Suzuki,Japan,North,IN-CH,Union Territory,"Chandigarh, India",May,5,Q2,31,False,True
2026-06-01,Chandigarh,MARUTI SUZUKI INDIA LTD,Electric (EV),5,Maruti Suzuki,Suzuki,Japan,North,IN-CH,Union Territory,"Chandigarh, India",Jun,6,Q2,17,True,True
2026-02-01,Chandigarh,MERCEDES-BENZ AG,Electric (EV),1,Mercedes-Benz,Mercedes-Benz,Germany,North,IN-CH,Union Territory,"Chandigarh, India",Feb,2,Q1,28,False,True
2026-04-01,Chandigarh,MERCEDES-BENZ AG,Electric (EV),4,Mercedes-Benz,Mercedes-Benz,Germany,North,IN-CH,Union Territory,"Chandigarh, India",Apr,4,Q2,30,False,True
2026-06-01,Chandigarh,MERCEDES-BENZ AG,Electric (EV),1,Mercedes-Benz,Mercedes-Benz,Germany,North,IN-CH,Union Territory,"Chandigarh, India",Jun,6,Q2,17,True,True
2026-01-01,Chandigarh,MERCEDES-BENZ INDIA PVT LTD,Electric (EV),1,Mercedes-Benz,Mercedes-Benz,Germany,North,IN-CH,Union Territory,"Chandigarh, India",Jan,1,Q1,31,False,True
2026-03-01,Chandigarh,MERCEDES-BENZ INDIA PVT LTD,Electric (EV),1,Mercedes-Benz,Mercedes-Benz,Germany,North,IN-CH,Union Territory,"Chandigarh, India",Mar,3,Q1,31,False,True
2026-01-01,Chandigarh,TATA PASSENGER ELECTRIC MOBILITY LTD,Electric (EV),86,Tata,Tata Motors,India,North,IN-CH,Union Territory,"Chandigarh, India",Jan,1,Q1,31,False,True
2026-02-01,Chandigarh,TATA PASSENGER ELECTRIC MOBILITY LTD,Electric (EV),46,Tata,Tata Motors,India,North,IN-CH,Union Territory,"Chandigarh, India",Feb,2,Q1,28,False,True
2026-03-01,Chandigarh,TATA PASSENGER ELECTRIC MOBILITY LTD,Electric (EV),74,Tata,Tata Motors,India,North,IN-CH,Union Territory,"Chandigarh, India",Mar,3,Q1,31,False,True
2026-04-01,Chandigarh,TATA PASSENGER ELECTRIC MOBILITY LTD,Electric (EV),106,Tata,Tata Motors,India,North,IN-CH,Union Territory,"Chandigarh, India",Apr,4,Q2,30,False,True
2026-05-01,Chandigarh,TATA PASSENGER ELECTRIC MOBILITY LTD,Electric (EV),88,Tata,Tata Motors,India,North,IN-CH,Union Territory,"Chandigarh, India",May,5,Q2,31,False,True
2026-06-01,Chandigarh,TATA PASSENGER ELECTRIC MOBILITY LTD,Electric (EV),61,Tata,Tata Motors,India,North,IN-CH,Union Territory,"Chandigarh, India",Jun,6,Q2,17,True,True
2026-01-01,Chandigarh,TESLA INDIA MOTORS AND ENERGY PVT LTD,Electric (EV),1,Tesla,Tesla,USA,North,IN-CH,Union Territory,"Chandigarh, India",Jan,1,Q1,31,False,True
2026-05-01,Chandigarh,TESLA INDIA MOTORS AND ENERGY PVT LTD,Electric (EV),1,Tesla,Tesla,USA,North,IN-CH,Union Territory,"Chandigarh, India",May,5,Q2,31,False,True
2026-06-01,Chandigarh,TESLA INDIA MOTORS AND ENERGY PVT LTD,Electric (EV),1,Tesla,Tesla,USA,North,IN-CH,Union Territory,"Chandigarh, India",Jun,6,Q2,17,True,True
2026-01-01,Chandigarh,VINFAST AUTO INDIA PVT LTD,Electric (EV),4,VinFast,Vingroup,Vietnam,North,IN-CH,Union Territory,"Chandigarh, India",Jan,1,Q1,31,False,True
2026-02-01,Chandigarh,VINFAST AUTO INDIA PVT LTD,Electric (EV),2,VinFast,Vingroup,Vietnam,North,IN-CH,Union Territory,"Chandigarh, India",Feb,2,Q1,28,False,True
2026-03-01,Chandigarh,VINFAST AUTO INDIA PVT LTD,Electric (EV),15,VinFast,Vingroup,Vietnam,North,IN-CH,Union Territory,"Chandigarh, India",Mar,3,Q1,31,False,True
2026-04-01,Chandigarh,VINFAST AUTO INDIA PVT LTD,Electric (EV),12,VinFast,Vingroup,Vietnam,North,IN-CH,Union Territory,"Chandigarh, India",Apr,4,Q2,30,False,True
2026-05-01,Chandigarh,VINFAST AUTO INDIA PVT LTD,Electric (EV),5,VinFast,Vingroup,Vietnam,North,IN-CH,Union Territory,"Chandigarh, India",May,5,Q2,31,False,True
2026-06-01,Chandigarh,VINFAST AUTO INDIA PVT LTD,Electric (EV),16,VinFast,Vingroup,Vietnam,North,IN-CH,Union Territory,"Chandigarh, India",Jun,6,Q2,17,True,True
2026-01-01,Chhattisgarh,BMW INDIA PVT LTD,Electric (EV),3,BMW,BMW Group,Germany,Central,IN-CT,State,"Chhattisgarh, India",Jan,1,Q1,31,False,True
2026-02-01,Chhattisgarh,BMW INDIA PVT LTD,Electric (EV),3,BMW,BMW Group,Germany,Central,IN-CT,State,"Chhattisgarh, India",Feb,2,Q1,28,False,True
2026-03-01,Chhattisgarh,BMW INDIA PVT LTD,Electric (EV),5,BMW,BMW Group,Germany,Central,IN-CT,State,"Chhattisgarh, India",Mar,3,Q1,31,False,True
2026-04-01,Chhattisgarh,BMW INDIA PVT LTD,Electric (EV),3,BMW,BMW Group,Germany,Central,IN-CT,State,"Chhattisgarh, India",Apr,4,Q2,30,False,True
2026-05-01,Chhattisgarh,BMW INDIA PVT LTD,Electric (EV),4,BMW,BMW Group,Germany,Central,IN-CT,State,"Chhattisgarh, India",May,5,Q2,31,False,True
2026-01-01,Chhattisgarh,BYD INDIA PRIVATE LIMITED,Electric (EV),1,BYD,BYD,China,Central,IN-CT,State,"Chhattisgarh, India",Jan,1,Q1,31,False,True
2026-03-01,Chhattisgarh,BYD INDIA PRIVATE LIMITED,Electric (EV),2,BYD,BYD,China,Central,IN-CT,State,"Chhattisgarh, India",Mar,3,Q1,31,False,True
2026-04-01,Chhattisgarh,BYD INDIA PRIVATE LIMITED,Electric (EV),3,BYD,BYD,China,Central,IN-CT,State,"Chhattisgarh, India",Apr,4,Q2,30,False,True
2026-05-01,Chhattisgarh,BYD INDIA PRIVATE LIMITED,Electric (EV),3,BYD,BYD,China,Central,IN-CT,State,"Chhattisgarh, India",May,5,Q2,31,False,True
2026-06-01,Chhattisgarh,BYD INDIA PRIVATE LIMITED,Electric (EV),1,BYD,BYD,China,Central,IN-CT,State,"Chhattisgarh, India",Jun,6,Q2,17,True,True
2026-01-01,Chhattisgarh,HYUNDAI MOTOR INDIA LTD,Electric (EV),4,Hyundai,Hyundai,South Korea,Central,IN-CT,State,"Chhattisgarh, India",Jan,1,Q1,31,False,True
2026-02-01,Chhattisgarh,HYUNDAI MOTOR INDIA LTD,Electric (EV),5,Hyundai,Hyundai,South Korea,Central,IN-CT,State,"Chhattisgarh, India",Feb,2,Q1,28,False,True
2026-03-01,Chhattisgarh,HYUNDAI MOTOR INDIA LTD,Electric (EV),12,Hyundai,Hyundai,South Korea,Central,IN-CT,State,"Chhattisgarh, India",Mar,3,Q1,31,False,True
2026-04-01,Chhattisgarh,HYUNDAI MOTOR INDIA LTD,Electric (EV),8,Hyundai,Hyundai,South Korea,Central,IN-CT,State,"Chhattisgarh, India",Apr,4,Q2,30,False,True
2026-05-01,Chhattisgarh,HYUNDAI MOTOR INDIA LTD,Electric (EV),8,Hyundai,Hyundai,South Korea,Central,IN-CT,State,"Chhattisgarh, India",May,5,Q2,31,False,True
2026-06-01,Chhattisgarh,HYUNDAI MOTOR INDIA LTD,Electric (EV),1,Hyundai,Hyundai,South Korea,Central,IN-CT,State,"Chhattisgarh, India",Jun,6,Q2,17,True,True
2026-01-01,Chhattisgarh,JSW MG MOTOR INDIA PVT LTD,Electric (EV),51,MG,JSW-SAIC,India / China,Central,IN-CT,State,"Chhattisgarh, India",Jan,1,Q1,31,False,True
2026-02-01,Chhattisgarh,JSW MG MOTOR INDIA PVT LTD,Electric (EV),65,MG,JSW-SAIC,India / China,Central,IN-CT,State,"Chhattisgarh, India",Feb,2,Q1,28,False,True
2026-03-01,Chhattisgarh,JSW MG MOTOR INDIA PVT LTD,Electric (EV),72,MG,JSW-SAIC,India / China,Central,IN-CT,State,"Chhattisgarh, India",Mar,3,Q1,31,False,True
2026-04-01,Chhattisgarh,JSW MG MOTOR INDIA PVT LTD,Electric (EV),57,MG,JSW-SAIC,India / China,Central,IN-CT,State,"Chhattisgarh, India",Apr,4,Q2,30,False,True
2026-05-01,Chhattisgarh,JSW MG MOTOR INDIA PVT LTD,Electric (EV),73,MG,JSW-SAIC,India / China,Central,IN-CT,State,"Chhattisgarh, India",May,5,Q2,31,False,True
2026-06-01,Chhattisgarh,JSW MG MOTOR INDIA PVT LTD,Electric (EV),5,MG,JSW-SAIC,India / China,Central,IN-CT,State,"Chhattisgarh, India",Jun,6,Q2,17,True,True
2026-01-01,Chhattisgarh,KIA INDIA PRIVATE LIMITED,Electric (EV),2,Kia,Hyundai,South Korea,Central,IN-CT,State,"Chhattisgarh, India",Jan,1,Q1,31,False,True
2026-02-01,Chhattisgarh,KIA INDIA PRIVATE LIMITED,Electric (EV),2,Kia,Hyundai,South Korea,Central,IN-CT,State,"Chhattisgarh, India",Feb,2,Q1,28,False,True
2026-03-01,Chhattisgarh,KIA INDIA PRIVATE LIMITED,Electric (EV),4,Kia,Hyundai,South Korea,Central,IN-CT,State,"Chhattisgarh, India",Mar,3,Q1,31,False,True
2026-04-01,Chhattisgarh,KIA INDIA PRIVATE LIMITED,Electric (EV),3,Kia,Hyundai,South Korea,Central,IN-CT,State,"Chhattisgarh, India",Apr,4,Q2,30,False,True
2026-05-01,Chhattisgarh,KIA INDIA PRIVATE LIMITED,Electric (EV),7,Kia,Hyundai,South Korea,Central,IN-CT,State,"Chhattisgarh, India",May,5,Q2,31,False,True
2026-01-01,Chhattisgarh,MAHINDRA & MAHINDRA LIMITED,Electric (EV),6,Mahindra,Mahindra,India,Central,IN-CT,State,"Chhattisgarh, India",Jan,1,Q1,31,False,True
2026-03-01,Chhattisgarh,MAHINDRA & MAHINDRA LIMITED,Electric (EV),1,Mahindra,Mahindra,India,Central,IN-CT,State,"Chhattisgarh, India",Mar,3,Q1,31,False,True
2026-04-01,Chhattisgarh,MAHINDRA & MAHINDRA LIMITED,Electric (EV),2,Mahindra,Mahindra,India,Central,IN-CT,State,"Chhattisgarh, India",Apr,4,Q2,30,False,True
2026-05-01,Chhattisgarh,MAHINDRA & MAHINDRA LIMITED,Electric (EV),8,Mahindra,Mahindra,India,Central,IN-CT,State,"Chhattisgarh, India",May,5,Q2,31,False,True
2026-06-01,Chhattisgarh,MAHINDRA & MAHINDRA LIMITED,Electric (EV),2,Mahindra,Mahindra,India,Central,IN-CT,State,"Chhattisgarh, India",Jun,6,Q2,17,True,True
2026-01-01,Chhattisgarh,MAHINDRA ELECTRIC AUTOMOBILE LTD,Electric (EV),35,Mahindra,Mahindra,India,Central,IN-CT,State,"Chhattisgarh, India",Jan,1,Q1,31,False,True
2026-02-01,Chhattisgarh,MAHINDRA ELECTRIC AUTOMOBILE LTD,Electric (EV),38,Mahindra,Mahindra,India,Central,IN-CT,State,"Chhattisgarh, India",Feb,2,Q1,28,False,True
2026-03-01,Chhattisgarh,MAHINDRA ELECTRIC AUTOMOBILE LTD,Electric (EV),52,Mahindra,Mahindra,India,Central,IN-CT,State,"Chhattisgarh, India",Mar,3,Q1,31,False,True
2026-04-01,Chhattisgarh,MAHINDRA ELECTRIC AUTOMOBILE LTD,Electric (EV),53,Mahindra,Mahindra,India,Central,IN-CT,State,"Chhattisgarh, India",Apr,4,Q2,30,False,True
2026-05-01,Chhattisgarh,MAHINDRA ELECTRIC AUTOMOBILE LTD,Electric (EV),67,Mahindra,Mahindra,India,Central,IN-CT,State,"Chhattisgarh, India",May,5,Q2,31,False,True
2026-06-01,Chhattisgarh,MAHINDRA ELECTRIC AUTOMOBILE LTD,Electric (EV),8,Mahindra,Mahindra,India,Central,IN-CT,State,"Chhattisgarh, India",Jun,6,Q2,17,True,True
2026-02-01,Chhattisgarh,MARUTI SUZUKI INDIA LTD,Electric (EV),10,Maruti Suzuki,Suzuki,Japan,Central,IN-CT,State,"Chhattisgarh, India",Feb,2,Q1,28,False,True
2026-03-01,Chhattisgarh,MARUTI SUZUKI INDIA LTD,Electric (EV),21,Maruti Suzuki,Suzuki,Japan,Central,IN-CT,State,"Chhattisgarh, India",Mar,3,Q1,31,False,True
2026-04-01,Chhattisgarh,MARUTI SUZUKI INDIA LTD,Electric (EV),28,Maruti Suzuki,Suzuki,Japan,Central,IN-CT,State,"Chhattisgarh, India",Apr,4,Q2,30,False,True
2026-05-01,Chhattisgarh,MARUTI SUZUKI INDIA LTD,Electric (EV),38,Maruti Suzuki,Suzuki,Japan,Central,IN-CT,State,"Chhattisgarh, India",May,5,Q2,31,False,True
2026-06-01,Chhattisgarh,MARUTI SUZUKI INDIA LTD,Electric (EV),7,Maruti Suzuki,Suzuki,Japan,Central,IN-CT,State,"Chhattisgarh, India",Jun,6,Q2,17,True,True
2026-05-01,Chhattisgarh,MERCEDES-BENZ AG,Electric (EV),2,Mercedes-Benz,Mercedes-Benz,Germany,Central,IN-CT,State,"Chhattisgarh, India",May,5,Q2,31,False,True
2026-01-01,Chhattisgarh,MERCEDES-BENZ INDIA PVT LTD,Electric (EV),1,Mercedes-Benz,Mercedes-Benz,Germany,Central,IN-CT,State,"Chhattisgarh, India",Jan,1,Q1,31,False,True
2026-01-01,Chhattisgarh,TATA PASSENGER ELECTRIC MOBILITY LTD,Electric (EV),159,Tata,Tata Motors,India,Central,IN-CT,State,"Chhattisgarh, India",Jan,1,Q1,31,False,True
2026-02-01,Chhattisgarh,TATA PASSENGER ELECTRIC MOBILITY LTD,Electric (EV),134,Tata,Tata Motors,India,Central,IN-CT,State,"Chhattisgarh, India",Feb,2,Q1,28,False,True
2026-03-01,Chhattisgarh,TATA PASSENGER ELECTRIC MOBILITY LTD,Electric (EV),182,Tata,Tata Motors,India,Central,IN-CT,State,"Chhattisgarh, India",Mar,3,Q1,31,False,True
2026-04-01,Chhattisgarh,TATA PASSENGER ELECTRIC MOBILITY LTD,Electric (EV),169,Tata,Tata Motors,India,Central,IN-CT,State,"Chhattisgarh, India",Apr,4,Q2,30,False,True
2026-05-01,Chhattisgarh,TATA PASSENGER ELECTRIC MOBILITY LTD,Electric (EV),235,Tata,Tata Motors,India,Central,IN-CT,State,"Chhattisgarh, India",May,5,Q2,31,False,True
2026-06-01,Chhattisgarh,TATA PASSENGER ELECTRIC MOBILITY LTD,Electric (EV),75,Tata,Tata Motors,India,Central,IN-CT,State,"Chhattisgarh, India",Jun,6,Q2,17,True,True
2026-04-01,Chhattisgarh,TESLA INDIA MOTORS AND ENERGY PVT LTD,Electric (EV),1,Tesla,Tesla,USA,Central,IN-CT,State,"Chhattisgarh, India",Apr,4,Q2,30,False,True
2026-01-01,Chhattisgarh,VINFAST AUTO INDIA PVT LTD,Electric (EV),4,VinFast,Vingroup,Vietnam,Central,IN-CT,State,"Chhattisgarh, India",Jan,1,Q1,31,False,True
2026-02-01,Chhattisgarh,VINFAST AUTO INDIA PVT LTD,Electric (EV),9,VinFast,Vingroup,Vietnam,Central,IN-CT,State,"Chhattisgarh, India",Feb,2,Q1,28,False,True
2026-03-01,Chhattisgarh,VINFAST AUTO INDIA PVT LTD,Electric (EV),8,VinFast,Vingroup,Vietnam,Central,IN-CT,State,"Chhattisgarh, India",Mar,3,Q1,31,False,True
2026-04-01,Chhattisgarh,VINFAST AUTO INDIA PVT LTD,Electric (EV),7,VinFast,Vingroup,Vietnam,Central,IN-CT,State,"Chhattisgarh, India",Apr,4,Q2,30,False,True
2026-05-01,Chhattisgarh,VINFAST AUTO INDIA PVT LTD,Electric (EV),8,VinFast,Vingroup,Vietnam,Central,IN-CT,State,"Chhattisgarh, India",May,5,Q2,31,False,True
2026-06-01,Chhattisgarh,VINFAST AUTO INDIA PVT LTD,Electric (EV),3,VinFast,Vingroup,Vietnam,Central,IN-CT,State,"Chhattisgarh, India",Jun,6,Q2,17,True,True
2026-01-01,Chhattisgarh,VOLVO AUTO INDIA PVT LTD,Electric (EV),1,Volvo,Geely,Sweden,Central,IN-CT,State,"Chhattisgarh, India",Jan,1,Q1,31,False,True
2026-03-01,Chhattisgarh,VOLVO AUTO INDIA PVT LTD,Electric (EV),1,Volvo,Geely,Sweden,Central,IN-CT,State,"Chhattisgarh, India",Mar,3,Q1,31,False,True
2026-05-01,Chhattisgarh,VOLVO AUTO INDIA PVT LTD,Electric (EV),2,Volvo,Geely,Sweden,Central,IN-CT,State,"Chhattisgarh, India",May,5,Q2,31,False,True
2026-01-01,Dadra and Nagar Haveli and Daman and Diu,BYD INDIA PRIVATE LIMITED,Electric (EV),1,BYD,BYD,China,West,IN-DH,Union Territory,"Dadra and Nagar Haveli and Daman and Diu, India",Jan,1,Q1,31,False,True
2026-02-01,Dadra and Nagar Haveli and Daman and Diu,JSW MG MOTOR INDIA PVT LTD,Electric (EV),2,MG,JSW-SAIC,India / China,West,IN-DH,Union Territory,"Dadra and Nagar Haveli and Daman and Diu, India",Feb,2,Q1,28,False,True
2026-04-01,Dadra and Nagar Haveli and Daman and Diu,JSW MG MOTOR INDIA PVT LTD,Electric (EV),4,MG,JSW-SAIC,India / China,West,IN-DH,Union Territory,"Dadra and Nagar Haveli and Daman and Diu, India",Apr,4,Q2,30,False,True
2026-06-01,Dadra and Nagar Haveli and Daman and Diu,JSW MG MOTOR INDIA PVT LTD,Electric (EV),1,MG,JSW-SAIC,India / China,West,IN-DH,Union Territory,"Dadra and Nagar Haveli and Daman and Diu, India",Jun,6,Q2,17,True,True
2026-06-01,Dadra and Nagar Haveli and Daman and Diu,KIA INDIA PRIVATE LIMITED,Electric (EV),1,Kia,Hyundai,South Korea,West,IN-DH,Union Territory,"Dadra and Nagar Haveli and Daman and Diu, India",Jun,6,Q2,17,True,True
2026-02-01,Dadra and Nagar Haveli and Daman and Diu,MAHINDRA ELECTRIC AUTOMOBILE LTD,Electric (EV),3,Mahindra,Mahindra,India,West,IN-DH,Union Territory,"Dadra and Nagar Haveli and Daman and Diu, India",Feb,2,Q1,28,False,True
2026-03-01,Dadra and Nagar Haveli and Daman and Diu,MAHINDRA ELECTRIC AUTOMOBILE LTD,Electric (EV),3,Mahindra,Mahindra,India,West,IN-DH,Union Territory,"Dadra and Nagar Haveli and Daman and Diu, India",Mar,3,Q1,31,False,True
2026-04-01,Dadra and Nagar Haveli and Daman and Diu,MAHINDRA ELECTRIC AUTOMOBILE LTD,Electric (EV),2,Mahindra,Mahindra,India,West,IN-DH,Union Territory,"Dadra and Nagar Haveli and Daman and Diu, India",Apr,4,Q2,30,False,True
2026-05-01,Dadra and Nagar Haveli and Daman and Diu,MAHINDRA ELECTRIC AUTOMOBILE LTD,Electric (EV),1,Mahindra,Mahindra,India,West,IN-DH,Union Territory,"Dadra and Nagar Haveli and Daman and Diu, India",May,5,Q2,31,False,True
2026-03-01,Dadra and Nagar Haveli and Daman and Diu,MARUTI SUZUKI INDIA LTD,Electric (EV),1,Maruti Suzuki,Suzuki,Japan,West,IN-DH,Union Territory,"Dadra and Nagar Haveli and Daman and Diu, India",Mar,3,Q1,31,False,True
2026-06-01,Dadra and Nagar Haveli and Daman and Diu,MARUTI SUZUKI INDIA LTD,Electric (EV),1,Maruti Suzuki,Suzuki,Japan,West,IN-DH,Union Territory,"Dadra and Nagar Haveli and Daman and Diu, India",Jun,6,Q2,17,True,True
2026-01-01,Dadra and Nagar Haveli and Daman and Diu,TATA PASSENGER ELECTRIC MOBILITY LTD,Electric (EV),3,Tata,Tata Motors,India,West,IN-DH,Union Territory,"Dadra and Nagar Haveli and Daman and Diu, India",Jan,1,Q1,31,False,True
2026-02-01,Dadra and Nagar Haveli and Daman and Diu,TATA PASSENGER ELECTRIC MOBILITY LTD,Electric (EV),2,Tata,Tata Motors,India,West,IN-DH,Union Territory,"Dadra and Nagar Haveli and Daman and Diu, India",Feb,2,Q1,28,False,True
2026-03-01,Dadra and Nagar Haveli and Daman and Diu,TATA PASSENGER ELECTRIC MOBILITY LTD,Electric (EV),1,Tata,Tata Motors,India,West,IN-DH,Union Territory,"Dadra and Nagar Haveli and Daman and Diu, India",Mar,3,Q1,31,False,True
2026-04-01,Dadra and Nagar Haveli and Daman and Diu,TATA PASSENGER ELECTRIC MOBILITY LTD,Electric (EV),1,Tata,Tata Motors,India,West,IN-DH,Union Territory,"Dadra and Nagar Haveli and Daman and Diu, India",Apr,4,Q2,30,False,True
2026-05-01,Dadra and Nagar Haveli and Daman and Diu,TATA PASSENGER ELECTRIC MOBILITY LTD,Electric (EV),5,Tata,Tata Motors,India,West,IN-DH,Union Territory,"Dadra and Nagar Haveli and Daman and Diu, India",May,5,Q2,31,False,True
2026-06-01,Dadra and Nagar Haveli and Daman and Diu,TATA PASSENGER ELECTRIC MOBILITY LTD,Electric (EV),3,Tata,Tata Motors,India,West,IN-DH,Union Territory,"Dadra and Nagar Haveli and Daman and Diu, India",Jun,6,Q2,17,True,True
2026-06-01,Dadra and Nagar Haveli and Daman and Diu,TESLA INDIA MOTORS AND ENERGY PVT LTD,Electric (EV),1,Tesla,Tesla,USA,West,IN-DH,Union Territory,"Dadra and Nagar Haveli and Daman and Diu, India",Jun,6,Q2,17,True,True
2026-05-01,Dadra and Nagar Haveli and Daman and Diu,VINFAST AUTO INDIA PVT LTD,Electric (EV),1,VinFast,Vingroup,Vietnam,West,IN-DH,Union Territory,"Dadra and Nagar Haveli and Daman and Diu, India",May,5,Q2,31,False,True
2026-06-01,Dadra and Nagar Haveli and Daman and Diu,VINFAST AUTO INDIA PVT LTD,Electric (EV),2,VinFast,Vingroup,Vietnam,West,IN-DH,Union Territory,"Dadra and Nagar Haveli and Daman and Diu, India",Jun,6,Q2,17,True,True
2026-01-01,Delhi,BMW INDIA PVT LTD,Electric (EV),84,BMW,BMW Group,Germany,North,IN-DL,Union Territory,"Delhi, India",Jan,1,Q1,31,False,True
2026-02-01,Delhi,BMW INDIA PVT LTD,Electric (EV),48,BMW,BMW Group,Germany,North,IN-DL,Union Territory,"Delhi, India",Feb,2,Q1,28,False,True
2026-03-01,Delhi,BMW INDIA PVT LTD,Electric (EV),87,BMW,BMW Group,Germany,North,IN-DL,Union Territory,"Delhi, India",Mar,3,Q1,31,False,True
2026-04-01,Delhi,BMW INDIA PVT LTD,Electric (EV),47,BMW,BMW Group,Germany,North,IN-DL,Union Territory,"Delhi, India",Apr,4,Q2,30,False,True
2026-05-01,Delhi,BMW INDIA PVT LTD,Electric (EV),60,BMW,BMW Group,Germany,North,IN-DL,Union Territory,"Delhi, India",May,5,Q2,31,False,True
2026-06-01,Delhi,BMW INDIA PVT LTD,Electric (EV),50,BMW,BMW Group,Germany,North,IN-DL,Union Territory,"Delhi, India",Jun,6,Q2,17,True,True
2026-01-01,Delhi,BYD INDIA PRIVATE LIMITED,Electric (EV),51,BYD,BYD,China,North,IN-DL,Union Territory,"Delhi, India",Jan,1,Q1,31,False,True
2026-02-01,Delhi,BYD INDIA PRIVATE LIMITED,Electric (EV),51,BYD,BYD,China,North,IN-DL,Union Territory,"Delhi, India",Feb,2,Q1,28,False,True
2026-03-01,Delhi,BYD INDIA PRIVATE LIMITED,Electric (EV),92,BYD,BYD,China,North,IN-DL,Union Territory,"Delhi, India",Mar,3,Q1,31,False,True
2026-04-01,Delhi,BYD INDIA PRIVATE LIMITED,Electric (EV),77,BYD,BYD,China,North,IN-DL,Union Territory,"Delhi, India",Apr,4,Q2,30,False,True
2026-05-01,Delhi,BYD INDIA PRIVATE LIMITED,Electric (EV),147,BYD,BYD,China,North,IN-DL,Union Territory,"Delhi, India",May,5,Q2,31,False,True
2026-06-01,Delhi,BYD INDIA PRIVATE LIMITED,Electric (EV),51,BYD,BYD,China,North,IN-DL,Union Territory,"Delhi, India",Jun,6,Q2,17,True,True
2026-01-01,Delhi,HYUNDAI MOTOR INDIA LTD,Electric (EV),31,Hyundai,Hyundai,South Korea,North,IN-DL,Union Territory,"Delhi, India",Jan,1,Q1,31,False,True
2026-02-01,Delhi,HYUNDAI MOTOR INDIA LTD,Electric (EV),28,Hyundai,Hyundai,South Korea,North,IN-DL,Union Territory,"Delhi, India",Feb,2,Q1,28,False,True
2026-03-01,Delhi,HYUNDAI MOTOR INDIA LTD,Electric (EV),43,Hyundai,Hyundai,South Korea,North,IN-DL,Union Territory,"Delhi, India",Mar,3,Q1,31,False,True
2026-04-01,Delhi,HYUNDAI MOTOR INDIA LTD,Electric (EV),43,Hyundai,Hyundai,South Korea,North,IN-DL,Union Territory,"Delhi, India",Apr,4,Q2,30,False,True
2026-05-01,Delhi,HYUNDAI MOTOR INDIA LTD,Electric (EV),35,Hyundai,Hyundai,South Korea,North,IN-DL,Union Territory,"Delhi, India",May,5,Q2,31,False,True
2026-06-01,Delhi,HYUNDAI MOTOR INDIA LTD,Electric (EV),19,Hyundai,Hyundai,South Korea,North,IN-DL,Union Territory,"Delhi, India",Jun,6,Q2,17,True,True
2026-01-01,Delhi,JSW MG MOTOR INDIA PVT LTD,Electric (EV),565,MG,JSW-SAIC,India / China,North,IN-DL,Union Territory,"Delhi, India",Jan,1,Q1,31,False,True
2026-02-01,Delhi,JSW MG MOTOR INDIA PVT LTD,Electric (EV),383,MG,JSW-SAIC,India / China,North,IN-DL,Union Territory,"Delhi, India",Feb,2,Q1,28,False,True
2026-03-01,Delhi,JSW MG MOTOR INDIA PVT LTD,Electric (EV),572,MG,JSW-SAIC,India / China,North,IN-DL,Union Territory,"Delhi, India",Mar,3,Q1,31,False,True
2026-04-01,Delhi,JSW MG MOTOR INDIA PVT LTD,Electric (EV),487,MG,JSW-SAIC,India / China,North,IN-DL,Union Territory,"Delhi, India",Apr,4,Q2,30,False,True
2026-05-01,Delhi,JSW MG MOTOR INDIA PVT LTD,Electric (EV),528,MG,JSW-SAIC,India / China,North,IN-DL,Union Territory,"Delhi, India",May,5,Q2,31,False,True
2026-06-01,Delhi,JSW MG MOTOR INDIA PVT LTD,Electric (EV),306,MG,JSW-SAIC,India / China,North,IN-DL,Union Territory,"Delhi, India",Jun,6,Q2,17,True,True
2026-01-01,Delhi,KIA INDIA PRIVATE LIMITED,Electric (EV),41,Kia,Hyundai,South Korea,North,IN-DL,Union Territory,"Delhi, India",Jan,1,Q1,31,False,True
2026-02-01,Delhi,KIA INDIA PRIVATE LIMITED,Electric (EV),28,Kia,Hyundai,South Korea,North,IN-DL,Union Territory,"Delhi, India",Feb,2,Q1,28,False,True
2026-03-01,Delhi,KIA INDIA PRIVATE LIMITED,Electric (EV),31,Kia,Hyundai,South Korea,North,IN-DL,Union Territory,"Delhi, India",Mar,3,Q1,31,False,True
2026-04-01,Delhi,KIA INDIA PRIVATE LIMITED,Electric (EV),36,Kia,Hyundai,South Korea,North,IN-DL,Union Territory,"Delhi, India",Apr,4,Q2,30,False,True
2026-05-01,Delhi,KIA INDIA PRIVATE LIMITED,Electric (EV),23,Kia,Hyundai,South Korea,North,IN-DL,Union Territory,"Delhi, India",May,5,Q2,31,False,True
2026-06-01,Delhi,KIA INDIA PRIVATE LIMITED,Electric (EV),13,Kia,Hyundai,South Korea,North,IN-DL,Union Territory,"Delhi, India",Jun,6,Q2,17,True,True
2026-01-01,Delhi,MAHINDRA & MAHINDRA LIMITED,Electric (EV),43,Mahindra,Mahindra,India,North,IN-DL,Union Territory,"Delhi, India",Jan,1,Q1,31,False,True
2026-02-01,Delhi,MAHINDRA & MAHINDRA LIMITED,Electric (EV),8,Mahindra,Mahindra,India,North,IN-DL,Union Territory,"Delhi, India",Feb,2,Q1,28,False,True
2026-03-01,Delhi,MAHINDRA & MAHINDRA LIMITED,Electric (EV),1,Mahindra,Mahindra,India,North,IN-DL,Union Territory,"Delhi, India",Mar,3,Q1,31,False,True
2026-04-01,Delhi,MAHINDRA & MAHINDRA LIMITED,Electric (EV),9,Mahindra,Mahindra,India,North,IN-DL,Union Territory,"Delhi, India",Apr,4,Q2,30,False,True
2026-05-01,Delhi,MAHINDRA & MAHINDRA LIMITED,Electric (EV),13,Mahindra,Mahindra,India,North,IN-DL,Union Territory,"Delhi, India",May,5,Q2,31,False,True
2026-06-01,Delhi,MAHINDRA & MAHINDRA LIMITED,Electric (EV),16,Mahindra,Mahindra,India,North,IN-DL,Union Territory,"Delhi, India",Jun,6,Q2,17,True,True
2026-01-01,Delhi,MAHINDRA ELECTRIC AUTOMOBILE LTD,Electric (EV),425,Mahindra,Mahindra,India,North,IN-DL,Union Territory,"Delhi, India",Jan,1,Q1,31,False,True
2026-02-01,Delhi,MAHINDRA ELECTRIC AUTOMOBILE LTD,Electric (EV),351,Mahindra,Mahindra,India,North,IN-DL,Union Territory,"Delhi, India",Feb,2,Q1,28,False,True
2026-03-01,Delhi,MAHINDRA ELECTRIC AUTOMOBILE LTD,Electric (EV),598,Mahindra,Mahindra,India,North,IN-DL,Union Territory,"Delhi, India",Mar,3,Q1,31,False,True
2026-04-01,Delhi,MAHINDRA ELECTRIC AUTOMOBILE LTD,Electric (EV),433,Mahindra,Mahindra,India,North,IN-DL,Union Territory,"Delhi, India",Apr,4,Q2,30,False,True
2026-05-01,Delhi,MAHINDRA ELECTRIC AUTOMOBILE LTD,Electric (EV),585,Mahindra,Mahindra,India,North,IN-DL,Union Territory,"Delhi, India",May,5,Q2,31,False,True
2026-06-01,Delhi,MAHINDRA ELECTRIC AUTOMOBILE LTD,Electric (EV),306,Mahindra,Mahindra,India,North,IN-DL,Union Territory,"Delhi, India",Jun,6,Q2,17,True,True
2026-01-01,Delhi,MARUTI SUZUKI INDIA LTD,Electric (EV),13,Maruti Suzuki,Suzuki,Japan,North,IN-DL,Union Territory,"Delhi, India",Jan,1,Q1,31,False,True
2026-02-01,Delhi,MARUTI SUZUKI INDIA LTD,Electric (EV),12,Maruti Suzuki,Suzuki,Japan,North,IN-DL,Union Territory,"Delhi, India",Feb,2,Q1,28,False,True
2026-03-01,Delhi,MARUTI SUZUKI INDIA LTD,Electric (EV),97,Maruti Suzuki,Suzuki,Japan,North,IN-DL,Union Territory,"Delhi, India",Mar,3,Q1,31,False,True
2026-04-01,Delhi,MARUTI SUZUKI INDIA LTD,Electric (EV),101,Maruti Suzuki,Suzuki,Japan,North,IN-DL,Union Territory,"Delhi, India",Apr,4,Q2,30,False,True
2026-05-01,Delhi,MARUTI SUZUKI INDIA LTD,Electric (EV),142,Maruti Suzuki,Suzuki,Japan,North,IN-DL,Union Territory,"Delhi, India",May,5,Q2,31,False,True
2026-06-01,Delhi,MARUTI SUZUKI INDIA LTD,Electric (EV),83,Maruti Suzuki,Suzuki,Japan,North,IN-DL,Union Territory,"Delhi, India",Jun,6,Q2,17,True,True
2026-01-01,Delhi,MERCEDES-BENZ AG,Electric (EV),2,Mercedes-Benz,Mercedes-Benz,Germany,North,IN-DL,Union Territory,"Delhi, India",Jan,1,Q1,31,False,True
2026-02-01,Delhi,MERCEDES-BENZ AG,Electric (EV),4,Mercedes-Benz,Mercedes-Benz,Germany,North,IN-DL,Union Territory,"Delhi, India",Feb,2,Q1,28,False,True
2026-03-01,Delhi,MERCEDES-BENZ AG,Electric (EV),8,Mercedes-Benz,Mercedes-Benz,Germany,North,IN-DL,Union Territory,"Delhi, India",Mar,3,Q1,31,False,True
2026-04-01,Delhi,MERCEDES-BENZ AG,Electric (EV),3,Mercedes-Benz,Mercedes-Benz,Germany,North,IN-DL,Union Territory,"Delhi, India",Apr,4,Q2,30,False,True
2026-05-01,Delhi,MERCEDES-BENZ AG,Electric (EV),18,Mercedes-Benz,Mercedes-Benz,Germany,North,IN-DL,Union Territory,"Delhi, India",May,5,Q2,31,False,True
2026-06-01,Delhi,MERCEDES-BENZ AG,Electric (EV),6,Mercedes-Benz,Mercedes-Benz,Germany,North,IN-DL,Union Territory,"Delhi, India",Jun,6,Q2,17,True,True
2026-01-01,Delhi,MERCEDES-BENZ INDIA PVT LTD,Electric (EV),4,Mercedes-Benz,Mercedes-Benz,Germany,North,IN-DL,Union Territory,"Delhi, India",Jan,1,Q1,31,False,True
2026-02-01,Delhi,MERCEDES-BENZ INDIA PVT LTD,Electric (EV),9,Mercedes-Benz,Mercedes-Benz,Germany,North,IN-DL,Union Territory,"Delhi, India",Feb,2,Q1,28,False,True
2026-03-01,Delhi,MERCEDES-BENZ INDIA PVT LTD,Electric (EV),4,Mercedes-Benz,Mercedes-Benz,Germany,North,IN-DL,Union Territory,"Delhi, India",Mar,3,Q1,31,False,True
2026-04-01,Delhi,MERCEDES-BENZ INDIA PVT LTD,Electric (EV),9,Mercedes-Benz,Mercedes-Benz,Germany,North,IN-DL,Union Territory,"Delhi, India",Apr,4,Q2,30,False,True
2026-05-01,Delhi,MERCEDES-BENZ INDIA PVT LTD,Electric (EV),2,Mercedes-Benz,Mercedes-Benz,Germany,North,IN-DL,Union Territory,"Delhi, India",May,5,Q2,31,False,True
2026-06-01,Delhi,MERCEDES-BENZ INDIA PVT LTD,Electric (EV),5,Mercedes-Benz,Mercedes-Benz,Germany,North,IN-DL,Union Territory,"Delhi, India",Jun,6,Q2,17,True,True
2026-02-01,Delhi,PORSCHE AG GERMANY,Electric (EV),1,Porsche,Volkswagen Group,Germany,North,IN-DL,Union Territory,"Delhi, India",Feb,2,Q1,28,False,True
2026-03-01,Delhi,PORSCHE AG GERMANY,Electric (EV),1,Porsche,Volkswagen Group,Germany,North,IN-DL,Union Territory,"Delhi, India",Mar,3,Q1,31,False,True
2026-06-01,Delhi,PORSCHE AG GERMANY,Electric (EV),1,Porsche,Volkswagen Group,Germany,North,IN-DL,Union Territory,"Delhi, India",Jun,6,Q2,17,True,True
2026-01-01,Delhi,ROLLS-ROYCE MOTOR CARS(IMPORTER:SELECT CARS P LTD),Electric (EV),2,Rolls-Royce,BMW Group,UK,North,IN-DL,Union Territory,"Delhi, India",Jan,1,Q1,31,False,True
2026-02-01,Delhi,ROLLS-ROYCE MOTOR CARS(IMPORTER:SELECT CARS P LTD),Electric (EV),1,Rolls-Royce,BMW Group,UK,North,IN-DL,Union Territory,"Delhi, India",Feb,2,Q1,28,False,True
2026-03-01,Delhi,STELLANTIS AUTOMOBILES INDIA PVT LTD,Electric (EV),1,Stellantis (Jeep/Citroen),Stellantis,Netherlands,North,IN-DL,Union Territory,"Delhi, India",Mar,3,Q1,31,False,True
2026-01-01,Delhi,TATA PASSENGER ELECTRIC MOBILITY LTD,Electric (EV),434,Tata,Tata Motors,India,North,IN-DL,Union Territory,"Delhi, India",Jan,1,Q1,31,False,True
2026-02-01,Delhi,TATA PASSENGER ELECTRIC MOBILITY LTD,Electric (EV),339,Tata,Tata Motors,India,North,IN-DL,Union Territory,"Delhi, India",Feb,2,Q1,28,False,True
2026-03-01,Delhi,TATA PASSENGER ELECTRIC MOBILITY LTD,Electric (EV),565,Tata,Tata Motors,India,North,IN-DL,Union Territory,"Delhi, India",Mar,3,Q1,31,False,True
2026-04-01,Delhi,TATA PASSENGER ELECTRIC MOBILITY LTD,Electric (EV),465,Tata,Tata Motors,India,North,IN-DL,Union Territory,"Delhi, India",Apr,4,Q2,30,False,True
2026-05-01,Delhi,TATA PASSENGER ELECTRIC MOBILITY LTD,Electric (EV),580,Tata,Tata Motors,India,North,IN-DL,Union Territory,"Delhi, India",May,5,Q2,31,False,True
2026-06-01,Delhi,TATA PASSENGER ELECTRIC MOBILITY LTD,Electric (EV),298,Tata,Tata Motors,India,North,IN-DL,Union Territory,"Delhi, India",Jun,6,Q2,17,True,True
2026-01-01,Delhi,TESLA INDIA MOTORS AND ENERGY PVT LTD,Electric (EV),6,Tesla,Tesla,USA,North,IN-DL,Union Territory,"Delhi, India",Jan,1,Q1,31,False,True
2026-02-01,Delhi,TESLA INDIA MOTORS AND ENERGY PVT LTD,Electric (EV),3,Tesla,Tesla,USA,North,IN-DL,Union Territory,"Delhi, India",Feb,2,Q1,28,False,True
2026-03-01,Delhi,TESLA INDIA MOTORS AND ENERGY PVT LTD,Electric (EV),10,Tesla,Tesla,USA,North,IN-DL,Union Territory,"Delhi, India",Mar,3,Q1,31,False,True
2026-04-01,Delhi,TESLA INDIA MOTORS AND ENERGY PVT LTD,Electric (EV),8,Tesla,Tesla,USA,North,IN-DL,Union Territory,"Delhi, India",Apr,4,Q2,30,False,True
2026-05-01,Delhi,TESLA INDIA MOTORS AND ENERGY PVT LTD,Electric (EV),12,Tesla,Tesla,USA,North,IN-DL,Union Territory,"Delhi, India",May,5,Q2,31,False,True
2026-06-01,Delhi,TESLA INDIA MOTORS AND ENERGY PVT LTD,Electric (EV),5,Tesla,Tesla,USA,North,IN-DL,Union Territory,"Delhi, India",Jun,6,Q2,17,True,True
2026-01-01,Delhi,VINFAST AUTO INDIA PVT LTD,Electric (EV),54,VinFast,Vingroup,Vietnam,North,IN-DL,Union Territory,"Delhi, India",Jan,1,Q1,31,False,True
2026-02-01,Delhi,VINFAST AUTO INDIA PVT LTD,Electric (EV),62,VinFast,Vingroup,Vietnam,North,IN-DL,Union Territory,"Delhi, India",Feb,2,Q1,28,False,True
2026-03-01,Delhi,VINFAST AUTO INDIA PVT LTD,Electric (EV),84,VinFast,Vingroup,Vietnam,North,IN-DL,Union Territory,"Delhi, India",Mar,3,Q1,31,False,True
2026-04-01,Delhi,VINFAST AUTO INDIA PVT LTD,Electric (EV),99,VinFast,Vingroup,Vietnam,North,IN-DL,Union Territory,"Delhi, India",Apr,4,Q2,30,False,True
2026-05-01,Delhi,VINFAST AUTO INDIA PVT LTD,Electric (EV),93,VinFast,Vingroup,Vietnam,North,IN-DL,Union Territory,"Delhi, India",May,5,Q2,31,False,True
2026-06-01,Delhi,VINFAST AUTO INDIA PVT LTD,Electric (EV),68,VinFast,Vingroup,Vietnam,North,IN-DL,Union Territory,"Delhi, India",Jun,6,Q2,17,True,True
2026-01-01,Delhi,VOLVO AUTO INDIA PVT LTD,Electric (EV),2,Volvo,Geely,Sweden,North,IN-DL,Union Territory,"Delhi, India",Jan,1,Q1,31,False,True
2026-02-01,Delhi,VOLVO AUTO INDIA PVT LTD,Electric (EV),3,Volvo,Geely,Sweden,North,IN-DL,Union Territory,"Delhi, India",Feb,2,Q1,28,False,True
2026-03-01,Delhi,VOLVO AUTO INDIA PVT LTD,Electric (EV),2,Volvo,Geely,Sweden,North,IN-DL,Union Territory,"Delhi, India",Mar,3,Q1,31,False,True
2026-04-01,Delhi,VOLVO AUTO INDIA PVT LTD,Electric (EV),5,Volvo,Geely,Sweden,North,IN-DL,Union Territory,"Delhi, India",Apr,4,Q2,30,False,True
2026-05-01,Delhi,VOLVO AUTO INDIA PVT LTD,Electric (EV),3,Volvo,Geely,Sweden,North,IN-DL,Union Territory,"Delhi, India",May,5,Q2,31,False,True
2026-06-01,Delhi,VOLVO AUTO INDIA PVT LTD,Electric (EV),5,Volvo,Geely,Sweden,North,IN-DL,Union Territory,"Delhi, India",Jun,6,Q2,17,True,True
2026-02-01,Delhi,WUHAN LOTUS (IMPORTER: EXCLUSIVE MOTORS PVT LTD),Electric (EV),1,Lotus,Geely,UK,North,IN-DL,Union Territory,"Delhi, India",Feb,2,Q1,28,False,True
2026-06-01,Delhi,WUHAN LOTUS (IMPORTER: EXCLUSIVE MOTORS PVT LTD),Electric (EV),1,Lotus,Geely,UK,North,IN-DL,Union Territory,"Delhi, India",Jun,6,Q2,17,True,True
2026-02-01,Goa,BMW INDIA PVT LTD,Electric (EV),1,BMW,BMW Group,Germany,West,IN-GA,State,"Goa, India",Feb,2,Q1,28,False,True
2026-03-01,Goa,BMW INDIA PVT LTD,Electric (EV),5,BMW,BMW Group,Germany,West,IN-GA,State,"Goa, India",Mar,3,Q1,31,False,True
2026-04-01,Goa,BMW INDIA PVT LTD,Electric (EV),1,BMW,BMW Group,Germany,West,IN-GA,State,"Goa, India",Apr,4,Q2,30,False,True
2026-05-01,Goa,BMW INDIA PVT LTD,Electric (EV),1,BMW,BMW Group,Germany,West,IN-GA,State,"Goa, India",May,5,Q2,31,False,True
2026-02-01,Goa,BYD INDIA PRIVATE LIMITED,Electric (EV),3,BYD,BYD,China,West,IN-GA,State,"Goa, India",Feb,2,Q1,28,False,True
2026-03-01,Goa,BYD INDIA PRIVATE LIMITED,Electric (EV),2,BYD,BYD,China,West,IN-GA,State,"Goa, India",Mar,3,Q1,31,False,True
2026-04-01,Goa,BYD INDIA PRIVATE LIMITED,Electric (EV),2,BYD,BYD,China,West,IN-GA,State,"Goa, India",Apr,4,Q2,30,False,True
2026-05-01,Goa,BYD INDIA PRIVATE LIMITED,Electric (EV),4,BYD,BYD,China,West,IN-GA,State,"Goa, India",May,5,Q2,31,False,True
2026-06-01,Goa,BYD INDIA PRIVATE LIMITED,Electric (EV),3,BYD,BYD,China,West,IN-GA,State,"Goa, India",Jun,6,Q2,17,True,True
2026-01-01,Goa,HYUNDAI MOTOR INDIA LTD,Electric (EV),4,Hyundai,Hyundai,South Korea,West,IN-GA,State,"Goa, India",Jan,1,Q1,31,False,True
2026-02-01,Goa,HYUNDAI MOTOR INDIA LTD,Electric (EV),3,Hyundai,Hyundai,South Korea,West,IN-GA,State,"Goa, India",Feb,2,Q1,28,False,True
2026-03-01,Goa,HYUNDAI MOTOR INDIA LTD,Electric (EV),8,Hyundai,Hyundai,South Korea,West,IN-GA,State,"Goa, India",Mar,3,Q1,31,False,True
2026-04-01,Goa,HYUNDAI MOTOR INDIA LTD,Electric (EV),8,Hyundai,Hyundai,South Korea,West,IN-GA,State,"Goa, India",Apr,4,Q2,30,False,True
2026-05-01,Goa,HYUNDAI MOTOR INDIA LTD,Electric (EV),8,Hyundai,Hyundai,South Korea,West,IN-GA,State,"Goa, India",May,5,Q2,31,False,True
2026-06-01,Goa,HYUNDAI MOTOR INDIA LTD,Electric (EV),2,Hyundai,Hyundai,South Korea,West,IN-GA,State,"Goa, India",Jun,6,Q2,17,True,True
2026-01-01,Goa,JSW MG MOTOR INDIA PVT LTD,Electric (EV),30,MG,JSW-SAIC,India / China,West,IN-GA,State,"Goa, India",Jan,1,Q1,31,False,True
2026-02-01,Goa,JSW MG MOTOR INDIA PVT LTD,Electric (EV),28,MG,JSW-SAIC,India / China,West,IN-GA,State,"Goa, India",Feb,2,Q1,28,False,True
2026-03-01,Goa,JSW MG MOTOR INDIA PVT LTD,Electric (EV),37,MG,JSW-SAIC,India / China,West,IN-GA,State,"Goa, India",Mar,3,Q1,31,False,True
2026-04-01,Goa,JSW MG MOTOR INDIA PVT LTD,Electric (EV),41,MG,JSW-SAIC,India / China,West,IN-GA,State,"Goa, India",Apr,4,Q2,30,False,True
2026-05-01,Goa,JSW MG MOTOR INDIA PVT LTD,Electric (EV),37,MG,JSW-SAIC,India / China,West,IN-GA,State,"Goa, India",May,5,Q2,31,False,True
2026-06-01,Goa,JSW MG MOTOR INDIA PVT LTD,Electric (EV),22,MG,JSW-SAIC,India / China,West,IN-GA,State,"Goa, India",Jun,6,Q2,17,True,True
2026-01-01,Goa,KIA INDIA PRIVATE LIMITED,Electric (EV),2,Kia,Hyundai,South Korea,West,IN-GA,State,"Goa, India",Jan,1,Q1,31,False,True
2026-02-01,Goa,KIA INDIA PRIVATE LIMITED,Electric (EV),2,Kia,Hyundai,South Korea,West,IN-GA,State,"Goa, India",Feb,2,Q1,28,False,True
2026-03-01,Goa,KIA INDIA PRIVATE LIMITED,Electric (EV),9,Kia,Hyundai,South Korea,West,IN-GA,State,"Goa, India",Mar,3,Q1,31,False,True
2026-04-01,Goa,KIA INDIA PRIVATE LIMITED,Electric (EV),3,Kia,Hyundai,South Korea,West,IN-GA,State,"Goa, India",Apr,4,Q2,30,False,True
2026-05-01,Goa,KIA INDIA PRIVATE LIMITED,Electric (EV),2,Kia,Hyundai,South Korea,West,IN-GA,State,"Goa, India",May,5,Q2,31,False,True
2026-06-01,Goa,KIA INDIA PRIVATE LIMITED,Electric (EV),2,Kia,Hyundai,South Korea,West,IN-GA,State,"Goa, India",Jun,6,Q2,17,True,True
2026-01-01,Goa,MAHINDRA & MAHINDRA LIMITED,Electric (EV),1,Mahindra,Mahindra,India,West,IN-GA,State,"Goa, India",Jan,1,Q1,31,False,True
2026-03-01,Goa,MAHINDRA & MAHINDRA LIMITED,Electric (EV),1,Mahindra,Mahindra,India,West,IN-GA,State,"Goa, India",Mar,3,Q1,31,False,True
2026-05-01,Goa,MAHINDRA & MAHINDRA LIMITED,Electric (EV),3,Mahindra,Mahindra,India,West,IN-GA,State,"Goa, India",May,5,Q2,31,False,True
2026-06-01,Goa,MAHINDRA & MAHINDRA LIMITED,Electric (EV),2,Mahindra,Mahindra,India,West,IN-GA,State,"Goa, India",Jun,6,Q2,17,True,True
2026-01-01,Goa,MAHINDRA ELECTRIC AUTOMOBILE LTD,Electric (EV),16,Mahindra,Mahindra,India,West,IN-GA,State,"Goa, India",Jan,1,Q1,31,False,True
2026-02-01,Goa,MAHINDRA ELECTRIC AUTOMOBILE LTD,Electric (EV),18,Mahindra,Mahindra,India,West,IN-GA,State,"Goa, India",Feb,2,Q1,28,False,True
2026-03-01,Goa,MAHINDRA ELECTRIC AUTOMOBILE LTD,Electric (EV),38,Mahindra,Mahindra,India,West,IN-GA,State,"Goa, India",Mar,3,Q1,31,False,True
2026-04-01,Goa,MAHINDRA ELECTRIC AUTOMOBILE LTD,Electric (EV),29,Mahindra,Mahindra,India,West,IN-GA,State,"Goa, India",Apr,4,Q2,30,False,True
2026-05-01,Goa,MAHINDRA ELECTRIC AUTOMOBILE LTD,Electric (EV),29,Mahindra,Mahindra,India,West,IN-GA,State,"Goa, India",May,5,Q2,31,False,True
2026-06-01,Goa,MAHINDRA ELECTRIC AUTOMOBILE LTD,Electric (EV),11,Mahindra,Mahindra,India,West,IN-GA,State,"Goa, India",Jun,6,Q2,17,True,True
2026-01-01,Goa,MARUTI SUZUKI INDIA LTD,Electric (EV),2,Maruti Suzuki,Suzuki,Japan,West,IN-GA,State,"Goa, India",Jan,1,Q1,31,False,True
2026-03-01,Goa,MARUTI SUZUKI INDIA LTD,Electric (EV),12,Maruti Suzuki,Suzuki,Japan,West,IN-GA,State,"Goa, India",Mar,3,Q1,31,False,True
2026-04-01,Goa,MARUTI SUZUKI INDIA LTD,Electric (EV),17,Maruti Suzuki,Suzuki,Japan,West,IN-GA,State,"Goa, India",Apr,4,Q2,30,False,True
2026-05-01,Goa,MARUTI SUZUKI INDIA LTD,Electric (EV),15,Maruti Suzuki,Suzuki,Japan,West,IN-GA,State,"Goa, India",May,5,Q2,31,False,True
2026-06-01,Goa,MARUTI SUZUKI INDIA LTD,Electric (EV),12,Maruti Suzuki,Suzuki,Japan,West,IN-GA,State,"Goa, India",Jun,6,Q2,17,True,True
2026-04-01,Goa,MERCEDES-BENZ INDIA PVT LTD,Electric (EV),1,Mercedes-Benz,Mercedes-Benz,Germany,West,IN-GA,State,"Goa, India",Apr,4,Q2,30,False,True
2026-04-01,Goa,PORSCHE AG GERMANY,Electric (EV),1,Porsche,Volkswagen Group,Germany,West,IN-GA,State,"Goa, India",Apr,4,Q2,30,False,True
2026-01-01,Goa,TATA PASSENGER ELECTRIC MOBILITY LTD,Electric (EV),81,Tata,Tata Motors,India,West,IN-GA,State,"Goa, India",Jan,1,Q1,31,False,True
2026-02-01,Goa,TATA PASSENGER ELECTRIC MOBILITY LTD,Electric (EV),64,Tata,Tata Motors,India,West,IN-GA,State,"Goa, India",Feb,2,Q1,28,False,True
2026-03-01,Goa,TATA PASSENGER ELECTRIC MOBILITY LTD,Electric (EV),88,Tata,Tata Motors,India,West,IN-GA,State,"Goa, India",Mar,3,Q1,31,False,True
2026-04-01,Goa,TATA PASSENGER ELECTRIC MOBILITY LTD,Electric (EV),113,Tata,Tata Motors,India,West,IN-GA,State,"Goa, India",Apr,4,Q2,30,False,True
2026-05-01,Goa,TATA PASSENGER ELECTRIC MOBILITY LTD,Electric (EV),118,Tata,Tata Motors,India,West,IN-GA,State,"Goa, India",May,5,Q2,31,False,True
2026-06-01,Goa,TATA PASSENGER ELECTRIC MOBILITY LTD,Electric (EV),55,Tata,Tata Motors,India,West,IN-GA,State,"Goa, India",Jun,6,Q2,17,True,True
2026-03-01,Goa,VINFAST AUTO INDIA PVT LTD,Electric (EV),1,VinFast,Vingroup,Vietnam,West,IN-GA,State,"Goa, India",Mar,3,Q1,31,False,True
2026-06-01,Goa,VINFAST AUTO INDIA PVT LTD,Electric (EV),1,VinFast,Vingroup,Vietnam,West,IN-GA,State,"Goa, India",Jun,6,Q2,17,True,True
2026-01-01,Goa,VOLVO AUTO INDIA PVT LTD,Electric (EV),1,Volvo,Geely,Sweden,West,IN-GA,State,"Goa, India",Jan,1,Q1,31,False,True
2026-01-01,Gujarat,BMW INDIA PVT LTD,Electric (EV),28,BMW,BMW Group,Germany,West,IN-GJ,State,"Gujarat, India",Jan,1,Q1,31,False,True
2026-02-01,Gujarat,BMW INDIA PVT LTD,Electric (EV),17,BMW,BMW Group,Germany,West,IN-GJ,State,"Gujarat, India",Feb,2,Q1,28,False,True
2026-03-01,Gujarat,BMW INDIA PVT LTD,Electric (EV),50,BMW,BMW Group,Germany,West,IN-GJ,State,"Gujarat, India",Mar,3,Q1,31,False,True
2026-04-01,Gujarat,BMW INDIA PVT LTD,Electric (EV),22,BMW,BMW Group,Germany,West,IN-GJ,State,"Gujarat, India",Apr,4,Q2,30,False,True
2026-05-01,Gujarat,BMW INDIA PVT LTD,Electric (EV),27,BMW,BMW Group,Germany,West,IN-GJ,State,"Gujarat, India",May,5,Q2,31,False,True
2026-06-01,Gujarat,BMW INDIA PVT LTD,Electric (EV),16,BMW,BMW Group,Germany,West,IN-GJ,State,"Gujarat, India",Jun,6,Q2,17,True,True
2026-01-01,Gujarat,BYD INDIA PRIVATE LIMITED,Electric (EV),17,BYD,BYD,China,West,IN-GJ,State,"Gujarat, India",Jan,1,Q1,31,False,True
2026-02-01,Gujarat,BYD INDIA PRIVATE LIMITED,Electric (EV),28,BYD,BYD,China,West,IN-GJ,State,"Gujarat, India",Feb,2,Q1,28,False,True
2026-03-01,Gujarat,BYD INDIA PRIVATE LIMITED,Electric (EV),42,BYD,BYD,China,West,IN-GJ,State,"Gujarat, India",Mar,3,Q1,31,False,True
2026-04-01,Gujarat,BYD INDIA PRIVATE LIMITED,Electric (EV),32,BYD,BYD,China,West,IN-GJ,State,"Gujarat, India",Apr,4,Q2,30,False,True
2026-05-01,Gujarat,BYD INDIA PRIVATE LIMITED,Electric (EV),58,BYD,BYD,China,West,IN-GJ,State,"Gujarat, India",May,5,Q2,31,False,True
2026-06-01,Gujarat,BYD INDIA PRIVATE LIMITED,Electric (EV),46,BYD,BYD,China,West,IN-GJ,State,"Gujarat, India",Jun,6,Q2,17,True,True
2026-01-01,Gujarat,HYUNDAI MOTOR INDIA LTD,Electric (EV),24,Hyundai,Hyundai,South Korea,West,IN-GJ,State,"Gujarat, India",Jan,1,Q1,31,False,True
2026-02-01,Gujarat,HYUNDAI MOTOR INDIA LTD,Electric (EV),16,Hyundai,Hyundai,South Korea,West,IN-GJ,State,"Gujarat, India",Feb,2,Q1,28,False,True
2026-03-01,Gujarat,HYUNDAI MOTOR INDIA LTD,Electric (EV),50,Hyundai,Hyundai,South Korea,West,IN-GJ,State,"Gujarat, India",Mar,3,Q1,31,False,True
2026-04-01,Gujarat,HYUNDAI MOTOR INDIA LTD,Electric (EV),40,Hyundai,Hyundai,South Korea,West,IN-GJ,State,"Gujarat, India",Apr,4,Q2,30,False,True
2026-05-01,Gujarat,HYUNDAI MOTOR INDIA LTD,Electric (EV),32,Hyundai,Hyundai,South Korea,West,IN-GJ,State,"Gujarat, India",May,5,Q2,31,False,True
2026-06-01,Gujarat,HYUNDAI MOTOR INDIA LTD,Electric (EV),22,Hyundai,Hyundai,South Korea,West,IN-GJ,State,"Gujarat, India",Jun,6,Q2,17,True,True
2026-01-01,Gujarat,JSW MG MOTOR INDIA PVT LTD,Electric (EV),395,MG,JSW-SAIC,India / China,West,IN-GJ,State,"Gujarat, India",Jan,1,Q1,31,False,True
2026-02-01,Gujarat,JSW MG MOTOR INDIA PVT LTD,Electric (EV),253,MG,JSW-SAIC,India / China,West,IN-GJ,State,"Gujarat, India",Feb,2,Q1,28,False,True
2026-03-01,Gujarat,JSW MG MOTOR INDIA PVT LTD,Electric (EV),531,MG,JSW-SAIC,India / China,West,IN-GJ,State,"Gujarat, India",Mar,3,Q1,31,False,True
2026-04-01,Gujarat,JSW MG MOTOR INDIA PVT LTD,Electric (EV),526,MG,JSW-SAIC,India / China,West,IN-GJ,State,"Gujarat, India",Apr,4,Q2,30,False,True
2026-05-01,Gujarat,JSW MG MOTOR INDIA PVT LTD,Electric (EV),340,MG,JSW-SAIC,India / China,West,IN-GJ,State,"Gujarat, India",May,5,Q2,31,False,True
2026-06-01,Gujarat,JSW MG MOTOR INDIA PVT LTD,Electric (EV),217,MG,JSW-SAIC,India / China,West,IN-GJ,State,"Gujarat, India",Jun,6,Q2,17,True,True
2026-01-01,Gujarat,KIA INDIA PRIVATE LIMITED,Electric (EV),13,Kia,Hyundai,South Korea,West,IN-GJ,State,"Gujarat, India",Jan,1,Q1,31,False,True
2026-02-01,Gujarat,KIA INDIA PRIVATE LIMITED,Electric (EV),19,Kia,Hyundai,South Korea,West,IN-GJ,State,"Gujarat, India",Feb,2,Q1,28,False,True
2026-03-01,Gujarat,KIA INDIA PRIVATE LIMITED,Electric (EV),26,Kia,Hyundai,South Korea,West,IN-GJ,State,"Gujarat, India",Mar,3,Q1,31,False,True
2026-04-01,Gujarat,KIA INDIA PRIVATE LIMITED,Electric (EV),17,Kia,Hyundai,South Korea,West,IN-GJ,State,"Gujarat, India",Apr,4,Q2,30,False,True
2026-05-01,Gujarat,KIA INDIA PRIVATE LIMITED,Electric (EV),14,Kia,Hyundai,South Korea,West,IN-GJ,State,"Gujarat, India",May,5,Q2,31,False,True
2026-06-01,Gujarat,KIA INDIA PRIVATE LIMITED,Electric (EV),8,Kia,Hyundai,South Korea,West,IN-GJ,State,"Gujarat, India",Jun,6,Q2,17,True,True
2026-01-01,Gujarat,MAHINDRA & MAHINDRA LIMITED,Electric (EV),7,Mahindra,Mahindra,India,West,IN-GJ,State,"Gujarat, India",Jan,1,Q1,31,False,True
2026-03-01,Gujarat,MAHINDRA & MAHINDRA LIMITED,Electric (EV),4,Mahindra,Mahindra,India,West,IN-GJ,State,"Gujarat, India",Mar,3,Q1,31,False,True
2026-04-01,Gujarat,MAHINDRA & MAHINDRA LIMITED,Electric (EV),8,Mahindra,Mahindra,India,West,IN-GJ,State,"Gujarat, India",Apr,4,Q2,30,False,True
2026-05-01,Gujarat,MAHINDRA & MAHINDRA LIMITED,Electric (EV),17,Mahindra,Mahindra,India,West,IN-GJ,State,"Gujarat, India",May,5,Q2,31,False,True
2026-06-01,Gujarat,MAHINDRA & MAHINDRA LIMITED,Electric (EV),27,Mahindra,Mahindra,India,West,IN-GJ,State,"Gujarat, India",Jun,6,Q2,17,True,True
2026-01-01,Gujarat,MAHINDRA ELECTRIC AUTOMOBILE LTD,Electric (EV),320,Mahindra,Mahindra,India,West,IN-GJ,State,"Gujarat, India",Jan,1,Q1,31,False,True
2026-02-01,Gujarat,MAHINDRA ELECTRIC AUTOMOBILE LTD,Electric (EV),286,Mahindra,Mahindra,India,West,IN-GJ,State,"Gujarat, India",Feb,2,Q1,28,False,True
2026-03-01,Gujarat,MAHINDRA ELECTRIC AUTOMOBILE LTD,Electric (EV),664,Mahindra,Mahindra,India,West,IN-GJ,State,"Gujarat, India",Mar,3,Q1,31,False,True
2026-04-01,Gujarat,MAHINDRA ELECTRIC AUTOMOBILE LTD,Electric (EV),579,Mahindra,Mahindra,India,West,IN-GJ,State,"Gujarat, India",Apr,4,Q2,30,False,True
2026-05-01,Gujarat,MAHINDRA ELECTRIC AUTOMOBILE LTD,Electric (EV),520,Mahindra,Mahindra,India,West,IN-GJ,State,"Gujarat, India",May,5,Q2,31,False,True
2026-06-01,Gujarat,MAHINDRA ELECTRIC AUTOMOBILE LTD,Electric (EV),484,Mahindra,Mahindra,India,West,IN-GJ,State,"Gujarat, India",Jun,6,Q2,17,True,True
2026-01-01,Gujarat,MARUTI SUZUKI INDIA LTD,Electric (EV),15,Maruti Suzuki,Suzuki,Japan,West,IN-GJ,State,"Gujarat, India",Jan,1,Q1,31,False,True
2026-02-01,Gujarat,MARUTI SUZUKI INDIA LTD,Electric (EV),23,Maruti Suzuki,Suzuki,Japan,West,IN-GJ,State,"Gujarat, India",Feb,2,Q1,28,False,True
2026-03-01,Gujarat,MARUTI SUZUKI INDIA LTD,Electric (EV),99,Maruti Suzuki,Suzuki,Japan,West,IN-GJ,State,"Gujarat, India",Mar,3,Q1,31,False,True
2026-04-01,Gujarat,MARUTI SUZUKI INDIA LTD,Electric (EV),74,Maruti Suzuki,Suzuki,Japan,West,IN-GJ,State,"Gujarat, India",Apr,4,Q2,30,False,True
2026-05-01,Gujarat,MARUTI SUZUKI INDIA LTD,Electric (EV),105,Maruti Suzuki,Suzuki,Japan,West,IN-GJ,State,"Gujarat, India",May,5,Q2,31,False,True
2026-06-01,Gujarat,MARUTI SUZUKI INDIA LTD,Electric (EV),69,Maruti Suzuki,Suzuki,Japan,West,IN-GJ,State,"Gujarat, India",Jun,6,Q2,17,True,True
2026-01-01,Gujarat,MERCEDES-BENZ AG,Electric (EV),2,Mercedes-Benz,Mercedes-Benz,Germany,West,IN-GJ,State,"Gujarat, India",Jan,1,Q1,31,False,True
2026-02-01,Gujarat,MERCEDES-BENZ AG,Electric (EV),3,Mercedes-Benz,Mercedes-Benz,Germany,West,IN-GJ,State,"Gujarat, India",Feb,2,Q1,28,False,True
2026-03-01,Gujarat,MERCEDES-BENZ AG,Electric (EV),1,Mercedes-Benz,Mercedes-Benz,Germany,West,IN-GJ,State,"Gujarat, India",Mar,3,Q1,31,False,True
2026-04-01,Gujarat,MERCEDES-BENZ AG,Electric (EV),5,Mercedes-Benz,Mercedes-Benz,Germany,West,IN-GJ,State,"Gujarat, India",Apr,4,Q2,30,False,True
2026-05-01,Gujarat,MERCEDES-BENZ AG,Electric (EV),6,Mercedes-Benz,Mercedes-Benz,Germany,West,IN-GJ,State,"Gujarat, India",May,5,Q2,31,False,True
2026-06-01,Gujarat,MERCEDES-BENZ AG,Electric (EV),10,Mercedes-Benz,Mercedes-Benz,Germany,West,IN-GJ,State,"Gujarat, India",Jun,6,Q2,17,True,True
2026-01-01,Gujarat,MERCEDES-BENZ INDIA PVT LTD,Electric (EV),3,Mercedes-Benz,Mercedes-Benz,Germany,West,IN-GJ,State,"Gujarat, India",Jan,1,Q1,31,False,True
2026-02-01,Gujarat,MERCEDES-BENZ INDIA PVT LTD,Electric (EV),6,Mercedes-Benz,Mercedes-Benz,Germany,West,IN-GJ,State,"Gujarat, India",Feb,2,Q1,28,False,True
2026-03-01,Gujarat,MERCEDES-BENZ INDIA PVT LTD,Electric (EV),14,Mercedes-Benz,Mercedes-Benz,Germany,West,IN-GJ,State,"Gujarat, India",Mar,3,Q1,31,False,True
2026-04-01,Gujarat,MERCEDES-BENZ INDIA PVT LTD,Electric (EV),10,Mercedes-Benz,Mercedes-Benz,Germany,West,IN-GJ,State,"Gujarat, India",Apr,4,Q2,30,False,True
2026-05-01,Gujarat,MERCEDES-BENZ INDIA PVT LTD,Electric (EV),2,Mercedes-Benz,Mercedes-Benz,Germany,West,IN-GJ,State,"Gujarat, India",May,5,Q2,31,False,True
2026-06-01,Gujarat,MERCEDES-BENZ INDIA PVT LTD,Electric (EV),2,Mercedes-Benz,Mercedes-Benz,Germany,West,IN-GJ,State,"Gujarat, India",Jun,6,Q2,17,True,True
2026-01-01,Gujarat,PORSCHE AG GERMANY,Electric (EV),1,Porsche,Volkswagen Group,Germany,West,IN-GJ,State,"Gujarat, India",Jan,1,Q1,31,False,True
2026-05-01,Gujarat,PORSCHE AG GERMANY,Electric (EV),1,Porsche,Volkswagen Group,Germany,West,IN-GJ,State,"Gujarat, India",May,5,Q2,31,False,True
2026-01-01,Gujarat,TATA PASSENGER ELECTRIC MOBILITY LTD,Electric (EV),442,Tata,Tata Motors,India,West,IN-GJ,State,"Gujarat, India",Jan,1,Q1,31,False,True
2026-02-01,Gujarat,TATA PASSENGER ELECTRIC MOBILITY LTD,Electric (EV),318,Tata,Tata Motors,India,West,IN-GJ,State,"Gujarat, India",Feb,2,Q1,28,False,True
2026-03-01,Gujarat,TATA PASSENGER ELECTRIC MOBILITY LTD,Electric (EV),565,Tata,Tata Motors,India,West,IN-GJ,State,"Gujarat, India",Mar,3,Q1,31,False,True
2026-04-01,Gujarat,TATA PASSENGER ELECTRIC MOBILITY LTD,Electric (EV),549,Tata,Tata Motors,India,West,IN-GJ,State,"Gujarat, India",Apr,4,Q2,30,False,True
2026-05-01,Gujarat,TATA PASSENGER ELECTRIC MOBILITY LTD,Electric (EV),530,Tata,Tata Motors,India,West,IN-GJ,State,"Gujarat, India",May,5,Q2,31,False,True
2026-06-01,Gujarat,TATA PASSENGER ELECTRIC MOBILITY LTD,Electric (EV),379,Tata,Tata Motors,India,West,IN-GJ,State,"Gujarat, India",Jun,6,Q2,17,True,True
2026-02-01,Gujarat,TESLA INDIA MOTORS AND ENERGY PVT LTD,Electric (EV),1,Tesla,Tesla,USA,West,IN-GJ,State,"Gujarat, India",Feb,2,Q1,28,False,True
2026-03-01,Gujarat,TESLA INDIA MOTORS AND ENERGY PVT LTD,Electric (EV),5,Tesla,Tesla,USA,West,IN-GJ,State,"Gujarat, India",Mar,3,Q1,31,False,True
2026-04-01,Gujarat,TESLA INDIA MOTORS AND ENERGY PVT LTD,Electric (EV),3,Tesla,Tesla,USA,West,IN-GJ,State,"Gujarat, India",Apr,4,Q2,30,False,True
2026-05-01,Gujarat,TESLA INDIA MOTORS AND ENERGY PVT LTD,Electric (EV),1,Tesla,Tesla,USA,West,IN-GJ,State,"Gujarat, India",May,5,Q2,31,False,True
2026-06-01,Gujarat,TESLA INDIA MOTORS AND ENERGY PVT LTD,Electric (EV),2,Tesla,Tesla,USA,West,IN-GJ,State,"Gujarat, India",Jun,6,Q2,17,True,True
2026-01-01,Gujarat,VINFAST AUTO INDIA PVT LTD,Electric (EV),49,VinFast,Vingroup,Vietnam,West,IN-GJ,State,"Gujarat, India",Jan,1,Q1,31,False,True
2026-02-01,Gujarat,VINFAST AUTO INDIA PVT LTD,Electric (EV),65,VinFast,Vingroup,Vietnam,West,IN-GJ,State,"Gujarat, India",Feb,2,Q1,28,False,True
2026-03-01,Gujarat,VINFAST AUTO INDIA PVT LTD,Electric (EV),130,VinFast,Vingroup,Vietnam,West,IN-GJ,State,"Gujarat, India",Mar,3,Q1,31,False,True
2026-04-01,Gujarat,VINFAST AUTO INDIA PVT LTD,Electric (EV),124,VinFast,Vingroup,Vietnam,West,IN-GJ,State,"Gujarat, India",Apr,4,Q2,30,False,True
2026-05-01,Gujarat,VINFAST AUTO INDIA PVT LTD,Electric (EV),111,VinFast,Vingroup,Vietnam,West,IN-GJ,State,"Gujarat, India",May,5,Q2,31,False,True
2026-06-01,Gujarat,VINFAST AUTO INDIA PVT LTD,Electric (EV),110,VinFast,Vingroup,Vietnam,West,IN-GJ,State,"Gujarat, India",Jun,6,Q2,17,True,True
2026-01-01,Gujarat,VOLVO AUTO INDIA PVT LTD,Electric (EV),5,Volvo,Geely,Sweden,West,IN-GJ,State,"Gujarat, India",Jan,1,Q1,31,False,True
2026-02-01,Gujarat,VOLVO AUTO INDIA PVT LTD,Electric (EV),2,Volvo,Geely,Sweden,West,IN-GJ,State,"Gujarat, India",Feb,2,Q1,28,False,True
2026-03-01,Gujarat,VOLVO AUTO INDIA PVT LTD,Electric (EV),1,Volvo,Geely,Sweden,West,IN-GJ,State,"Gujarat, India",Mar,3,Q1,31,False,True
2026-04-01,Gujarat,VOLVO AUTO INDIA PVT LTD,Electric (EV),6,Volvo,Geely,Sweden,West,IN-GJ,State,"Gujarat, India",Apr,4,Q2,30,False,True
2026-05-01,Gujarat,VOLVO AUTO INDIA PVT LTD,Electric (EV),2,Volvo,Geely,Sweden,West,IN-GJ,State,"Gujarat, India",May,5,Q2,31,False,True
2026-06-01,Gujarat,VOLVO AUTO INDIA PVT LTD,Electric (EV),4,Volvo,Geely,Sweden,West,IN-GJ,State,"Gujarat, India",Jun,6,Q2,17,True,True
2026-02-01,Haryana,BMW INDIA PVT LTD,Electric (EV),1,BMW,BMW Group,Germany,North,IN-HR,State,"Haryana, India",Feb,2,Q1,28,False,True
2026-03-01,Haryana,BMW INDIA PVT LTD,Electric (EV),3,BMW,BMW Group,Germany,North,IN-HR,State,"Haryana, India",Mar,3,Q1,31,False,True
2026-04-01,Haryana,BMW INDIA PVT LTD,Electric (EV),3,BMW,BMW Group,Germany,North,IN-HR,State,"Haryana, India",Apr,4,Q2,30,False,True
2026-05-01,Haryana,BMW INDIA PVT LTD,Electric (EV),3,BMW,BMW Group,Germany,North,IN-HR,State,"Haryana, India",May,5,Q2,31,False,True
2026-01-01,Haryana,BYD INDIA PRIVATE LIMITED,Electric (EV),1,BYD,BYD,China,North,IN-HR,State,"Haryana, India",Jan,1,Q1,31,False,True
2026-02-01,Haryana,BYD INDIA PRIVATE LIMITED,Electric (EV),3,BYD,BYD,China,North,IN-HR,State,"Haryana, India",Feb,2,Q1,28,False,True
2026-03-01,Haryana,BYD INDIA PRIVATE LIMITED,Electric (EV),9,BYD,BYD,China,North,IN-HR,State,"Haryana, India",Mar,3,Q1,31,False,True
2026-04-01,Haryana,BYD INDIA PRIVATE LIMITED,Electric (EV),3,BYD,BYD,China,North,IN-HR,State,"Haryana, India",Apr,4,Q2,30,False,True
2026-05-01,Haryana,BYD INDIA PRIVATE LIMITED,Electric (EV),4,BYD,BYD,China,North,IN-HR,State,"Haryana, India",May,5,Q2,31,False,True
2026-06-01,Haryana,BYD INDIA PRIVATE LIMITED,Electric (EV),3,BYD,BYD,China,North,IN-HR,State,"Haryana, India",Jun,6,Q2,17,True,True
2026-01-01,Haryana,HYUNDAI MOTOR INDIA LTD,Electric (EV),2,Hyundai,Hyundai,South Korea,North,IN-HR,State,"Haryana, India",Jan,1,Q1,31,False,True
2026-02-01,Haryana,HYUNDAI MOTOR INDIA LTD,Electric (EV),6,Hyundai,Hyundai,South Korea,North,IN-HR,State,"Haryana, India",Feb,2,Q1,28,False,True
2026-03-01,Haryana,HYUNDAI MOTOR INDIA LTD,Electric (EV),3,Hyundai,Hyundai,South Korea,North,IN-HR,State,"Haryana, India",Mar,3,Q1,31,False,True
2026-04-01,Haryana,HYUNDAI MOTOR INDIA LTD,Electric (EV),5,Hyundai,Hyundai,South Korea,North,IN-HR,State,"Haryana, India",Apr,4,Q2,30,False,True
2026-05-01,Haryana,HYUNDAI MOTOR INDIA LTD,Electric (EV),3,Hyundai,Hyundai,South Korea,North,IN-HR,State,"Haryana, India",May,5,Q2,31,False,True
2026-06-01,Haryana,HYUNDAI MOTOR INDIA LTD,Electric (EV),1,Hyundai,Hyundai,South Korea,North,IN-HR,State,"Haryana, India",Jun,6,Q2,17,True,True
2026-01-01,Haryana,JSW MG MOTOR INDIA PVT LTD,Electric (EV),22,MG,JSW-SAIC,India / China,North,IN-HR,State,"Haryana, India",Jan,1,Q1,31,False,True
2026-02-01,Haryana,JSW MG MOTOR INDIA PVT LTD,Electric (EV),27,MG,JSW-SAIC,India / China,North,IN-HR,State,"Haryana, India",Feb,2,Q1,28,False,True
2026-03-01,Haryana,JSW MG MOTOR INDIA PVT LTD,Electric (EV),25,MG,JSW-SAIC,India / China,North,IN-HR,State,"Haryana, India",Mar,3,Q1,31,False,True
2026-04-01,Haryana,JSW MG MOTOR INDIA PVT LTD,Electric (EV),26,MG,JSW-SAIC,India / China,North,IN-HR,State,"Haryana, India",Apr,4,Q2,30,False,True
2026-05-01,Haryana,JSW MG MOTOR INDIA PVT LTD,Electric (EV),24,MG,JSW-SAIC,India / China,North,IN-HR,State,"Haryana, India",May,5,Q2,31,False,True
2026-06-01,Haryana,JSW MG MOTOR INDIA PVT LTD,Electric (EV),12,MG,JSW-SAIC,India / China,North,IN-HR,State,"Haryana, India",Jun,6,Q2,17,True,True
2026-01-01,Haryana,KIA INDIA PRIVATE LIMITED,Electric (EV),1,Kia,Hyundai,South Korea,North,IN-HR,State,"Haryana, India",Jan,1,Q1,31,False,True
2026-02-01,Haryana,KIA INDIA PRIVATE LIMITED,Electric (EV),2,Kia,Hyundai,South Korea,North,IN-HR,State,"Haryana, India",Feb,2,Q1,28,False,True
2026-03-01,Haryana,KIA INDIA PRIVATE LIMITED,Electric (EV),4,Kia,Hyundai,South Korea,North,IN-HR,State,"Haryana, India",Mar,3,Q1,31,False,True
2026-04-01,Haryana,KIA INDIA PRIVATE LIMITED,Electric (EV),1,Kia,Hyundai,South Korea,North,IN-HR,State,"Haryana, India",Apr,4,Q2,30,False,True
2026-05-01,Haryana,KIA INDIA PRIVATE LIMITED,Electric (EV),1,Kia,Hyundai,South Korea,North,IN-HR,State,"Haryana, India",May,5,Q2,31,False,True
2026-05-01,Haryana,MAHINDRA & MAHINDRA LIMITED,Electric (EV),1,Mahindra,Mahindra,India,North,IN-HR,State,"Haryana, India",May,5,Q2,31,False,True
2026-01-01,Haryana,MAHINDRA ELECTRIC AUTOMOBILE LTD,Electric (EV),21,Mahindra,Mahindra,India,North,IN-HR,State,"Haryana, India",Jan,1,Q1,31,False,True
2026-02-01,Haryana,MAHINDRA ELECTRIC AUTOMOBILE LTD,Electric (EV),9,Mahindra,Mahindra,India,North,IN-HR,State,"Haryana, India",Feb,2,Q1,28,False,True
2026-03-01,Haryana,MAHINDRA ELECTRIC AUTOMOBILE LTD,Electric (EV),13,Mahindra,Mahindra,India,North,IN-HR,State,"Haryana, India",Mar,3,Q1,31,False,True
2026-04-01,Haryana,MAHINDRA ELECTRIC AUTOMOBILE LTD,Electric (EV),25,Mahindra,Mahindra,India,North,IN-HR,State,"Haryana, India",Apr,4,Q2,30,False,True
2026-05-01,Haryana,MAHINDRA ELECTRIC AUTOMOBILE LTD,Electric (EV),30,Mahindra,Mahindra,India,North,IN-HR,State,"Haryana, India",May,5,Q2,31,False,True
2026-06-01,Haryana,MAHINDRA ELECTRIC AUTOMOBILE LTD,Electric (EV),10,Mahindra,Mahindra,India,North,IN-HR,State,"Haryana, India",Jun,6,Q2,17,True,True
2026-01-01,Haryana,MARUTI SUZUKI INDIA LTD,Electric (EV),16,Maruti Suzuki,Suzuki,Japan,North,IN-HR,State,"Haryana, India",Jan,1,Q1,31,False,True
2026-02-01,Haryana,MARUTI SUZUKI INDIA LTD,Electric (EV),11,Maruti Suzuki,Suzuki,Japan,North,IN-HR,State,"Haryana, India",Feb,2,Q1,28,False,True
2026-03-01,Haryana,MARUTI SUZUKI INDIA LTD,Electric (EV),10,Maruti Suzuki,Suzuki,Japan,North,IN-HR,State,"Haryana, India",Mar,3,Q1,31,False,True
2026-04-01,Haryana,MARUTI SUZUKI INDIA LTD,Electric (EV),27,Maruti Suzuki,Suzuki,Japan,North,IN-HR,State,"Haryana, India",Apr,4,Q2,30,False,True
2026-05-01,Haryana,MARUTI SUZUKI INDIA LTD,Electric (EV),6,Maruti Suzuki,Suzuki,Japan,North,IN-HR,State,"Haryana, India",May,5,Q2,31,False,True
2026-06-01,Haryana,MARUTI SUZUKI INDIA LTD,Electric (EV),3,Maruti Suzuki,Suzuki,Japan,North,IN-HR,State,"Haryana, India",Jun,6,Q2,17,True,True
2026-05-01,Haryana,MERCEDES-BENZ AG,Electric (EV),1,Mercedes-Benz,Mercedes-Benz,Germany,North,IN-HR,State,"Haryana, India",May,5,Q2,31,False,True
2026-02-01,Haryana,MERCEDES-BENZ INDIA PVT LTD,Electric (EV),2,Mercedes-Benz,Mercedes-Benz,Germany,North,IN-HR,State,"Haryana, India",Feb,2,Q1,28,False,True
2026-03-01,Haryana,MERCEDES-BENZ INDIA PVT LTD,Electric (EV),3,Mercedes-Benz,Mercedes-Benz,Germany,North,IN-HR,State,"Haryana, India",Mar,3,Q1,31,False,True
2026-04-01,Haryana,MERCEDES-BENZ INDIA PVT LTD,Electric (EV),2,Mercedes-Benz,Mercedes-Benz,Germany,North,IN-HR,State,"Haryana, India",Apr,4,Q2,30,False,True
2026-05-01,Haryana,MERCEDES-BENZ INDIA PVT LTD,Electric (EV),3,Mercedes-Benz,Mercedes-Benz,Germany,North,IN-HR,State,"Haryana, India",May,5,Q2,31,False,True
2026-01-01,Haryana,TATA PASSENGER ELECTRIC MOBILITY LTD,Electric (EV),18,Tata,Tata Motors,India,North,IN-HR,State,"Haryana, India",Jan,1,Q1,31,False,True
2026-02-01,Haryana,TATA PASSENGER ELECTRIC MOBILITY LTD,Electric (EV),24,Tata,Tata Motors,India,North,IN-HR,State,"Haryana, India",Feb,2,Q1,28,False,True
2026-03-01,Haryana,TATA PASSENGER ELECTRIC MOBILITY LTD,Electric (EV),27,Tata,Tata Motors,India,North,IN-HR,State,"Haryana, India",Mar,3,Q1,31,False,True
2026-04-01,Haryana,TATA PASSENGER ELECTRIC MOBILITY LTD,Electric (EV),38,Tata,Tata Motors,India,North,IN-HR,State,"Haryana, India",Apr,4,Q2,30,False,True
2026-05-01,Haryana,TATA PASSENGER ELECTRIC MOBILITY LTD,Electric (EV),44,Tata,Tata Motors,India,North,IN-HR,State,"Haryana, India",May,5,Q2,31,False,True
2026-06-01,Haryana,TATA PASSENGER ELECTRIC MOBILITY LTD,Electric (EV),25,Tata,Tata Motors,India,North,IN-HR,State,"Haryana, India",Jun,6,Q2,17,True,True
2026-01-01,Haryana,TESLA INDIA MOTORS AND ENERGY PVT LTD,Electric (EV),2,Tesla,Tesla,USA,North,IN-HR,State,"Haryana, India",Jan,1,Q1,31,False,True
2026-04-01,Haryana,TESLA INDIA MOTORS AND ENERGY PVT LTD,Electric (EV),2,Tesla,Tesla,USA,North,IN-HR,State,"Haryana, India",Apr,4,Q2,30,False,True
2026-05-01,Haryana,TESLA INDIA MOTORS AND ENERGY PVT LTD,Electric (EV),1,Tesla,Tesla,USA,North,IN-HR,State,"Haryana, India",May,5,Q2,31,False,True
2026-01-01,Haryana,VINFAST AUTO INDIA PVT LTD,Electric (EV),3,VinFast,Vingroup,Vietnam,North,IN-HR,State,"Haryana, India",Jan,1,Q1,31,False,True
2026-02-01,Haryana,VINFAST AUTO INDIA PVT LTD,Electric (EV),3,VinFast,Vingroup,Vietnam,North,IN-HR,State,"Haryana, India",Feb,2,Q1,28,False,True
2026-03-01,Haryana,VINFAST AUTO INDIA PVT LTD,Electric (EV),4,VinFast,Vingroup,Vietnam,North,IN-HR,State,"Haryana, India",Mar,3,Q1,31,False,True
2026-04-01,Haryana,VINFAST AUTO INDIA PVT LTD,Electric (EV),4,VinFast,Vingroup,Vietnam,North,IN-HR,State,"Haryana, India",Apr,4,Q2,30,False,True
2026-05-01,Haryana,VINFAST AUTO INDIA PVT LTD,Electric (EV),4,VinFast,Vingroup,Vietnam,North,IN-HR,State,"Haryana, India",May,5,Q2,31,False,True
2026-06-01,Haryana,VINFAST AUTO INDIA PVT LTD,Electric (EV),1,VinFast,Vingroup,Vietnam,North,IN-HR,State,"Haryana, India",Jun,6,Q2,17,True,True
2026-06-01,Himachal Pradesh,BMW INDIA PVT LTD,Electric (EV),1,BMW,BMW Group,Germany,North,IN-HP,State,"Himachal Pradesh, India",Jun,6,Q2,17,True,True
2026-01-01,Himachal Pradesh,BYD INDIA PRIVATE LIMITED,Electric (EV),1,BYD,BYD,China,North,IN-HP,State,"Himachal Pradesh, India",Jan,1,Q1,31,False,True
2026-02-01,Himachal Pradesh,BYD INDIA PRIVATE LIMITED,Electric (EV),1,BYD,BYD,China,North,IN-HP,State,"Himachal Pradesh, India",Feb,2,Q1,28,False,True
2026-03-01,Himachal Pradesh,BYD INDIA PRIVATE LIMITED,Electric (EV),1,BYD,BYD,China,North,IN-HP,State,"Himachal Pradesh, India",Mar,3,Q1,31,False,True
2026-04-01,Himachal Pradesh,BYD INDIA PRIVATE LIMITED,Electric (EV),1,BYD,BYD,China,North,IN-HP,State,"Himachal Pradesh, India",Apr,4,Q2,30,False,True
2026-05-01,Himachal Pradesh,BYD INDIA PRIVATE LIMITED,Electric (EV),3,BYD,BYD,China,North,IN-HP,State,"Himachal Pradesh, India",May,5,Q2,31,False,True
2026-02-01,Himachal Pradesh,HYUNDAI MOTOR INDIA LTD,Electric (EV),1,Hyundai,Hyundai,South Korea,North,IN-HP,State,"Himachal Pradesh, India",Feb,2,Q1,28,False,True
2026-04-01,Himachal Pradesh,HYUNDAI MOTOR INDIA LTD,Electric (EV),1,Hyundai,Hyundai,South Korea,North,IN-HP,State,"Himachal Pradesh, India",Apr,4,Q2,30,False,True
2026-01-01,Himachal Pradesh,JSW MG MOTOR INDIA PVT LTD,Electric (EV),21,MG,JSW-SAIC,India / China,North,IN-HP,State,"Himachal Pradesh, India",Jan,1,Q1,31,False,True
2026-02-01,Himachal Pradesh,JSW MG MOTOR INDIA PVT LTD,Electric (EV),7,MG,JSW-SAIC,India / China,North,IN-HP,State,"Himachal Pradesh, India",Feb,2,Q1,28,False,True
2026-03-01,Himachal Pradesh,JSW MG MOTOR INDIA PVT LTD,Electric (EV),8,MG,JSW-SAIC,India / China,North,IN-HP,State,"Himachal Pradesh, India",Mar,3,Q1,31,False,True
2026-04-01,Himachal Pradesh,JSW MG MOTOR INDIA PVT LTD,Electric (EV),14,MG,JSW-SAIC,India / China,North,IN-HP,State,"Himachal Pradesh, India",Apr,4,Q2,30,False,True
2026-05-01,Himachal Pradesh,JSW MG MOTOR INDIA PVT LTD,Electric (EV),9,MG,JSW-SAIC,India / China,North,IN-HP,State,"Himachal Pradesh, India",May,5,Q2,31,False,True
2026-06-01,Himachal Pradesh,JSW MG MOTOR INDIA PVT LTD,Electric (EV),7,MG,JSW-SAIC,India / China,North,IN-HP,State,"Himachal Pradesh, India",Jun,6,Q2,17,True,True
2026-02-01,Himachal Pradesh,KIA INDIA PRIVATE LIMITED,Electric (EV),1,Kia,Hyundai,South Korea,North,IN-HP,State,"Himachal Pradesh, India",Feb,2,Q1,28,False,True
2026-03-01,Himachal Pradesh,KIA INDIA PRIVATE LIMITED,Electric (EV),1,Kia,Hyundai,South Korea,North,IN-HP,State,"Himachal Pradesh, India",Mar,3,Q1,31,False,True
2026-05-01,Himachal Pradesh,KIA INDIA PRIVATE LIMITED,Electric (EV),3,Kia,Hyundai,South Korea,North,IN-HP,State,"Himachal Pradesh, India",May,5,Q2,31,False,True
2026-01-01,Himachal Pradesh,MAHINDRA & MAHINDRA LIMITED,Electric (EV),1,Mahindra,Mahindra,India,North,IN-HP,State,"Himachal Pradesh, India",Jan,1,Q1,31,False,True
2026-02-01,Himachal Pradesh,MAHINDRA & MAHINDRA LIMITED,Electric (EV),2,Mahindra,Mahindra,India,North,IN-HP,State,"Himachal Pradesh, India",Feb,2,Q1,28,False,True
2026-05-01,Himachal Pradesh,MAHINDRA & MAHINDRA LIMITED,Electric (EV),1,Mahindra,Mahindra,India,North,IN-HP,State,"Himachal Pradesh, India",May,5,Q2,31,False,True
2026-01-01,Himachal Pradesh,MAHINDRA ELECTRIC AUTOMOBILE LTD,Electric (EV),10,Mahindra,Mahindra,India,North,IN-HP,State,"Himachal Pradesh, India",Jan,1,Q1,31,False,True
2026-02-01,Himachal Pradesh,MAHINDRA ELECTRIC AUTOMOBILE LTD,Electric (EV),15,Mahindra,Mahindra,India,North,IN-HP,State,"Himachal Pradesh, India",Feb,2,Q1,28,False,True
2026-03-01,Himachal Pradesh,MAHINDRA ELECTRIC AUTOMOBILE LTD,Electric (EV),15,Mahindra,Mahindra,India,North,IN-HP,State,"Himachal Pradesh, India",Mar,3,Q1,31,False,True
2026-04-01,Himachal Pradesh,MAHINDRA ELECTRIC AUTOMOBILE LTD,Electric (EV),21,Mahindra,Mahindra,India,North,IN-HP,State,"Himachal Pradesh, India",Apr,4,Q2,30,False,True
2026-05-01,Himachal Pradesh,MAHINDRA ELECTRIC AUTOMOBILE LTD,Electric (EV),22,Mahindra,Mahindra,India,North,IN-HP,State,"Himachal Pradesh, India",May,5,Q2,31,False,True
2026-06-01,Himachal Pradesh,MAHINDRA ELECTRIC AUTOMOBILE LTD,Electric (EV),15,Mahindra,Mahindra,India,North,IN-HP,State,"Himachal Pradesh, India",Jun,6,Q2,17,True,True
2026-01-01,Himachal Pradesh,MARUTI SUZUKI INDIA LTD,Electric (EV),3,Maruti Suzuki,Suzuki,Japan,North,IN-HP,State,"Himachal Pradesh, India",Jan,1,Q1,31,False,True
2026-02-01,Himachal Pradesh,MARUTI SUZUKI INDIA LTD,Electric (EV),2,Maruti Suzuki,Suzuki,Japan,North,IN-HP,State,"Himachal Pradesh, India",Feb,2,Q1,28,False,True
2026-03-01,Himachal Pradesh,MARUTI SUZUKI INDIA LTD,Electric (EV),2,Maruti Suzuki,Suzuki,Japan,North,IN-HP,State,"Himachal Pradesh, India",Mar,3,Q1,31,False,True
2026-04-01,Himachal Pradesh,MARUTI SUZUKI INDIA LTD,Electric (EV),5,Maruti Suzuki,Suzuki,Japan,North,IN-HP,State,"Himachal Pradesh, India",Apr,4,Q2,30,False,True
2026-05-01,Himachal Pradesh,MARUTI SUZUKI INDIA LTD,Electric (EV),7,Maruti Suzuki,Suzuki,Japan,North,IN-HP,State,"Himachal Pradesh, India",May,5,Q2,31,False,True
2026-06-01,Himachal Pradesh,MARUTI SUZUKI INDIA LTD,Electric (EV),2,Maruti Suzuki,Suzuki,Japan,North,IN-HP,State,"Himachal Pradesh, India",Jun,6,Q2,17,True,True
2026-05-01,Himachal Pradesh,MERCEDES-BENZ AG,Electric (EV),1,Mercedes-Benz,Mercedes-Benz,Germany,North,IN-HP,State,"Himachal Pradesh, India",May,5,Q2,31,False,True
2026-06-01,Himachal Pradesh,MERCEDES-BENZ AG,Electric (EV),1,Mercedes-Benz,Mercedes-Benz,Germany,North,IN-HP,State,"Himachal Pradesh, India",Jun,6,Q2,17,True,True
2026-02-01,Himachal Pradesh,MERCEDES-BENZ INDIA PVT LTD,Electric (EV),1,Mercedes-Benz,Mercedes-Benz,Germany,North,IN-HP,State,"Himachal Pradesh, India",Feb,2,Q1,28,False,True
2026-03-01,Himachal Pradesh,MERCEDES-BENZ INDIA PVT LTD,Electric (EV),1,Mercedes-Benz,Mercedes-Benz,Germany,North,IN-HP,State,"Himachal Pradesh, India",Mar,3,Q1,31,False,True
2026-01-01,Himachal Pradesh,TATA PASSENGER ELECTRIC MOBILITY LTD,Electric (EV),17,Tata,Tata Motors,India,North,IN-HP,State,"Himachal Pradesh, India",Jan,1,Q1,31,False,True
2026-02-01,Himachal Pradesh,TATA PASSENGER ELECTRIC MOBILITY LTD,Electric (EV),19,Tata,Tata Motors,India,North,IN-HP,State,"Himachal Pradesh, India",Feb,2,Q1,28,False,True
2026-03-01,Himachal Pradesh,TATA PASSENGER ELECTRIC MOBILITY LTD,Electric (EV),17,Tata,Tata Motors,India,North,IN-HP,State,"Himachal Pradesh, India",Mar,3,Q1,31,False,True
2026-04-01,Himachal Pradesh,TATA PASSENGER ELECTRIC MOBILITY LTD,Electric (EV),25,Tata,Tata Motors,India,North,IN-HP,State,"Himachal Pradesh, India",Apr,4,Q2,30,False,True
2026-05-01,Himachal Pradesh,TATA PASSENGER ELECTRIC MOBILITY LTD,Electric (EV),37,Tata,Tata Motors,India,North,IN-HP,State,"Himachal Pradesh, India",May,5,Q2,31,False,True
2026-06-01,Himachal Pradesh,TATA PASSENGER ELECTRIC MOBILITY LTD,Electric (EV),17,Tata,Tata Motors,India,North,IN-HP,State,"Himachal Pradesh, India",Jun,6,Q2,17,True,True
2026-04-01,Himachal Pradesh,TESLA INDIA MOTORS AND ENERGY PVT LTD,Electric (EV),1,Tesla,Tesla,USA,North,IN-HP,State,"Himachal Pradesh, India",Apr,4,Q2,30,False,True
2026-01-01,Himachal Pradesh,VINFAST AUTO INDIA PVT LTD,Electric (EV),2,VinFast,Vingroup,Vietnam,North,IN-HP,State,"Himachal Pradesh, India",Jan,1,Q1,31,False,True
2026-03-01,Himachal Pradesh,VINFAST AUTO INDIA PVT LTD,Electric (EV),2,VinFast,Vingroup,Vietnam,North,IN-HP,State,"Himachal Pradesh, India",Mar,3,Q1,31,False,True
2026-04-01,Himachal Pradesh,VINFAST AUTO INDIA PVT LTD,Electric (EV),2,VinFast,Vingroup,Vietnam,North,IN-HP,State,"Himachal Pradesh, India",Apr,4,Q2,30,False,True
2026-05-01,Himachal Pradesh,VINFAST AUTO INDIA PVT LTD,Electric (EV),1,VinFast,Vingroup,Vietnam,North,IN-HP,State,"Himachal Pradesh, India",May,5,Q2,31,False,True
2026-04-01,Jammu and Kashmir,BMW INDIA PVT LTD,Electric (EV),1,BMW,BMW Group,Germany,North,IN-JK,Union Territory,"Jammu and Kashmir, India",Apr,4,Q2,30,False,True
2026-05-01,Jammu and Kashmir,BYD INDIA PRIVATE LIMITED,Electric (EV),1,BYD,BYD,China,North,IN-JK,Union Territory,"Jammu and Kashmir, India",May,5,Q2,31,False,True
2026-01-01,Jammu and Kashmir,HYUNDAI MOTOR INDIA LTD,Electric (EV),1,Hyundai,Hyundai,South Korea,North,IN-JK,Union Territory,"Jammu and Kashmir, India",Jan,1,Q1,31,False,True
2026-02-01,Jammu and Kashmir,HYUNDAI MOTOR INDIA LTD,Electric (EV),2,Hyundai,Hyundai,South Korea,North,IN-JK,Union Territory,"Jammu and Kashmir, India",Feb,2,Q1,28,False,True
2026-03-01,Jammu and Kashmir,HYUNDAI MOTOR INDIA LTD,Electric (EV),2,Hyundai,Hyundai,South Korea,North,IN-JK,Union Territory,"Jammu and Kashmir, India",Mar,3,Q1,31,False,True
2026-04-01,Jammu and Kashmir,HYUNDAI MOTOR INDIA LTD,Electric (EV),8,Hyundai,Hyundai,South Korea,North,IN-JK,Union Territory,"Jammu and Kashmir, India",Apr,4,Q2,30,False,True
2026-05-01,Jammu and Kashmir,HYUNDAI MOTOR INDIA LTD,Electric (EV),3,Hyundai,Hyundai,South Korea,North,IN-JK,Union Territory,"Jammu and Kashmir, India",May,5,Q2,31,False,True
2026-06-01,Jammu and Kashmir,HYUNDAI MOTOR INDIA LTD,Electric (EV),3,Hyundai,Hyundai,South Korea,North,IN-JK,Union Territory,"Jammu and Kashmir, India",Jun,6,Q2,17,True,True
2026-01-01,Jammu and Kashmir,JSW MG MOTOR INDIA PVT LTD,Electric (EV),8,MG,JSW-SAIC,India / China,North,IN-JK,Union Territory,"Jammu and Kashmir, India",Jan,1,Q1,31,False,True
2026-02-01,Jammu and Kashmir,JSW MG MOTOR INDIA PVT LTD,Electric (EV),8,MG,JSW-SAIC,India / China,North,IN-JK,Union Territory,"Jammu and Kashmir, India",Feb,2,Q1,28,False,True
2026-03-01,Jammu and Kashmir,JSW MG MOTOR INDIA PVT LTD,Electric (EV),5,MG,JSW-SAIC,India / China,North,IN-JK,Union Territory,"Jammu and Kashmir, India",Mar,3,Q1,31,False,True
2026-04-01,Jammu and Kashmir,JSW MG MOTOR INDIA PVT LTD,Electric (EV),9,MG,JSW-SAIC,India / China,North,IN-JK,Union Territory,"Jammu and Kashmir, India",Apr,4,Q2,30,False,True
2026-05-01,Jammu and Kashmir,JSW MG MOTOR INDIA PVT LTD,Electric (EV),13,MG,JSW-SAIC,India / China,North,IN-JK,Union Territory,"Jammu and Kashmir, India",May,5,Q2,31,False,True
2026-06-01,Jammu and Kashmir,JSW MG MOTOR INDIA PVT LTD,Electric (EV),4,MG,JSW-SAIC,India / China,North,IN-JK,Union Territory,"Jammu and Kashmir, India",Jun,6,Q2,17,True,True
2026-03-01,Jammu and Kashmir,KIA INDIA PRIVATE LIMITED,Electric (EV),1,Kia,Hyundai,South Korea,North,IN-JK,Union Territory,"Jammu and Kashmir, India",Mar,3,Q1,31,False,True
2026-05-01,Jammu and Kashmir,KIA INDIA PRIVATE LIMITED,Electric (EV),2,Kia,Hyundai,South Korea,North,IN-JK,Union Territory,"Jammu and Kashmir, India",May,5,Q2,31,False,True
2026-04-01,Jammu and Kashmir,MAHINDRA & MAHINDRA LIMITED,Electric (EV),1,Mahindra,Mahindra,India,North,IN-JK,Union Territory,"Jammu and Kashmir, India",Apr,4,Q2,30,False,True
2026-05-01,Jammu and Kashmir,MAHINDRA & MAHINDRA LIMITED,Electric (EV),2,Mahindra,Mahindra,India,North,IN-JK,Union Territory,"Jammu and Kashmir, India",May,5,Q2,31,False,True
2026-01-01,Jammu and Kashmir,MAHINDRA ELECTRIC AUTOMOBILE LTD,Electric (EV),9,Mahindra,Mahindra,India,North,IN-JK,Union Territory,"Jammu and Kashmir, India",Jan,1,Q1,31,False,True
2026-02-01,Jammu and Kashmir,MAHINDRA ELECTRIC AUTOMOBILE LTD,Electric (EV),12,Mahindra,Mahindra,India,North,IN-JK,Union Territory,"Jammu and Kashmir, India",Feb,2,Q1,28,False,True
2026-03-01,Jammu and Kashmir,MAHINDRA ELECTRIC AUTOMOBILE LTD,Electric (EV),13,Mahindra,Mahindra,India,North,IN-JK,Union Territory,"Jammu and Kashmir, India",Mar,3,Q1,31,False,True
2026-04-01,Jammu and Kashmir,MAHINDRA ELECTRIC AUTOMOBILE LTD,Electric (EV),11,Mahindra,Mahindra,India,North,IN-JK,Union Territory,"Jammu and Kashmir, India",Apr,4,Q2,30,False,True
2026-05-01,Jammu and Kashmir,MAHINDRA ELECTRIC AUTOMOBILE LTD,Electric (EV),25,Mahindra,Mahindra,India,North,IN-JK,Union Territory,"Jammu and Kashmir, India",May,5,Q2,31,False,True
2026-06-01,Jammu and Kashmir,MAHINDRA ELECTRIC AUTOMOBILE LTD,Electric (EV),10,Mahindra,Mahindra,India,North,IN-JK,Union Territory,"Jammu and Kashmir, India",Jun,6,Q2,17,True,True
2026-01-01,Jammu and Kashmir,MARUTI SUZUKI INDIA LTD,Electric (EV),4,Maruti Suzuki,Suzuki,Japan,North,IN-JK,Union Territory,"Jammu and Kashmir, India",Jan,1,Q1,31,False,True
2026-02-01,Jammu and Kashmir,MARUTI SUZUKI INDIA LTD,Electric (EV),1,Maruti Suzuki,Suzuki,Japan,North,IN-JK,Union Territory,"Jammu and Kashmir, India",Feb,2,Q1,28,False,True
2026-03-01,Jammu and Kashmir,MARUTI SUZUKI INDIA LTD,Electric (EV),3,Maruti Suzuki,Suzuki,Japan,North,IN-JK,Union Territory,"Jammu and Kashmir, India",Mar,3,Q1,31,False,True
2026-04-01,Jammu and Kashmir,MARUTI SUZUKI INDIA LTD,Electric (EV),4,Maruti Suzuki,Suzuki,Japan,North,IN-JK,Union Territory,"Jammu and Kashmir, India",Apr,4,Q2,30,False,True
2026-05-01,Jammu and Kashmir,MARUTI SUZUKI INDIA LTD,Electric (EV),8,Maruti Suzuki,Suzuki,Japan,North,IN-JK,Union Territory,"Jammu and Kashmir, India",May,5,Q2,31,False,True
2026-06-01,Jammu and Kashmir,MARUTI SUZUKI INDIA LTD,Electric (EV),3,Maruti Suzuki,Suzuki,Japan,North,IN-JK,Union Territory,"Jammu and Kashmir, India",Jun,6,Q2,17,True,True
2026-01-01,Jammu and Kashmir,TATA PASSENGER ELECTRIC MOBILITY LTD,Electric (EV),26,Tata,Tata Motors,India,North,IN-JK,Union Territory,"Jammu and Kashmir, India",Jan,1,Q1,31,False,True
2026-02-01,Jammu and Kashmir,TATA PASSENGER ELECTRIC MOBILITY LTD,Electric (EV),15,Tata,Tata Motors,India,North,IN-JK,Union Territory,"Jammu and Kashmir, India",Feb,2,Q1,28,False,True
2026-03-01,Jammu and Kashmir,TATA PASSENGER ELECTRIC MOBILITY LTD,Electric (EV),24,Tata,Tata Motors,India,North,IN-JK,Union Territory,"Jammu and Kashmir, India",Mar,3,Q1,31,False,True
2026-04-01,Jammu and Kashmir,TATA PASSENGER ELECTRIC MOBILITY LTD,Electric (EV),34,Tata,Tata Motors,India,North,IN-JK,Union Territory,"Jammu and Kashmir, India",Apr,4,Q2,30,False,True
2026-05-01,Jammu and Kashmir,TATA PASSENGER ELECTRIC MOBILITY LTD,Electric (EV),33,Tata,Tata Motors,India,North,IN-JK,Union Territory,"Jammu and Kashmir, India",May,5,Q2,31,False,True
2026-06-01,Jammu and Kashmir,TATA PASSENGER ELECTRIC MOBILITY LTD,Electric (EV),8,Tata,Tata Motors,India,North,IN-JK,Union Territory,"Jammu and Kashmir, India",Jun,6,Q2,17,True,True
2026-01-01,Jammu and Kashmir,VINFAST AUTO INDIA PVT LTD,Electric (EV),1,VinFast,Vingroup,Vietnam,North,IN-JK,Union Territory,"Jammu and Kashmir, India",Jan,1,Q1,31,False,True
2026-02-01,Jammu and Kashmir,VINFAST AUTO INDIA PVT LTD,Electric (EV),10,VinFast,Vingroup,Vietnam,North,IN-JK,Union Territory,"Jammu and Kashmir, India",Feb,2,Q1,28,False,True
2026-03-01,Jammu and Kashmir,VINFAST AUTO INDIA PVT LTD,Electric (EV),4,VinFast,Vingroup,Vietnam,North,IN-JK,Union Territory,"Jammu and Kashmir, India",Mar,3,Q1,31,False,True
2026-04-01,Jammu and Kashmir,VINFAST AUTO INDIA PVT LTD,Electric (EV),11,VinFast,Vingroup,Vietnam,North,IN-JK,Union Territory,"Jammu and Kashmir, India",Apr,4,Q2,30,False,True
2026-05-01,Jammu and Kashmir,VINFAST AUTO INDIA PVT LTD,Electric (EV),9,VinFast,Vingroup,Vietnam,North,IN-JK,Union Territory,"Jammu and Kashmir, India",May,5,Q2,31,False,True
2026-06-01,Jammu and Kashmir,VINFAST AUTO INDIA PVT LTD,Electric (EV),3,VinFast,Vingroup,Vietnam,North,IN-JK,Union Territory,"Jammu and Kashmir, India",Jun,6,Q2,17,True,True
2026-01-01,Jharkhand,BMW INDIA PVT LTD,Electric (EV),1,BMW,BMW Group,Germany,East,IN-JH,State,"Jharkhand, India",Jan,1,Q1,31,False,True
2026-02-01,Jharkhand,BMW INDIA PVT LTD,Electric (EV),2,BMW,BMW Group,Germany,East,IN-JH,State,"Jharkhand, India",Feb,2,Q1,28,False,True
2026-03-01,Jharkhand,BMW INDIA PVT LTD,Electric (EV),1,BMW,BMW Group,Germany,East,IN-JH,State,"Jharkhand, India",Mar,3,Q1,31,False,True
2026-05-01,Jharkhand,BMW INDIA PVT LTD,Electric (EV),2,BMW,BMW Group,Germany,East,IN-JH,State,"Jharkhand, India",May,5,Q2,31,False,True
2026-06-01,Jharkhand,BMW INDIA PVT LTD,Electric (EV),2,BMW,BMW Group,Germany,East,IN-JH,State,"Jharkhand, India",Jun,6,Q2,17,True,True
2026-02-01,Jharkhand,HYUNDAI MOTOR INDIA LTD,Electric (EV),2,Hyundai,Hyundai,South Korea,East,IN-JH,State,"Jharkhand, India",Feb,2,Q1,28,False,True
2026-03-01,Jharkhand,HYUNDAI MOTOR INDIA LTD,Electric (EV),1,Hyundai,Hyundai,South Korea,East,IN-JH,State,"Jharkhand, India",Mar,3,Q1,31,False,True
2026-04-01,Jharkhand,HYUNDAI MOTOR INDIA LTD,Electric (EV),6,Hyundai,Hyundai,South Korea,East,IN-JH,State,"Jharkhand, India",Apr,4,Q2,30,False,True
2026-05-01,Jharkhand,HYUNDAI MOTOR INDIA LTD,Electric (EV),4,Hyundai,Hyundai,South Korea,East,IN-JH,State,"Jharkhand, India",May,5,Q2,31,False,True
2026-06-01,Jharkhand,HYUNDAI MOTOR INDIA LTD,Electric (EV),1,Hyundai,Hyundai,South Korea,East,IN-JH,State,"Jharkhand, India",Jun,6,Q2,17,True,True
2026-01-01,Jharkhand,JSW MG MOTOR INDIA PVT LTD,Electric (EV),6,MG,JSW-SAIC,India / China,East,IN-JH,State,"Jharkhand, India",Jan,1,Q1,31,False,True
2026-02-01,Jharkhand,JSW MG MOTOR INDIA PVT LTD,Electric (EV),4,MG,JSW-SAIC,India / China,East,IN-JH,State,"Jharkhand, India",Feb,2,Q1,28,False,True
2026-03-01,Jharkhand,JSW MG MOTOR INDIA PVT LTD,Electric (EV),8,MG,JSW-SAIC,India / China,East,IN-JH,State,"Jharkhand, India",Mar,3,Q1,31,False,True
2026-04-01,Jharkhand,JSW MG MOTOR INDIA PVT LTD,Electric (EV),14,MG,JSW-SAIC,India / China,East,IN-JH,State,"Jharkhand, India",Apr,4,Q2,30,False,True
2026-05-01,Jharkhand,JSW MG MOTOR INDIA PVT LTD,Electric (EV),10,MG,JSW-SAIC,India / China,East,IN-JH,State,"Jharkhand, India",May,5,Q2,31,False,True
2026-06-01,Jharkhand,JSW MG MOTOR INDIA PVT LTD,Electric (EV),2,MG,JSW-SAIC,India / China,East,IN-JH,State,"Jharkhand, India",Jun,6,Q2,17,True,True
2026-01-01,Jharkhand,KIA INDIA PRIVATE LIMITED,Electric (EV),1,Kia,Hyundai,South Korea,East,IN-JH,State,"Jharkhand, India",Jan,1,Q1,31,False,True
2026-02-01,Jharkhand,KIA INDIA PRIVATE LIMITED,Electric (EV),1,Kia,Hyundai,South Korea,East,IN-JH,State,"Jharkhand, India",Feb,2,Q1,28,False,True
2026-04-01,Jharkhand,KIA INDIA PRIVATE LIMITED,Electric (EV),2,Kia,Hyundai,South Korea,East,IN-JH,State,"Jharkhand, India",Apr,4,Q2,30,False,True
2026-04-01,Jharkhand,MAHINDRA & MAHINDRA LIMITED,Electric (EV),1,Mahindra,Mahindra,India,East,IN-JH,State,"Jharkhand, India",Apr,4,Q2,30,False,True
2026-05-01,Jharkhand,MAHINDRA & MAHINDRA LIMITED,Electric (EV),1,Mahindra,Mahindra,India,East,IN-JH,State,"Jharkhand, India",May,5,Q2,31,False,True
2026-01-01,Jharkhand,MAHINDRA ELECTRIC AUTOMOBILE LTD,Electric (EV),20,Mahindra,Mahindra,India,East,IN-JH,State,"Jharkhand, India",Jan,1,Q1,31,False,True
2026-02-01,Jharkhand,MAHINDRA ELECTRIC AUTOMOBILE LTD,Electric (EV),17,Mahindra,Mahindra,India,East,IN-JH,State,"Jharkhand, India",Feb,2,Q1,28,False,True
2026-03-01,Jharkhand,MAHINDRA ELECTRIC AUTOMOBILE LTD,Electric (EV),11,Mahindra,Mahindra,India,East,IN-JH,State,"Jharkhand, India",Mar,3,Q1,31,False,True
2026-04-01,Jharkhand,MAHINDRA ELECTRIC AUTOMOBILE LTD,Electric (EV),22,Mahindra,Mahindra,India,East,IN-JH,State,"Jharkhand, India",Apr,4,Q2,30,False,True
2026-05-01,Jharkhand,MAHINDRA ELECTRIC AUTOMOBILE LTD,Electric (EV),26,Mahindra,Mahindra,India,East,IN-JH,State,"Jharkhand, India",May,5,Q2,31,False,True
2026-06-01,Jharkhand,MAHINDRA ELECTRIC AUTOMOBILE LTD,Electric (EV),9,Mahindra,Mahindra,India,East,IN-JH,State,"Jharkhand, India",Jun,6,Q2,17,True,True
2026-01-01,Jharkhand,MARUTI SUZUKI INDIA LTD,Electric (EV),2,Maruti Suzuki,Suzuki,Japan,East,IN-JH,State,"Jharkhand, India",Jan,1,Q1,31,False,True
2026-02-01,Jharkhand,MARUTI SUZUKI INDIA LTD,Electric (EV),5,Maruti Suzuki,Suzuki,Japan,East,IN-JH,State,"Jharkhand, India",Feb,2,Q1,28,False,True
2026-03-01,Jharkhand,MARUTI SUZUKI INDIA LTD,Electric (EV),6,Maruti Suzuki,Suzuki,Japan,East,IN-JH,State,"Jharkhand, India",Mar,3,Q1,31,False,True
2026-04-01,Jharkhand,MARUTI SUZUKI INDIA LTD,Electric (EV),14,Maruti Suzuki,Suzuki,Japan,East,IN-JH,State,"Jharkhand, India",Apr,4,Q2,30,False,True
2026-05-01,Jharkhand,MARUTI SUZUKI INDIA LTD,Electric (EV),12,Maruti Suzuki,Suzuki,Japan,East,IN-JH,State,"Jharkhand, India",May,5,Q2,31,False,True
2026-06-01,Jharkhand,MARUTI SUZUKI INDIA LTD,Electric (EV),4,Maruti Suzuki,Suzuki,Japan,East,IN-JH,State,"Jharkhand, India",Jun,6,Q2,17,True,True
2026-02-01,Jharkhand,MERCEDES-BENZ INDIA PVT LTD,Electric (EV),1,Mercedes-Benz,Mercedes-Benz,Germany,East,IN-JH,State,"Jharkhand, India",Feb,2,Q1,28,False,True
2026-01-01,Jharkhand,TATA PASSENGER ELECTRIC MOBILITY LTD,Electric (EV),35,Tata,Tata Motors,India,East,IN-JH,State,"Jharkhand, India",Jan,1,Q1,31,False,True
2026-02-01,Jharkhand,TATA PASSENGER ELECTRIC MOBILITY LTD,Electric (EV),26,Tata,Tata Motors,India,East,IN-JH,State,"Jharkhand, India",Feb,2,Q1,28,False,True
2026-03-01,Jharkhand,TATA PASSENGER ELECTRIC MOBILITY LTD,Electric (EV),33,Tata,Tata Motors,India,East,IN-JH,State,"Jharkhand, India",Mar,3,Q1,31,False,True
2026-04-01,Jharkhand,TATA PASSENGER ELECTRIC MOBILITY LTD,Electric (EV),52,Tata,Tata Motors,India,East,IN-JH,State,"Jharkhand, India",Apr,4,Q2,30,False,True
2026-05-01,Jharkhand,TATA PASSENGER ELECTRIC MOBILITY LTD,Electric (EV),62,Tata,Tata Motors,India,East,IN-JH,State,"Jharkhand, India",May,5,Q2,31,False,True
2026-06-01,Jharkhand,TATA PASSENGER ELECTRIC MOBILITY LTD,Electric (EV),32,Tata,Tata Motors,India,East,IN-JH,State,"Jharkhand, India",Jun,6,Q2,17,True,True
2026-05-01,Jharkhand,VINFAST AUTO INDIA PVT LTD,Electric (EV),5,VinFast,Vingroup,Vietnam,East,IN-JH,State,"Jharkhand, India",May,5,Q2,31,False,True
2026-06-01,Jharkhand,VINFAST AUTO INDIA PVT LTD,Electric (EV),2,VinFast,Vingroup,Vietnam,East,IN-JH,State,"Jharkhand, India",Jun,6,Q2,17,True,True
2026-01-01,Karnataka,BMW INDIA PVT LTD,Electric (EV),20,BMW,BMW Group,Germany,South,IN-KA,State,"Karnataka, India",Jan,1,Q1,31,False,True
2026-02-01,Karnataka,BMW INDIA PVT LTD,Electric (EV),27,BMW,BMW Group,Germany,South,IN-KA,State,"Karnataka, India",Feb,2,Q1,28,False,True
2026-03-01,Karnataka,BMW INDIA PVT LTD,Electric (EV),35,BMW,BMW Group,Germany,South,IN-KA,State,"Karnataka, India",Mar,3,Q1,31,False,True
2026-04-01,Karnataka,BMW INDIA PVT LTD,Electric (EV),31,BMW,BMW Group,Germany,South,IN-KA,State,"Karnataka, India",Apr,4,Q2,30,False,True
2026-05-01,Karnataka,BMW INDIA PVT LTD,Electric (EV),20,BMW,BMW Group,Germany,South,IN-KA,State,"Karnataka, India",May,5,Q2,31,False,True
2026-06-01,Karnataka,BMW INDIA PVT LTD,Electric (EV),11,BMW,BMW Group,Germany,South,IN-KA,State,"Karnataka, India",Jun,6,Q2,17,True,True
2026-01-01,Karnataka,BYD INDIA PRIVATE LIMITED,Electric (EV),15,BYD,BYD,China,South,IN-KA,State,"Karnataka, India",Jan,1,Q1,31,False,True
2026-02-01,Karnataka,BYD INDIA PRIVATE LIMITED,Electric (EV),29,BYD,BYD,China,South,IN-KA,State,"Karnataka, India",Feb,2,Q1,28,False,True
2026-03-01,Karnataka,BYD INDIA PRIVATE LIMITED,Electric (EV),52,BYD,BYD,China,South,IN-KA,State,"Karnataka, India",Mar,3,Q1,31,False,True
2026-04-01,Karnataka,BYD INDIA PRIVATE LIMITED,Electric (EV),36,BYD,BYD,China,South,IN-KA,State,"Karnataka, India",Apr,4,Q2,30,False,True
2026-05-01,Karnataka,BYD INDIA PRIVATE LIMITED,Electric (EV),27,BYD,BYD,China,South,IN-KA,State,"Karnataka, India",May,5,Q2,31,False,True
2026-06-01,Karnataka,BYD INDIA PRIVATE LIMITED,Electric (EV),16,BYD,BYD,China,South,IN-KA,State,"Karnataka, India",Jun,6,Q2,17,True,True
2026-01-01,Karnataka,HYUNDAI MOTOR INDIA LTD,Electric (EV),41,Hyundai,Hyundai,South Korea,South,IN-KA,State,"Karnataka, India",Jan,1,Q1,31,False,True
2026-02-01,Karnataka,HYUNDAI MOTOR INDIA LTD,Electric (EV),43,Hyundai,Hyundai,South Korea,South,IN-KA,State,"Karnataka, India",Feb,2,Q1,28,False,True
2026-03-01,Karnataka,HYUNDAI MOTOR INDIA LTD,Electric (EV),100,Hyundai,Hyundai,South Korea,South,IN-KA,State,"Karnataka, India",Mar,3,Q1,31,False,True
2026-04-01,Karnataka,HYUNDAI MOTOR INDIA LTD,Electric (EV),59,Hyundai,Hyundai,South Korea,South,IN-KA,State,"Karnataka, India",Apr,4,Q2,30,False,True
2026-05-01,Karnataka,HYUNDAI MOTOR INDIA LTD,Electric (EV),19,Hyundai,Hyundai,South Korea,South,IN-KA,State,"Karnataka, India",May,5,Q2,31,False,True
2026-06-01,Karnataka,HYUNDAI MOTOR INDIA LTD,Electric (EV),13,Hyundai,Hyundai,South Korea,South,IN-KA,State,"Karnataka, India",Jun,6,Q2,17,True,True
2026-01-01,Karnataka,JSW MG MOTOR INDIA PVT LTD,Electric (EV),758,MG,JSW-SAIC,India / China,South,IN-KA,State,"Karnataka, India",Jan,1,Q1,31,False,True
2026-02-01,Karnataka,JSW MG MOTOR INDIA PVT LTD,Electric (EV),535,MG,JSW-SAIC,India / China,South,IN-KA,State,"Karnataka, India",Feb,2,Q1,28,False,True
2026-03-01,Karnataka,JSW MG MOTOR INDIA PVT LTD,Electric (EV),1125,MG,JSW-SAIC,India / China,South,IN-KA,State,"Karnataka, India",Mar,3,Q1,31,False,True
2026-04-01,Karnataka,JSW MG MOTOR INDIA PVT LTD,Electric (EV),869,MG,JSW-SAIC,India / China,South,IN-KA,State,"Karnataka, India",Apr,4,Q2,30,False,True
2026-05-01,Karnataka,JSW MG MOTOR INDIA PVT LTD,Electric (EV),428,MG,JSW-SAIC,India / China,South,IN-KA,State,"Karnataka, India",May,5,Q2,31,False,True
2026-06-01,Karnataka,JSW MG MOTOR INDIA PVT LTD,Electric (EV),299,MG,JSW-SAIC,India / China,South,IN-KA,State,"Karnataka, India",Jun,6,Q2,17,True,True
2026-01-01,Karnataka,KIA INDIA PRIVATE LIMITED,Electric (EV),38,Kia,Hyundai,South Korea,South,IN-KA,State,"Karnataka, India",Jan,1,Q1,31,False,True
2026-02-01,Karnataka,KIA INDIA PRIVATE LIMITED,Electric (EV),33,Kia,Hyundai,South Korea,South,IN-KA,State,"Karnataka, India",Feb,2,Q1,28,False,True
2026-03-01,Karnataka,KIA INDIA PRIVATE LIMITED,Electric (EV),55,Kia,Hyundai,South Korea,South,IN-KA,State,"Karnataka, India",Mar,3,Q1,31,False,True
2026-04-01,Karnataka,KIA INDIA PRIVATE LIMITED,Electric (EV),48,Kia,Hyundai,South Korea,South,IN-KA,State,"Karnataka, India",Apr,4,Q2,30,False,True
2026-05-01,Karnataka,KIA INDIA PRIVATE LIMITED,Electric (EV),15,Kia,Hyundai,South Korea,South,IN-KA,State,"Karnataka, India",May,5,Q2,31,False,True
2026-06-01,Karnataka,KIA INDIA PRIVATE LIMITED,Electric (EV),8,Kia,Hyundai,South Korea,South,IN-KA,State,"Karnataka, India",Jun,6,Q2,17,True,True
2026-01-01,Karnataka,MAHINDRA & MAHINDRA LIMITED,Electric (EV),27,Mahindra,Mahindra,India,South,IN-KA,State,"Karnataka, India",Jan,1,Q1,31,False,True
2026-02-01,Karnataka,MAHINDRA & MAHINDRA LIMITED,Electric (EV),9,Mahindra,Mahindra,India,South,IN-KA,State,"Karnataka, India",Feb,2,Q1,28,False,True
2026-03-01,Karnataka,MAHINDRA & MAHINDRA LIMITED,Electric (EV),24,Mahindra,Mahindra,India,South,IN-KA,State,"Karnataka, India",Mar,3,Q1,31,False,True
2026-04-01,Karnataka,MAHINDRA & MAHINDRA LIMITED,Electric (EV),36,Mahindra,Mahindra,India,South,IN-KA,State,"Karnataka, India",Apr,4,Q2,30,False,True
2026-05-01,Karnataka,MAHINDRA & MAHINDRA LIMITED,Electric (EV),23,Mahindra,Mahindra,India,South,IN-KA,State,"Karnataka, India",May,5,Q2,31,False,True
2026-06-01,Karnataka,MAHINDRA & MAHINDRA LIMITED,Electric (EV),36,Mahindra,Mahindra,India,South,IN-KA,State,"Karnataka, India",Jun,6,Q2,17,True,True
2026-01-01,Karnataka,MAHINDRA ELECTRIC AUTOMOBILE LTD,Electric (EV),445,Mahindra,Mahindra,India,South,IN-KA,State,"Karnataka, India",Jan,1,Q1,31,False,True
2026-02-01,Karnataka,MAHINDRA ELECTRIC AUTOMOBILE LTD,Electric (EV),293,Mahindra,Mahindra,India,South,IN-KA,State,"Karnataka, India",Feb,2,Q1,28,False,True
2026-03-01,Karnataka,MAHINDRA ELECTRIC AUTOMOBILE LTD,Electric (EV),668,Mahindra,Mahindra,India,South,IN-KA,State,"Karnataka, India",Mar,3,Q1,31,False,True
2026-04-01,Karnataka,MAHINDRA ELECTRIC AUTOMOBILE LTD,Electric (EV),670,Mahindra,Mahindra,India,South,IN-KA,State,"Karnataka, India",Apr,4,Q2,30,False,True
2026-05-01,Karnataka,MAHINDRA ELECTRIC AUTOMOBILE LTD,Electric (EV),395,Mahindra,Mahindra,India,South,IN-KA,State,"Karnataka, India",May,5,Q2,31,False,True
2026-06-01,Karnataka,MAHINDRA ELECTRIC AUTOMOBILE LTD,Electric (EV),252,Mahindra,Mahindra,India,South,IN-KA,State,"Karnataka, India",Jun,6,Q2,17,True,True
2026-01-01,Karnataka,MARUTI SUZUKI INDIA LTD,Electric (EV),25,Maruti Suzuki,Suzuki,Japan,South,IN-KA,State,"Karnataka, India",Jan,1,Q1,31,False,True
2026-02-01,Karnataka,MARUTI SUZUKI INDIA LTD,Electric (EV),10,Maruti Suzuki,Suzuki,Japan,South,IN-KA,State,"Karnataka, India",Feb,2,Q1,28,False,True
2026-03-01,Karnataka,MARUTI SUZUKI INDIA LTD,Electric (EV),197,Maruti Suzuki,Suzuki,Japan,South,IN-KA,State,"Karnataka, India",Mar,3,Q1,31,False,True
2026-04-01,Karnataka,MARUTI SUZUKI INDIA LTD,Electric (EV),157,Maruti Suzuki,Suzuki,Japan,South,IN-KA,State,"Karnataka, India",Apr,4,Q2,30,False,True
2026-05-01,Karnataka,MARUTI SUZUKI INDIA LTD,Electric (EV),76,Maruti Suzuki,Suzuki,Japan,South,IN-KA,State,"Karnataka, India",May,5,Q2,31,False,True
2026-06-01,Karnataka,MARUTI SUZUKI INDIA LTD,Electric (EV),48,Maruti Suzuki,Suzuki,Japan,South,IN-KA,State,"Karnataka, India",Jun,6,Q2,17,True,True
2026-01-01,Karnataka,MERCEDES-BENZ AG,Electric (EV),3,Mercedes-Benz,Mercedes-Benz,Germany,South,IN-KA,State,"Karnataka, India",Jan,1,Q1,31,False,True
2026-02-01,Karnataka,MERCEDES-BENZ AG,Electric (EV),1,Mercedes-Benz,Mercedes-Benz,Germany,South,IN-KA,State,"Karnataka, India",Feb,2,Q1,28,False,True
2026-04-01,Karnataka,MERCEDES-BENZ AG,Electric (EV),4,Mercedes-Benz,Mercedes-Benz,Germany,South,IN-KA,State,"Karnataka, India",Apr,4,Q2,30,False,True
2026-05-01,Karnataka,MERCEDES-BENZ AG,Electric (EV),6,Mercedes-Benz,Mercedes-Benz,Germany,South,IN-KA,State,"Karnataka, India",May,5,Q2,31,False,True
2026-06-01,Karnataka,MERCEDES-BENZ AG,Electric (EV),4,Mercedes-Benz,Mercedes-Benz,Germany,South,IN-KA,State,"Karnataka, India",Jun,6,Q2,17,True,True
2026-01-01,Karnataka,MERCEDES-BENZ INDIA PVT LTD,Electric (EV),6,Mercedes-Benz,Mercedes-Benz,Germany,South,IN-KA,State,"Karnataka, India",Jan,1,Q1,31,False,True
2026-02-01,Karnataka,MERCEDES-BENZ INDIA PVT LTD,Electric (EV),1,Mercedes-Benz,Mercedes-Benz,Germany,South,IN-KA,State,"Karnataka, India",Feb,2,Q1,28,False,True
2026-03-01,Karnataka,MERCEDES-BENZ INDIA PVT LTD,Electric (EV),14,Mercedes-Benz,Mercedes-Benz,Germany,South,IN-KA,State,"Karnataka, India",Mar,3,Q1,31,False,True
2026-04-01,Karnataka,MERCEDES-BENZ INDIA PVT LTD,Electric (EV),12,Mercedes-Benz,Mercedes-Benz,Germany,South,IN-KA,State,"Karnataka, India",Apr,4,Q2,30,False,True
2026-05-01,Karnataka,MERCEDES-BENZ INDIA PVT LTD,Electric (EV),9,Mercedes-Benz,Mercedes-Benz,Germany,South,IN-KA,State,"Karnataka, India",May,5,Q2,31,False,True
2026-06-01,Karnataka,MERCEDES-BENZ INDIA PVT LTD,Electric (EV),3,Mercedes-Benz,Mercedes-Benz,Germany,South,IN-KA,State,"Karnataka, India",Jun,6,Q2,17,True,True
2026-03-01,Karnataka,PORSCHE AG GERMANY,Electric (EV),1,Porsche,Volkswagen Group,Germany,South,IN-KA,State,"Karnataka, India",Mar,3,Q1,31,False,True
2026-01-01,Karnataka,STELLANTIS AUTOMOBILES INDIA PVT LTD,Electric (EV),1,Stellantis (Jeep/Citroen),Stellantis,Netherlands,South,IN-KA,State,"Karnataka, India",Jan,1,Q1,31,False,True
2026-05-01,Karnataka,STELLANTIS AUTOMOBILES INDIA PVT LTD,Electric (EV),1,Stellantis (Jeep/Citroen),Stellantis,Netherlands,South,IN-KA,State,"Karnataka, India",May,5,Q2,31,False,True
2026-06-01,Karnataka,STELLANTIS AUTOMOBILES INDIA PVT LTD,Electric (EV),2,Stellantis (Jeep/Citroen),Stellantis,Netherlands,South,IN-KA,State,"Karnataka, India",Jun,6,Q2,17,True,True
2026-01-01,Karnataka,TATA PASSENGER ELECTRIC MOBILITY LTD,Electric (EV),800,Tata,Tata Motors,India,South,IN-KA,State,"Karnataka, India",Jan,1,Q1,31,False,True
2026-02-01,Karnataka,TATA PASSENGER ELECTRIC MOBILITY LTD,Electric (EV),599,Tata,Tata Motors,India,South,IN-KA,State,"Karnataka, India",Feb,2,Q1,28,False,True
2026-03-01,Karnataka,TATA PASSENGER ELECTRIC MOBILITY LTD,Electric (EV),1219,Tata,Tata Motors,India,South,IN-KA,State,"Karnataka, India",Mar,3,Q1,31,False,True
2026-04-01,Karnataka,TATA PASSENGER ELECTRIC MOBILITY LTD,Electric (EV),966,Tata,Tata Motors,India,South,IN-KA,State,"Karnataka, India",Apr,4,Q2,30,False,True
2026-05-01,Karnataka,TATA PASSENGER ELECTRIC MOBILITY LTD,Electric (EV),550,Tata,Tata Motors,India,South,IN-KA,State,"Karnataka, India",May,5,Q2,31,False,True
2026-06-01,Karnataka,TATA PASSENGER ELECTRIC MOBILITY LTD,Electric (EV),329,Tata,Tata Motors,India,South,IN-KA,State,"Karnataka, India",Jun,6,Q2,17,True,True
2026-02-01,Karnataka,TESLA INDIA MOTORS AND ENERGY PVT LTD,Electric (EV),7,Tesla,Tesla,USA,South,IN-KA,State,"Karnataka, India",Feb,2,Q1,28,False,True
2026-03-01,Karnataka,TESLA INDIA MOTORS AND ENERGY PVT LTD,Electric (EV),5,Tesla,Tesla,USA,South,IN-KA,State,"Karnataka, India",Mar,3,Q1,31,False,True
2026-04-01,Karnataka,TESLA INDIA MOTORS AND ENERGY PVT LTD,Electric (EV),6,Tesla,Tesla,USA,South,IN-KA,State,"Karnataka, India",Apr,4,Q2,30,False,True
2026-05-01,Karnataka,TESLA INDIA MOTORS AND ENERGY PVT LTD,Electric (EV),2,Tesla,Tesla,USA,South,IN-KA,State,"Karnataka, India",May,5,Q2,31,False,True
2026-06-01,Karnataka,TESLA INDIA MOTORS AND ENERGY PVT LTD,Electric (EV),3,Tesla,Tesla,USA,South,IN-KA,State,"Karnataka, India",Jun,6,Q2,17,True,True
2026-01-01,Karnataka,VINFAST AUTO INDIA PVT LTD,Electric (EV),53,VinFast,Vingroup,Vietnam,South,IN-KA,State,"Karnataka, India",Jan,1,Q1,31,False,True
2026-02-01,Karnataka,VINFAST AUTO INDIA PVT LTD,Electric (EV),31,VinFast,Vingroup,Vietnam,South,IN-KA,State,"Karnataka, India",Feb,2,Q1,28,False,True
2026-03-01,Karnataka,VINFAST AUTO INDIA PVT LTD,Electric (EV),104,VinFast,Vingroup,Vietnam,South,IN-KA,State,"Karnataka, India",Mar,3,Q1,31,False,True
2026-04-01,Karnataka,VINFAST AUTO INDIA PVT LTD,Electric (EV),112,VinFast,Vingroup,Vietnam,South,IN-KA,State,"Karnataka, India",Apr,4,Q2,30,False,True
2026-05-01,Karnataka,VINFAST AUTO INDIA PVT LTD,Electric (EV),53,VinFast,Vingroup,Vietnam,South,IN-KA,State,"Karnataka, India",May,5,Q2,31,False,True
2026-06-01,Karnataka,VINFAST AUTO INDIA PVT LTD,Electric (EV),30,VinFast,Vingroup,Vietnam,South,IN-KA,State,"Karnataka, India",Jun,6,Q2,17,True,True
2026-01-01,Karnataka,VOLVO AUTO INDIA PVT LTD,Electric (EV),5,Volvo,Geely,Sweden,South,IN-KA,State,"Karnataka, India",Jan,1,Q1,31,False,True
2026-03-01,Karnataka,VOLVO AUTO INDIA PVT LTD,Electric (EV),4,Volvo,Geely,Sweden,South,IN-KA,State,"Karnataka, India",Mar,3,Q1,31,False,True
2026-04-01,Karnataka,VOLVO AUTO INDIA PVT LTD,Electric (EV),3,Volvo,Geely,Sweden,South,IN-KA,State,"Karnataka, India",Apr,4,Q2,30,False,True
2026-05-01,Karnataka,VOLVO AUTO INDIA PVT LTD,Electric (EV),1,Volvo,Geely,Sweden,South,IN-KA,State,"Karnataka, India",May,5,Q2,31,False,True
2026-06-01,Karnataka,VOLVO AUTO INDIA PVT LTD,Electric (EV),1,Volvo,Geely,Sweden,South,IN-KA,State,"Karnataka, India",Jun,6,Q2,17,True,True
2026-01-01,Kerala,BMW INDIA PVT LTD,Electric (EV),25,BMW,BMW Group,Germany,South,IN-KL,State,"Kerala, India",Jan,1,Q1,31,False,True
2026-02-01,Kerala,BMW INDIA PVT LTD,Electric (EV),11,BMW,BMW Group,Germany,South,IN-KL,State,"Kerala, India",Feb,2,Q1,28,False,True
2026-03-01,Kerala,BMW INDIA PVT LTD,Electric (EV),13,BMW,BMW Group,Germany,South,IN-KL,State,"Kerala, India",Mar,3,Q1,31,False,True
2026-04-01,Kerala,BMW INDIA PVT LTD,Electric (EV),18,BMW,BMW Group,Germany,South,IN-KL,State,"Kerala, India",Apr,4,Q2,30,False,True
2026-05-01,Kerala,BMW INDIA PVT LTD,Electric (EV),17,BMW,BMW Group,Germany,South,IN-KL,State,"Kerala, India",May,5,Q2,31,False,True
2026-06-01,Kerala,BMW INDIA PVT LTD,Electric (EV),4,BMW,BMW Group,Germany,South,IN-KL,State,"Kerala, India",Jun,6,Q2,17,True,True
2026-01-01,Kerala,BYD INDIA PRIVATE LIMITED,Electric (EV),21,BYD,BYD,China,South,IN-KL,State,"Kerala, India",Jan,1,Q1,31,False,True
2026-02-01,Kerala,BYD INDIA PRIVATE LIMITED,Electric (EV),19,BYD,BYD,China,South,IN-KL,State,"Kerala, India",Feb,2,Q1,28,False,True
2026-03-01,Kerala,BYD INDIA PRIVATE LIMITED,Electric (EV),26,BYD,BYD,China,South,IN-KL,State,"Kerala, India",Mar,3,Q1,31,False,True
2026-04-01,Kerala,BYD INDIA PRIVATE LIMITED,Electric (EV),28,BYD,BYD,China,South,IN-KL,State,"Kerala, India",Apr,4,Q2,30,False,True
2026-05-01,Kerala,BYD INDIA PRIVATE LIMITED,Electric (EV),37,BYD,BYD,China,South,IN-KL,State,"Kerala, India",May,5,Q2,31,False,True
2026-06-01,Kerala,BYD INDIA PRIVATE LIMITED,Electric (EV),10,BYD,BYD,China,South,IN-KL,State,"Kerala, India",Jun,6,Q2,17,True,True
2026-01-01,Kerala,HYUNDAI MOTOR INDIA LTD,Electric (EV),20,Hyundai,Hyundai,South Korea,South,IN-KL,State,"Kerala, India",Jan,1,Q1,31,False,True
2026-02-01,Kerala,HYUNDAI MOTOR INDIA LTD,Electric (EV),27,Hyundai,Hyundai,South Korea,South,IN-KL,State,"Kerala, India",Feb,2,Q1,28,False,True
2026-03-01,Kerala,HYUNDAI MOTOR INDIA LTD,Electric (EV),19,Hyundai,Hyundai,South Korea,South,IN-KL,State,"Kerala, India",Mar,3,Q1,31,False,True
2026-04-01,Kerala,HYUNDAI MOTOR INDIA LTD,Electric (EV),31,Hyundai,Hyundai,South Korea,South,IN-KL,State,"Kerala, India",Apr,4,Q2,30,False,True
2026-05-01,Kerala,HYUNDAI MOTOR INDIA LTD,Electric (EV),24,Hyundai,Hyundai,South Korea,South,IN-KL,State,"Kerala, India",May,5,Q2,31,False,True
2026-06-01,Kerala,HYUNDAI MOTOR INDIA LTD,Electric (EV),8,Hyundai,Hyundai,South Korea,South,IN-KL,State,"Kerala, India",Jun,6,Q2,17,True,True
2026-01-01,Kerala,JSW MG MOTOR INDIA PVT LTD,Electric (EV),373,MG,JSW-SAIC,India / China,South,IN-KL,State,"Kerala, India",Jan,1,Q1,31,False,True
2026-02-01,Kerala,JSW MG MOTOR INDIA PVT LTD,Electric (EV),351,MG,JSW-SAIC,India / China,South,IN-KL,State,"Kerala, India",Feb,2,Q1,28,False,True
2026-03-01,Kerala,JSW MG MOTOR INDIA PVT LTD,Electric (EV),372,MG,JSW-SAIC,India / China,South,IN-KL,State,"Kerala, India",Mar,3,Q1,31,False,True
2026-04-01,Kerala,JSW MG MOTOR INDIA PVT LTD,Electric (EV),376,MG,JSW-SAIC,India / China,South,IN-KL,State,"Kerala, India",Apr,4,Q2,30,False,True
2026-05-01,Kerala,JSW MG MOTOR INDIA PVT LTD,Electric (EV),361,MG,JSW-SAIC,India / China,South,IN-KL,State,"Kerala, India",May,5,Q2,31,False,True
2026-06-01,Kerala,JSW MG MOTOR INDIA PVT LTD,Electric (EV),166,MG,JSW-SAIC,India / China,South,IN-KL,State,"Kerala, India",Jun,6,Q2,17,True,True
2026-01-01,Kerala,KIA INDIA PRIVATE LIMITED,Electric (EV),19,Kia,Hyundai,South Korea,South,IN-KL,State,"Kerala, India",Jan,1,Q1,31,False,True
2026-02-01,Kerala,KIA INDIA PRIVATE LIMITED,Electric (EV),16,Kia,Hyundai,South Korea,South,IN-KL,State,"Kerala, India",Feb,2,Q1,28,False,True
2026-03-01,Kerala,KIA INDIA PRIVATE LIMITED,Electric (EV),34,Kia,Hyundai,South Korea,South,IN-KL,State,"Kerala, India",Mar,3,Q1,31,False,True
2026-04-01,Kerala,KIA INDIA PRIVATE LIMITED,Electric (EV),28,Kia,Hyundai,South Korea,South,IN-KL,State,"Kerala, India",Apr,4,Q2,30,False,True
2026-05-01,Kerala,KIA INDIA PRIVATE LIMITED,Electric (EV),20,Kia,Hyundai,South Korea,South,IN-KL,State,"Kerala, India",May,5,Q2,31,False,True
2026-06-01,Kerala,KIA INDIA PRIVATE LIMITED,Electric (EV),12,Kia,Hyundai,South Korea,South,IN-KL,State,"Kerala, India",Jun,6,Q2,17,True,True
2026-01-01,Kerala,MAHINDRA & MAHINDRA LIMITED,Electric (EV),22,Mahindra,Mahindra,India,South,IN-KL,State,"Kerala, India",Jan,1,Q1,31,False,True
2026-02-01,Kerala,MAHINDRA & MAHINDRA LIMITED,Electric (EV),12,Mahindra,Mahindra,India,South,IN-KL,State,"Kerala, India",Feb,2,Q1,28,False,True
2026-03-01,Kerala,MAHINDRA & MAHINDRA LIMITED,Electric (EV),6,Mahindra,Mahindra,India,South,IN-KL,State,"Kerala, India",Mar,3,Q1,31,False,True
2026-04-01,Kerala,MAHINDRA & MAHINDRA LIMITED,Electric (EV),7,Mahindra,Mahindra,India,South,IN-KL,State,"Kerala, India",Apr,4,Q2,30,False,True
2026-05-01,Kerala,MAHINDRA & MAHINDRA LIMITED,Electric (EV),20,Mahindra,Mahindra,India,South,IN-KL,State,"Kerala, India",May,5,Q2,31,False,True
2026-06-01,Kerala,MAHINDRA & MAHINDRA LIMITED,Electric (EV),19,Mahindra,Mahindra,India,South,IN-KL,State,"Kerala, India",Jun,6,Q2,17,True,True
2026-01-01,Kerala,MAHINDRA ELECTRIC AUTOMOBILE LTD,Electric (EV),268,Mahindra,Mahindra,India,South,IN-KL,State,"Kerala, India",Jan,1,Q1,31,False,True
2026-02-01,Kerala,MAHINDRA ELECTRIC AUTOMOBILE LTD,Electric (EV),199,Mahindra,Mahindra,India,South,IN-KL,State,"Kerala, India",Feb,2,Q1,28,False,True
2026-03-01,Kerala,MAHINDRA ELECTRIC AUTOMOBILE LTD,Electric (EV),239,Mahindra,Mahindra,India,South,IN-KL,State,"Kerala, India",Mar,3,Q1,31,False,True
2026-04-01,Kerala,MAHINDRA ELECTRIC AUTOMOBILE LTD,Electric (EV),332,Mahindra,Mahindra,India,South,IN-KL,State,"Kerala, India",Apr,4,Q2,30,False,True
2026-05-01,Kerala,MAHINDRA ELECTRIC AUTOMOBILE LTD,Electric (EV),306,Mahindra,Mahindra,India,South,IN-KL,State,"Kerala, India",May,5,Q2,31,False,True
2026-06-01,Kerala,MAHINDRA ELECTRIC AUTOMOBILE LTD,Electric (EV),134,Mahindra,Mahindra,India,South,IN-KL,State,"Kerala, India",Jun,6,Q2,17,True,True
2026-01-01,Kerala,MARUTI SUZUKI INDIA LTD,Electric (EV),14,Maruti Suzuki,Suzuki,Japan,South,IN-KL,State,"Kerala, India",Jan,1,Q1,31,False,True
2026-02-01,Kerala,MARUTI SUZUKI INDIA LTD,Electric (EV),13,Maruti Suzuki,Suzuki,Japan,South,IN-KL,State,"Kerala, India",Feb,2,Q1,28,False,True
2026-03-01,Kerala,MARUTI SUZUKI INDIA LTD,Electric (EV),25,Maruti Suzuki,Suzuki,Japan,South,IN-KL,State,"Kerala, India",Mar,3,Q1,31,False,True
2026-04-01,Kerala,MARUTI SUZUKI INDIA LTD,Electric (EV),109,Maruti Suzuki,Suzuki,Japan,South,IN-KL,State,"Kerala, India",Apr,4,Q2,30,False,True
2026-05-01,Kerala,MARUTI SUZUKI INDIA LTD,Electric (EV),134,Maruti Suzuki,Suzuki,Japan,South,IN-KL,State,"Kerala, India",May,5,Q2,31,False,True
2026-06-01,Kerala,MARUTI SUZUKI INDIA LTD,Electric (EV),87,Maruti Suzuki,Suzuki,Japan,South,IN-KL,State,"Kerala, India",Jun,6,Q2,17,True,True
2026-01-01,Kerala,MERCEDES-BENZ AG,Electric (EV),1,Mercedes-Benz,Mercedes-Benz,Germany,South,IN-KL,State,"Kerala, India",Jan,1,Q1,31,False,True
2026-02-01,Kerala,MERCEDES-BENZ AG,Electric (EV),1,Mercedes-Benz,Mercedes-Benz,Germany,South,IN-KL,State,"Kerala, India",Feb,2,Q1,28,False,True
2026-04-01,Kerala,MERCEDES-BENZ AG,Electric (EV),1,Mercedes-Benz,Mercedes-Benz,Germany,South,IN-KL,State,"Kerala, India",Apr,4,Q2,30,False,True
2026-05-01,Kerala,MERCEDES-BENZ AG,Electric (EV),4,Mercedes-Benz,Mercedes-Benz,Germany,South,IN-KL,State,"Kerala, India",May,5,Q2,31,False,True
2026-06-01,Kerala,MERCEDES-BENZ AG,Electric (EV),1,Mercedes-Benz,Mercedes-Benz,Germany,South,IN-KL,State,"Kerala, India",Jun,6,Q2,17,True,True
2026-01-01,Kerala,MERCEDES-BENZ INDIA PVT LTD,Electric (EV),1,Mercedes-Benz,Mercedes-Benz,Germany,South,IN-KL,State,"Kerala, India",Jan,1,Q1,31,False,True
2026-02-01,Kerala,MERCEDES-BENZ INDIA PVT LTD,Electric (EV),1,Mercedes-Benz,Mercedes-Benz,Germany,South,IN-KL,State,"Kerala, India",Feb,2,Q1,28,False,True
2026-03-01,Kerala,MERCEDES-BENZ INDIA PVT LTD,Electric (EV),2,Mercedes-Benz,Mercedes-Benz,Germany,South,IN-KL,State,"Kerala, India",Mar,3,Q1,31,False,True
2026-04-01,Kerala,MERCEDES-BENZ INDIA PVT LTD,Electric (EV),2,Mercedes-Benz,Mercedes-Benz,Germany,South,IN-KL,State,"Kerala, India",Apr,4,Q2,30,False,True
2026-05-01,Kerala,MERCEDES-BENZ INDIA PVT LTD,Electric (EV),5,Mercedes-Benz,Mercedes-Benz,Germany,South,IN-KL,State,"Kerala, India",May,5,Q2,31,False,True
2026-06-01,Kerala,MERCEDES-BENZ INDIA PVT LTD,Electric (EV),1,Mercedes-Benz,Mercedes-Benz,Germany,South,IN-KL,State,"Kerala, India",Jun,6,Q2,17,True,True
2026-02-01,Kerala,PORSCHE AG GERMANY,Electric (EV),1,Porsche,Volkswagen Group,Germany,South,IN-KL,State,"Kerala, India",Feb,2,Q1,28,False,True
2026-03-01,Kerala,PORSCHE AG GERMANY,Electric (EV),1,Porsche,Volkswagen Group,Germany,South,IN-KL,State,"Kerala, India",Mar,3,Q1,31,False,True
2026-05-01,Kerala,PORSCHE AG GERMANY,Electric (EV),1,Porsche,Volkswagen Group,Germany,South,IN-KL,State,"Kerala, India",May,5,Q2,31,False,True
2026-01-01,Kerala,STELLANTIS AUTOMOBILES INDIA PVT LTD,Electric (EV),11,Stellantis (Jeep/Citroen),Stellantis,Netherlands,South,IN-KL,State,"Kerala, India",Jan,1,Q1,31,False,True
2026-02-01,Kerala,STELLANTIS AUTOMOBILES INDIA PVT LTD,Electric (EV),3,Stellantis (Jeep/Citroen),Stellantis,Netherlands,South,IN-KL,State,"Kerala, India",Feb,2,Q1,28,False,True
2026-04-01,Kerala,STELLANTIS AUTOMOBILES INDIA PVT LTD,Electric (EV),3,Stellantis (Jeep/Citroen),Stellantis,Netherlands,South,IN-KL,State,"Kerala, India",Apr,4,Q2,30,False,True
2026-05-01,Kerala,STELLANTIS AUTOMOBILES INDIA PVT LTD,Electric (EV),3,Stellantis (Jeep/Citroen),Stellantis,Netherlands,South,IN-KL,State,"Kerala, India",May,5,Q2,31,False,True
2026-01-01,Kerala,TATA PASSENGER ELECTRIC MOBILITY LTD,Electric (EV),1084,Tata,Tata Motors,India,South,IN-KL,State,"Kerala, India",Jan,1,Q1,31,False,True
2026-02-01,Kerala,TATA PASSENGER ELECTRIC MOBILITY LTD,Electric (EV),746,Tata,Tata Motors,India,South,IN-KL,State,"Kerala, India",Feb,2,Q1,28,False,True
2026-03-01,Kerala,TATA PASSENGER ELECTRIC MOBILITY LTD,Electric (EV),847,Tata,Tata Motors,India,South,IN-KL,State,"Kerala, India",Mar,3,Q1,31,False,True
2026-04-01,Kerala,TATA PASSENGER ELECTRIC MOBILITY LTD,Electric (EV),974,Tata,Tata Motors,India,South,IN-KL,State,"Kerala, India",Apr,4,Q2,30,False,True
2026-05-01,Kerala,TATA PASSENGER ELECTRIC MOBILITY LTD,Electric (EV),1198,Tata,Tata Motors,India,South,IN-KL,State,"Kerala, India",May,5,Q2,31,False,True
2026-06-01,Kerala,TATA PASSENGER ELECTRIC MOBILITY LTD,Electric (EV),544,Tata,Tata Motors,India,South,IN-KL,State,"Kerala, India",Jun,6,Q2,17,True,True
2026-01-01,Kerala,TESLA INDIA MOTORS AND ENERGY PVT LTD,Electric (EV),1,Tesla,Tesla,USA,South,IN-KL,State,"Kerala, India",Jan,1,Q1,31,False,True
2026-05-01,Kerala,TESLA INDIA MOTORS AND ENERGY PVT LTD,Electric (EV),1,Tesla,Tesla,USA,South,IN-KL,State,"Kerala, India",May,5,Q2,31,False,True
2026-01-01,Kerala,VINFAST AUTO INDIA PVT LTD,Electric (EV),21,VinFast,Vingroup,Vietnam,South,IN-KL,State,"Kerala, India",Jan,1,Q1,31,False,True
2026-02-01,Kerala,VINFAST AUTO INDIA PVT LTD,Electric (EV),20,VinFast,Vingroup,Vietnam,South,IN-KL,State,"Kerala, India",Feb,2,Q1,28,False,True
2026-03-01,Kerala,VINFAST AUTO INDIA PVT LTD,Electric (EV),25,VinFast,Vingroup,Vietnam,South,IN-KL,State,"Kerala, India",Mar,3,Q1,31,False,True
2026-04-01,Kerala,VINFAST AUTO INDIA PVT LTD,Electric (EV),24,VinFast,Vingroup,Vietnam,South,IN-KL,State,"Kerala, India",Apr,4,Q2,30,False,True
2026-05-01,Kerala,VINFAST AUTO INDIA PVT LTD,Electric (EV),24,VinFast,Vingroup,Vietnam,South,IN-KL,State,"Kerala, India",May,5,Q2,31,False,True
2026-06-01,Kerala,VINFAST AUTO INDIA PVT LTD,Electric (EV),6,VinFast,Vingroup,Vietnam,South,IN-KL,State,"Kerala, India",Jun,6,Q2,17,True,True
2026-01-01,Kerala,VOLVO AUTO INDIA PVT LTD,Electric (EV),7,Volvo,Geely,Sweden,South,IN-KL,State,"Kerala, India",Jan,1,Q1,31,False,True
2026-02-01,Kerala,VOLVO AUTO INDIA PVT LTD,Electric (EV),7,Volvo,Geely,Sweden,South,IN-KL,State,"Kerala, India",Feb,2,Q1,28,False,True
2026-03-01,Kerala,VOLVO AUTO INDIA PVT LTD,Electric (EV),3,Volvo,Geely,Sweden,South,IN-KL,State,"Kerala, India",Mar,3,Q1,31,False,True
2026-04-01,Kerala,VOLVO AUTO INDIA PVT LTD,Electric (EV),4,Volvo,Geely,Sweden,South,IN-KL,State,"Kerala, India",Apr,4,Q2,30,False,True
2026-05-01,Kerala,VOLVO AUTO INDIA PVT LTD,Electric (EV),3,Volvo,Geely,Sweden,South,IN-KL,State,"Kerala, India",May,5,Q2,31,False,True
2026-06-01,Kerala,VOLVO AUTO INDIA PVT LTD,Electric (EV),4,Volvo,Geely,Sweden,South,IN-KL,State,"Kerala, India",Jun,6,Q2,17,True,True
2026-01-01,Ladakh,BYD INDIA PRIVATE LIMITED,Electric (EV),1,BYD,BYD,China,North,IN-LA,Union Territory,"Ladakh, India",Jan,1,Q1,31,False,True
2026-04-01,Ladakh,TATA PASSENGER ELECTRIC MOBILITY LTD,Electric (EV),1,Tata,Tata Motors,India,North,IN-LA,Union Territory,"Ladakh, India",Apr,4,Q2,30,False,True
2026-03-01,Lakshadweep,JSW MG MOTOR INDIA PVT LTD,Electric (EV),1,MG,JSW-SAIC,India / China,South,IN-LD,Union Territory,"Lakshadweep, India",Mar,3,Q1,31,False,True
2026-01-01,Madhya Pradesh,BMW INDIA PVT LTD,Electric (EV),2,BMW,BMW Group,Germany,Central,IN-MP,State,"Madhya Pradesh, India",Jan,1,Q1,31,False,True
2026-02-01,Madhya Pradesh,BMW INDIA PVT LTD,Electric (EV),5,BMW,BMW Group,Germany,Central,IN-MP,State,"Madhya Pradesh, India",Feb,2,Q1,28,False,True
2026-03-01,Madhya Pradesh,BMW INDIA PVT LTD,Electric (EV),7,BMW,BMW Group,Germany,Central,IN-MP,State,"Madhya Pradesh, India",Mar,3,Q1,31,False,True
2026-04-01,Madhya Pradesh,BMW INDIA PVT LTD,Electric (EV),3,BMW,BMW Group,Germany,Central,IN-MP,State,"Madhya Pradesh, India",Apr,4,Q2,30,False,True
2026-05-01,Madhya Pradesh,BMW INDIA PVT LTD,Electric (EV),1,BMW,BMW Group,Germany,Central,IN-MP,State,"Madhya Pradesh, India",May,5,Q2,31,False,True
2026-06-01,Madhya Pradesh,BMW INDIA PVT LTD,Electric (EV),1,BMW,BMW Group,Germany,Central,IN-MP,State,"Madhya Pradesh, India",Jun,6,Q2,17,True,True
2026-02-01,Madhya Pradesh,BYD INDIA PRIVATE LIMITED,Electric (EV),7,BYD,BYD,China,Central,IN-MP,State,"Madhya Pradesh, India",Feb,2,Q1,28,False,True
2026-03-01,Madhya Pradesh,BYD INDIA PRIVATE LIMITED,Electric (EV),3,BYD,BYD,China,Central,IN-MP,State,"Madhya Pradesh, India",Mar,3,Q1,31,False,True
2026-04-01,Madhya Pradesh,BYD INDIA PRIVATE LIMITED,Electric (EV),8,BYD,BYD,China,Central,IN-MP,State,"Madhya Pradesh, India",Apr,4,Q2,30,False,True
2026-05-01,Madhya Pradesh,BYD INDIA PRIVATE LIMITED,Electric (EV),7,BYD,BYD,China,Central,IN-MP,State,"Madhya Pradesh, India",May,5,Q2,31,False,True
2026-06-01,Madhya Pradesh,BYD INDIA PRIVATE LIMITED,Electric (EV),3,BYD,BYD,China,Central,IN-MP,State,"Madhya Pradesh, India",Jun,6,Q2,17,True,True
2026-01-01,Madhya Pradesh,HYUNDAI MOTOR INDIA LTD,Electric (EV),16,Hyundai,Hyundai,South Korea,Central,IN-MP,State,"Madhya Pradesh, India",Jan,1,Q1,31,False,True
2026-02-01,Madhya Pradesh,HYUNDAI MOTOR INDIA LTD,Electric (EV),18,Hyundai,Hyundai,South Korea,Central,IN-MP,State,"Madhya Pradesh, India",Feb,2,Q1,28,False,True
2026-03-01,Madhya Pradesh,HYUNDAI MOTOR INDIA LTD,Electric (EV),22,Hyundai,Hyundai,South Korea,Central,IN-MP,State,"Madhya Pradesh, India",Mar,3,Q1,31,False,True
2026-04-01,Madhya Pradesh,HYUNDAI MOTOR INDIA LTD,Electric (EV),9,Hyundai,Hyundai,South Korea,Central,IN-MP,State,"Madhya Pradesh, India",Apr,4,Q2,30,False,True
2026-05-01,Madhya Pradesh,HYUNDAI MOTOR INDIA LTD,Electric (EV),10,Hyundai,Hyundai,South Korea,Central,IN-MP,State,"Madhya Pradesh, India",May,5,Q2,31,False,True
2026-06-01,Madhya Pradesh,HYUNDAI MOTOR INDIA LTD,Electric (EV),4,Hyundai,Hyundai,South Korea,Central,IN-MP,State,"Madhya Pradesh, India",Jun,6,Q2,17,True,True
2026-01-01,Madhya Pradesh,JSW MG MOTOR INDIA PVT LTD,Electric (EV),142,MG,JSW-SAIC,India / China,Central,IN-MP,State,"Madhya Pradesh, India",Jan,1,Q1,31,False,True
2026-02-01,Madhya Pradesh,JSW MG MOTOR INDIA PVT LTD,Electric (EV),98,MG,JSW-SAIC,India / China,Central,IN-MP,State,"Madhya Pradesh, India",Feb,2,Q1,28,False,True
2026-03-01,Madhya Pradesh,JSW MG MOTOR INDIA PVT LTD,Electric (EV),234,MG,JSW-SAIC,India / China,Central,IN-MP,State,"Madhya Pradesh, India",Mar,3,Q1,31,False,True
2026-04-01,Madhya Pradesh,JSW MG MOTOR INDIA PVT LTD,Electric (EV),58,MG,JSW-SAIC,India / China,Central,IN-MP,State,"Madhya Pradesh, India",Apr,4,Q2,30,False,True
2026-05-01,Madhya Pradesh,JSW MG MOTOR INDIA PVT LTD,Electric (EV),113,MG,JSW-SAIC,India / China,Central,IN-MP,State,"Madhya Pradesh, India",May,5,Q2,31,False,True
2026-06-01,Madhya Pradesh,JSW MG MOTOR INDIA PVT LTD,Electric (EV),39,MG,JSW-SAIC,India / China,Central,IN-MP,State,"Madhya Pradesh, India",Jun,6,Q2,17,True,True
2026-01-01,Madhya Pradesh,KIA INDIA PRIVATE LIMITED,Electric (EV),3,Kia,Hyundai,South Korea,Central,IN-MP,State,"Madhya Pradesh, India",Jan,1,Q1,31,False,True
2026-02-01,Madhya Pradesh,KIA INDIA PRIVATE LIMITED,Electric (EV),4,Kia,Hyundai,South Korea,Central,IN-MP,State,"Madhya Pradesh, India",Feb,2,Q1,28,False,True
2026-03-01,Madhya Pradesh,KIA INDIA PRIVATE LIMITED,Electric (EV),10,Kia,Hyundai,South Korea,Central,IN-MP,State,"Madhya Pradesh, India",Mar,3,Q1,31,False,True
2026-04-01,Madhya Pradesh,KIA INDIA PRIVATE LIMITED,Electric (EV),3,Kia,Hyundai,South Korea,Central,IN-MP,State,"Madhya Pradesh, India",Apr,4,Q2,30,False,True
2026-06-01,Madhya Pradesh,KIA INDIA PRIVATE LIMITED,Electric (EV),5,Kia,Hyundai,South Korea,Central,IN-MP,State,"Madhya Pradesh, India",Jun,6,Q2,17,True,True
2026-01-01,Madhya Pradesh,MAHINDRA & MAHINDRA LIMITED,Electric (EV),4,Mahindra,Mahindra,India,Central,IN-MP,State,"Madhya Pradesh, India",Jan,1,Q1,31,False,True
2026-03-01,Madhya Pradesh,MAHINDRA & MAHINDRA LIMITED,Electric (EV),4,Mahindra,Mahindra,India,Central,IN-MP,State,"Madhya Pradesh, India",Mar,3,Q1,31,False,True
2026-04-01,Madhya Pradesh,MAHINDRA & MAHINDRA LIMITED,Electric (EV),10,Mahindra,Mahindra,India,Central,IN-MP,State,"Madhya Pradesh, India",Apr,4,Q2,30,False,True
2026-05-01,Madhya Pradesh,MAHINDRA & MAHINDRA LIMITED,Electric (EV),10,Mahindra,Mahindra,India,Central,IN-MP,State,"Madhya Pradesh, India",May,5,Q2,31,False,True
2026-06-01,Madhya Pradesh,MAHINDRA & MAHINDRA LIMITED,Electric (EV),6,Mahindra,Mahindra,India,Central,IN-MP,State,"Madhya Pradesh, India",Jun,6,Q2,17,True,True
2026-01-01,Madhya Pradesh,MAHINDRA ELECTRIC AUTOMOBILE LTD,Electric (EV),118,Mahindra,Mahindra,India,Central,IN-MP,State,"Madhya Pradesh, India",Jan,1,Q1,31,False,True
2026-02-01,Madhya Pradesh,MAHINDRA ELECTRIC AUTOMOBILE LTD,Electric (EV),117,Mahindra,Mahindra,India,Central,IN-MP,State,"Madhya Pradesh, India",Feb,2,Q1,28,False,True
2026-03-01,Madhya Pradesh,MAHINDRA ELECTRIC AUTOMOBILE LTD,Electric (EV),242,Mahindra,Mahindra,India,Central,IN-MP,State,"Madhya Pradesh, India",Mar,3,Q1,31,False,True
2026-04-01,Madhya Pradesh,MAHINDRA ELECTRIC AUTOMOBILE LTD,Electric (EV),113,Mahindra,Mahindra,India,Central,IN-MP,State,"Madhya Pradesh, India",Apr,4,Q2,30,False,True
2026-05-01,Madhya Pradesh,MAHINDRA ELECTRIC AUTOMOBILE LTD,Electric (EV),110,Mahindra,Mahindra,India,Central,IN-MP,State,"Madhya Pradesh, India",May,5,Q2,31,False,True
2026-06-01,Madhya Pradesh,MAHINDRA ELECTRIC AUTOMOBILE LTD,Electric (EV),42,Mahindra,Mahindra,India,Central,IN-MP,State,"Madhya Pradesh, India",Jun,6,Q2,17,True,True
2026-01-01,Madhya Pradesh,MARUTI SUZUKI INDIA LTD,Electric (EV),1,Maruti Suzuki,Suzuki,Japan,Central,IN-MP,State,"Madhya Pradesh, India",Jan,1,Q1,31,False,True
2026-02-01,Madhya Pradesh,MARUTI SUZUKI INDIA LTD,Electric (EV),1,Maruti Suzuki,Suzuki,Japan,Central,IN-MP,State,"Madhya Pradesh, India",Feb,2,Q1,28,False,True
2026-03-01,Madhya Pradesh,MARUTI SUZUKI INDIA LTD,Electric (EV),59,Maruti Suzuki,Suzuki,Japan,Central,IN-MP,State,"Madhya Pradesh, India",Mar,3,Q1,31,False,True
2026-04-01,Madhya Pradesh,MARUTI SUZUKI INDIA LTD,Electric (EV),38,Maruti Suzuki,Suzuki,Japan,Central,IN-MP,State,"Madhya Pradesh, India",Apr,4,Q2,30,False,True
2026-05-01,Madhya Pradesh,MARUTI SUZUKI INDIA LTD,Electric (EV),34,Maruti Suzuki,Suzuki,Japan,Central,IN-MP,State,"Madhya Pradesh, India",May,5,Q2,31,False,True
2026-06-01,Madhya Pradesh,MARUTI SUZUKI INDIA LTD,Electric (EV),19,Maruti Suzuki,Suzuki,Japan,Central,IN-MP,State,"Madhya Pradesh, India",Jun,6,Q2,17,True,True
2026-01-01,Madhya Pradesh,MERCEDES-BENZ AG,Electric (EV),2,Mercedes-Benz,Mercedes-Benz,Germany,Central,IN-MP,State,"Madhya Pradesh, India",Jan,1,Q1,31,False,True
2026-04-01,Madhya Pradesh,MERCEDES-BENZ AG,Electric (EV),1,Mercedes-Benz,Mercedes-Benz,Germany,Central,IN-MP,State,"Madhya Pradesh, India",Apr,4,Q2,30,False,True
2026-05-01,Madhya Pradesh,MERCEDES-BENZ AG,Electric (EV),3,Mercedes-Benz,Mercedes-Benz,Germany,Central,IN-MP,State,"Madhya Pradesh, India",May,5,Q2,31,False,True
2026-02-01,Madhya Pradesh,MERCEDES-BENZ INDIA PVT LTD,Electric (EV),1,Mercedes-Benz,Mercedes-Benz,Germany,Central,IN-MP,State,"Madhya Pradesh, India",Feb,2,Q1,28,False,True
2026-01-01,Madhya Pradesh,TATA PASSENGER ELECTRIC MOBILITY LTD,Electric (EV),307,Tata,Tata Motors,India,Central,IN-MP,State,"Madhya Pradesh, India",Jan,1,Q1,31,False,True
2026-02-01,Madhya Pradesh,TATA PASSENGER ELECTRIC MOBILITY LTD,Electric (EV),250,Tata,Tata Motors,India,Central,IN-MP,State,"Madhya Pradesh, India",Feb,2,Q1,28,False,True
2026-03-01,Madhya Pradesh,TATA PASSENGER ELECTRIC MOBILITY LTD,Electric (EV),478,Tata,Tata Motors,India,Central,IN-MP,State,"Madhya Pradesh, India",Mar,3,Q1,31,False,True
2026-04-01,Madhya Pradesh,TATA PASSENGER ELECTRIC MOBILITY LTD,Electric (EV),202,Tata,Tata Motors,India,Central,IN-MP,State,"Madhya Pradesh, India",Apr,4,Q2,30,False,True
2026-05-01,Madhya Pradesh,TATA PASSENGER ELECTRIC MOBILITY LTD,Electric (EV),276,Tata,Tata Motors,India,Central,IN-MP,State,"Madhya Pradesh, India",May,5,Q2,31,False,True
2026-06-01,Madhya Pradesh,TATA PASSENGER ELECTRIC MOBILITY LTD,Electric (EV),119,Tata,Tata Motors,India,Central,IN-MP,State,"Madhya Pradesh, India",Jun,6,Q2,17,True,True
2026-01-01,Madhya Pradesh,TESLA INDIA MOTORS AND ENERGY PVT LTD,Electric (EV),3,Tesla,Tesla,USA,Central,IN-MP,State,"Madhya Pradesh, India",Jan,1,Q1,31,False,True
2026-03-01,Madhya Pradesh,TESLA INDIA MOTORS AND ENERGY PVT LTD,Electric (EV),1,Tesla,Tesla,USA,Central,IN-MP,State,"Madhya Pradesh, India",Mar,3,Q1,31,False,True
2026-05-01,Madhya Pradesh,TESLA INDIA MOTORS AND ENERGY PVT LTD,Electric (EV),1,Tesla,Tesla,USA,Central,IN-MP,State,"Madhya Pradesh, India",May,5,Q2,31,False,True
2026-01-01,Madhya Pradesh,VINFAST AUTO INDIA PVT LTD,Electric (EV),2,VinFast,Vingroup,Vietnam,Central,IN-MP,State,"Madhya Pradesh, India",Jan,1,Q1,31,False,True
2026-02-01,Madhya Pradesh,VINFAST AUTO INDIA PVT LTD,Electric (EV),2,VinFast,Vingroup,Vietnam,Central,IN-MP,State,"Madhya Pradesh, India",Feb,2,Q1,28,False,True
2026-03-01,Madhya Pradesh,VINFAST AUTO INDIA PVT LTD,Electric (EV),15,VinFast,Vingroup,Vietnam,Central,IN-MP,State,"Madhya Pradesh, India",Mar,3,Q1,31,False,True
2026-04-01,Madhya Pradesh,VINFAST AUTO INDIA PVT LTD,Electric (EV),7,VinFast,Vingroup,Vietnam,Central,IN-MP,State,"Madhya Pradesh, India",Apr,4,Q2,30,False,True
2026-05-01,Madhya Pradesh,VINFAST AUTO INDIA PVT LTD,Electric (EV),11,VinFast,Vingroup,Vietnam,Central,IN-MP,State,"Madhya Pradesh, India",May,5,Q2,31,False,True
2026-06-01,Madhya Pradesh,VINFAST AUTO INDIA PVT LTD,Electric (EV),1,VinFast,Vingroup,Vietnam,Central,IN-MP,State,"Madhya Pradesh, India",Jun,6,Q2,17,True,True
2026-02-01,Madhya Pradesh,VOLVO AUTO INDIA PVT LTD,Electric (EV),1,Volvo,Geely,Sweden,Central,IN-MP,State,"Madhya Pradesh, India",Feb,2,Q1,28,False,True
2026-03-01,Madhya Pradesh,VOLVO AUTO INDIA PVT LTD,Electric (EV),1,Volvo,Geely,Sweden,Central,IN-MP,State,"Madhya Pradesh, India",Mar,3,Q1,31,False,True
2026-01-01,Maharashtra,BMW INDIA PVT LTD,Electric (EV),90,BMW,BMW Group,Germany,West,IN-MH,State,"Maharashtra, India",Jan,1,Q1,31,False,True
2026-02-01,Maharashtra,BMW INDIA PVT LTD,Electric (EV),65,BMW,BMW Group,Germany,West,IN-MH,State,"Maharashtra, India",Feb,2,Q1,28,False,True
2026-03-01,Maharashtra,BMW INDIA PVT LTD,Electric (EV),111,BMW,BMW Group,Germany,West,IN-MH,State,"Maharashtra, India",Mar,3,Q1,31,False,True
2026-04-01,Maharashtra,BMW INDIA PVT LTD,Electric (EV),74,BMW,BMW Group,Germany,West,IN-MH,State,"Maharashtra, India",Apr,4,Q2,30,False,True
2026-05-01,Maharashtra,BMW INDIA PVT LTD,Electric (EV),59,BMW,BMW Group,Germany,West,IN-MH,State,"Maharashtra, India",May,5,Q2,31,False,True
2026-06-01,Maharashtra,BMW INDIA PVT LTD,Electric (EV),43,BMW,BMW Group,Germany,West,IN-MH,State,"Maharashtra, India",Jun,6,Q2,17,True,True
2026-01-01,Maharashtra,BYD INDIA PRIVATE LIMITED,Electric (EV),50,BYD,BYD,China,West,IN-MH,State,"Maharashtra, India",Jan,1,Q1,31,False,True
2026-02-01,Maharashtra,BYD INDIA PRIVATE LIMITED,Electric (EV),85,BYD,BYD,China,West,IN-MH,State,"Maharashtra, India",Feb,2,Q1,28,False,True
2026-03-01,Maharashtra,BYD INDIA PRIVATE LIMITED,Electric (EV),100,BYD,BYD,China,West,IN-MH,State,"Maharashtra, India",Mar,3,Q1,31,False,True
2026-04-01,Maharashtra,BYD INDIA PRIVATE LIMITED,Electric (EV),127,BYD,BYD,China,West,IN-MH,State,"Maharashtra, India",Apr,4,Q2,30,False,True
2026-05-01,Maharashtra,BYD INDIA PRIVATE LIMITED,Electric (EV),120,BYD,BYD,China,West,IN-MH,State,"Maharashtra, India",May,5,Q2,31,False,True
2026-06-01,Maharashtra,BYD INDIA PRIVATE LIMITED,Electric (EV),96,BYD,BYD,China,West,IN-MH,State,"Maharashtra, India",Jun,6,Q2,17,True,True
2026-01-01,Maharashtra,HYUNDAI MOTOR INDIA LTD,Electric (EV),64,Hyundai,Hyundai,South Korea,West,IN-MH,State,"Maharashtra, India",Jan,1,Q1,31,False,True
2026-02-01,Maharashtra,HYUNDAI MOTOR INDIA LTD,Electric (EV),55,Hyundai,Hyundai,South Korea,West,IN-MH,State,"Maharashtra, India",Feb,2,Q1,28,False,True
2026-03-01,Maharashtra,HYUNDAI MOTOR INDIA LTD,Electric (EV),99,Hyundai,Hyundai,South Korea,West,IN-MH,State,"Maharashtra, India",Mar,3,Q1,31,False,True
2026-04-01,Maharashtra,HYUNDAI MOTOR INDIA LTD,Electric (EV),115,Hyundai,Hyundai,South Korea,West,IN-MH,State,"Maharashtra, India",Apr,4,Q2,30,False,True
2026-05-01,Maharashtra,HYUNDAI MOTOR INDIA LTD,Electric (EV),89,Hyundai,Hyundai,South Korea,West,IN-MH,State,"Maharashtra, India",May,5,Q2,31,False,True
2026-06-01,Maharashtra,HYUNDAI MOTOR INDIA LTD,Electric (EV),40,Hyundai,Hyundai,South Korea,West,IN-MH,State,"Maharashtra, India",Jun,6,Q2,17,True,True
2026-01-01,Maharashtra,JSW MG MOTOR INDIA PVT LTD,Electric (EV),830,MG,JSW-SAIC,India / China,West,IN-MH,State,"Maharashtra, India",Jan,1,Q1,31,False,True
2026-02-01,Maharashtra,JSW MG MOTOR INDIA PVT LTD,Electric (EV),505,MG,JSW-SAIC,India / China,West,IN-MH,State,"Maharashtra, India",Feb,2,Q1,28,False,True
2026-03-01,Maharashtra,JSW MG MOTOR INDIA PVT LTD,Electric (EV),779,MG,JSW-SAIC,India / China,West,IN-MH,State,"Maharashtra, India",Mar,3,Q1,31,False,True
2026-04-01,Maharashtra,JSW MG MOTOR INDIA PVT LTD,Electric (EV),809,MG,JSW-SAIC,India / China,West,IN-MH,State,"Maharashtra, India",Apr,4,Q2,30,False,True
2026-05-01,Maharashtra,JSW MG MOTOR INDIA PVT LTD,Electric (EV),669,MG,JSW-SAIC,India / China,West,IN-MH,State,"Maharashtra, India",May,5,Q2,31,False,True
2026-06-01,Maharashtra,JSW MG MOTOR INDIA PVT LTD,Electric (EV),419,MG,JSW-SAIC,India / China,West,IN-MH,State,"Maharashtra, India",Jun,6,Q2,17,True,True
2026-01-01,Maharashtra,KIA INDIA PRIVATE LIMITED,Electric (EV),62,Kia,Hyundai,South Korea,West,IN-MH,State,"Maharashtra, India",Jan,1,Q1,31,False,True
2026-02-01,Maharashtra,KIA INDIA PRIVATE LIMITED,Electric (EV),38,Kia,Hyundai,South Korea,West,IN-MH,State,"Maharashtra, India",Feb,2,Q1,28,False,True
2026-03-01,Maharashtra,KIA INDIA PRIVATE LIMITED,Electric (EV),91,Kia,Hyundai,South Korea,West,IN-MH,State,"Maharashtra, India",Mar,3,Q1,31,False,True
2026-04-01,Maharashtra,KIA INDIA PRIVATE LIMITED,Electric (EV),48,Kia,Hyundai,South Korea,West,IN-MH,State,"Maharashtra, India",Apr,4,Q2,30,False,True
2026-05-01,Maharashtra,KIA INDIA PRIVATE LIMITED,Electric (EV),52,Kia,Hyundai,South Korea,West,IN-MH,State,"Maharashtra, India",May,5,Q2,31,False,True
2026-06-01,Maharashtra,KIA INDIA PRIVATE LIMITED,Electric (EV),32,Kia,Hyundai,South Korea,West,IN-MH,State,"Maharashtra, India",Jun,6,Q2,17,True,True
2026-01-01,Maharashtra,MAHINDRA & MAHINDRA LIMITED,Electric (EV),32,Mahindra,Mahindra,India,West,IN-MH,State,"Maharashtra, India",Jan,1,Q1,31,False,True
2026-02-01,Maharashtra,MAHINDRA & MAHINDRA LIMITED,Electric (EV),11,Mahindra,Mahindra,India,West,IN-MH,State,"Maharashtra, India",Feb,2,Q1,28,False,True
2026-03-01,Maharashtra,MAHINDRA & MAHINDRA LIMITED,Electric (EV),18,Mahindra,Mahindra,India,West,IN-MH,State,"Maharashtra, India",Mar,3,Q1,31,False,True
2026-04-01,Maharashtra,MAHINDRA & MAHINDRA LIMITED,Electric (EV),18,Mahindra,Mahindra,India,West,IN-MH,State,"Maharashtra, India",Apr,4,Q2,30,False,True
2026-05-01,Maharashtra,MAHINDRA & MAHINDRA LIMITED,Electric (EV),35,Mahindra,Mahindra,India,West,IN-MH,State,"Maharashtra, India",May,5,Q2,31,False,True
2026-06-01,Maharashtra,MAHINDRA & MAHINDRA LIMITED,Electric (EV),15,Mahindra,Mahindra,India,West,IN-MH,State,"Maharashtra, India",Jun,6,Q2,17,True,True
2026-01-01,Maharashtra,MAHINDRA ELECTRIC AUTOMOBILE LTD,Electric (EV),615,Mahindra,Mahindra,India,West,IN-MH,State,"Maharashtra, India",Jan,1,Q1,31,False,True
2026-02-01,Maharashtra,MAHINDRA ELECTRIC AUTOMOBILE LTD,Electric (EV),531,Mahindra,Mahindra,India,West,IN-MH,State,"Maharashtra, India",Feb,2,Q1,28,False,True
2026-03-01,Maharashtra,MAHINDRA ELECTRIC AUTOMOBILE LTD,Electric (EV),1053,Mahindra,Mahindra,India,West,IN-MH,State,"Maharashtra, India",Mar,3,Q1,31,False,True
2026-04-01,Maharashtra,MAHINDRA ELECTRIC AUTOMOBILE LTD,Electric (EV),1036,Mahindra,Mahindra,India,West,IN-MH,State,"Maharashtra, India",Apr,4,Q2,30,False,True
2026-05-01,Maharashtra,MAHINDRA ELECTRIC AUTOMOBILE LTD,Electric (EV),997,Mahindra,Mahindra,India,West,IN-MH,State,"Maharashtra, India",May,5,Q2,31,False,True
2026-06-01,Maharashtra,MAHINDRA ELECTRIC AUTOMOBILE LTD,Electric (EV),623,Mahindra,Mahindra,India,West,IN-MH,State,"Maharashtra, India",Jun,6,Q2,17,True,True
2026-01-01,Maharashtra,MARUTI SUZUKI INDIA LTD,Electric (EV),32,Maruti Suzuki,Suzuki,Japan,West,IN-MH,State,"Maharashtra, India",Jan,1,Q1,31,False,True
2026-02-01,Maharashtra,MARUTI SUZUKI INDIA LTD,Electric (EV),24,Maruti Suzuki,Suzuki,Japan,West,IN-MH,State,"Maharashtra, India",Feb,2,Q1,28,False,True
2026-03-01,Maharashtra,MARUTI SUZUKI INDIA LTD,Electric (EV),150,Maruti Suzuki,Suzuki,Japan,West,IN-MH,State,"Maharashtra, India",Mar,3,Q1,31,False,True
2026-04-01,Maharashtra,MARUTI SUZUKI INDIA LTD,Electric (EV),162,Maruti Suzuki,Suzuki,Japan,West,IN-MH,State,"Maharashtra, India",Apr,4,Q2,30,False,True
2026-05-01,Maharashtra,MARUTI SUZUKI INDIA LTD,Electric (EV),217,Maruti Suzuki,Suzuki,Japan,West,IN-MH,State,"Maharashtra, India",May,5,Q2,31,False,True
2026-06-01,Maharashtra,MARUTI SUZUKI INDIA LTD,Electric (EV),81,Maruti Suzuki,Suzuki,Japan,West,IN-MH,State,"Maharashtra, India",Jun,6,Q2,17,True,True
2026-01-01,Maharashtra,MERCEDES-BENZ AG,Electric (EV),8,Mercedes-Benz,Mercedes-Benz,Germany,West,IN-MH,State,"Maharashtra, India",Jan,1,Q1,31,False,True
2026-02-01,Maharashtra,MERCEDES-BENZ AG,Electric (EV),5,Mercedes-Benz,Mercedes-Benz,Germany,West,IN-MH,State,"Maharashtra, India",Feb,2,Q1,28,False,True
2026-03-01,Maharashtra,MERCEDES-BENZ AG,Electric (EV),6,Mercedes-Benz,Mercedes-Benz,Germany,West,IN-MH,State,"Maharashtra, India",Mar,3,Q1,31,False,True
2026-04-01,Maharashtra,MERCEDES-BENZ AG,Electric (EV),13,Mercedes-Benz,Mercedes-Benz,Germany,West,IN-MH,State,"Maharashtra, India",Apr,4,Q2,30,False,True
2026-05-01,Maharashtra,MERCEDES-BENZ AG,Electric (EV),48,Mercedes-Benz,Mercedes-Benz,Germany,West,IN-MH,State,"Maharashtra, India",May,5,Q2,31,False,True
2026-06-01,Maharashtra,MERCEDES-BENZ AG,Electric (EV),26,Mercedes-Benz,Mercedes-Benz,Germany,West,IN-MH,State,"Maharashtra, India",Jun,6,Q2,17,True,True
2026-01-01,Maharashtra,MERCEDES-BENZ INDIA PVT LTD,Electric (EV),10,Mercedes-Benz,Mercedes-Benz,Germany,West,IN-MH,State,"Maharashtra, India",Jan,1,Q1,31,False,True
2026-02-01,Maharashtra,MERCEDES-BENZ INDIA PVT LTD,Electric (EV),17,Mercedes-Benz,Mercedes-Benz,Germany,West,IN-MH,State,"Maharashtra, India",Feb,2,Q1,28,False,True
2026-03-01,Maharashtra,MERCEDES-BENZ INDIA PVT LTD,Electric (EV),31,Mercedes-Benz,Mercedes-Benz,Germany,West,IN-MH,State,"Maharashtra, India",Mar,3,Q1,31,False,True
2026-04-01,Maharashtra,MERCEDES-BENZ INDIA PVT LTD,Electric (EV),19,Mercedes-Benz,Mercedes-Benz,Germany,West,IN-MH,State,"Maharashtra, India",Apr,4,Q2,30,False,True
2026-05-01,Maharashtra,MERCEDES-BENZ INDIA PVT LTD,Electric (EV),12,Mercedes-Benz,Mercedes-Benz,Germany,West,IN-MH,State,"Maharashtra, India",May,5,Q2,31,False,True
2026-06-01,Maharashtra,MERCEDES-BENZ INDIA PVT LTD,Electric (EV),14,Mercedes-Benz,Mercedes-Benz,Germany,West,IN-MH,State,"Maharashtra, India",Jun,6,Q2,17,True,True
2026-04-01,Maharashtra,PORSCHE AG GERMANY,Electric (EV),1,Porsche,Volkswagen Group,Germany,West,IN-MH,State,"Maharashtra, India",Apr,4,Q2,30,False,True
2026-05-01,Maharashtra,PORSCHE AG GERMANY,Electric (EV),1,Porsche,Volkswagen Group,Germany,West,IN-MH,State,"Maharashtra, India",May,5,Q2,31,False,True
2026-02-01,Maharashtra,ROLLS-ROYCE MOTOR CARS(IMPORTER:SELECT CARS P LTD),Electric (EV),1,Rolls-Royce,BMW Group,UK,West,IN-MH,State,"Maharashtra, India",Feb,2,Q1,28,False,True
2026-01-01,Maharashtra,STELLANTIS AUTOMOBILES INDIA PVT LTD,Electric (EV),1,Stellantis (Jeep/Citroen),Stellantis,Netherlands,West,IN-MH,State,"Maharashtra, India",Jan,1,Q1,31,False,True
2026-03-01,Maharashtra,STELLANTIS AUTOMOBILES INDIA PVT LTD,Electric (EV),1,Stellantis (Jeep/Citroen),Stellantis,Netherlands,West,IN-MH,State,"Maharashtra, India",Mar,3,Q1,31,False,True
2026-01-01,Maharashtra,TATA PASSENGER ELECTRIC MOBILITY LTD,Electric (EV),1172,Tata,Tata Motors,India,West,IN-MH,State,"Maharashtra, India",Jan,1,Q1,31,False,True
2026-02-01,Maharashtra,TATA PASSENGER ELECTRIC MOBILITY LTD,Electric (EV),740,Tata,Tata Motors,India,West,IN-MH,State,"Maharashtra, India",Feb,2,Q1,28,False,True
2026-03-01,Maharashtra,TATA PASSENGER ELECTRIC MOBILITY LTD,Electric (EV),1168,Tata,Tata Motors,India,West,IN-MH,State,"Maharashtra, India",Mar,3,Q1,31,False,True
2026-04-01,Maharashtra,TATA PASSENGER ELECTRIC MOBILITY LTD,Electric (EV),1391,Tata,Tata Motors,India,West,IN-MH,State,"Maharashtra, India",Apr,4,Q2,30,False,True
2026-05-01,Maharashtra,TATA PASSENGER ELECTRIC MOBILITY LTD,Electric (EV),1350,Tata,Tata Motors,India,West,IN-MH,State,"Maharashtra, India",May,5,Q2,31,False,True
2026-06-01,Maharashtra,TATA PASSENGER ELECTRIC MOBILITY LTD,Electric (EV),727,Tata,Tata Motors,India,West,IN-MH,State,"Maharashtra, India",Jun,6,Q2,17,True,True
2026-01-01,Maharashtra,TESLA INDIA MOTORS AND ENERGY PVT LTD,Electric (EV),12,Tesla,Tesla,USA,West,IN-MH,State,"Maharashtra, India",Jan,1,Q1,31,False,True
2026-02-01,Maharashtra,TESLA INDIA MOTORS AND ENERGY PVT LTD,Electric (EV),11,Tesla,Tesla,USA,West,IN-MH,State,"Maharashtra, India",Feb,2,Q1,28,False,True
2026-03-01,Maharashtra,TESLA INDIA MOTORS AND ENERGY PVT LTD,Electric (EV),23,Tesla,Tesla,USA,West,IN-MH,State,"Maharashtra, India",Mar,3,Q1,31,False,True
2026-04-01,Maharashtra,TESLA INDIA MOTORS AND ENERGY PVT LTD,Electric (EV),17,Tesla,Tesla,USA,West,IN-MH,State,"Maharashtra, India",Apr,4,Q2,30,False,True
2026-05-01,Maharashtra,TESLA INDIA MOTORS AND ENERGY PVT LTD,Electric (EV),10,Tesla,Tesla,USA,West,IN-MH,State,"Maharashtra, India",May,5,Q2,31,False,True
2026-06-01,Maharashtra,TESLA INDIA MOTORS AND ENERGY PVT LTD,Electric (EV),10,Tesla,Tesla,USA,West,IN-MH,State,"Maharashtra, India",Jun,6,Q2,17,True,True
2026-01-01,Maharashtra,VINFAST AUTO INDIA PVT LTD,Electric (EV),74,VinFast,Vingroup,Vietnam,West,IN-MH,State,"Maharashtra, India",Jan,1,Q1,31,False,True
2026-02-01,Maharashtra,VINFAST AUTO INDIA PVT LTD,Electric (EV),44,VinFast,Vingroup,Vietnam,West,IN-MH,State,"Maharashtra, India",Feb,2,Q1,28,False,True
2026-03-01,Maharashtra,VINFAST AUTO INDIA PVT LTD,Electric (EV),110,VinFast,Vingroup,Vietnam,West,IN-MH,State,"Maharashtra, India",Mar,3,Q1,31,False,True
2026-04-01,Maharashtra,VINFAST AUTO INDIA PVT LTD,Electric (EV),123,VinFast,Vingroup,Vietnam,West,IN-MH,State,"Maharashtra, India",Apr,4,Q2,30,False,True
2026-05-01,Maharashtra,VINFAST AUTO INDIA PVT LTD,Electric (EV),141,VinFast,Vingroup,Vietnam,West,IN-MH,State,"Maharashtra, India",May,5,Q2,31,False,True
2026-06-01,Maharashtra,VINFAST AUTO INDIA PVT LTD,Electric (EV),84,VinFast,Vingroup,Vietnam,West,IN-MH,State,"Maharashtra, India",Jun,6,Q2,17,True,True
2026-01-01,Maharashtra,VOLVO AUTO INDIA PVT LTD,Electric (EV),8,Volvo,Geely,Sweden,West,IN-MH,State,"Maharashtra, India",Jan,1,Q1,31,False,True
2026-02-01,Maharashtra,VOLVO AUTO INDIA PVT LTD,Electric (EV),3,Volvo,Geely,Sweden,West,IN-MH,State,"Maharashtra, India",Feb,2,Q1,28,False,True
2026-03-01,Maharashtra,VOLVO AUTO INDIA PVT LTD,Electric (EV),4,Volvo,Geely,Sweden,West,IN-MH,State,"Maharashtra, India",Mar,3,Q1,31,False,True
2026-04-01,Maharashtra,VOLVO AUTO INDIA PVT LTD,Electric (EV),10,Volvo,Geely,Sweden,West,IN-MH,State,"Maharashtra, India",Apr,4,Q2,30,False,True
2026-05-01,Maharashtra,VOLVO AUTO INDIA PVT LTD,Electric (EV),3,Volvo,Geely,Sweden,West,IN-MH,State,"Maharashtra, India",May,5,Q2,31,False,True
2026-06-01,Maharashtra,VOLVO AUTO INDIA PVT LTD,Electric (EV),1,Volvo,Geely,Sweden,West,IN-MH,State,"Maharashtra, India",Jun,6,Q2,17,True,True
2026-05-01,Manipur,BMW INDIA PVT LTD,Electric (EV),1,BMW,BMW Group,Germany,North-East,IN-MN,State,"Manipur, India",May,5,Q2,31,False,True
2026-01-01,Manipur,JSW MG MOTOR INDIA PVT LTD,Electric (EV),1,MG,JSW-SAIC,India / China,North-East,IN-MN,State,"Manipur, India",Jan,1,Q1,31,False,True
2026-02-01,Manipur,JSW MG MOTOR INDIA PVT LTD,Electric (EV),5,MG,JSW-SAIC,India / China,North-East,IN-MN,State,"Manipur, India",Feb,2,Q1,28,False,True
2026-03-01,Manipur,JSW MG MOTOR INDIA PVT LTD,Electric (EV),1,MG,JSW-SAIC,India / China,North-East,IN-MN,State,"Manipur, India",Mar,3,Q1,31,False,True
2026-02-01,Manipur,MAHINDRA ELECTRIC AUTOMOBILE LTD,Electric (EV),1,Mahindra,Mahindra,India,North-East,IN-MN,State,"Manipur, India",Feb,2,Q1,28,False,True
2026-03-01,Manipur,MAHINDRA ELECTRIC AUTOMOBILE LTD,Electric (EV),1,Mahindra,Mahindra,India,North-East,IN-MN,State,"Manipur, India",Mar,3,Q1,31,False,True
2026-05-01,Manipur,MAHINDRA ELECTRIC AUTOMOBILE LTD,Electric (EV),1,Mahindra,Mahindra,India,North-East,IN-MN,State,"Manipur, India",May,5,Q2,31,False,True
2026-02-01,Manipur,MARUTI SUZUKI INDIA LTD,Electric (EV),1,Maruti Suzuki,Suzuki,Japan,North-East,IN-MN,State,"Manipur, India",Feb,2,Q1,28,False,True
2026-03-01,Manipur,MARUTI SUZUKI INDIA LTD,Electric (EV),4,Maruti Suzuki,Suzuki,Japan,North-East,IN-MN,State,"Manipur, India",Mar,3,Q1,31,False,True
2026-05-01,Manipur,MARUTI SUZUKI INDIA LTD,Electric (EV),6,Maruti Suzuki,Suzuki,Japan,North-East,IN-MN,State,"Manipur, India",May,5,Q2,31,False,True
2026-01-01,Manipur,TATA PASSENGER ELECTRIC MOBILITY LTD,Electric (EV),8,Tata,Tata Motors,India,North-East,IN-MN,State,"Manipur, India",Jan,1,Q1,31,False,True
2026-02-01,Manipur,TATA PASSENGER ELECTRIC MOBILITY LTD,Electric (EV),12,Tata,Tata Motors,India,North-East,IN-MN,State,"Manipur, India",Feb,2,Q1,28,False,True
2026-03-01,Manipur,TATA PASSENGER ELECTRIC MOBILITY LTD,Electric (EV),7,Tata,Tata Motors,India,North-East,IN-MN,State,"Manipur, India",Mar,3,Q1,31,False,True
2026-04-01,Manipur,TATA PASSENGER ELECTRIC MOBILITY LTD,Electric (EV),9,Tata,Tata Motors,India,North-East,IN-MN,State,"Manipur, India",Apr,4,Q2,30,False,True
2026-05-01,Manipur,TATA PASSENGER ELECTRIC MOBILITY LTD,Electric (EV),6,Tata,Tata Motors,India,North-East,IN-MN,State,"Manipur, India",May,5,Q2,31,False,True
2026-06-01,Manipur,TATA PASSENGER ELECTRIC MOBILITY LTD,Electric (EV),1,Tata,Tata Motors,India,North-East,IN-MN,State,"Manipur, India",Jun,6,Q2,17,True,True
2026-03-01,Meghalaya,BYD INDIA PRIVATE LIMITED,Electric (EV),1,BYD,BYD,China,North-East,IN-ML,State,"Meghalaya, India",Mar,3,Q1,31,False,True
2026-01-01,Meghalaya,HYUNDAI MOTOR INDIA LTD,Electric (EV),1,Hyundai,Hyundai,South Korea,North-East,IN-ML,State,"Meghalaya, India",Jan,1,Q1,31,False,True
2026-04-01,Meghalaya,HYUNDAI MOTOR INDIA LTD,Electric (EV),1,Hyundai,Hyundai,South Korea,North-East,IN-ML,State,"Meghalaya, India",Apr,4,Q2,30,False,True
2026-02-01,Meghalaya,JSW MG MOTOR INDIA PVT LTD,Electric (EV),2,MG,JSW-SAIC,India / China,North-East,IN-ML,State,"Meghalaya, India",Feb,2,Q1,28,False,True
2026-03-01,Meghalaya,JSW MG MOTOR INDIA PVT LTD,Electric (EV),4,MG,JSW-SAIC,India / China,North-East,IN-ML,State,"Meghalaya, India",Mar,3,Q1,31,False,True
2026-04-01,Meghalaya,JSW MG MOTOR INDIA PVT LTD,Electric (EV),1,MG,JSW-SAIC,India / China,North-East,IN-ML,State,"Meghalaya, India",Apr,4,Q2,30,False,True
2026-05-01,Meghalaya,JSW MG MOTOR INDIA PVT LTD,Electric (EV),4,MG,JSW-SAIC,India / China,North-East,IN-ML,State,"Meghalaya, India",May,5,Q2,31,False,True
2026-06-01,Meghalaya,JSW MG MOTOR INDIA PVT LTD,Electric (EV),2,MG,JSW-SAIC,India / China,North-East,IN-ML,State,"Meghalaya, India",Jun,6,Q2,17,True,True
2026-01-01,Meghalaya,MAHINDRA ELECTRIC AUTOMOBILE LTD,Electric (EV),3,Mahindra,Mahindra,India,North-East,IN-ML,State,"Meghalaya, India",Jan,1,Q1,31,False,True
2026-02-01,Meghalaya,MAHINDRA ELECTRIC AUTOMOBILE LTD,Electric (EV),1,Mahindra,Mahindra,India,North-East,IN-ML,State,"Meghalaya, India",Feb,2,Q1,28,False,True
2026-03-01,Meghalaya,MAHINDRA ELECTRIC AUTOMOBILE LTD,Electric (EV),5,Mahindra,Mahindra,India,North-East,IN-ML,State,"Meghalaya, India",Mar,3,Q1,31,False,True
2026-04-01,Meghalaya,MAHINDRA ELECTRIC AUTOMOBILE LTD,Electric (EV),4,Mahindra,Mahindra,India,North-East,IN-ML,State,"Meghalaya, India",Apr,4,Q2,30,False,True
2026-01-01,Meghalaya,MARUTI SUZUKI INDIA LTD,Electric (EV),1,Maruti Suzuki,Suzuki,Japan,North-East,IN-ML,State,"Meghalaya, India",Jan,1,Q1,31,False,True
2026-02-01,Meghalaya,MARUTI SUZUKI INDIA LTD,Electric (EV),1,Maruti Suzuki,Suzuki,Japan,North-East,IN-ML,State,"Meghalaya, India",Feb,2,Q1,28,False,True
2026-04-01,Meghalaya,MARUTI SUZUKI INDIA LTD,Electric (EV),2,Maruti Suzuki,Suzuki,Japan,North-East,IN-ML,State,"Meghalaya, India",Apr,4,Q2,30,False,True
2026-05-01,Meghalaya,MARUTI SUZUKI INDIA LTD,Electric (EV),3,Maruti Suzuki,Suzuki,Japan,North-East,IN-ML,State,"Meghalaya, India",May,5,Q2,31,False,True
2026-01-01,Meghalaya,TATA PASSENGER ELECTRIC MOBILITY LTD,Electric (EV),3,Tata,Tata Motors,India,North-East,IN-ML,State,"Meghalaya, India",Jan,1,Q1,31,False,True
2026-02-01,Meghalaya,TATA PASSENGER ELECTRIC MOBILITY LTD,Electric (EV),3,Tata,Tata Motors,India,North-East,IN-ML,State,"Meghalaya, India",Feb,2,Q1,28,False,True
2026-03-01,Meghalaya,TATA PASSENGER ELECTRIC MOBILITY LTD,Electric (EV),3,Tata,Tata Motors,India,North-East,IN-ML,State,"Meghalaya, India",Mar,3,Q1,31,False,True
2026-04-01,Meghalaya,TATA PASSENGER ELECTRIC MOBILITY LTD,Electric (EV),10,Tata,Tata Motors,India,North-East,IN-ML,State,"Meghalaya, India",Apr,4,Q2,30,False,True
2026-05-01,Meghalaya,TATA PASSENGER ELECTRIC MOBILITY LTD,Electric (EV),1,Tata,Tata Motors,India,North-East,IN-ML,State,"Meghalaya, India",May,5,Q2,31,False,True
2026-01-01,Mizoram,HYUNDAI MOTOR INDIA LTD,Electric (EV),1,Hyundai,Hyundai,South Korea,North-East,IN-MZ,State,"Mizoram, India",Jan,1,Q1,31,False,True
2026-02-01,Mizoram,JSW MG MOTOR INDIA PVT LTD,Electric (EV),1,MG,JSW-SAIC,India / China,North-East,IN-MZ,State,"Mizoram, India",Feb,2,Q1,28,False,True
2026-02-01,Mizoram,MAHINDRA ELECTRIC AUTOMOBILE LTD,Electric (EV),1,Mahindra,Mahindra,India,North-East,IN-MZ,State,"Mizoram, India",Feb,2,Q1,28,False,True
2026-03-01,Mizoram,MAHINDRA ELECTRIC AUTOMOBILE LTD,Electric (EV),1,Mahindra,Mahindra,India,North-East,IN-MZ,State,"Mizoram, India",Mar,3,Q1,31,False,True
2026-04-01,Mizoram,MAHINDRA ELECTRIC AUTOMOBILE LTD,Electric (EV),2,Mahindra,Mahindra,India,North-East,IN-MZ,State,"Mizoram, India",Apr,4,Q2,30,False,True
2026-05-01,Mizoram,MAHINDRA ELECTRIC AUTOMOBILE LTD,Electric (EV),1,Mahindra,Mahindra,India,North-East,IN-MZ,State,"Mizoram, India",May,5,Q2,31,False,True
2026-06-01,Mizoram,MAHINDRA ELECTRIC AUTOMOBILE LTD,Electric (EV),1,Mahindra,Mahindra,India,North-East,IN-MZ,State,"Mizoram, India",Jun,6,Q2,17,True,True
2026-01-01,Mizoram,MARUTI SUZUKI INDIA LTD,Electric (EV),1,Maruti Suzuki,Suzuki,Japan,North-East,IN-MZ,State,"Mizoram, India",Jan,1,Q1,31,False,True
2026-03-01,Mizoram,MARUTI SUZUKI INDIA LTD,Electric (EV),1,Maruti Suzuki,Suzuki,Japan,North-East,IN-MZ,State,"Mizoram, India",Mar,3,Q1,31,False,True
2026-04-01,Mizoram,MARUTI SUZUKI INDIA LTD,Electric (EV),1,Maruti Suzuki,Suzuki,Japan,North-East,IN-MZ,State,"Mizoram, India",Apr,4,Q2,30,False,True
2026-01-01,Nagaland,JSW MG MOTOR INDIA PVT LTD,Electric (EV),1,MG,JSW-SAIC,India / China,North-East,IN-NL,State,"Nagaland, India",Jan,1,Q1,31,False,True
2026-02-01,Nagaland,MAHINDRA ELECTRIC AUTOMOBILE LTD,Electric (EV),2,Mahindra,Mahindra,India,North-East,IN-NL,State,"Nagaland, India",Feb,2,Q1,28,False,True
2026-06-01,Nagaland,MAHINDRA ELECTRIC AUTOMOBILE LTD,Electric (EV),1,Mahindra,Mahindra,India,North-East,IN-NL,State,"Nagaland, India",Jun,6,Q2,17,True,True
2026-02-01,Nagaland,MARUTI SUZUKI INDIA LTD,Electric (EV),2,Maruti Suzuki,Suzuki,Japan,North-East,IN-NL,State,"Nagaland, India",Feb,2,Q1,28,False,True
2026-05-01,Nagaland,MARUTI SUZUKI INDIA LTD,Electric (EV),2,Maruti Suzuki,Suzuki,Japan,North-East,IN-NL,State,"Nagaland, India",May,5,Q2,31,False,True
2026-05-01,Nagaland,TATA PASSENGER ELECTRIC MOBILITY LTD,Electric (EV),1,Tata,Tata Motors,India,North-East,IN-NL,State,"Nagaland, India",May,5,Q2,31,False,True
2026-01-01,Odisha,BMW INDIA PVT LTD,Electric (EV),3,BMW,BMW Group,Germany,East,IN-OR,State,"Odisha, India",Jan,1,Q1,31,False,True
2026-02-01,Odisha,BMW INDIA PVT LTD,Electric (EV),5,BMW,BMW Group,Germany,East,IN-OR,State,"Odisha, India",Feb,2,Q1,28,False,True
2026-03-01,Odisha,BMW INDIA PVT LTD,Electric (EV),5,BMW,BMW Group,Germany,East,IN-OR,State,"Odisha, India",Mar,3,Q1,31,False,True
2026-04-01,Odisha,BMW INDIA PVT LTD,Electric (EV),2,BMW,BMW Group,Germany,East,IN-OR,State,"Odisha, India",Apr,4,Q2,30,False,True
2026-05-01,Odisha,BMW INDIA PVT LTD,Electric (EV),8,BMW,BMW Group,Germany,East,IN-OR,State,"Odisha, India",May,5,Q2,31,False,True
2026-06-01,Odisha,BMW INDIA PVT LTD,Electric (EV),1,BMW,BMW Group,Germany,East,IN-OR,State,"Odisha, India",Jun,6,Q2,17,True,True
2026-01-01,Odisha,BYD INDIA PRIVATE LIMITED,Electric (EV),3,BYD,BYD,China,East,IN-OR,State,"Odisha, India",Jan,1,Q1,31,False,True
2026-02-01,Odisha,BYD INDIA PRIVATE LIMITED,Electric (EV),6,BYD,BYD,China,East,IN-OR,State,"Odisha, India",Feb,2,Q1,28,False,True
2026-03-01,Odisha,BYD INDIA PRIVATE LIMITED,Electric (EV),3,BYD,BYD,China,East,IN-OR,State,"Odisha, India",Mar,3,Q1,31,False,True
2026-04-01,Odisha,BYD INDIA PRIVATE LIMITED,Electric (EV),11,BYD,BYD,China,East,IN-OR,State,"Odisha, India",Apr,4,Q2,30,False,True
2026-05-01,Odisha,BYD INDIA PRIVATE LIMITED,Electric (EV),6,BYD,BYD,China,East,IN-OR,State,"Odisha, India",May,5,Q2,31,False,True
2026-06-01,Odisha,BYD INDIA PRIVATE LIMITED,Electric (EV),9,BYD,BYD,China,East,IN-OR,State,"Odisha, India",Jun,6,Q2,17,True,True
2026-01-01,Odisha,HYUNDAI MOTOR INDIA LTD,Electric (EV),10,Hyundai,Hyundai,South Korea,East,IN-OR,State,"Odisha, India",Jan,1,Q1,31,False,True
2026-02-01,Odisha,HYUNDAI MOTOR INDIA LTD,Electric (EV),13,Hyundai,Hyundai,South Korea,East,IN-OR,State,"Odisha, India",Feb,2,Q1,28,False,True
2026-03-01,Odisha,HYUNDAI MOTOR INDIA LTD,Electric (EV),11,Hyundai,Hyundai,South Korea,East,IN-OR,State,"Odisha, India",Mar,3,Q1,31,False,True
2026-04-01,Odisha,HYUNDAI MOTOR INDIA LTD,Electric (EV),15,Hyundai,Hyundai,South Korea,East,IN-OR,State,"Odisha, India",Apr,4,Q2,30,False,True
2026-05-01,Odisha,HYUNDAI MOTOR INDIA LTD,Electric (EV),16,Hyundai,Hyundai,South Korea,East,IN-OR,State,"Odisha, India",May,5,Q2,31,False,True
2026-06-01,Odisha,HYUNDAI MOTOR INDIA LTD,Electric (EV),6,Hyundai,Hyundai,South Korea,East,IN-OR,State,"Odisha, India",Jun,6,Q2,17,True,True
2026-01-01,Odisha,JSW MG MOTOR INDIA PVT LTD,Electric (EV),108,MG,JSW-SAIC,India / China,East,IN-OR,State,"Odisha, India",Jan,1,Q1,31,False,True
2026-02-01,Odisha,JSW MG MOTOR INDIA PVT LTD,Electric (EV),73,MG,JSW-SAIC,India / China,East,IN-OR,State,"Odisha, India",Feb,2,Q1,28,False,True
2026-03-01,Odisha,JSW MG MOTOR INDIA PVT LTD,Electric (EV),158,MG,JSW-SAIC,India / China,East,IN-OR,State,"Odisha, India",Mar,3,Q1,31,False,True
2026-04-01,Odisha,JSW MG MOTOR INDIA PVT LTD,Electric (EV),126,MG,JSW-SAIC,India / China,East,IN-OR,State,"Odisha, India",Apr,4,Q2,30,False,True
2026-05-01,Odisha,JSW MG MOTOR INDIA PVT LTD,Electric (EV),155,MG,JSW-SAIC,India / China,East,IN-OR,State,"Odisha, India",May,5,Q2,31,False,True
2026-06-01,Odisha,JSW MG MOTOR INDIA PVT LTD,Electric (EV),55,MG,JSW-SAIC,India / China,East,IN-OR,State,"Odisha, India",Jun,6,Q2,17,True,True
2026-01-01,Odisha,KIA INDIA PRIVATE LIMITED,Electric (EV),3,Kia,Hyundai,South Korea,East,IN-OR,State,"Odisha, India",Jan,1,Q1,31,False,True
2026-02-01,Odisha,KIA INDIA PRIVATE LIMITED,Electric (EV),1,Kia,Hyundai,South Korea,East,IN-OR,State,"Odisha, India",Feb,2,Q1,28,False,True
2026-03-01,Odisha,KIA INDIA PRIVATE LIMITED,Electric (EV),13,Kia,Hyundai,South Korea,East,IN-OR,State,"Odisha, India",Mar,3,Q1,31,False,True
2026-04-01,Odisha,KIA INDIA PRIVATE LIMITED,Electric (EV),10,Kia,Hyundai,South Korea,East,IN-OR,State,"Odisha, India",Apr,4,Q2,30,False,True
2026-05-01,Odisha,KIA INDIA PRIVATE LIMITED,Electric (EV),9,Kia,Hyundai,South Korea,East,IN-OR,State,"Odisha, India",May,5,Q2,31,False,True
2026-06-01,Odisha,KIA INDIA PRIVATE LIMITED,Electric (EV),9,Kia,Hyundai,South Korea,East,IN-OR,State,"Odisha, India",Jun,6,Q2,17,True,True
2026-01-01,Odisha,MAHINDRA & MAHINDRA LIMITED,Electric (EV),3,Mahindra,Mahindra,India,East,IN-OR,State,"Odisha, India",Jan,1,Q1,31,False,True
2026-02-01,Odisha,MAHINDRA & MAHINDRA LIMITED,Electric (EV),6,Mahindra,Mahindra,India,East,IN-OR,State,"Odisha, India",Feb,2,Q1,28,False,True
2026-03-01,Odisha,MAHINDRA & MAHINDRA LIMITED,Electric (EV),6,Mahindra,Mahindra,India,East,IN-OR,State,"Odisha, India",Mar,3,Q1,31,False,True
2026-04-01,Odisha,MAHINDRA & MAHINDRA LIMITED,Electric (EV),9,Mahindra,Mahindra,India,East,IN-OR,State,"Odisha, India",Apr,4,Q2,30,False,True
2026-05-01,Odisha,MAHINDRA & MAHINDRA LIMITED,Electric (EV),27,Mahindra,Mahindra,India,East,IN-OR,State,"Odisha, India",May,5,Q2,31,False,True
2026-06-01,Odisha,MAHINDRA & MAHINDRA LIMITED,Electric (EV),26,Mahindra,Mahindra,India,East,IN-OR,State,"Odisha, India",Jun,6,Q2,17,True,True
2026-01-01,Odisha,MAHINDRA ELECTRIC AUTOMOBILE LTD,Electric (EV),59,Mahindra,Mahindra,India,East,IN-OR,State,"Odisha, India",Jan,1,Q1,31,False,True
2026-02-01,Odisha,MAHINDRA ELECTRIC AUTOMOBILE LTD,Electric (EV),56,Mahindra,Mahindra,India,East,IN-OR,State,"Odisha, India",Feb,2,Q1,28,False,True
2026-03-01,Odisha,MAHINDRA ELECTRIC AUTOMOBILE LTD,Electric (EV),94,Mahindra,Mahindra,India,East,IN-OR,State,"Odisha, India",Mar,3,Q1,31,False,True
2026-04-01,Odisha,MAHINDRA ELECTRIC AUTOMOBILE LTD,Electric (EV),103,Mahindra,Mahindra,India,East,IN-OR,State,"Odisha, India",Apr,4,Q2,30,False,True
2026-05-01,Odisha,MAHINDRA ELECTRIC AUTOMOBILE LTD,Electric (EV),127,Mahindra,Mahindra,India,East,IN-OR,State,"Odisha, India",May,5,Q2,31,False,True
2026-06-01,Odisha,MAHINDRA ELECTRIC AUTOMOBILE LTD,Electric (EV),64,Mahindra,Mahindra,India,East,IN-OR,State,"Odisha, India",Jun,6,Q2,17,True,True
2026-01-01,Odisha,MARUTI SUZUKI INDIA LTD,Electric (EV),9,Maruti Suzuki,Suzuki,Japan,East,IN-OR,State,"Odisha, India",Jan,1,Q1,31,False,True
2026-02-01,Odisha,MARUTI SUZUKI INDIA LTD,Electric (EV),2,Maruti Suzuki,Suzuki,Japan,East,IN-OR,State,"Odisha, India",Feb,2,Q1,28,False,True
2026-03-01,Odisha,MARUTI SUZUKI INDIA LTD,Electric (EV),19,Maruti Suzuki,Suzuki,Japan,East,IN-OR,State,"Odisha, India",Mar,3,Q1,31,False,True
2026-04-01,Odisha,MARUTI SUZUKI INDIA LTD,Electric (EV),43,Maruti Suzuki,Suzuki,Japan,East,IN-OR,State,"Odisha, India",Apr,4,Q2,30,False,True
2026-05-01,Odisha,MARUTI SUZUKI INDIA LTD,Electric (EV),45,Maruti Suzuki,Suzuki,Japan,East,IN-OR,State,"Odisha, India",May,5,Q2,31,False,True
2026-06-01,Odisha,MARUTI SUZUKI INDIA LTD,Electric (EV),16,Maruti Suzuki,Suzuki,Japan,East,IN-OR,State,"Odisha, India",Jun,6,Q2,17,True,True
2026-01-01,Odisha,MERCEDES-BENZ AG,Electric (EV),2,Mercedes-Benz,Mercedes-Benz,Germany,East,IN-OR,State,"Odisha, India",Jan,1,Q1,31,False,True
2026-04-01,Odisha,MERCEDES-BENZ AG,Electric (EV),1,Mercedes-Benz,Mercedes-Benz,Germany,East,IN-OR,State,"Odisha, India",Apr,4,Q2,30,False,True
2026-05-01,Odisha,MERCEDES-BENZ AG,Electric (EV),5,Mercedes-Benz,Mercedes-Benz,Germany,East,IN-OR,State,"Odisha, India",May,5,Q2,31,False,True
2026-06-01,Odisha,MERCEDES-BENZ AG,Electric (EV),2,Mercedes-Benz,Mercedes-Benz,Germany,East,IN-OR,State,"Odisha, India",Jun,6,Q2,17,True,True
2026-04-01,Odisha,MERCEDES-BENZ INDIA PVT LTD,Electric (EV),2,Mercedes-Benz,Mercedes-Benz,Germany,East,IN-OR,State,"Odisha, India",Apr,4,Q2,30,False,True
2026-03-01,Odisha,PORSCHE AG GERMANY,Electric (EV),1,Porsche,Volkswagen Group,Germany,East,IN-OR,State,"Odisha, India",Mar,3,Q1,31,False,True
2026-01-01,Odisha,TATA PASSENGER ELECTRIC MOBILITY LTD,Electric (EV),239,Tata,Tata Motors,India,East,IN-OR,State,"Odisha, India",Jan,1,Q1,31,False,True
2026-02-01,Odisha,TATA PASSENGER ELECTRIC MOBILITY LTD,Electric (EV),209,Tata,Tata Motors,India,East,IN-OR,State,"Odisha, India",Feb,2,Q1,28,False,True
2026-03-01,Odisha,TATA PASSENGER ELECTRIC MOBILITY LTD,Electric (EV),364,Tata,Tata Motors,India,East,IN-OR,State,"Odisha, India",Mar,3,Q1,31,False,True
2026-04-01,Odisha,TATA PASSENGER ELECTRIC MOBILITY LTD,Electric (EV),299,Tata,Tata Motors,India,East,IN-OR,State,"Odisha, India",Apr,4,Q2,30,False,True
2026-05-01,Odisha,TATA PASSENGER ELECTRIC MOBILITY LTD,Electric (EV),392,Tata,Tata Motors,India,East,IN-OR,State,"Odisha, India",May,5,Q2,31,False,True
2026-06-01,Odisha,TATA PASSENGER ELECTRIC MOBILITY LTD,Electric (EV),210,Tata,Tata Motors,India,East,IN-OR,State,"Odisha, India",Jun,6,Q2,17,True,True
2026-01-01,Odisha,TESLA INDIA MOTORS AND ENERGY PVT LTD,Electric (EV),2,Tesla,Tesla,USA,East,IN-OR,State,"Odisha, India",Jan,1,Q1,31,False,True
2026-06-01,Odisha,TOYOTA KIRLOSKAR MOTOR PVT LTD,Electric (EV),2,Toyota,Toyota,Japan,East,IN-OR,State,"Odisha, India",Jun,6,Q2,17,True,True
2026-01-01,Odisha,VINFAST AUTO INDIA PVT LTD,Electric (EV),15,VinFast,Vingroup,Vietnam,East,IN-OR,State,"Odisha, India",Jan,1,Q1,31,False,True
2026-02-01,Odisha,VINFAST AUTO INDIA PVT LTD,Electric (EV),13,VinFast,Vingroup,Vietnam,East,IN-OR,State,"Odisha, India",Feb,2,Q1,28,False,True
2026-03-01,Odisha,VINFAST AUTO INDIA PVT LTD,Electric (EV),11,VinFast,Vingroup,Vietnam,East,IN-OR,State,"Odisha, India",Mar,3,Q1,31,False,True
2026-04-01,Odisha,VINFAST AUTO INDIA PVT LTD,Electric (EV),25,VinFast,Vingroup,Vietnam,East,IN-OR,State,"Odisha, India",Apr,4,Q2,30,False,True
2026-05-01,Odisha,VINFAST AUTO INDIA PVT LTD,Electric (EV),33,VinFast,Vingroup,Vietnam,East,IN-OR,State,"Odisha, India",May,5,Q2,31,False,True
2026-06-01,Odisha,VINFAST AUTO INDIA PVT LTD,Electric (EV),13,VinFast,Vingroup,Vietnam,East,IN-OR,State,"Odisha, India",Jun,6,Q2,17,True,True
2026-05-01,Odisha,VOLVO AUTO INDIA PVT LTD,Electric (EV),1,Volvo,Geely,Sweden,East,IN-OR,State,"Odisha, India",May,5,Q2,31,False,True
2026-01-01,Puducherry,BYD INDIA PRIVATE LIMITED,Electric (EV),1,BYD,BYD,China,South,IN-PY,Union Territory,"Puducherry, India",Jan,1,Q1,31,False,True
2026-01-01,Puducherry,JSW MG MOTOR INDIA PVT LTD,Electric (EV),6,MG,JSW-SAIC,India / China,South,IN-PY,Union Territory,"Puducherry, India",Jan,1,Q1,31,False,True
2026-02-01,Puducherry,JSW MG MOTOR INDIA PVT LTD,Electric (EV),1,MG,JSW-SAIC,India / China,South,IN-PY,Union Territory,"Puducherry, India",Feb,2,Q1,28,False,True
2026-03-01,Puducherry,JSW MG MOTOR INDIA PVT LTD,Electric (EV),7,MG,JSW-SAIC,India / China,South,IN-PY,Union Territory,"Puducherry, India",Mar,3,Q1,31,False,True
2026-04-01,Puducherry,JSW MG MOTOR INDIA PVT LTD,Electric (EV),7,MG,JSW-SAIC,India / China,South,IN-PY,Union Territory,"Puducherry, India",Apr,4,Q2,30,False,True
2026-05-01,Puducherry,JSW MG MOTOR INDIA PVT LTD,Electric (EV),5,MG,JSW-SAIC,India / China,South,IN-PY,Union Territory,"Puducherry, India",May,5,Q2,31,False,True
2026-06-01,Puducherry,JSW MG MOTOR INDIA PVT LTD,Electric (EV),4,MG,JSW-SAIC,India / China,South,IN-PY,Union Territory,"Puducherry, India",Jun,6,Q2,17,True,True
2026-05-01,Puducherry,KIA INDIA PRIVATE LIMITED,Electric (EV),1,Kia,Hyundai,South Korea,South,IN-PY,Union Territory,"Puducherry, India",May,5,Q2,31,False,True
2026-01-01,Puducherry,MAHINDRA ELECTRIC AUTOMOBILE LTD,Electric (EV),1,Mahindra,Mahindra,India,South,IN-PY,Union Territory,"Puducherry, India",Jan,1,Q1,31,False,True
2026-02-01,Puducherry,MAHINDRA ELECTRIC AUTOMOBILE LTD,Electric (EV),5,Mahindra,Mahindra,India,South,IN-PY,Union Territory,"Puducherry, India",Feb,2,Q1,28,False,True
2026-03-01,Puducherry,MAHINDRA ELECTRIC AUTOMOBILE LTD,Electric (EV),9,Mahindra,Mahindra,India,South,IN-PY,Union Territory,"Puducherry, India",Mar,3,Q1,31,False,True
2026-04-01,Puducherry,MAHINDRA ELECTRIC AUTOMOBILE LTD,Electric (EV),6,Mahindra,Mahindra,India,South,IN-PY,Union Territory,"Puducherry, India",Apr,4,Q2,30,False,True
2026-05-01,Puducherry,MAHINDRA ELECTRIC AUTOMOBILE LTD,Electric (EV),6,Mahindra,Mahindra,India,South,IN-PY,Union Territory,"Puducherry, India",May,5,Q2,31,False,True
2026-06-01,Puducherry,MAHINDRA ELECTRIC AUTOMOBILE LTD,Electric (EV),2,Mahindra,Mahindra,India,South,IN-PY,Union Territory,"Puducherry, India",Jun,6,Q2,17,True,True
2026-02-01,Puducherry,MARUTI SUZUKI INDIA LTD,Electric (EV),1,Maruti Suzuki,Suzuki,Japan,South,IN-PY,Union Territory,"Puducherry, India",Feb,2,Q1,28,False,True
2026-03-01,Puducherry,MARUTI SUZUKI INDIA LTD,Electric (EV),1,Maruti Suzuki,Suzuki,Japan,South,IN-PY,Union Territory,"Puducherry, India",Mar,3,Q1,31,False,True
2026-04-01,Puducherry,MARUTI SUZUKI INDIA LTD,Electric (EV),2,Maruti Suzuki,Suzuki,Japan,South,IN-PY,Union Territory,"Puducherry, India",Apr,4,Q2,30,False,True
2026-05-01,Puducherry,MARUTI SUZUKI INDIA LTD,Electric (EV),3,Maruti Suzuki,Suzuki,Japan,South,IN-PY,Union Territory,"Puducherry, India",May,5,Q2,31,False,True
2026-06-01,Puducherry,MARUTI SUZUKI INDIA LTD,Electric (EV),2,Maruti Suzuki,Suzuki,Japan,South,IN-PY,Union Territory,"Puducherry, India",Jun,6,Q2,17,True,True
2026-01-01,Puducherry,TATA PASSENGER ELECTRIC MOBILITY LTD,Electric (EV),1,Tata,Tata Motors,India,South,IN-PY,Union Territory,"Puducherry, India",Jan,1,Q1,31,False,True
2026-02-01,Puducherry,TATA PASSENGER ELECTRIC MOBILITY LTD,Electric (EV),2,Tata,Tata Motors,India,South,IN-PY,Union Territory,"Puducherry, India",Feb,2,Q1,28,False,True
2026-03-01,Puducherry,TATA PASSENGER ELECTRIC MOBILITY LTD,Electric (EV),4,Tata,Tata Motors,India,South,IN-PY,Union Territory,"Puducherry, India",Mar,3,Q1,31,False,True
2026-04-01,Puducherry,TATA PASSENGER ELECTRIC MOBILITY LTD,Electric (EV),5,Tata,Tata Motors,India,South,IN-PY,Union Territory,"Puducherry, India",Apr,4,Q2,30,False,True
2026-05-01,Puducherry,TATA PASSENGER ELECTRIC MOBILITY LTD,Electric (EV),7,Tata,Tata Motors,India,South,IN-PY,Union Territory,"Puducherry, India",May,5,Q2,31,False,True
2026-06-01,Puducherry,TATA PASSENGER ELECTRIC MOBILITY LTD,Electric (EV),6,Tata,Tata Motors,India,South,IN-PY,Union Territory,"Puducherry, India",Jun,6,Q2,17,True,True
2026-01-01,Puducherry,VINFAST AUTO INDIA PVT LTD,Electric (EV),1,VinFast,Vingroup,Vietnam,South,IN-PY,Union Territory,"Puducherry, India",Jan,1,Q1,31,False,True
2026-04-01,Puducherry,VINFAST AUTO INDIA PVT LTD,Electric (EV),1,VinFast,Vingroup,Vietnam,South,IN-PY,Union Territory,"Puducherry, India",Apr,4,Q2,30,False,True
2026-05-01,Puducherry,VINFAST AUTO INDIA PVT LTD,Electric (EV),1,VinFast,Vingroup,Vietnam,South,IN-PY,Union Territory,"Puducherry, India",May,5,Q2,31,False,True
2026-01-01,Punjab,BMW INDIA PVT LTD,Electric (EV),8,BMW,BMW Group,Germany,North,IN-PB,State,"Punjab, India",Jan,1,Q1,31,False,True
2026-02-01,Punjab,BMW INDIA PVT LTD,Electric (EV),8,BMW,BMW Group,Germany,North,IN-PB,State,"Punjab, India",Feb,2,Q1,28,False,True
2026-03-01,Punjab,BMW INDIA PVT LTD,Electric (EV),2,BMW,BMW Group,Germany,North,IN-PB,State,"Punjab, India",Mar,3,Q1,31,False,True
2026-04-01,Punjab,BMW INDIA PVT LTD,Electric (EV),8,BMW,BMW Group,Germany,North,IN-PB,State,"Punjab, India",Apr,4,Q2,30,False,True
2026-05-01,Punjab,BMW INDIA PVT LTD,Electric (EV),14,BMW,BMW Group,Germany,North,IN-PB,State,"Punjab, India",May,5,Q2,31,False,True
2026-06-01,Punjab,BMW INDIA PVT LTD,Electric (EV),3,BMW,BMW Group,Germany,North,IN-PB,State,"Punjab, India",Jun,6,Q2,17,True,True
2026-01-01,Punjab,BYD INDIA PRIVATE LIMITED,Electric (EV),7,BYD,BYD,China,North,IN-PB,State,"Punjab, India",Jan,1,Q1,31,False,True
2026-02-01,Punjab,BYD INDIA PRIVATE LIMITED,Electric (EV),11,BYD,BYD,China,North,IN-PB,State,"Punjab, India",Feb,2,Q1,28,False,True
2026-03-01,Punjab,BYD INDIA PRIVATE LIMITED,Electric (EV),6,BYD,BYD,China,North,IN-PB,State,"Punjab, India",Mar,3,Q1,31,False,True
2026-04-01,Punjab,BYD INDIA PRIVATE LIMITED,Electric (EV),19,BYD,BYD,China,North,IN-PB,State,"Punjab, India",Apr,4,Q2,30,False,True
2026-05-01,Punjab,BYD INDIA PRIVATE LIMITED,Electric (EV),16,BYD,BYD,China,North,IN-PB,State,"Punjab, India",May,5,Q2,31,False,True
2026-06-01,Punjab,BYD INDIA PRIVATE LIMITED,Electric (EV),7,BYD,BYD,China,North,IN-PB,State,"Punjab, India",Jun,6,Q2,17,True,True
2026-01-01,Punjab,HYUNDAI MOTOR INDIA LTD,Electric (EV),6,Hyundai,Hyundai,South Korea,North,IN-PB,State,"Punjab, India",Jan,1,Q1,31,False,True
2026-02-01,Punjab,HYUNDAI MOTOR INDIA LTD,Electric (EV),4,Hyundai,Hyundai,South Korea,North,IN-PB,State,"Punjab, India",Feb,2,Q1,28,False,True
2026-03-01,Punjab,HYUNDAI MOTOR INDIA LTD,Electric (EV),7,Hyundai,Hyundai,South Korea,North,IN-PB,State,"Punjab, India",Mar,3,Q1,31,False,True
2026-04-01,Punjab,HYUNDAI MOTOR INDIA LTD,Electric (EV),8,Hyundai,Hyundai,South Korea,North,IN-PB,State,"Punjab, India",Apr,4,Q2,30,False,True
2026-05-01,Punjab,HYUNDAI MOTOR INDIA LTD,Electric (EV),4,Hyundai,Hyundai,South Korea,North,IN-PB,State,"Punjab, India",May,5,Q2,31,False,True
2026-06-01,Punjab,HYUNDAI MOTOR INDIA LTD,Electric (EV),1,Hyundai,Hyundai,South Korea,North,IN-PB,State,"Punjab, India",Jun,6,Q2,17,True,True
2026-01-01,Punjab,JSW MG MOTOR INDIA PVT LTD,Electric (EV),170,MG,JSW-SAIC,India / China,North,IN-PB,State,"Punjab, India",Jan,1,Q1,31,False,True
2026-02-01,Punjab,JSW MG MOTOR INDIA PVT LTD,Electric (EV),118,MG,JSW-SAIC,India / China,North,IN-PB,State,"Punjab, India",Feb,2,Q1,28,False,True
2026-03-01,Punjab,JSW MG MOTOR INDIA PVT LTD,Electric (EV),148,MG,JSW-SAIC,India / China,North,IN-PB,State,"Punjab, India",Mar,3,Q1,31,False,True
2026-04-01,Punjab,JSW MG MOTOR INDIA PVT LTD,Electric (EV),193,MG,JSW-SAIC,India / China,North,IN-PB,State,"Punjab, India",Apr,4,Q2,30,False,True
2026-05-01,Punjab,JSW MG MOTOR INDIA PVT LTD,Electric (EV),151,MG,JSW-SAIC,India / China,North,IN-PB,State,"Punjab, India",May,5,Q2,31,False,True
2026-06-01,Punjab,JSW MG MOTOR INDIA PVT LTD,Electric (EV),89,MG,JSW-SAIC,India / China,North,IN-PB,State,"Punjab, India",Jun,6,Q2,17,True,True
2026-01-01,Punjab,KIA INDIA PRIVATE LIMITED,Electric (EV),6,Kia,Hyundai,South Korea,North,IN-PB,State,"Punjab, India",Jan,1,Q1,31,False,True
2026-02-01,Punjab,KIA INDIA PRIVATE LIMITED,Electric (EV),6,Kia,Hyundai,South Korea,North,IN-PB,State,"Punjab, India",Feb,2,Q1,28,False,True
2026-03-01,Punjab,KIA INDIA PRIVATE LIMITED,Electric (EV),17,Kia,Hyundai,South Korea,North,IN-PB,State,"Punjab, India",Mar,3,Q1,31,False,True
2026-04-01,Punjab,KIA INDIA PRIVATE LIMITED,Electric (EV),10,Kia,Hyundai,South Korea,North,IN-PB,State,"Punjab, India",Apr,4,Q2,30,False,True
2026-05-01,Punjab,KIA INDIA PRIVATE LIMITED,Electric (EV),4,Kia,Hyundai,South Korea,North,IN-PB,State,"Punjab, India",May,5,Q2,31,False,True
2026-06-01,Punjab,KIA INDIA PRIVATE LIMITED,Electric (EV),5,Kia,Hyundai,South Korea,North,IN-PB,State,"Punjab, India",Jun,6,Q2,17,True,True
2026-02-01,Punjab,MAHINDRA & MAHINDRA LIMITED,Electric (EV),1,Mahindra,Mahindra,India,North,IN-PB,State,"Punjab, India",Feb,2,Q1,28,False,True
2026-03-01,Punjab,MAHINDRA & MAHINDRA LIMITED,Electric (EV),2,Mahindra,Mahindra,India,North,IN-PB,State,"Punjab, India",Mar,3,Q1,31,False,True
2026-04-01,Punjab,MAHINDRA & MAHINDRA LIMITED,Electric (EV),4,Mahindra,Mahindra,India,North,IN-PB,State,"Punjab, India",Apr,4,Q2,30,False,True
2026-05-01,Punjab,MAHINDRA & MAHINDRA LIMITED,Electric (EV),8,Mahindra,Mahindra,India,North,IN-PB,State,"Punjab, India",May,5,Q2,31,False,True
2026-06-01,Punjab,MAHINDRA & MAHINDRA LIMITED,Electric (EV),5,Mahindra,Mahindra,India,North,IN-PB,State,"Punjab, India",Jun,6,Q2,17,True,True
2026-01-01,Punjab,MAHINDRA ELECTRIC AUTOMOBILE LTD,Electric (EV),115,Mahindra,Mahindra,India,North,IN-PB,State,"Punjab, India",Jan,1,Q1,31,False,True
2026-02-01,Punjab,MAHINDRA ELECTRIC AUTOMOBILE LTD,Electric (EV),97,Mahindra,Mahindra,India,North,IN-PB,State,"Punjab, India",Feb,2,Q1,28,False,True
2026-03-01,Punjab,MAHINDRA ELECTRIC AUTOMOBILE LTD,Electric (EV),119,Mahindra,Mahindra,India,North,IN-PB,State,"Punjab, India",Mar,3,Q1,31,False,True
2026-04-01,Punjab,MAHINDRA ELECTRIC AUTOMOBILE LTD,Electric (EV),158,Mahindra,Mahindra,India,North,IN-PB,State,"Punjab, India",Apr,4,Q2,30,False,True
2026-05-01,Punjab,MAHINDRA ELECTRIC AUTOMOBILE LTD,Electric (EV),160,Mahindra,Mahindra,India,North,IN-PB,State,"Punjab, India",May,5,Q2,31,False,True
2026-06-01,Punjab,MAHINDRA ELECTRIC AUTOMOBILE LTD,Electric (EV),106,Mahindra,Mahindra,India,North,IN-PB,State,"Punjab, India",Jun,6,Q2,17,True,True
2026-01-01,Punjab,MARUTI SUZUKI INDIA LTD,Electric (EV),14,Maruti Suzuki,Suzuki,Japan,North,IN-PB,State,"Punjab, India",Jan,1,Q1,31,False,True
2026-02-01,Punjab,MARUTI SUZUKI INDIA LTD,Electric (EV),5,Maruti Suzuki,Suzuki,Japan,North,IN-PB,State,"Punjab, India",Feb,2,Q1,28,False,True
2026-03-01,Punjab,MARUTI SUZUKI INDIA LTD,Electric (EV),17,Maruti Suzuki,Suzuki,Japan,North,IN-PB,State,"Punjab, India",Mar,3,Q1,31,False,True
2026-04-01,Punjab,MARUTI SUZUKI INDIA LTD,Electric (EV),48,Maruti Suzuki,Suzuki,Japan,North,IN-PB,State,"Punjab, India",Apr,4,Q2,30,False,True
2026-05-01,Punjab,MARUTI SUZUKI INDIA LTD,Electric (EV),58,Maruti Suzuki,Suzuki,Japan,North,IN-PB,State,"Punjab, India",May,5,Q2,31,False,True
2026-06-01,Punjab,MARUTI SUZUKI INDIA LTD,Electric (EV),28,Maruti Suzuki,Suzuki,Japan,North,IN-PB,State,"Punjab, India",Jun,6,Q2,17,True,True
2026-02-01,Punjab,MERCEDES-BENZ AG,Electric (EV),1,Mercedes-Benz,Mercedes-Benz,Germany,North,IN-PB,State,"Punjab, India",Feb,2,Q1,28,False,True
2026-04-01,Punjab,MERCEDES-BENZ AG,Electric (EV),2,Mercedes-Benz,Mercedes-Benz,Germany,North,IN-PB,State,"Punjab, India",Apr,4,Q2,30,False,True
2026-05-01,Punjab,MERCEDES-BENZ AG,Electric (EV),4,Mercedes-Benz,Mercedes-Benz,Germany,North,IN-PB,State,"Punjab, India",May,5,Q2,31,False,True
2026-02-01,Punjab,MERCEDES-BENZ INDIA PVT LTD,Electric (EV),1,Mercedes-Benz,Mercedes-Benz,Germany,North,IN-PB,State,"Punjab, India",Feb,2,Q1,28,False,True
2026-04-01,Punjab,MERCEDES-BENZ INDIA PVT LTD,Electric (EV),1,Mercedes-Benz,Mercedes-Benz,Germany,North,IN-PB,State,"Punjab, India",Apr,4,Q2,30,False,True
2026-06-01,Punjab,MERCEDES-BENZ INDIA PVT LTD,Electric (EV),1,Mercedes-Benz,Mercedes-Benz,Germany,North,IN-PB,State,"Punjab, India",Jun,6,Q2,17,True,True
2026-01-01,Punjab,TATA PASSENGER ELECTRIC MOBILITY LTD,Electric (EV),119,Tata,Tata Motors,India,North,IN-PB,State,"Punjab, India",Jan,1,Q1,31,False,True
2026-02-01,Punjab,TATA PASSENGER ELECTRIC MOBILITY LTD,Electric (EV),54,Tata,Tata Motors,India,North,IN-PB,State,"Punjab, India",Feb,2,Q1,28,False,True
2026-03-01,Punjab,TATA PASSENGER ELECTRIC MOBILITY LTD,Electric (EV),113,Tata,Tata Motors,India,North,IN-PB,State,"Punjab, India",Mar,3,Q1,31,False,True
2026-04-01,Punjab,TATA PASSENGER ELECTRIC MOBILITY LTD,Electric (EV),160,Tata,Tata Motors,India,North,IN-PB,State,"Punjab, India",Apr,4,Q2,30,False,True
2026-05-01,Punjab,TATA PASSENGER ELECTRIC MOBILITY LTD,Electric (EV),156,Tata,Tata Motors,India,North,IN-PB,State,"Punjab, India",May,5,Q2,31,False,True
2026-06-01,Punjab,TATA PASSENGER ELECTRIC MOBILITY LTD,Electric (EV),104,Tata,Tata Motors,India,North,IN-PB,State,"Punjab, India",Jun,6,Q2,17,True,True
2026-02-01,Punjab,TESLA INDIA MOTORS AND ENERGY PVT LTD,Electric (EV),1,Tesla,Tesla,USA,North,IN-PB,State,"Punjab, India",Feb,2,Q1,28,False,True
2026-05-01,Punjab,TESLA INDIA MOTORS AND ENERGY PVT LTD,Electric (EV),3,Tesla,Tesla,USA,North,IN-PB,State,"Punjab, India",May,5,Q2,31,False,True
2026-01-01,Punjab,VINFAST AUTO INDIA PVT LTD,Electric (EV),19,VinFast,Vingroup,Vietnam,North,IN-PB,State,"Punjab, India",Jan,1,Q1,31,False,True
2026-02-01,Punjab,VINFAST AUTO INDIA PVT LTD,Electric (EV),18,VinFast,Vingroup,Vietnam,North,IN-PB,State,"Punjab, India",Feb,2,Q1,28,False,True
2026-03-01,Punjab,VINFAST AUTO INDIA PVT LTD,Electric (EV),26,VinFast,Vingroup,Vietnam,North,IN-PB,State,"Punjab, India",Mar,3,Q1,31,False,True
2026-04-01,Punjab,VINFAST AUTO INDIA PVT LTD,Electric (EV),36,VinFast,Vingroup,Vietnam,North,IN-PB,State,"Punjab, India",Apr,4,Q2,30,False,True
2026-05-01,Punjab,VINFAST AUTO INDIA PVT LTD,Electric (EV),28,VinFast,Vingroup,Vietnam,North,IN-PB,State,"Punjab, India",May,5,Q2,31,False,True
2026-06-01,Punjab,VINFAST AUTO INDIA PVT LTD,Electric (EV),21,VinFast,Vingroup,Vietnam,North,IN-PB,State,"Punjab, India",Jun,6,Q2,17,True,True
2026-01-01,Rajasthan,BMW INDIA PVT LTD,Electric (EV),12,BMW,BMW Group,Germany,North,IN-RJ,State,"Rajasthan, India",Jan,1,Q1,31,False,True
2026-02-01,Rajasthan,BMW INDIA PVT LTD,Electric (EV),3,BMW,BMW Group,Germany,North,IN-RJ,State,"Rajasthan, India",Feb,2,Q1,28,False,True
2026-03-01,Rajasthan,BMW INDIA PVT LTD,Electric (EV),23,BMW,BMW Group,Germany,North,IN-RJ,State,"Rajasthan, India",Mar,3,Q1,31,False,True
2026-04-01,Rajasthan,BMW INDIA PVT LTD,Electric (EV),8,BMW,BMW Group,Germany,North,IN-RJ,State,"Rajasthan, India",Apr,4,Q2,30,False,True
2026-05-01,Rajasthan,BMW INDIA PVT LTD,Electric (EV),13,BMW,BMW Group,Germany,North,IN-RJ,State,"Rajasthan, India",May,5,Q2,31,False,True
2026-01-01,Rajasthan,BYD INDIA PRIVATE LIMITED,Electric (EV),9,BYD,BYD,China,North,IN-RJ,State,"Rajasthan, India",Jan,1,Q1,31,False,True
2026-02-01,Rajasthan,BYD INDIA PRIVATE LIMITED,Electric (EV),12,BYD,BYD,China,North,IN-RJ,State,"Rajasthan, India",Feb,2,Q1,28,False,True
2026-03-01,Rajasthan,BYD INDIA PRIVATE LIMITED,Electric (EV),15,BYD,BYD,China,North,IN-RJ,State,"Rajasthan, India",Mar,3,Q1,31,False,True
2026-04-01,Rajasthan,BYD INDIA PRIVATE LIMITED,Electric (EV),21,BYD,BYD,China,North,IN-RJ,State,"Rajasthan, India",Apr,4,Q2,30,False,True
2026-05-01,Rajasthan,BYD INDIA PRIVATE LIMITED,Electric (EV),27,BYD,BYD,China,North,IN-RJ,State,"Rajasthan, India",May,5,Q2,31,False,True
2026-06-01,Rajasthan,BYD INDIA PRIVATE LIMITED,Electric (EV),11,BYD,BYD,China,North,IN-RJ,State,"Rajasthan, India",Jun,6,Q2,17,True,True
2026-01-01,Rajasthan,HYUNDAI MOTOR INDIA LTD,Electric (EV),15,Hyundai,Hyundai,South Korea,North,IN-RJ,State,"Rajasthan, India",Jan,1,Q1,31,False,True
2026-02-01,Rajasthan,HYUNDAI MOTOR INDIA LTD,Electric (EV),14,Hyundai,Hyundai,South Korea,North,IN-RJ,State,"Rajasthan, India",Feb,2,Q1,28,False,True
2026-03-01,Rajasthan,HYUNDAI MOTOR INDIA LTD,Electric (EV),30,Hyundai,Hyundai,South Korea,North,IN-RJ,State,"Rajasthan, India",Mar,3,Q1,31,False,True
2026-04-01,Rajasthan,HYUNDAI MOTOR INDIA LTD,Electric (EV),22,Hyundai,Hyundai,South Korea,North,IN-RJ,State,"Rajasthan, India",Apr,4,Q2,30,False,True
2026-05-01,Rajasthan,HYUNDAI MOTOR INDIA LTD,Electric (EV),30,Hyundai,Hyundai,South Korea,North,IN-RJ,State,"Rajasthan, India",May,5,Q2,31,False,True
2026-06-01,Rajasthan,HYUNDAI MOTOR INDIA LTD,Electric (EV),11,Hyundai,Hyundai,South Korea,North,IN-RJ,State,"Rajasthan, India",Jun,6,Q2,17,True,True
2026-01-01,Rajasthan,JSW MG MOTOR INDIA PVT LTD,Electric (EV),155,MG,JSW-SAIC,India / China,North,IN-RJ,State,"Rajasthan, India",Jan,1,Q1,31,False,True
2026-02-01,Rajasthan,JSW MG MOTOR INDIA PVT LTD,Electric (EV),110,MG,JSW-SAIC,India / China,North,IN-RJ,State,"Rajasthan, India",Feb,2,Q1,28,False,True
2026-03-01,Rajasthan,JSW MG MOTOR INDIA PVT LTD,Electric (EV),175,MG,JSW-SAIC,India / China,North,IN-RJ,State,"Rajasthan, India",Mar,3,Q1,31,False,True
2026-04-01,Rajasthan,JSW MG MOTOR INDIA PVT LTD,Electric (EV),219,MG,JSW-SAIC,India / China,North,IN-RJ,State,"Rajasthan, India",Apr,4,Q2,30,False,True
2026-05-01,Rajasthan,JSW MG MOTOR INDIA PVT LTD,Electric (EV),216,MG,JSW-SAIC,India / China,North,IN-RJ,State,"Rajasthan, India",May,5,Q2,31,False,True
2026-06-01,Rajasthan,JSW MG MOTOR INDIA PVT LTD,Electric (EV),72,MG,JSW-SAIC,India / China,North,IN-RJ,State,"Rajasthan, India",Jun,6,Q2,17,True,True
2026-01-01,Rajasthan,KIA INDIA PRIVATE LIMITED,Electric (EV),11,Kia,Hyundai,South Korea,North,IN-RJ,State,"Rajasthan, India",Jan,1,Q1,31,False,True
2026-02-01,Rajasthan,KIA INDIA PRIVATE LIMITED,Electric (EV),14,Kia,Hyundai,South Korea,North,IN-RJ,State,"Rajasthan, India",Feb,2,Q1,28,False,True
2026-03-01,Rajasthan,KIA INDIA PRIVATE LIMITED,Electric (EV),21,Kia,Hyundai,South Korea,North,IN-RJ,State,"Rajasthan, India",Mar,3,Q1,31,False,True
2026-04-01,Rajasthan,KIA INDIA PRIVATE LIMITED,Electric (EV),18,Kia,Hyundai,South Korea,North,IN-RJ,State,"Rajasthan, India",Apr,4,Q2,30,False,True
2026-05-01,Rajasthan,KIA INDIA PRIVATE LIMITED,Electric (EV),25,Kia,Hyundai,South Korea,North,IN-RJ,State,"Rajasthan, India",May,5,Q2,31,False,True
2026-06-01,Rajasthan,KIA INDIA PRIVATE LIMITED,Electric (EV),6,Kia,Hyundai,South Korea,North,IN-RJ,State,"Rajasthan, India",Jun,6,Q2,17,True,True
2026-01-01,Rajasthan,MAHINDRA & MAHINDRA LIMITED,Electric (EV),22,Mahindra,Mahindra,India,North,IN-RJ,State,"Rajasthan, India",Jan,1,Q1,31,False,True
2026-02-01,Rajasthan,MAHINDRA & MAHINDRA LIMITED,Electric (EV),5,Mahindra,Mahindra,India,North,IN-RJ,State,"Rajasthan, India",Feb,2,Q1,28,False,True
2026-03-01,Rajasthan,MAHINDRA & MAHINDRA LIMITED,Electric (EV),10,Mahindra,Mahindra,India,North,IN-RJ,State,"Rajasthan, India",Mar,3,Q1,31,False,True
2026-04-01,Rajasthan,MAHINDRA & MAHINDRA LIMITED,Electric (EV),17,Mahindra,Mahindra,India,North,IN-RJ,State,"Rajasthan, India",Apr,4,Q2,30,False,True
2026-05-01,Rajasthan,MAHINDRA & MAHINDRA LIMITED,Electric (EV),28,Mahindra,Mahindra,India,North,IN-RJ,State,"Rajasthan, India",May,5,Q2,31,False,True
2026-06-01,Rajasthan,MAHINDRA & MAHINDRA LIMITED,Electric (EV),14,Mahindra,Mahindra,India,North,IN-RJ,State,"Rajasthan, India",Jun,6,Q2,17,True,True
2026-01-01,Rajasthan,MAHINDRA ELECTRIC AUTOMOBILE LTD,Electric (EV),161,Mahindra,Mahindra,India,North,IN-RJ,State,"Rajasthan, India",Jan,1,Q1,31,False,True
2026-02-01,Rajasthan,MAHINDRA ELECTRIC AUTOMOBILE LTD,Electric (EV),195,Mahindra,Mahindra,India,North,IN-RJ,State,"Rajasthan, India",Feb,2,Q1,28,False,True
2026-03-01,Rajasthan,MAHINDRA ELECTRIC AUTOMOBILE LTD,Electric (EV),311,Mahindra,Mahindra,India,North,IN-RJ,State,"Rajasthan, India",Mar,3,Q1,31,False,True
2026-04-01,Rajasthan,MAHINDRA ELECTRIC AUTOMOBILE LTD,Electric (EV),307,Mahindra,Mahindra,India,North,IN-RJ,State,"Rajasthan, India",Apr,4,Q2,30,False,True
2026-05-01,Rajasthan,MAHINDRA ELECTRIC AUTOMOBILE LTD,Electric (EV),349,Mahindra,Mahindra,India,North,IN-RJ,State,"Rajasthan, India",May,5,Q2,31,False,True
2026-06-01,Rajasthan,MAHINDRA ELECTRIC AUTOMOBILE LTD,Electric (EV),179,Mahindra,Mahindra,India,North,IN-RJ,State,"Rajasthan, India",Jun,6,Q2,17,True,True
2026-01-01,Rajasthan,MARUTI SUZUKI INDIA LTD,Electric (EV),16,Maruti Suzuki,Suzuki,Japan,North,IN-RJ,State,"Rajasthan, India",Jan,1,Q1,31,False,True
2026-02-01,Rajasthan,MARUTI SUZUKI INDIA LTD,Electric (EV),13,Maruti Suzuki,Suzuki,Japan,North,IN-RJ,State,"Rajasthan, India",Feb,2,Q1,28,False,True
2026-03-01,Rajasthan,MARUTI SUZUKI INDIA LTD,Electric (EV),87,Maruti Suzuki,Suzuki,Japan,North,IN-RJ,State,"Rajasthan, India",Mar,3,Q1,31,False,True
2026-04-01,Rajasthan,MARUTI SUZUKI INDIA LTD,Electric (EV),78,Maruti Suzuki,Suzuki,Japan,North,IN-RJ,State,"Rajasthan, India",Apr,4,Q2,30,False,True
2026-05-01,Rajasthan,MARUTI SUZUKI INDIA LTD,Electric (EV),139,Maruti Suzuki,Suzuki,Japan,North,IN-RJ,State,"Rajasthan, India",May,5,Q2,31,False,True
2026-06-01,Rajasthan,MARUTI SUZUKI INDIA LTD,Electric (EV),45,Maruti Suzuki,Suzuki,Japan,North,IN-RJ,State,"Rajasthan, India",Jun,6,Q2,17,True,True
2026-01-01,Rajasthan,MERCEDES-BENZ AG,Electric (EV),1,Mercedes-Benz,Mercedes-Benz,Germany,North,IN-RJ,State,"Rajasthan, India",Jan,1,Q1,31,False,True
2026-05-01,Rajasthan,MERCEDES-BENZ AG,Electric (EV),8,Mercedes-Benz,Mercedes-Benz,Germany,North,IN-RJ,State,"Rajasthan, India",May,5,Q2,31,False,True
2026-06-01,Rajasthan,MERCEDES-BENZ AG,Electric (EV),2,Mercedes-Benz,Mercedes-Benz,Germany,North,IN-RJ,State,"Rajasthan, India",Jun,6,Q2,17,True,True
2026-02-01,Rajasthan,MERCEDES-BENZ INDIA PVT LTD,Electric (EV),1,Mercedes-Benz,Mercedes-Benz,Germany,North,IN-RJ,State,"Rajasthan, India",Feb,2,Q1,28,False,True
2026-03-01,Rajasthan,MERCEDES-BENZ INDIA PVT LTD,Electric (EV),3,Mercedes-Benz,Mercedes-Benz,Germany,North,IN-RJ,State,"Rajasthan, India",Mar,3,Q1,31,False,True
2026-04-01,Rajasthan,MERCEDES-BENZ INDIA PVT LTD,Electric (EV),2,Mercedes-Benz,Mercedes-Benz,Germany,North,IN-RJ,State,"Rajasthan, India",Apr,4,Q2,30,False,True
2026-05-01,Rajasthan,MERCEDES-BENZ INDIA PVT LTD,Electric (EV),1,Mercedes-Benz,Mercedes-Benz,Germany,North,IN-RJ,State,"Rajasthan, India",May,5,Q2,31,False,True
2026-01-01,Rajasthan,TATA PASSENGER ELECTRIC MOBILITY LTD,Electric (EV),992,Tata,Tata Motors,India,North,IN-RJ,State,"Rajasthan, India",Jan,1,Q1,31,False,True
2026-02-01,Rajasthan,TATA PASSENGER ELECTRIC MOBILITY LTD,Electric (EV),631,Tata,Tata Motors,India,North,IN-RJ,State,"Rajasthan, India",Feb,2,Q1,28,False,True
2026-03-01,Rajasthan,TATA PASSENGER ELECTRIC MOBILITY LTD,Electric (EV),1038,Tata,Tata Motors,India,North,IN-RJ,State,"Rajasthan, India",Mar,3,Q1,31,False,True
2026-04-01,Rajasthan,TATA PASSENGER ELECTRIC MOBILITY LTD,Electric (EV),1028,Tata,Tata Motors,India,North,IN-RJ,State,"Rajasthan, India",Apr,4,Q2,30,False,True
2026-05-01,Rajasthan,TATA PASSENGER ELECTRIC MOBILITY LTD,Electric (EV),1297,Tata,Tata Motors,India,North,IN-RJ,State,"Rajasthan, India",May,5,Q2,31,False,True
2026-06-01,Rajasthan,TATA PASSENGER ELECTRIC MOBILITY LTD,Electric (EV),571,Tata,Tata Motors,India,North,IN-RJ,State,"Rajasthan, India",Jun,6,Q2,17,True,True
2026-01-01,Rajasthan,TESLA INDIA MOTORS AND ENERGY PVT LTD,Electric (EV),2,Tesla,Tesla,USA,North,IN-RJ,State,"Rajasthan, India",Jan,1,Q1,31,False,True
2026-02-01,Rajasthan,TESLA INDIA MOTORS AND ENERGY PVT LTD,Electric (EV),2,Tesla,Tesla,USA,North,IN-RJ,State,"Rajasthan, India",Feb,2,Q1,28,False,True
2026-04-01,Rajasthan,TESLA INDIA MOTORS AND ENERGY PVT LTD,Electric (EV),1,Tesla,Tesla,USA,North,IN-RJ,State,"Rajasthan, India",Apr,4,Q2,30,False,True
2026-05-01,Rajasthan,TESLA INDIA MOTORS AND ENERGY PVT LTD,Electric (EV),1,Tesla,Tesla,USA,North,IN-RJ,State,"Rajasthan, India",May,5,Q2,31,False,True
2026-01-01,Rajasthan,VINFAST AUTO INDIA PVT LTD,Electric (EV),39,VinFast,Vingroup,Vietnam,North,IN-RJ,State,"Rajasthan, India",Jan,1,Q1,31,False,True
2026-02-01,Rajasthan,VINFAST AUTO INDIA PVT LTD,Electric (EV),43,VinFast,Vingroup,Vietnam,North,IN-RJ,State,"Rajasthan, India",Feb,2,Q1,28,False,True
2026-03-01,Rajasthan,VINFAST AUTO INDIA PVT LTD,Electric (EV),77,VinFast,Vingroup,Vietnam,North,IN-RJ,State,"Rajasthan, India",Mar,3,Q1,31,False,True
2026-04-01,Rajasthan,VINFAST AUTO INDIA PVT LTD,Electric (EV),96,VinFast,Vingroup,Vietnam,North,IN-RJ,State,"Rajasthan, India",Apr,4,Q2,30,False,True
2026-05-01,Rajasthan,VINFAST AUTO INDIA PVT LTD,Electric (EV),118,VinFast,Vingroup,Vietnam,North,IN-RJ,State,"Rajasthan, India",May,5,Q2,31,False,True
2026-06-01,Rajasthan,VINFAST AUTO INDIA PVT LTD,Electric (EV),69,VinFast,Vingroup,Vietnam,North,IN-RJ,State,"Rajasthan, India",Jun,6,Q2,17,True,True
2026-05-01,Rajasthan,VOLVO AUTO INDIA PVT LTD,Electric (EV),1,Volvo,Geely,Sweden,North,IN-RJ,State,"Rajasthan, India",May,5,Q2,31,False,True
2026-06-01,Rajasthan,VOLVO AUTO INDIA PVT LTD,Electric (EV),1,Volvo,Geely,Sweden,North,IN-RJ,State,"Rajasthan, India",Jun,6,Q2,17,True,True
2026-05-01,Sikkim,MAHINDRA ELECTRIC AUTOMOBILE LTD,Electric (EV),1,Mahindra,Mahindra,India,North-East,IN-SK,State,"Sikkim, India",May,5,Q2,31,False,True
2026-01-01,Sikkim,TATA PASSENGER ELECTRIC MOBILITY LTD,Electric (EV),3,Tata,Tata Motors,India,North-East,IN-SK,State,"Sikkim, India",Jan,1,Q1,31,False,True
2026-05-01,Sikkim,TATA PASSENGER ELECTRIC MOBILITY LTD,Electric (EV),1,Tata,Tata Motors,India,North-East,IN-SK,State,"Sikkim, India",May,5,Q2,31,False,True
2026-01-01,Tamil Nadu,BMW INDIA PVT LTD,Electric (EV),11,BMW,BMW Group,Germany,South,IN-TN,State,"Tamil Nadu, India",Jan,1,Q1,31,False,True
2026-02-01,Tamil Nadu,BMW INDIA PVT LTD,Electric (EV),18,BMW,BMW Group,Germany,South,IN-TN,State,"Tamil Nadu, India",Feb,2,Q1,28,False,True
2026-03-01,Tamil Nadu,BMW INDIA PVT LTD,Electric (EV),28,BMW,BMW Group,Germany,South,IN-TN,State,"Tamil Nadu, India",Mar,3,Q1,31,False,True
2026-04-01,Tamil Nadu,BMW INDIA PVT LTD,Electric (EV),28,BMW,BMW Group,Germany,South,IN-TN,State,"Tamil Nadu, India",Apr,4,Q2,30,False,True
2026-05-01,Tamil Nadu,BMW INDIA PVT LTD,Electric (EV),17,BMW,BMW Group,Germany,South,IN-TN,State,"Tamil Nadu, India",May,5,Q2,31,False,True
2026-06-01,Tamil Nadu,BMW INDIA PVT LTD,Electric (EV),7,BMW,BMW Group,Germany,South,IN-TN,State,"Tamil Nadu, India",Jun,6,Q2,17,True,True
2026-01-01,Tamil Nadu,BYD INDIA PRIVATE LIMITED,Electric (EV),16,BYD,BYD,China,South,IN-TN,State,"Tamil Nadu, India",Jan,1,Q1,31,False,True
2026-02-01,Tamil Nadu,BYD INDIA PRIVATE LIMITED,Electric (EV),23,BYD,BYD,China,South,IN-TN,State,"Tamil Nadu, India",Feb,2,Q1,28,False,True
2026-03-01,Tamil Nadu,BYD INDIA PRIVATE LIMITED,Electric (EV),45,BYD,BYD,China,South,IN-TN,State,"Tamil Nadu, India",Mar,3,Q1,31,False,True
2026-04-01,Tamil Nadu,BYD INDIA PRIVATE LIMITED,Electric (EV),56,BYD,BYD,China,South,IN-TN,State,"Tamil Nadu, India",Apr,4,Q2,30,False,True
2026-05-01,Tamil Nadu,BYD INDIA PRIVATE LIMITED,Electric (EV),53,BYD,BYD,China,South,IN-TN,State,"Tamil Nadu, India",May,5,Q2,31,False,True
2026-06-01,Tamil Nadu,BYD INDIA PRIVATE LIMITED,Electric (EV),29,BYD,BYD,China,South,IN-TN,State,"Tamil Nadu, India",Jun,6,Q2,17,True,True
2026-01-01,Tamil Nadu,HYUNDAI MOTOR INDIA LTD,Electric (EV),18,Hyundai,Hyundai,South Korea,South,IN-TN,State,"Tamil Nadu, India",Jan,1,Q1,31,False,True
2026-02-01,Tamil Nadu,HYUNDAI MOTOR INDIA LTD,Electric (EV),30,Hyundai,Hyundai,South Korea,South,IN-TN,State,"Tamil Nadu, India",Feb,2,Q1,28,False,True
2026-03-01,Tamil Nadu,HYUNDAI MOTOR INDIA LTD,Electric (EV),47,Hyundai,Hyundai,South Korea,South,IN-TN,State,"Tamil Nadu, India",Mar,3,Q1,31,False,True
2026-04-01,Tamil Nadu,HYUNDAI MOTOR INDIA LTD,Electric (EV),62,Hyundai,Hyundai,South Korea,South,IN-TN,State,"Tamil Nadu, India",Apr,4,Q2,30,False,True
2026-05-01,Tamil Nadu,HYUNDAI MOTOR INDIA LTD,Electric (EV),33,Hyundai,Hyundai,South Korea,South,IN-TN,State,"Tamil Nadu, India",May,5,Q2,31,False,True
2026-06-01,Tamil Nadu,HYUNDAI MOTOR INDIA LTD,Electric (EV),17,Hyundai,Hyundai,South Korea,South,IN-TN,State,"Tamil Nadu, India",Jun,6,Q2,17,True,True
2026-01-01,Tamil Nadu,JSW MG MOTOR INDIA PVT LTD,Electric (EV),248,MG,JSW-SAIC,India / China,South,IN-TN,State,"Tamil Nadu, India",Jan,1,Q1,31,False,True
2026-02-01,Tamil Nadu,JSW MG MOTOR INDIA PVT LTD,Electric (EV),282,MG,JSW-SAIC,India / China,South,IN-TN,State,"Tamil Nadu, India",Feb,2,Q1,28,False,True
2026-03-01,Tamil Nadu,JSW MG MOTOR INDIA PVT LTD,Electric (EV),437,MG,JSW-SAIC,India / China,South,IN-TN,State,"Tamil Nadu, India",Mar,3,Q1,31,False,True
2026-04-01,Tamil Nadu,JSW MG MOTOR INDIA PVT LTD,Electric (EV),448,MG,JSW-SAIC,India / China,South,IN-TN,State,"Tamil Nadu, India",Apr,4,Q2,30,False,True
2026-05-01,Tamil Nadu,JSW MG MOTOR INDIA PVT LTD,Electric (EV),320,MG,JSW-SAIC,India / China,South,IN-TN,State,"Tamil Nadu, India",May,5,Q2,31,False,True
2026-06-01,Tamil Nadu,JSW MG MOTOR INDIA PVT LTD,Electric (EV),228,MG,JSW-SAIC,India / China,South,IN-TN,State,"Tamil Nadu, India",Jun,6,Q2,17,True,True
2026-01-01,Tamil Nadu,KIA INDIA PRIVATE LIMITED,Electric (EV),33,Kia,Hyundai,South Korea,South,IN-TN,State,"Tamil Nadu, India",Jan,1,Q1,31,False,True
2026-02-01,Tamil Nadu,KIA INDIA PRIVATE LIMITED,Electric (EV),32,Kia,Hyundai,South Korea,South,IN-TN,State,"Tamil Nadu, India",Feb,2,Q1,28,False,True
2026-03-01,Tamil Nadu,KIA INDIA PRIVATE LIMITED,Electric (EV),51,Kia,Hyundai,South Korea,South,IN-TN,State,"Tamil Nadu, India",Mar,3,Q1,31,False,True
2026-04-01,Tamil Nadu,KIA INDIA PRIVATE LIMITED,Electric (EV),30,Kia,Hyundai,South Korea,South,IN-TN,State,"Tamil Nadu, India",Apr,4,Q2,30,False,True
2026-05-01,Tamil Nadu,KIA INDIA PRIVATE LIMITED,Electric (EV),26,Kia,Hyundai,South Korea,South,IN-TN,State,"Tamil Nadu, India",May,5,Q2,31,False,True
2026-06-01,Tamil Nadu,KIA INDIA PRIVATE LIMITED,Electric (EV),23,Kia,Hyundai,South Korea,South,IN-TN,State,"Tamil Nadu, India",Jun,6,Q2,17,True,True
2026-01-01,Tamil Nadu,MAHINDRA & MAHINDRA LIMITED,Electric (EV),16,Mahindra,Mahindra,India,South,IN-TN,State,"Tamil Nadu, India",Jan,1,Q1,31,False,True
2026-02-01,Tamil Nadu,MAHINDRA & MAHINDRA LIMITED,Electric (EV),9,Mahindra,Mahindra,India,South,IN-TN,State,"Tamil Nadu, India",Feb,2,Q1,28,False,True
2026-03-01,Tamil Nadu,MAHINDRA & MAHINDRA LIMITED,Electric (EV),2,Mahindra,Mahindra,India,South,IN-TN,State,"Tamil Nadu, India",Mar,3,Q1,31,False,True
2026-04-01,Tamil Nadu,MAHINDRA & MAHINDRA LIMITED,Electric (EV),17,Mahindra,Mahindra,India,South,IN-TN,State,"Tamil Nadu, India",Apr,4,Q2,30,False,True
2026-05-01,Tamil Nadu,MAHINDRA & MAHINDRA LIMITED,Electric (EV),20,Mahindra,Mahindra,India,South,IN-TN,State,"Tamil Nadu, India",May,5,Q2,31,False,True
2026-06-01,Tamil Nadu,MAHINDRA & MAHINDRA LIMITED,Electric (EV),19,Mahindra,Mahindra,India,South,IN-TN,State,"Tamil Nadu, India",Jun,6,Q2,17,True,True
2026-01-01,Tamil Nadu,MAHINDRA ELECTRIC AUTOMOBILE LTD,Electric (EV),301,Mahindra,Mahindra,India,South,IN-TN,State,"Tamil Nadu, India",Jan,1,Q1,31,False,True
2026-02-01,Tamil Nadu,MAHINDRA ELECTRIC AUTOMOBILE LTD,Electric (EV),273,Mahindra,Mahindra,India,South,IN-TN,State,"Tamil Nadu, India",Feb,2,Q1,28,False,True
2026-03-01,Tamil Nadu,MAHINDRA ELECTRIC AUTOMOBILE LTD,Electric (EV),559,Mahindra,Mahindra,India,South,IN-TN,State,"Tamil Nadu, India",Mar,3,Q1,31,False,True
2026-04-01,Tamil Nadu,MAHINDRA ELECTRIC AUTOMOBILE LTD,Electric (EV),658,Mahindra,Mahindra,India,South,IN-TN,State,"Tamil Nadu, India",Apr,4,Q2,30,False,True
2026-05-01,Tamil Nadu,MAHINDRA ELECTRIC AUTOMOBILE LTD,Electric (EV),437,Mahindra,Mahindra,India,South,IN-TN,State,"Tamil Nadu, India",May,5,Q2,31,False,True
2026-06-01,Tamil Nadu,MAHINDRA ELECTRIC AUTOMOBILE LTD,Electric (EV),423,Mahindra,Mahindra,India,South,IN-TN,State,"Tamil Nadu, India",Jun,6,Q2,17,True,True
2026-01-01,Tamil Nadu,MARUTI SUZUKI INDIA LTD,Electric (EV),2,Maruti Suzuki,Suzuki,Japan,South,IN-TN,State,"Tamil Nadu, India",Jan,1,Q1,31,False,True
2026-02-01,Tamil Nadu,MARUTI SUZUKI INDIA LTD,Electric (EV),33,Maruti Suzuki,Suzuki,Japan,South,IN-TN,State,"Tamil Nadu, India",Feb,2,Q1,28,False,True
2026-03-01,Tamil Nadu,MARUTI SUZUKI INDIA LTD,Electric (EV),53,Maruti Suzuki,Suzuki,Japan,South,IN-TN,State,"Tamil Nadu, India",Mar,3,Q1,31,False,True
2026-04-01,Tamil Nadu,MARUTI SUZUKI INDIA LTD,Electric (EV),158,Maruti Suzuki,Suzuki,Japan,South,IN-TN,State,"Tamil Nadu, India",Apr,4,Q2,30,False,True
2026-05-01,Tamil Nadu,MARUTI SUZUKI INDIA LTD,Electric (EV),128,Maruti Suzuki,Suzuki,Japan,South,IN-TN,State,"Tamil Nadu, India",May,5,Q2,31,False,True
2026-06-01,Tamil Nadu,MARUTI SUZUKI INDIA LTD,Electric (EV),87,Maruti Suzuki,Suzuki,Japan,South,IN-TN,State,"Tamil Nadu, India",Jun,6,Q2,17,True,True
2026-01-01,Tamil Nadu,MERCEDES-BENZ AG,Electric (EV),2,Mercedes-Benz,Mercedes-Benz,Germany,South,IN-TN,State,"Tamil Nadu, India",Jan,1,Q1,31,False,True
2026-02-01,Tamil Nadu,MERCEDES-BENZ AG,Electric (EV),2,Mercedes-Benz,Mercedes-Benz,Germany,South,IN-TN,State,"Tamil Nadu, India",Feb,2,Q1,28,False,True
2026-03-01,Tamil Nadu,MERCEDES-BENZ AG,Electric (EV),3,Mercedes-Benz,Mercedes-Benz,Germany,South,IN-TN,State,"Tamil Nadu, India",Mar,3,Q1,31,False,True
2026-04-01,Tamil Nadu,MERCEDES-BENZ AG,Electric (EV),7,Mercedes-Benz,Mercedes-Benz,Germany,South,IN-TN,State,"Tamil Nadu, India",Apr,4,Q2,30,False,True
2026-05-01,Tamil Nadu,MERCEDES-BENZ AG,Electric (EV),15,Mercedes-Benz,Mercedes-Benz,Germany,South,IN-TN,State,"Tamil Nadu, India",May,5,Q2,31,False,True
2026-06-01,Tamil Nadu,MERCEDES-BENZ AG,Electric (EV),13,Mercedes-Benz,Mercedes-Benz,Germany,South,IN-TN,State,"Tamil Nadu, India",Jun,6,Q2,17,True,True
2026-01-01,Tamil Nadu,MERCEDES-BENZ INDIA PVT LTD,Electric (EV),2,Mercedes-Benz,Mercedes-Benz,Germany,South,IN-TN,State,"Tamil Nadu, India",Jan,1,Q1,31,False,True
2026-02-01,Tamil Nadu,MERCEDES-BENZ INDIA PVT LTD,Electric (EV),3,Mercedes-Benz,Mercedes-Benz,Germany,South,IN-TN,State,"Tamil Nadu, India",Feb,2,Q1,28,False,True
2026-03-01,Tamil Nadu,MERCEDES-BENZ INDIA PVT LTD,Electric (EV),8,Mercedes-Benz,Mercedes-Benz,Germany,South,IN-TN,State,"Tamil Nadu, India",Mar,3,Q1,31,False,True
2026-04-01,Tamil Nadu,MERCEDES-BENZ INDIA PVT LTD,Electric (EV),7,Mercedes-Benz,Mercedes-Benz,Germany,South,IN-TN,State,"Tamil Nadu, India",Apr,4,Q2,30,False,True
2026-05-01,Tamil Nadu,MERCEDES-BENZ INDIA PVT LTD,Electric (EV),1,Mercedes-Benz,Mercedes-Benz,Germany,South,IN-TN,State,"Tamil Nadu, India",May,5,Q2,31,False,True
2026-06-01,Tamil Nadu,MERCEDES-BENZ INDIA PVT LTD,Electric (EV),5,Mercedes-Benz,Mercedes-Benz,Germany,South,IN-TN,State,"Tamil Nadu, India",Jun,6,Q2,17,True,True
2026-05-01,Tamil Nadu,PORSCHE AG GERMANY,Electric (EV),1,Porsche,Volkswagen Group,Germany,South,IN-TN,State,"Tamil Nadu, India",May,5,Q2,31,False,True
2026-06-01,Tamil Nadu,PORSCHE AG GERMANY,Electric (EV),1,Porsche,Volkswagen Group,Germany,South,IN-TN,State,"Tamil Nadu, India",Jun,6,Q2,17,True,True
2026-01-01,Tamil Nadu,STELLANTIS AUTOMOBILES INDIA PVT LTD,Electric (EV),1,Stellantis (Jeep/Citroen),Stellantis,Netherlands,South,IN-TN,State,"Tamil Nadu, India",Jan,1,Q1,31,False,True
2026-05-01,Tamil Nadu,STELLANTIS AUTOMOBILES INDIA PVT LTD,Electric (EV),1,Stellantis (Jeep/Citroen),Stellantis,Netherlands,South,IN-TN,State,"Tamil Nadu, India",May,5,Q2,31,False,True
2026-01-01,Tamil Nadu,TATA PASSENGER ELECTRIC MOBILITY LTD,Electric (EV),702,Tata,Tata Motors,India,South,IN-TN,State,"Tamil Nadu, India",Jan,1,Q1,31,False,True
2026-02-01,Tamil Nadu,TATA PASSENGER ELECTRIC MOBILITY LTD,Electric (EV),477,Tata,Tata Motors,India,South,IN-TN,State,"Tamil Nadu, India",Feb,2,Q1,28,False,True
2026-03-01,Tamil Nadu,TATA PASSENGER ELECTRIC MOBILITY LTD,Electric (EV),547,Tata,Tata Motors,India,South,IN-TN,State,"Tamil Nadu, India",Mar,3,Q1,31,False,True
2026-04-01,Tamil Nadu,TATA PASSENGER ELECTRIC MOBILITY LTD,Electric (EV),845,Tata,Tata Motors,India,South,IN-TN,State,"Tamil Nadu, India",Apr,4,Q2,30,False,True
2026-05-01,Tamil Nadu,TATA PASSENGER ELECTRIC MOBILITY LTD,Electric (EV),718,Tata,Tata Motors,India,South,IN-TN,State,"Tamil Nadu, India",May,5,Q2,31,False,True
2026-06-01,Tamil Nadu,TATA PASSENGER ELECTRIC MOBILITY LTD,Electric (EV),570,Tata,Tata Motors,India,South,IN-TN,State,"Tamil Nadu, India",Jun,6,Q2,17,True,True
2026-01-01,Tamil Nadu,TESLA INDIA MOTORS AND ENERGY PVT LTD,Electric (EV),2,Tesla,Tesla,USA,South,IN-TN,State,"Tamil Nadu, India",Jan,1,Q1,31,False,True
2026-02-01,Tamil Nadu,TESLA INDIA MOTORS AND ENERGY PVT LTD,Electric (EV),3,Tesla,Tesla,USA,South,IN-TN,State,"Tamil Nadu, India",Feb,2,Q1,28,False,True
2026-03-01,Tamil Nadu,TESLA INDIA MOTORS AND ENERGY PVT LTD,Electric (EV),5,Tesla,Tesla,USA,South,IN-TN,State,"Tamil Nadu, India",Mar,3,Q1,31,False,True
2026-04-01,Tamil Nadu,TESLA INDIA MOTORS AND ENERGY PVT LTD,Electric (EV),2,Tesla,Tesla,USA,South,IN-TN,State,"Tamil Nadu, India",Apr,4,Q2,30,False,True
2026-06-01,Tamil Nadu,TESLA INDIA MOTORS AND ENERGY PVT LTD,Electric (EV),1,Tesla,Tesla,USA,South,IN-TN,State,"Tamil Nadu, India",Jun,6,Q2,17,True,True
2026-01-01,Tamil Nadu,VINFAST AUTO INDIA PVT LTD,Electric (EV),36,VinFast,Vingroup,Vietnam,South,IN-TN,State,"Tamil Nadu, India",Jan,1,Q1,31,False,True
2026-02-01,Tamil Nadu,VINFAST AUTO INDIA PVT LTD,Electric (EV),46,VinFast,Vingroup,Vietnam,South,IN-TN,State,"Tamil Nadu, India",Feb,2,Q1,28,False,True
2026-03-01,Tamil Nadu,VINFAST AUTO INDIA PVT LTD,Electric (EV),65,VinFast,Vingroup,Vietnam,South,IN-TN,State,"Tamil Nadu, India",Mar,3,Q1,31,False,True
2026-04-01,Tamil Nadu,VINFAST AUTO INDIA PVT LTD,Electric (EV),91,VinFast,Vingroup,Vietnam,South,IN-TN,State,"Tamil Nadu, India",Apr,4,Q2,30,False,True
2026-05-01,Tamil Nadu,VINFAST AUTO INDIA PVT LTD,Electric (EV),86,VinFast,Vingroup,Vietnam,South,IN-TN,State,"Tamil Nadu, India",May,5,Q2,31,False,True
2026-06-01,Tamil Nadu,VINFAST AUTO INDIA PVT LTD,Electric (EV),78,VinFast,Vingroup,Vietnam,South,IN-TN,State,"Tamil Nadu, India",Jun,6,Q2,17,True,True
2026-01-01,Tamil Nadu,VOLVO AUTO INDIA PVT LTD,Electric (EV),5,Volvo,Geely,Sweden,South,IN-TN,State,"Tamil Nadu, India",Jan,1,Q1,31,False,True
2026-02-01,Tamil Nadu,VOLVO AUTO INDIA PVT LTD,Electric (EV),3,Volvo,Geely,Sweden,South,IN-TN,State,"Tamil Nadu, India",Feb,2,Q1,28,False,True
2026-03-01,Tamil Nadu,VOLVO AUTO INDIA PVT LTD,Electric (EV),5,Volvo,Geely,Sweden,South,IN-TN,State,"Tamil Nadu, India",Mar,3,Q1,31,False,True
2026-04-01,Tamil Nadu,VOLVO AUTO INDIA PVT LTD,Electric (EV),8,Volvo,Geely,Sweden,South,IN-TN,State,"Tamil Nadu, India",Apr,4,Q2,30,False,True
2026-05-01,Tamil Nadu,VOLVO AUTO INDIA PVT LTD,Electric (EV),3,Volvo,Geely,Sweden,South,IN-TN,State,"Tamil Nadu, India",May,5,Q2,31,False,True
2026-06-01,Tamil Nadu,VOLVO AUTO INDIA PVT LTD,Electric (EV),3,Volvo,Geely,Sweden,South,IN-TN,State,"Tamil Nadu, India",Jun,6,Q2,17,True,True
2026-04-01,Telangana,BMW INDIA PVT LTD,Electric (EV),4,BMW,BMW Group,Germany,South,IN-TG,State,"Telangana, India",Apr,4,Q2,30,False,True
2026-05-01,Telangana,BMW INDIA PVT LTD,Electric (EV),52,BMW,BMW Group,Germany,South,IN-TG,State,"Telangana, India",May,5,Q2,31,False,True
2026-06-01,Telangana,BMW INDIA PVT LTD,Electric (EV),35,BMW,BMW Group,Germany,South,IN-TG,State,"Telangana, India",Jun,6,Q2,17,True,True
2026-04-01,Telangana,BYD INDIA PRIVATE LIMITED,Electric (EV),14,BYD,BYD,China,South,IN-TG,State,"Telangana, India",Apr,4,Q2,30,False,True
2026-05-01,Telangana,BYD INDIA PRIVATE LIMITED,Electric (EV),90,BYD,BYD,China,South,IN-TG,State,"Telangana, India",May,5,Q2,31,False,True
2026-06-01,Telangana,BYD INDIA PRIVATE LIMITED,Electric (EV),87,BYD,BYD,China,South,IN-TG,State,"Telangana, India",Jun,6,Q2,17,True,True
2026-04-01,Telangana,HYUNDAI MOTOR INDIA LTD,Electric (EV),11,Hyundai,Hyundai,South Korea,South,IN-TG,State,"Telangana, India",Apr,4,Q2,30,False,True
2026-05-01,Telangana,HYUNDAI MOTOR INDIA LTD,Electric (EV),70,Hyundai,Hyundai,South Korea,South,IN-TG,State,"Telangana, India",May,5,Q2,31,False,True
2026-06-01,Telangana,HYUNDAI MOTOR INDIA LTD,Electric (EV),36,Hyundai,Hyundai,South Korea,South,IN-TG,State,"Telangana, India",Jun,6,Q2,17,True,True
2026-04-01,Telangana,JSW MG MOTOR INDIA PVT LTD,Electric (EV),102,MG,JSW-SAIC,India / China,South,IN-TG,State,"Telangana, India",Apr,4,Q2,30,False,True
2026-05-01,Telangana,JSW MG MOTOR INDIA PVT LTD,Electric (EV),672,MG,JSW-SAIC,India / China,South,IN-TG,State,"Telangana, India",May,5,Q2,31,False,True
2026-06-01,Telangana,JSW MG MOTOR INDIA PVT LTD,Electric (EV),418,MG,JSW-SAIC,India / China,South,IN-TG,State,"Telangana, India",Jun,6,Q2,17,True,True
2026-04-01,Telangana,KIA INDIA PRIVATE LIMITED,Electric (EV),7,Kia,Hyundai,South Korea,South,IN-TG,State,"Telangana, India",Apr,4,Q2,30,False,True
2026-05-01,Telangana,KIA INDIA PRIVATE LIMITED,Electric (EV),45,Kia,Hyundai,South Korea,South,IN-TG,State,"Telangana, India",May,5,Q2,31,False,True
2026-06-01,Telangana,KIA INDIA PRIVATE LIMITED,Electric (EV),29,Kia,Hyundai,South Korea,South,IN-TG,State,"Telangana, India",Jun,6,Q2,17,True,True
2026-04-01,Telangana,MAHINDRA & MAHINDRA LIMITED,Electric (EV),4,Mahindra,Mahindra,India,South,IN-TG,State,"Telangana, India",Apr,4,Q2,30,False,True
2026-05-01,Telangana,MAHINDRA & MAHINDRA LIMITED,Electric (EV),42,Mahindra,Mahindra,India,South,IN-TG,State,"Telangana, India",May,5,Q2,31,False,True
2026-06-01,Telangana,MAHINDRA & MAHINDRA LIMITED,Electric (EV),32,Mahindra,Mahindra,India,South,IN-TG,State,"Telangana, India",Jun,6,Q2,17,True,True
2026-04-01,Telangana,MAHINDRA ELECTRIC AUTOMOBILE LTD,Electric (EV),89,Mahindra,Mahindra,India,South,IN-TG,State,"Telangana, India",Apr,4,Q2,30,False,True
2026-05-01,Telangana,MAHINDRA ELECTRIC AUTOMOBILE LTD,Electric (EV),813,Mahindra,Mahindra,India,South,IN-TG,State,"Telangana, India",May,5,Q2,31,False,True
2026-06-01,Telangana,MAHINDRA ELECTRIC AUTOMOBILE LTD,Electric (EV),554,Mahindra,Mahindra,India,South,IN-TG,State,"Telangana, India",Jun,6,Q2,17,True,True
2026-04-01,Telangana,MARUTI SUZUKI INDIA LTD,Electric (EV),40,Maruti Suzuki,Suzuki,Japan,South,IN-TG,State,"Telangana, India",Apr,4,Q2,30,False,True
2026-05-01,Telangana,MARUTI SUZUKI INDIA LTD,Electric (EV),202,Maruti Suzuki,Suzuki,Japan,South,IN-TG,State,"Telangana, India",May,5,Q2,31,False,True
2026-06-01,Telangana,MARUTI SUZUKI INDIA LTD,Electric (EV),127,Maruti Suzuki,Suzuki,Japan,South,IN-TG,State,"Telangana, India",Jun,6,Q2,17,True,True
2026-04-01,Telangana,MERCEDES-BENZ AG,Electric (EV),3,Mercedes-Benz,Mercedes-Benz,Germany,South,IN-TG,State,"Telangana, India",Apr,4,Q2,30,False,True
2026-05-01,Telangana,MERCEDES-BENZ AG,Electric (EV),16,Mercedes-Benz,Mercedes-Benz,Germany,South,IN-TG,State,"Telangana, India",May,5,Q2,31,False,True
2026-06-01,Telangana,MERCEDES-BENZ AG,Electric (EV),18,Mercedes-Benz,Mercedes-Benz,Germany,South,IN-TG,State,"Telangana, India",Jun,6,Q2,17,True,True
2026-04-01,Telangana,MERCEDES-BENZ INDIA PVT LTD,Electric (EV),1,Mercedes-Benz,Mercedes-Benz,Germany,South,IN-TG,State,"Telangana, India",Apr,4,Q2,30,False,True
2026-05-01,Telangana,MERCEDES-BENZ INDIA PVT LTD,Electric (EV),23,Mercedes-Benz,Mercedes-Benz,Germany,South,IN-TG,State,"Telangana, India",May,5,Q2,31,False,True
2026-06-01,Telangana,MERCEDES-BENZ INDIA PVT LTD,Electric (EV),14,Mercedes-Benz,Mercedes-Benz,Germany,South,IN-TG,State,"Telangana, India",Jun,6,Q2,17,True,True
2026-04-01,Telangana,PORSCHE AG GERMANY,Electric (EV),1,Porsche,Volkswagen Group,Germany,South,IN-TG,State,"Telangana, India",Apr,4,Q2,30,False,True
2026-05-01,Telangana,PORSCHE AG GERMANY,Electric (EV),1,Porsche,Volkswagen Group,Germany,South,IN-TG,State,"Telangana, India",May,5,Q2,31,False,True
2026-06-01,Telangana,PORSCHE AG GERMANY,Electric (EV),2,Porsche,Volkswagen Group,Germany,South,IN-TG,State,"Telangana, India",Jun,6,Q2,17,True,True
2026-04-01,Telangana,TATA PASSENGER ELECTRIC MOBILITY LTD,Electric (EV),185,Tata,Tata Motors,India,South,IN-TG,State,"Telangana, India",Apr,4,Q2,30,False,True
2026-05-01,Telangana,TATA PASSENGER ELECTRIC MOBILITY LTD,Electric (EV),1140,Tata,Tata Motors,India,South,IN-TG,State,"Telangana, India",May,5,Q2,31,False,True
2026-06-01,Telangana,TATA PASSENGER ELECTRIC MOBILITY LTD,Electric (EV),569,Tata,Tata Motors,India,South,IN-TG,State,"Telangana, India",Jun,6,Q2,17,True,True
2026-05-01,Telangana,TESLA INDIA MOTORS AND ENERGY PVT LTD,Electric (EV),1,Tesla,Tesla,USA,South,IN-TG,State,"Telangana, India",May,5,Q2,31,False,True
2026-06-01,Telangana,TESLA INDIA MOTORS AND ENERGY PVT LTD,Electric (EV),2,Tesla,Tesla,USA,South,IN-TG,State,"Telangana, India",Jun,6,Q2,17,True,True
2026-04-01,Telangana,VINFAST AUTO INDIA PVT LTD,Electric (EV),9,VinFast,Vingroup,Vietnam,South,IN-TG,State,"Telangana, India",Apr,4,Q2,30,False,True
2026-05-01,Telangana,VINFAST AUTO INDIA PVT LTD,Electric (EV),88,VinFast,Vingroup,Vietnam,South,IN-TG,State,"Telangana, India",May,5,Q2,31,False,True
2026-06-01,Telangana,VINFAST AUTO INDIA PVT LTD,Electric (EV),52,VinFast,Vingroup,Vietnam,South,IN-TG,State,"Telangana, India",Jun,6,Q2,17,True,True
2026-04-01,Telangana,VOLVO AUTO INDIA PVT LTD,Electric (EV),1,Volvo,Geely,Sweden,South,IN-TG,State,"Telangana, India",Apr,4,Q2,30,False,True
2026-05-01,Telangana,VOLVO AUTO INDIA PVT LTD,Electric (EV),7,Volvo,Geely,Sweden,South,IN-TG,State,"Telangana, India",May,5,Q2,31,False,True
2026-03-01,Tripura,JSW MG MOTOR INDIA PVT LTD,Electric (EV),1,MG,JSW-SAIC,India / China,North-East,IN-TR,State,"Tripura, India",Mar,3,Q1,31,False,True
2026-02-01,Tripura,MAHINDRA ELECTRIC AUTOMOBILE LTD,Electric (EV),1,Mahindra,Mahindra,India,North-East,IN-TR,State,"Tripura, India",Feb,2,Q1,28,False,True
2026-02-01,Tripura,MARUTI SUZUKI INDIA LTD,Electric (EV),1,Maruti Suzuki,Suzuki,Japan,North-East,IN-TR,State,"Tripura, India",Feb,2,Q1,28,False,True
2026-04-01,Tripura,MARUTI SUZUKI INDIA LTD,Electric (EV),1,Maruti Suzuki,Suzuki,Japan,North-East,IN-TR,State,"Tripura, India",Apr,4,Q2,30,False,True
2026-05-01,Tripura,MARUTI SUZUKI INDIA LTD,Electric (EV),1,Maruti Suzuki,Suzuki,Japan,North-East,IN-TR,State,"Tripura, India",May,5,Q2,31,False,True
2026-03-01,Tripura,STELLANTIS AUTOMOBILES INDIA PVT LTD,Electric (EV),1,Stellantis (Jeep/Citroen),Stellantis,Netherlands,North-East,IN-TR,State,"Tripura, India",Mar,3,Q1,31,False,True
2026-01-01,Tripura,TATA PASSENGER ELECTRIC MOBILITY LTD,Electric (EV),4,Tata,Tata Motors,India,North-East,IN-TR,State,"Tripura, India",Jan,1,Q1,31,False,True
2026-02-01,Tripura,TATA PASSENGER ELECTRIC MOBILITY LTD,Electric (EV),1,Tata,Tata Motors,India,North-East,IN-TR,State,"Tripura, India",Feb,2,Q1,28,False,True
2026-04-01,Tripura,TATA PASSENGER ELECTRIC MOBILITY LTD,Electric (EV),1,Tata,Tata Motors,India,North-East,IN-TR,State,"Tripura, India",Apr,4,Q2,30,False,True
2026-05-01,Tripura,TATA PASSENGER ELECTRIC MOBILITY LTD,Electric (EV),2,Tata,Tata Motors,India,North-East,IN-TR,State,"Tripura, India",May,5,Q2,31,False,True
2026-06-01,Tripura,TATA PASSENGER ELECTRIC MOBILITY LTD,Electric (EV),1,Tata,Tata Motors,India,North-East,IN-TR,State,"Tripura, India",Jun,6,Q2,17,True,True
2026-01-01,Uttar Pradesh,BMW INDIA PVT LTD,Electric (EV),17,BMW,BMW Group,Germany,North,IN-UP,State,"Uttar Pradesh, India",Jan,1,Q1,31,False,True
2026-02-01,Uttar Pradesh,BMW INDIA PVT LTD,Electric (EV),13,BMW,BMW Group,Germany,North,IN-UP,State,"Uttar Pradesh, India",Feb,2,Q1,28,False,True
2026-03-01,Uttar Pradesh,BMW INDIA PVT LTD,Electric (EV),29,BMW,BMW Group,Germany,North,IN-UP,State,"Uttar Pradesh, India",Mar,3,Q1,31,False,True
2026-04-01,Uttar Pradesh,BMW INDIA PVT LTD,Electric (EV),24,BMW,BMW Group,Germany,North,IN-UP,State,"Uttar Pradesh, India",Apr,4,Q2,30,False,True
2026-05-01,Uttar Pradesh,BMW INDIA PVT LTD,Electric (EV),16,BMW,BMW Group,Germany,North,IN-UP,State,"Uttar Pradesh, India",May,5,Q2,31,False,True
2026-06-01,Uttar Pradesh,BMW INDIA PVT LTD,Electric (EV),3,BMW,BMW Group,Germany,North,IN-UP,State,"Uttar Pradesh, India",Jun,6,Q2,17,True,True
2026-01-01,Uttar Pradesh,BYD INDIA PRIVATE LIMITED,Electric (EV),17,BYD,BYD,China,North,IN-UP,State,"Uttar Pradesh, India",Jan,1,Q1,31,False,True
2026-02-01,Uttar Pradesh,BYD INDIA PRIVATE LIMITED,Electric (EV),22,BYD,BYD,China,North,IN-UP,State,"Uttar Pradesh, India",Feb,2,Q1,28,False,True
2026-03-01,Uttar Pradesh,BYD INDIA PRIVATE LIMITED,Electric (EV),14,BYD,BYD,China,North,IN-UP,State,"Uttar Pradesh, India",Mar,3,Q1,31,False,True
2026-04-01,Uttar Pradesh,BYD INDIA PRIVATE LIMITED,Electric (EV),33,BYD,BYD,China,North,IN-UP,State,"Uttar Pradesh, India",Apr,4,Q2,30,False,True
2026-05-01,Uttar Pradesh,BYD INDIA PRIVATE LIMITED,Electric (EV),38,BYD,BYD,China,North,IN-UP,State,"Uttar Pradesh, India",May,5,Q2,31,False,True
2026-06-01,Uttar Pradesh,BYD INDIA PRIVATE LIMITED,Electric (EV),8,BYD,BYD,China,North,IN-UP,State,"Uttar Pradesh, India",Jun,6,Q2,17,True,True
2026-01-01,Uttar Pradesh,HYUNDAI MOTOR INDIA LTD,Electric (EV),14,Hyundai,Hyundai,South Korea,North,IN-UP,State,"Uttar Pradesh, India",Jan,1,Q1,31,False,True
2026-02-01,Uttar Pradesh,HYUNDAI MOTOR INDIA LTD,Electric (EV),16,Hyundai,Hyundai,South Korea,North,IN-UP,State,"Uttar Pradesh, India",Feb,2,Q1,28,False,True
2026-03-01,Uttar Pradesh,HYUNDAI MOTOR INDIA LTD,Electric (EV),28,Hyundai,Hyundai,South Korea,North,IN-UP,State,"Uttar Pradesh, India",Mar,3,Q1,31,False,True
2026-04-01,Uttar Pradesh,HYUNDAI MOTOR INDIA LTD,Electric (EV),30,Hyundai,Hyundai,South Korea,North,IN-UP,State,"Uttar Pradesh, India",Apr,4,Q2,30,False,True
2026-05-01,Uttar Pradesh,HYUNDAI MOTOR INDIA LTD,Electric (EV),22,Hyundai,Hyundai,South Korea,North,IN-UP,State,"Uttar Pradesh, India",May,5,Q2,31,False,True
2026-06-01,Uttar Pradesh,HYUNDAI MOTOR INDIA LTD,Electric (EV),8,Hyundai,Hyundai,South Korea,North,IN-UP,State,"Uttar Pradesh, India",Jun,6,Q2,17,True,True
2026-01-01,Uttar Pradesh,JSW MG MOTOR INDIA PVT LTD,Electric (EV),460,MG,JSW-SAIC,India / China,North,IN-UP,State,"Uttar Pradesh, India",Jan,1,Q1,31,False,True
2026-02-01,Uttar Pradesh,JSW MG MOTOR INDIA PVT LTD,Electric (EV),258,MG,JSW-SAIC,India / China,North,IN-UP,State,"Uttar Pradesh, India",Feb,2,Q1,28,False,True
2026-03-01,Uttar Pradesh,JSW MG MOTOR INDIA PVT LTD,Electric (EV),294,MG,JSW-SAIC,India / China,North,IN-UP,State,"Uttar Pradesh, India",Mar,3,Q1,31,False,True
2026-04-01,Uttar Pradesh,JSW MG MOTOR INDIA PVT LTD,Electric (EV),372,MG,JSW-SAIC,India / China,North,IN-UP,State,"Uttar Pradesh, India",Apr,4,Q2,30,False,True
2026-05-01,Uttar Pradesh,JSW MG MOTOR INDIA PVT LTD,Electric (EV),343,MG,JSW-SAIC,India / China,North,IN-UP,State,"Uttar Pradesh, India",May,5,Q2,31,False,True
2026-06-01,Uttar Pradesh,JSW MG MOTOR INDIA PVT LTD,Electric (EV),123,MG,JSW-SAIC,India / China,North,IN-UP,State,"Uttar Pradesh, India",Jun,6,Q2,17,True,True
2026-01-01,Uttar Pradesh,KIA INDIA PRIVATE LIMITED,Electric (EV),15,Kia,Hyundai,South Korea,North,IN-UP,State,"Uttar Pradesh, India",Jan,1,Q1,31,False,True
2026-02-01,Uttar Pradesh,KIA INDIA PRIVATE LIMITED,Electric (EV),17,Kia,Hyundai,South Korea,North,IN-UP,State,"Uttar Pradesh, India",Feb,2,Q1,28,False,True
2026-03-01,Uttar Pradesh,KIA INDIA PRIVATE LIMITED,Electric (EV),28,Kia,Hyundai,South Korea,North,IN-UP,State,"Uttar Pradesh, India",Mar,3,Q1,31,False,True
2026-04-01,Uttar Pradesh,KIA INDIA PRIVATE LIMITED,Electric (EV),30,Kia,Hyundai,South Korea,North,IN-UP,State,"Uttar Pradesh, India",Apr,4,Q2,30,False,True
2026-05-01,Uttar Pradesh,KIA INDIA PRIVATE LIMITED,Electric (EV),18,Kia,Hyundai,South Korea,North,IN-UP,State,"Uttar Pradesh, India",May,5,Q2,31,False,True
2026-06-01,Uttar Pradesh,KIA INDIA PRIVATE LIMITED,Electric (EV),7,Kia,Hyundai,South Korea,North,IN-UP,State,"Uttar Pradesh, India",Jun,6,Q2,17,True,True
2026-01-01,Uttar Pradesh,MAHINDRA & MAHINDRA LIMITED,Electric (EV),11,Mahindra,Mahindra,India,North,IN-UP,State,"Uttar Pradesh, India",Jan,1,Q1,31,False,True
2026-02-01,Uttar Pradesh,MAHINDRA & MAHINDRA LIMITED,Electric (EV),4,Mahindra,Mahindra,India,North,IN-UP,State,"Uttar Pradesh, India",Feb,2,Q1,28,False,True
2026-03-01,Uttar Pradesh,MAHINDRA & MAHINDRA LIMITED,Electric (EV),4,Mahindra,Mahindra,India,North,IN-UP,State,"Uttar Pradesh, India",Mar,3,Q1,31,False,True
2026-04-01,Uttar Pradesh,MAHINDRA & MAHINDRA LIMITED,Electric (EV),14,Mahindra,Mahindra,India,North,IN-UP,State,"Uttar Pradesh, India",Apr,4,Q2,30,False,True
2026-05-01,Uttar Pradesh,MAHINDRA & MAHINDRA LIMITED,Electric (EV),21,Mahindra,Mahindra,India,North,IN-UP,State,"Uttar Pradesh, India",May,5,Q2,31,False,True
2026-06-01,Uttar Pradesh,MAHINDRA & MAHINDRA LIMITED,Electric (EV),16,Mahindra,Mahindra,India,North,IN-UP,State,"Uttar Pradesh, India",Jun,6,Q2,17,True,True
2026-01-01,Uttar Pradesh,MAHINDRA ELECTRIC AUTOMOBILE LTD,Electric (EV),320,Mahindra,Mahindra,India,North,IN-UP,State,"Uttar Pradesh, India",Jan,1,Q1,31,False,True
2026-02-01,Uttar Pradesh,MAHINDRA ELECTRIC AUTOMOBILE LTD,Electric (EV),277,Mahindra,Mahindra,India,North,IN-UP,State,"Uttar Pradesh, India",Feb,2,Q1,28,False,True
2026-03-01,Uttar Pradesh,MAHINDRA ELECTRIC AUTOMOBILE LTD,Electric (EV),462,Mahindra,Mahindra,India,North,IN-UP,State,"Uttar Pradesh, India",Mar,3,Q1,31,False,True
2026-04-01,Uttar Pradesh,MAHINDRA ELECTRIC AUTOMOBILE LTD,Electric (EV),383,Mahindra,Mahindra,India,North,IN-UP,State,"Uttar Pradesh, India",Apr,4,Q2,30,False,True
2026-05-01,Uttar Pradesh,MAHINDRA ELECTRIC AUTOMOBILE LTD,Electric (EV),463,Mahindra,Mahindra,India,North,IN-UP,State,"Uttar Pradesh, India",May,5,Q2,31,False,True
2026-06-01,Uttar Pradesh,MAHINDRA ELECTRIC AUTOMOBILE LTD,Electric (EV),167,Mahindra,Mahindra,India,North,IN-UP,State,"Uttar Pradesh, India",Jun,6,Q2,17,True,True
2026-01-01,Uttar Pradesh,MARUTI SUZUKI INDIA LTD,Electric (EV),23,Maruti Suzuki,Suzuki,Japan,North,IN-UP,State,"Uttar Pradesh, India",Jan,1,Q1,31,False,True
2026-02-01,Uttar Pradesh,MARUTI SUZUKI INDIA LTD,Electric (EV),20,Maruti Suzuki,Suzuki,Japan,North,IN-UP,State,"Uttar Pradesh, India",Feb,2,Q1,28,False,True
2026-03-01,Uttar Pradesh,MARUTI SUZUKI INDIA LTD,Electric (EV),78,Maruti Suzuki,Suzuki,Japan,North,IN-UP,State,"Uttar Pradesh, India",Mar,3,Q1,31,False,True
2026-04-01,Uttar Pradesh,MARUTI SUZUKI INDIA LTD,Electric (EV),107,Maruti Suzuki,Suzuki,Japan,North,IN-UP,State,"Uttar Pradesh, India",Apr,4,Q2,30,False,True
2026-05-01,Uttar Pradesh,MARUTI SUZUKI INDIA LTD,Electric (EV),122,Maruti Suzuki,Suzuki,Japan,North,IN-UP,State,"Uttar Pradesh, India",May,5,Q2,31,False,True
2026-06-01,Uttar Pradesh,MARUTI SUZUKI INDIA LTD,Electric (EV),42,Maruti Suzuki,Suzuki,Japan,North,IN-UP,State,"Uttar Pradesh, India",Jun,6,Q2,17,True,True
2026-01-01,Uttar Pradesh,MERCEDES-BENZ AG,Electric (EV),1,Mercedes-Benz,Mercedes-Benz,Germany,North,IN-UP,State,"Uttar Pradesh, India",Jan,1,Q1,31,False,True
2026-04-01,Uttar Pradesh,MERCEDES-BENZ AG,Electric (EV),2,Mercedes-Benz,Mercedes-Benz,Germany,North,IN-UP,State,"Uttar Pradesh, India",Apr,4,Q2,30,False,True
2026-05-01,Uttar Pradesh,MERCEDES-BENZ AG,Electric (EV),10,Mercedes-Benz,Mercedes-Benz,Germany,North,IN-UP,State,"Uttar Pradesh, India",May,5,Q2,31,False,True
2026-06-01,Uttar Pradesh,MERCEDES-BENZ AG,Electric (EV),2,Mercedes-Benz,Mercedes-Benz,Germany,North,IN-UP,State,"Uttar Pradesh, India",Jun,6,Q2,17,True,True
2026-02-01,Uttar Pradesh,MERCEDES-BENZ INDIA PVT LTD,Electric (EV),1,Mercedes-Benz,Mercedes-Benz,Germany,North,IN-UP,State,"Uttar Pradesh, India",Feb,2,Q1,28,False,True
2026-03-01,Uttar Pradesh,MERCEDES-BENZ INDIA PVT LTD,Electric (EV),5,Mercedes-Benz,Mercedes-Benz,Germany,North,IN-UP,State,"Uttar Pradesh, India",Mar,3,Q1,31,False,True
2026-04-01,Uttar Pradesh,MERCEDES-BENZ INDIA PVT LTD,Electric (EV),1,Mercedes-Benz,Mercedes-Benz,Germany,North,IN-UP,State,"Uttar Pradesh, India",Apr,4,Q2,30,False,True
2026-05-01,Uttar Pradesh,MERCEDES-BENZ INDIA PVT LTD,Electric (EV),2,Mercedes-Benz,Mercedes-Benz,Germany,North,IN-UP,State,"Uttar Pradesh, India",May,5,Q2,31,False,True
2026-01-01,Uttar Pradesh,TATA PASSENGER ELECTRIC MOBILITY LTD,Electric (EV),725,Tata,Tata Motors,India,North,IN-UP,State,"Uttar Pradesh, India",Jan,1,Q1,31,False,True
2026-02-01,Uttar Pradesh,TATA PASSENGER ELECTRIC MOBILITY LTD,Electric (EV),432,Tata,Tata Motors,India,North,IN-UP,State,"Uttar Pradesh, India",Feb,2,Q1,28,False,True
2026-03-01,Uttar Pradesh,TATA PASSENGER ELECTRIC MOBILITY LTD,Electric (EV),621,Tata,Tata Motors,India,North,IN-UP,State,"Uttar Pradesh, India",Mar,3,Q1,31,False,True
2026-04-01,Uttar Pradesh,TATA PASSENGER ELECTRIC MOBILITY LTD,Electric (EV),717,Tata,Tata Motors,India,North,IN-UP,State,"Uttar Pradesh, India",Apr,4,Q2,30,False,True
2026-05-01,Uttar Pradesh,TATA PASSENGER ELECTRIC MOBILITY LTD,Electric (EV),804,Tata,Tata Motors,India,North,IN-UP,State,"Uttar Pradesh, India",May,5,Q2,31,False,True
2026-06-01,Uttar Pradesh,TATA PASSENGER ELECTRIC MOBILITY LTD,Electric (EV),245,Tata,Tata Motors,India,North,IN-UP,State,"Uttar Pradesh, India",Jun,6,Q2,17,True,True
2026-01-01,Uttar Pradesh,TESLA INDIA MOTORS AND ENERGY PVT LTD,Electric (EV),3,Tesla,Tesla,USA,North,IN-UP,State,"Uttar Pradesh, India",Jan,1,Q1,31,False,True
2026-02-01,Uttar Pradesh,TESLA INDIA MOTORS AND ENERGY PVT LTD,Electric (EV),1,Tesla,Tesla,USA,North,IN-UP,State,"Uttar Pradesh, India",Feb,2,Q1,28,False,True
2026-04-01,Uttar Pradesh,TESLA INDIA MOTORS AND ENERGY PVT LTD,Electric (EV),1,Tesla,Tesla,USA,North,IN-UP,State,"Uttar Pradesh, India",Apr,4,Q2,30,False,True
2026-01-01,Uttar Pradesh,VINFAST AUTO INDIA PVT LTD,Electric (EV),20,VinFast,Vingroup,Vietnam,North,IN-UP,State,"Uttar Pradesh, India",Jan,1,Q1,31,False,True
2026-02-01,Uttar Pradesh,VINFAST AUTO INDIA PVT LTD,Electric (EV),28,VinFast,Vingroup,Vietnam,North,IN-UP,State,"Uttar Pradesh, India",Feb,2,Q1,28,False,True
2026-03-01,Uttar Pradesh,VINFAST AUTO INDIA PVT LTD,Electric (EV),39,VinFast,Vingroup,Vietnam,North,IN-UP,State,"Uttar Pradesh, India",Mar,3,Q1,31,False,True
2026-04-01,Uttar Pradesh,VINFAST AUTO INDIA PVT LTD,Electric (EV),48,VinFast,Vingroup,Vietnam,North,IN-UP,State,"Uttar Pradesh, India",Apr,4,Q2,30,False,True
2026-05-01,Uttar Pradesh,VINFAST AUTO INDIA PVT LTD,Electric (EV),44,VinFast,Vingroup,Vietnam,North,IN-UP,State,"Uttar Pradesh, India",May,5,Q2,31,False,True
2026-06-01,Uttar Pradesh,VINFAST AUTO INDIA PVT LTD,Electric (EV),28,VinFast,Vingroup,Vietnam,North,IN-UP,State,"Uttar Pradesh, India",Jun,6,Q2,17,True,True
2026-01-01,Uttar Pradesh,VOLVO AUTO INDIA PVT LTD,Electric (EV),2,Volvo,Geely,Sweden,North,IN-UP,State,"Uttar Pradesh, India",Jan,1,Q1,31,False,True
2026-02-01,Uttar Pradesh,VOLVO AUTO INDIA PVT LTD,Electric (EV),2,Volvo,Geely,Sweden,North,IN-UP,State,"Uttar Pradesh, India",Feb,2,Q1,28,False,True
2026-03-01,Uttar Pradesh,VOLVO AUTO INDIA PVT LTD,Electric (EV),1,Volvo,Geely,Sweden,North,IN-UP,State,"Uttar Pradesh, India",Mar,3,Q1,31,False,True
2026-04-01,Uttar Pradesh,VOLVO AUTO INDIA PVT LTD,Electric (EV),3,Volvo,Geely,Sweden,North,IN-UP,State,"Uttar Pradesh, India",Apr,4,Q2,30,False,True
2026-05-01,Uttar Pradesh,VOLVO AUTO INDIA PVT LTD,Electric (EV),2,Volvo,Geely,Sweden,North,IN-UP,State,"Uttar Pradesh, India",May,5,Q2,31,False,True
2026-01-01,Uttarakhand,BMW INDIA PVT LTD,Electric (EV),3,BMW,BMW Group,Germany,North,IN-UK,State,"Uttarakhand, India",Jan,1,Q1,31,False,True
2026-02-01,Uttarakhand,BMW INDIA PVT LTD,Electric (EV),4,BMW,BMW Group,Germany,North,IN-UK,State,"Uttarakhand, India",Feb,2,Q1,28,False,True
2026-03-01,Uttarakhand,BMW INDIA PVT LTD,Electric (EV),4,BMW,BMW Group,Germany,North,IN-UK,State,"Uttarakhand, India",Mar,3,Q1,31,False,True
2026-04-01,Uttarakhand,BMW INDIA PVT LTD,Electric (EV),2,BMW,BMW Group,Germany,North,IN-UK,State,"Uttarakhand, India",Apr,4,Q2,30,False,True
2026-05-01,Uttarakhand,BMW INDIA PVT LTD,Electric (EV),2,BMW,BMW Group,Germany,North,IN-UK,State,"Uttarakhand, India",May,5,Q2,31,False,True
2026-01-01,Uttarakhand,BYD INDIA PRIVATE LIMITED,Electric (EV),4,BYD,BYD,China,North,IN-UK,State,"Uttarakhand, India",Jan,1,Q1,31,False,True
2026-02-01,Uttarakhand,BYD INDIA PRIVATE LIMITED,Electric (EV),3,BYD,BYD,China,North,IN-UK,State,"Uttarakhand, India",Feb,2,Q1,28,False,True
2026-03-01,Uttarakhand,BYD INDIA PRIVATE LIMITED,Electric (EV),3,BYD,BYD,China,North,IN-UK,State,"Uttarakhand, India",Mar,3,Q1,31,False,True
2026-04-01,Uttarakhand,BYD INDIA PRIVATE LIMITED,Electric (EV),8,BYD,BYD,China,North,IN-UK,State,"Uttarakhand, India",Apr,4,Q2,30,False,True
2026-05-01,Uttarakhand,BYD INDIA PRIVATE LIMITED,Electric (EV),9,BYD,BYD,China,North,IN-UK,State,"Uttarakhand, India",May,5,Q2,31,False,True
2026-06-01,Uttarakhand,BYD INDIA PRIVATE LIMITED,Electric (EV),6,BYD,BYD,China,North,IN-UK,State,"Uttarakhand, India",Jun,6,Q2,17,True,True
2026-02-01,Uttarakhand,HYUNDAI MOTOR INDIA LTD,Electric (EV),2,Hyundai,Hyundai,South Korea,North,IN-UK,State,"Uttarakhand, India",Feb,2,Q1,28,False,True
2026-03-01,Uttarakhand,HYUNDAI MOTOR INDIA LTD,Electric (EV),1,Hyundai,Hyundai,South Korea,North,IN-UK,State,"Uttarakhand, India",Mar,3,Q1,31,False,True
2026-04-01,Uttarakhand,HYUNDAI MOTOR INDIA LTD,Electric (EV),6,Hyundai,Hyundai,South Korea,North,IN-UK,State,"Uttarakhand, India",Apr,4,Q2,30,False,True
2026-05-01,Uttarakhand,HYUNDAI MOTOR INDIA LTD,Electric (EV),1,Hyundai,Hyundai,South Korea,North,IN-UK,State,"Uttarakhand, India",May,5,Q2,31,False,True
2026-06-01,Uttarakhand,HYUNDAI MOTOR INDIA LTD,Electric (EV),3,Hyundai,Hyundai,South Korea,North,IN-UK,State,"Uttarakhand, India",Jun,6,Q2,17,True,True
2026-01-01,Uttarakhand,JSW MG MOTOR INDIA PVT LTD,Electric (EV),21,MG,JSW-SAIC,India / China,North,IN-UK,State,"Uttarakhand, India",Jan,1,Q1,31,False,True
2026-02-01,Uttarakhand,JSW MG MOTOR INDIA PVT LTD,Electric (EV),28,MG,JSW-SAIC,India / China,North,IN-UK,State,"Uttarakhand, India",Feb,2,Q1,28,False,True
2026-03-01,Uttarakhand,JSW MG MOTOR INDIA PVT LTD,Electric (EV),14,MG,JSW-SAIC,India / China,North,IN-UK,State,"Uttarakhand, India",Mar,3,Q1,31,False,True
2026-04-01,Uttarakhand,JSW MG MOTOR INDIA PVT LTD,Electric (EV),45,MG,JSW-SAIC,India / China,North,IN-UK,State,"Uttarakhand, India",Apr,4,Q2,30,False,True
2026-05-01,Uttarakhand,JSW MG MOTOR INDIA PVT LTD,Electric (EV),47,MG,JSW-SAIC,India / China,North,IN-UK,State,"Uttarakhand, India",May,5,Q2,31,False,True
2026-06-01,Uttarakhand,JSW MG MOTOR INDIA PVT LTD,Electric (EV),13,MG,JSW-SAIC,India / China,North,IN-UK,State,"Uttarakhand, India",Jun,6,Q2,17,True,True
2026-01-01,Uttarakhand,KIA INDIA PRIVATE LIMITED,Electric (EV),1,Kia,Hyundai,South Korea,North,IN-UK,State,"Uttarakhand, India",Jan,1,Q1,31,False,True
2026-02-01,Uttarakhand,KIA INDIA PRIVATE LIMITED,Electric (EV),2,Kia,Hyundai,South Korea,North,IN-UK,State,"Uttarakhand, India",Feb,2,Q1,28,False,True
2026-03-01,Uttarakhand,KIA INDIA PRIVATE LIMITED,Electric (EV),4,Kia,Hyundai,South Korea,North,IN-UK,State,"Uttarakhand, India",Mar,3,Q1,31,False,True
2026-04-01,Uttarakhand,KIA INDIA PRIVATE LIMITED,Electric (EV),4,Kia,Hyundai,South Korea,North,IN-UK,State,"Uttarakhand, India",Apr,4,Q2,30,False,True
2026-05-01,Uttarakhand,KIA INDIA PRIVATE LIMITED,Electric (EV),1,Kia,Hyundai,South Korea,North,IN-UK,State,"Uttarakhand, India",May,5,Q2,31,False,True
2026-01-01,Uttarakhand,MAHINDRA & MAHINDRA LIMITED,Electric (EV),2,Mahindra,Mahindra,India,North,IN-UK,State,"Uttarakhand, India",Jan,1,Q1,31,False,True
2026-02-01,Uttarakhand,MAHINDRA & MAHINDRA LIMITED,Electric (EV),2,Mahindra,Mahindra,India,North,IN-UK,State,"Uttarakhand, India",Feb,2,Q1,28,False,True
2026-03-01,Uttarakhand,MAHINDRA & MAHINDRA LIMITED,Electric (EV),1,Mahindra,Mahindra,India,North,IN-UK,State,"Uttarakhand, India",Mar,3,Q1,31,False,True
2026-05-01,Uttarakhand,MAHINDRA & MAHINDRA LIMITED,Electric (EV),1,Mahindra,Mahindra,India,North,IN-UK,State,"Uttarakhand, India",May,5,Q2,31,False,True
2026-06-01,Uttarakhand,MAHINDRA & MAHINDRA LIMITED,Electric (EV),1,Mahindra,Mahindra,India,North,IN-UK,State,"Uttarakhand, India",Jun,6,Q2,17,True,True
2026-01-01,Uttarakhand,MAHINDRA ELECTRIC AUTOMOBILE LTD,Electric (EV),39,Mahindra,Mahindra,India,North,IN-UK,State,"Uttarakhand, India",Jan,1,Q1,31,False,True
2026-02-01,Uttarakhand,MAHINDRA ELECTRIC AUTOMOBILE LTD,Electric (EV),29,Mahindra,Mahindra,India,North,IN-UK,State,"Uttarakhand, India",Feb,2,Q1,28,False,True
2026-03-01,Uttarakhand,MAHINDRA ELECTRIC AUTOMOBILE LTD,Electric (EV),38,Mahindra,Mahindra,India,North,IN-UK,State,"Uttarakhand, India",Mar,3,Q1,31,False,True
2026-04-01,Uttarakhand,MAHINDRA ELECTRIC AUTOMOBILE LTD,Electric (EV),73,Mahindra,Mahindra,India,North,IN-UK,State,"Uttarakhand, India",Apr,4,Q2,30,False,True
2026-05-01,Uttarakhand,MAHINDRA ELECTRIC AUTOMOBILE LTD,Electric (EV),57,Mahindra,Mahindra,India,North,IN-UK,State,"Uttarakhand, India",May,5,Q2,31,False,True
2026-06-01,Uttarakhand,MAHINDRA ELECTRIC AUTOMOBILE LTD,Electric (EV),27,Mahindra,Mahindra,India,North,IN-UK,State,"Uttarakhand, India",Jun,6,Q2,17,True,True
2026-01-01,Uttarakhand,MARUTI SUZUKI INDIA LTD,Electric (EV),1,Maruti Suzuki,Suzuki,Japan,North,IN-UK,State,"Uttarakhand, India",Jan,1,Q1,31,False,True
2026-02-01,Uttarakhand,MARUTI SUZUKI INDIA LTD,Electric (EV),4,Maruti Suzuki,Suzuki,Japan,North,IN-UK,State,"Uttarakhand, India",Feb,2,Q1,28,False,True
2026-03-01,Uttarakhand,MARUTI SUZUKI INDIA LTD,Electric (EV),5,Maruti Suzuki,Suzuki,Japan,North,IN-UK,State,"Uttarakhand, India",Mar,3,Q1,31,False,True
2026-04-01,Uttarakhand,MARUTI SUZUKI INDIA LTD,Electric (EV),12,Maruti Suzuki,Suzuki,Japan,North,IN-UK,State,"Uttarakhand, India",Apr,4,Q2,30,False,True
2026-05-01,Uttarakhand,MARUTI SUZUKI INDIA LTD,Electric (EV),16,Maruti Suzuki,Suzuki,Japan,North,IN-UK,State,"Uttarakhand, India",May,5,Q2,31,False,True
2026-06-01,Uttarakhand,MARUTI SUZUKI INDIA LTD,Electric (EV),8,Maruti Suzuki,Suzuki,Japan,North,IN-UK,State,"Uttarakhand, India",Jun,6,Q2,17,True,True
2026-01-01,Uttarakhand,TATA PASSENGER ELECTRIC MOBILITY LTD,Electric (EV),56,Tata,Tata Motors,India,North,IN-UK,State,"Uttarakhand, India",Jan,1,Q1,31,False,True
2026-02-01,Uttarakhand,TATA PASSENGER ELECTRIC MOBILITY LTD,Electric (EV),41,Tata,Tata Motors,India,North,IN-UK,State,"Uttarakhand, India",Feb,2,Q1,28,False,True
2026-03-01,Uttarakhand,TATA PASSENGER ELECTRIC MOBILITY LTD,Electric (EV),36,Tata,Tata Motors,India,North,IN-UK,State,"Uttarakhand, India",Mar,3,Q1,31,False,True
2026-04-01,Uttarakhand,TATA PASSENGER ELECTRIC MOBILITY LTD,Electric (EV),74,Tata,Tata Motors,India,North,IN-UK,State,"Uttarakhand, India",Apr,4,Q2,30,False,True
2026-05-01,Uttarakhand,TATA PASSENGER ELECTRIC MOBILITY LTD,Electric (EV),86,Tata,Tata Motors,India,North,IN-UK,State,"Uttarakhand, India",May,5,Q2,31,False,True
2026-06-01,Uttarakhand,TATA PASSENGER ELECTRIC MOBILITY LTD,Electric (EV),49,Tata,Tata Motors,India,North,IN-UK,State,"Uttarakhand, India",Jun,6,Q2,17,True,True
2026-03-01,Uttarakhand,TESLA INDIA MOTORS AND ENERGY PVT LTD,Electric (EV),1,Tesla,Tesla,USA,North,IN-UK,State,"Uttarakhand, India",Mar,3,Q1,31,False,True
2026-05-01,Uttarakhand,TESLA INDIA MOTORS AND ENERGY PVT LTD,Electric (EV),1,Tesla,Tesla,USA,North,IN-UK,State,"Uttarakhand, India",May,5,Q2,31,False,True
2026-01-01,Uttarakhand,VINFAST AUTO INDIA PVT LTD,Electric (EV),1,VinFast,Vingroup,Vietnam,North,IN-UK,State,"Uttarakhand, India",Jan,1,Q1,31,False,True
2026-02-01,Uttarakhand,VINFAST AUTO INDIA PVT LTD,Electric (EV),3,VinFast,Vingroup,Vietnam,North,IN-UK,State,"Uttarakhand, India",Feb,2,Q1,28,False,True
2026-03-01,Uttarakhand,VINFAST AUTO INDIA PVT LTD,Electric (EV),1,VinFast,Vingroup,Vietnam,North,IN-UK,State,"Uttarakhand, India",Mar,3,Q1,31,False,True
2026-04-01,Uttarakhand,VINFAST AUTO INDIA PVT LTD,Electric (EV),2,VinFast,Vingroup,Vietnam,North,IN-UK,State,"Uttarakhand, India",Apr,4,Q2,30,False,True
2026-06-01,Uttarakhand,VINFAST AUTO INDIA PVT LTD,Electric (EV),2,VinFast,Vingroup,Vietnam,North,IN-UK,State,"Uttarakhand, India",Jun,6,Q2,17,True,True
2026-01-01,Andaman and Nicobar Islands,HONDA CARS INDIA LTD,Petrol/Diesel/CNG/Hybrid,1,Honda,Honda,Japan,South,IN-AN,Union Territory,"Andaman and Nicobar Islands, India",Jan,1,Q1,31,False,False
2026-02-01,Andaman and Nicobar Islands,HONDA CARS INDIA LTD,Petrol/Diesel/CNG/Hybrid,1,Honda,Honda,Japan,South,IN-AN,Union Territory,"Andaman and Nicobar Islands, India",Feb,2,Q1,28,False,False
2026-03-01,Andaman and Nicobar Islands,HONDA CARS INDIA LTD,Petrol/Diesel/CNG/Hybrid,2,Honda,Honda,Japan,South,IN-AN,Union Territory,"Andaman and Nicobar Islands, India",Mar,3,Q1,31,False,False
2026-04-01,Andaman and Nicobar Islands,HONDA CARS INDIA LTD,Petrol/Diesel/CNG/Hybrid,3,Honda,Honda,Japan,South,IN-AN,Union Territory,"Andaman and Nicobar Islands, India",Apr,4,Q2,30,False,False
2026-05-01,Andaman and Nicobar Islands,HONDA CARS INDIA LTD,Petrol/Diesel/CNG/Hybrid,1,Honda,Honda,Japan,South,IN-AN,Union Territory,"Andaman and Nicobar Islands, India",May,5,Q2,31,False,False
2026-06-01,Andaman and Nicobar Islands,HONDA CARS INDIA LTD,Petrol/Diesel/CNG/Hybrid,1,Honda,Honda,Japan,South,IN-AN,Union Territory,"Andaman and Nicobar Islands, India",Jun,6,Q2,17,True,False
2026-01-01,Andaman and Nicobar Islands,HYUNDAI MOTOR INDIA LTD,Petrol/Diesel/CNG/Hybrid,54,Hyundai,Hyundai,South Korea,South,IN-AN,Union Territory,"Andaman and Nicobar Islands, India",Jan,1,Q1,31,False,False
2026-02-01,Andaman and Nicobar Islands,HYUNDAI MOTOR INDIA LTD,Petrol/Diesel/CNG/Hybrid,37,Hyundai,Hyundai,South Korea,South,IN-AN,Union Territory,"Andaman and Nicobar Islands, India",Feb,2,Q1,28,False,False
2026-03-01,Andaman and Nicobar Islands,HYUNDAI MOTOR INDIA LTD,Petrol/Diesel/CNG/Hybrid,46,Hyundai,Hyundai,South Korea,South,IN-AN,Union Territory,"Andaman and Nicobar Islands, India",Mar,3,Q1,31,False,False
2026-04-01,Andaman and Nicobar Islands,HYUNDAI MOTOR INDIA LTD,Petrol/Diesel/CNG/Hybrid,33,Hyundai,Hyundai,South Korea,South,IN-AN,Union Territory,"Andaman and Nicobar Islands, India",Apr,4,Q2,30,False,False
2026-05-01,Andaman and Nicobar Islands,HYUNDAI MOTOR INDIA LTD,Petrol/Diesel/CNG/Hybrid,30,Hyundai,Hyundai,South Korea,South,IN-AN,Union Territory,"Andaman and Nicobar Islands, India",May,5,Q2,31,False,False
2026-06-01,Andaman and Nicobar Islands,HYUNDAI MOTOR INDIA LTD,Petrol/Diesel/CNG/Hybrid,15,Hyundai,Hyundai,South Korea,South,IN-AN,Union Territory,"Andaman and Nicobar Islands, India",Jun,6,Q2,17,True,False
2026-01-01,Andaman and Nicobar Islands,JSW MG MOTOR INDIA PVT LTD,Petrol/Diesel/CNG/Hybrid,7,MG,JSW-SAIC,India / China,South,IN-AN,Union Territory,"Andaman and Nicobar Islands, India",Jan,1,Q1,31,False,False
2026-02-01,Andaman and Nicobar Islands,JSW MG MOTOR INDIA PVT LTD,Petrol/Diesel/CNG/Hybrid,1,MG,JSW-SAIC,India / China,South,IN-AN,Union Territory,"Andaman and Nicobar Islands, India",Feb,2,Q1,28,False,False
2026-03-01,Andaman and Nicobar Islands,JSW MG MOTOR INDIA PVT LTD,Petrol/Diesel/CNG/Hybrid,6,MG,JSW-SAIC,India / China,South,IN-AN,Union Territory,"Andaman and Nicobar Islands, India",Mar,3,Q1,31,False,False
2026-04-01,Andaman and Nicobar Islands,JSW MG MOTOR INDIA PVT LTD,Petrol/Diesel/CNG/Hybrid,1,MG,JSW-SAIC,India / China,South,IN-AN,Union Territory,"Andaman and Nicobar Islands, India",Apr,4,Q2,30,False,False
2026-01-01,Andaman and Nicobar Islands,KIA INDIA PRIVATE LIMITED,Petrol/Diesel/CNG/Hybrid,18,Kia,Hyundai,South Korea,South,IN-AN,Union Territory,"Andaman and Nicobar Islands, India",Jan,1,Q1,31,False,False
2026-02-01,Andaman and Nicobar Islands,KIA INDIA PRIVATE LIMITED,Petrol/Diesel/CNG/Hybrid,14,Kia,Hyundai,South Korea,South,IN-AN,Union Territory,"Andaman and Nicobar Islands, India",Feb,2,Q1,28,False,False
2026-03-01,Andaman and Nicobar Islands,KIA INDIA PRIVATE LIMITED,Petrol/Diesel/CNG/Hybrid,17,Kia,Hyundai,South Korea,South,IN-AN,Union Territory,"Andaman and Nicobar Islands, India",Mar,3,Q1,31,False,False
2026-04-01,Andaman and Nicobar Islands,KIA INDIA PRIVATE LIMITED,Petrol/Diesel/CNG/Hybrid,16,Kia,Hyundai,South Korea,South,IN-AN,Union Territory,"Andaman and Nicobar Islands, India",Apr,4,Q2,30,False,False
2026-05-01,Andaman and Nicobar Islands,KIA INDIA PRIVATE LIMITED,Petrol/Diesel/CNG/Hybrid,16,Kia,Hyundai,South Korea,South,IN-AN,Union Territory,"Andaman and Nicobar Islands, India",May,5,Q2,31,False,False
2026-06-01,Andaman and Nicobar Islands,KIA INDIA PRIVATE LIMITED,Petrol/Diesel/CNG/Hybrid,11,Kia,Hyundai,South Korea,South,IN-AN,Union Territory,"Andaman and Nicobar Islands, India",Jun,6,Q2,17,True,False
2026-01-01,Andaman and Nicobar Islands,MAHINDRA & MAHINDRA LIMITED,Petrol/Diesel/CNG/Hybrid,14,Mahindra,Mahindra,India,South,IN-AN,Union Territory,"Andaman and Nicobar Islands, India",Jan,1,Q1,31,False,False
2026-02-01,Andaman and Nicobar Islands,MAHINDRA & MAHINDRA LIMITED,Petrol/Diesel/CNG/Hybrid,24,Mahindra,Mahindra,India,South,IN-AN,Union Territory,"Andaman and Nicobar Islands, India",Feb,2,Q1,28,False,False
2026-03-01,Andaman and Nicobar Islands,MAHINDRA & MAHINDRA LIMITED,Petrol/Diesel/CNG/Hybrid,34,Mahindra,Mahindra,India,South,IN-AN,Union Territory,"Andaman and Nicobar Islands, India",Mar,3,Q1,31,False,False
2026-04-01,Andaman and Nicobar Islands,MAHINDRA & MAHINDRA LIMITED,Petrol/Diesel/CNG/Hybrid,28,Mahindra,Mahindra,India,South,IN-AN,Union Territory,"Andaman and Nicobar Islands, India",Apr,4,Q2,30,False,False
2026-05-01,Andaman and Nicobar Islands,MAHINDRA & MAHINDRA LIMITED,Petrol/Diesel/CNG/Hybrid,19,Mahindra,Mahindra,India,South,IN-AN,Union Territory,"Andaman and Nicobar Islands, India",May,5,Q2,31,False,False
2026-06-01,Andaman and Nicobar Islands,MAHINDRA & MAHINDRA LIMITED,Petrol/Diesel/CNG/Hybrid,10,Mahindra,Mahindra,India,South,IN-AN,Union Territory,"Andaman and Nicobar Islands, India",Jun,6,Q2,17,True,False
2026-01-01,Andaman and Nicobar Islands,MARUTI SUZUKI INDIA LTD,Petrol/Diesel/CNG/Hybrid,75,Maruti Suzuki,Suzuki,Japan,South,IN-AN,Union Territory,"Andaman and Nicobar Islands, India",Jan,1,Q1,31,False,False
2026-02-01,Andaman and Nicobar Islands,MARUTI SUZUKI INDIA LTD,Petrol/Diesel/CNG/Hybrid,65,Maruti Suzuki,Suzuki,Japan,South,IN-AN,Union Territory,"Andaman and Nicobar Islands, India",Feb,2,Q1,28,False,False
2026-03-01,Andaman and Nicobar Islands,MARUTI SUZUKI INDIA LTD,Petrol/Diesel/CNG/Hybrid,84,Maruti Suzuki,Suzuki,Japan,South,IN-AN,Union Territory,"Andaman and Nicobar Islands, India",Mar,3,Q1,31,False,False
2026-04-01,Andaman and Nicobar Islands,MARUTI SUZUKI INDIA LTD,Petrol/Diesel/CNG/Hybrid,74,Maruti Suzuki,Suzuki,Japan,South,IN-AN,Union Territory,"Andaman and Nicobar Islands, India",Apr,4,Q2,30,False,False
2026-05-01,Andaman and Nicobar Islands,MARUTI SUZUKI INDIA LTD,Petrol/Diesel/CNG/Hybrid,68,Maruti Suzuki,Suzuki,Japan,South,IN-AN,Union Territory,"Andaman and Nicobar Islands, India",May,5,Q2,31,False,False
2026-06-01,Andaman and Nicobar Islands,MARUTI SUZUKI INDIA LTD,Petrol/Diesel/CNG/Hybrid,38,Maruti Suzuki,Suzuki,Japan,South,IN-AN,Union Territory,"Andaman and Nicobar Islands, India",Jun,6,Q2,17,True,False
2026-01-01,Andaman and Nicobar Islands,NISSAN MOTOR INDIA PVT LTD,Petrol/Diesel/CNG/Hybrid,1,Nissan,Nissan,Japan,South,IN-AN,Union Territory,"Andaman and Nicobar Islands, India",Jan,1,Q1,31,False,False
2026-02-01,Andaman and Nicobar Islands,NISSAN MOTOR INDIA PVT LTD,Petrol/Diesel/CNG/Hybrid,1,Nissan,Nissan,Japan,South,IN-AN,Union Territory,"Andaman and Nicobar Islands, India",Feb,2,Q1,28,False,False
2026-03-01,Andaman and Nicobar Islands,NISSAN MOTOR INDIA PVT LTD,Petrol/Diesel/CNG/Hybrid,1,Nissan,Nissan,Japan,South,IN-AN,Union Territory,"Andaman and Nicobar Islands, India",Mar,3,Q1,31,False,False
2026-04-01,Andaman and Nicobar Islands,NISSAN MOTOR INDIA PVT LTD,Petrol/Diesel/CNG/Hybrid,2,Nissan,Nissan,Japan,South,IN-AN,Union Territory,"Andaman and Nicobar Islands, India",Apr,4,Q2,30,False,False
2026-05-01,Andaman and Nicobar Islands,NISSAN MOTOR INDIA PVT LTD,Petrol/Diesel/CNG/Hybrid,1,Nissan,Nissan,Japan,South,IN-AN,Union Territory,"Andaman and Nicobar Islands, India",May,5,Q2,31,False,False
2026-01-01,Andaman and Nicobar Islands,RENAULT INDIA PVT LTD,Petrol/Diesel/CNG/Hybrid,1,Renault,Renault,France,South,IN-AN,Union Territory,"Andaman and Nicobar Islands, India",Jan,1,Q1,31,False,False
2026-04-01,Andaman and Nicobar Islands,RENAULT INDIA PVT LTD,Petrol/Diesel/CNG/Hybrid,2,Renault,Renault,France,South,IN-AN,Union Territory,"Andaman and Nicobar Islands, India",Apr,4,Q2,30,False,False
2026-01-01,Andaman and Nicobar Islands,SKODA AUTO VOLKSWAGEN INDIA PVT LTD,Petrol/Diesel/CNG/Hybrid,1,Skoda-VW,Volkswagen Group,Germany,South,IN-AN,Union Territory,"Andaman and Nicobar Islands, India",Jan,1,Q1,31,False,False
2026-04-01,Andaman and Nicobar Islands,SKODA AUTO VOLKSWAGEN INDIA PVT LTD,Petrol/Diesel/CNG/Hybrid,1,Skoda-VW,Volkswagen Group,Germany,South,IN-AN,Union Territory,"Andaman and Nicobar Islands, India",Apr,4,Q2,30,False,False
2026-06-01,Andaman and Nicobar Islands,SKODA AUTO VOLKSWAGEN INDIA PVT LTD,Petrol/Diesel/CNG/Hybrid,1,Skoda-VW,Volkswagen Group,Germany,South,IN-AN,Union Territory,"Andaman and Nicobar Islands, India",Jun,6,Q2,17,True,False
2026-01-01,Andaman and Nicobar Islands,TATA MOTORS PASSENGER VEHICLES LTD,Petrol/Diesel/CNG/Hybrid,32,Tata,Tata Motors,India,South,IN-AN,Union Territory,"Andaman and Nicobar Islands, India",Jan,1,Q1,31,False,False
2026-02-01,Andaman and Nicobar Islands,TATA MOTORS PASSENGER VEHICLES LTD,Petrol/Diesel/CNG/Hybrid,21,Tata,Tata Motors,India,South,IN-AN,Union Territory,"Andaman and Nicobar Islands, India",Feb,2,Q1,28,False,False
2026-03-01,Andaman and Nicobar Islands,TATA MOTORS PASSENGER VEHICLES LTD,Petrol/Diesel/CNG/Hybrid,37,Tata,Tata Motors,India,South,IN-AN,Union Territory,"Andaman and Nicobar Islands, India",Mar,3,Q1,31,False,False
2026-04-01,Andaman and Nicobar Islands,TATA MOTORS PASSENGER VEHICLES LTD,Petrol/Diesel/CNG/Hybrid,24,Tata,Tata Motors,India,South,IN-AN,Union Territory,"Andaman and Nicobar Islands, India",Apr,4,Q2,30,False,False
2026-05-01,Andaman and Nicobar Islands,TATA MOTORS PASSENGER VEHICLES LTD,Petrol/Diesel/CNG/Hybrid,19,Tata,Tata Motors,India,South,IN-AN,Union Territory,"Andaman and Nicobar Islands, India",May,5,Q2,31,False,False
2026-06-01,Andaman and Nicobar Islands,TATA MOTORS PASSENGER VEHICLES LTD,Petrol/Diesel/CNG/Hybrid,15,Tata,Tata Motors,India,South,IN-AN,Union Territory,"Andaman and Nicobar Islands, India",Jun,6,Q2,17,True,False
2026-01-01,Andaman and Nicobar Islands,TOYOTA KIRLOSKAR MOTOR PVT LTD,Petrol/Diesel/CNG/Hybrid,20,Toyota,Toyota,Japan,South,IN-AN,Union Territory,"Andaman and Nicobar Islands, India",Jan,1,Q1,31,False,False
2026-02-01,Andaman and Nicobar Islands,TOYOTA KIRLOSKAR MOTOR PVT LTD,Petrol/Diesel/CNG/Hybrid,13,Toyota,Toyota,Japan,South,IN-AN,Union Territory,"Andaman and Nicobar Islands, India",Feb,2,Q1,28,False,False
2026-03-01,Andaman and Nicobar Islands,TOYOTA KIRLOSKAR MOTOR PVT LTD,Petrol/Diesel/CNG/Hybrid,26,Toyota,Toyota,Japan,South,IN-AN,Union Territory,"Andaman and Nicobar Islands, India",Mar,3,Q1,31,False,False
2026-04-01,Andaman and Nicobar Islands,TOYOTA KIRLOSKAR MOTOR PVT LTD,Petrol/Diesel/CNG/Hybrid,14,Toyota,Toyota,Japan,South,IN-AN,Union Territory,"Andaman and Nicobar Islands, India",Apr,4,Q2,30,False,False
2026-05-01,Andaman and Nicobar Islands,TOYOTA KIRLOSKAR MOTOR PVT LTD,Petrol/Diesel/CNG/Hybrid,16,Toyota,Toyota,Japan,South,IN-AN,Union Territory,"Andaman and Nicobar Islands, India",May,5,Q2,31,False,False
2026-06-01,Andaman and Nicobar Islands,TOYOTA KIRLOSKAR MOTOR PVT LTD,Petrol/Diesel/CNG/Hybrid,6,Toyota,Toyota,Japan,South,IN-AN,Union Territory,"Andaman and Nicobar Islands, India",Jun,6,Q2,17,True,False
2026-01-01,Andhra Pradesh,BMW INDIA PVT LTD,Petrol/Diesel/CNG/Hybrid,38,BMW,BMW Group,Germany,South,IN-AP,State,"Andhra Pradesh, India",Jan,1,Q1,31,False,False
2026-02-01,Andhra Pradesh,BMW INDIA PVT LTD,Petrol/Diesel/CNG/Hybrid,18,BMW,BMW Group,Germany,South,IN-AP,State,"Andhra Pradesh, India",Feb,2,Q1,28,False,False
2026-03-01,Andhra Pradesh,BMW INDIA PVT LTD,Petrol/Diesel/CNG/Hybrid,17,BMW,BMW Group,Germany,South,IN-AP,State,"Andhra Pradesh, India",Mar,3,Q1,31,False,False
2026-04-01,Andhra Pradesh,BMW INDIA PVT LTD,Petrol/Diesel/CNG/Hybrid,15,BMW,BMW Group,Germany,South,IN-AP,State,"Andhra Pradesh, India",Apr,4,Q2,30,False,False
2026-05-01,Andhra Pradesh,BMW INDIA PVT LTD,Petrol/Diesel/CNG/Hybrid,22,BMW,BMW Group,Germany,South,IN-AP,State,"Andhra Pradesh, India",May,5,Q2,31,False,False
2026-06-01,Andhra Pradesh,BMW INDIA PVT LTD,Petrol/Diesel/CNG/Hybrid,13,BMW,BMW Group,Germany,South,IN-AP,State,"Andhra Pradesh, India",Jun,6,Q2,17,True,False
2026-02-01,Andhra Pradesh,BYD INDIA PRIVATE LIMITED,Petrol/Diesel/CNG/Hybrid,1,BYD,BYD,China,South,IN-AP,State,"Andhra Pradesh, India",Feb,2,Q1,28,False,False
2026-03-01,Andhra Pradesh,BYD INDIA PRIVATE LIMITED,Petrol/Diesel/CNG/Hybrid,2,BYD,BYD,China,South,IN-AP,State,"Andhra Pradesh, India",Mar,3,Q1,31,False,False
2026-04-01,Andhra Pradesh,BYD INDIA PRIVATE LIMITED,Petrol/Diesel/CNG/Hybrid,1,BYD,BYD,China,South,IN-AP,State,"Andhra Pradesh, India",Apr,4,Q2,30,False,False
2026-01-01,Andhra Pradesh,FORCE MOTORS LIMITED,Petrol/Diesel/CNG/Hybrid,3,Force,Force Motors,India,South,IN-AP,State,"Andhra Pradesh, India",Jan,1,Q1,31,False,False
2026-02-01,Andhra Pradesh,FORCE MOTORS LIMITED,Petrol/Diesel/CNG/Hybrid,2,Force,Force Motors,India,South,IN-AP,State,"Andhra Pradesh, India",Feb,2,Q1,28,False,False
2026-03-01,Andhra Pradesh,FORCE MOTORS LIMITED,Petrol/Diesel/CNG/Hybrid,3,Force,Force Motors,India,South,IN-AP,State,"Andhra Pradesh, India",Mar,3,Q1,31,False,False
2026-05-01,Andhra Pradesh,FORCE MOTORS LIMITED,Petrol/Diesel/CNG/Hybrid,1,Force,Force Motors,India,South,IN-AP,State,"Andhra Pradesh, India",May,5,Q2,31,False,False
2026-06-01,Andhra Pradesh,FORCE MOTORS LIMITED,Petrol/Diesel/CNG/Hybrid,1,Force,Force Motors,India,South,IN-AP,State,"Andhra Pradesh, India",Jun,6,Q2,17,True,False
2026-01-01,Andhra Pradesh,HONDA CARS INDIA LTD,Petrol/Diesel/CNG/Hybrid,154,Honda,Honda,Japan,South,IN-AP,State,"Andhra Pradesh, India",Jan,1,Q1,31,False,False
2026-02-01,Andhra Pradesh,HONDA CARS INDIA LTD,Petrol/Diesel/CNG/Hybrid,110,Honda,Honda,Japan,South,IN-AP,State,"Andhra Pradesh, India",Feb,2,Q1,28,False,False
2026-03-01,Andhra Pradesh,HONDA CARS INDIA LTD,Petrol/Diesel/CNG/Hybrid,140,Honda,Honda,Japan,South,IN-AP,State,"Andhra Pradesh, India",Mar,3,Q1,31,False,False
2026-04-01,Andhra Pradesh,HONDA CARS INDIA LTD,Petrol/Diesel/CNG/Hybrid,145,Honda,Honda,Japan,South,IN-AP,State,"Andhra Pradesh, India",Apr,4,Q2,30,False,False
2026-05-01,Andhra Pradesh,HONDA CARS INDIA LTD,Petrol/Diesel/CNG/Hybrid,107,Honda,Honda,Japan,South,IN-AP,State,"Andhra Pradesh, India",May,5,Q2,31,False,False
2026-06-01,Andhra Pradesh,HONDA CARS INDIA LTD,Petrol/Diesel/CNG/Hybrid,92,Honda,Honda,Japan,South,IN-AP,State,"Andhra Pradesh, India",Jun,6,Q2,17,True,False
2026-01-01,Andhra Pradesh,HYUNDAI MOTOR INDIA LTD,Petrol/Diesel/CNG/Hybrid,1213,Hyundai,Hyundai,South Korea,South,IN-AP,State,"Andhra Pradesh, India",Jan,1,Q1,31,False,False
2026-02-01,Andhra Pradesh,HYUNDAI MOTOR INDIA LTD,Petrol/Diesel/CNG/Hybrid,971,Hyundai,Hyundai,South Korea,South,IN-AP,State,"Andhra Pradesh, India",Feb,2,Q1,28,False,False
2026-03-01,Andhra Pradesh,HYUNDAI MOTOR INDIA LTD,Petrol/Diesel/CNG/Hybrid,941,Hyundai,Hyundai,South Korea,South,IN-AP,State,"Andhra Pradesh, India",Mar,3,Q1,31,False,False
2026-04-01,Andhra Pradesh,HYUNDAI MOTOR INDIA LTD,Petrol/Diesel/CNG/Hybrid,1004,Hyundai,Hyundai,South Korea,South,IN-AP,State,"Andhra Pradesh, India",Apr,4,Q2,30,False,False
2026-05-01,Andhra Pradesh,HYUNDAI MOTOR INDIA LTD,Petrol/Diesel/CNG/Hybrid,1002,Hyundai,Hyundai,South Korea,South,IN-AP,State,"Andhra Pradesh, India",May,5,Q2,31,False,False
2026-06-01,Andhra Pradesh,HYUNDAI MOTOR INDIA LTD,Petrol/Diesel/CNG/Hybrid,570,Hyundai,Hyundai,South Korea,South,IN-AP,State,"Andhra Pradesh, India",Jun,6,Q2,17,True,False
2026-01-01,Andhra Pradesh,JAGUAR LAND ROVER INDIA LIMITED,Petrol/Diesel/CNG/Hybrid,7,Jaguar Land Rover,Tata Motors,UK,South,IN-AP,State,"Andhra Pradesh, India",Jan,1,Q1,31,False,False
2026-02-01,Andhra Pradesh,JAGUAR LAND ROVER INDIA LIMITED,Petrol/Diesel/CNG/Hybrid,6,Jaguar Land Rover,Tata Motors,UK,South,IN-AP,State,"Andhra Pradesh, India",Feb,2,Q1,28,False,False
2026-03-01,Andhra Pradesh,JAGUAR LAND ROVER INDIA LIMITED,Petrol/Diesel/CNG/Hybrid,5,Jaguar Land Rover,Tata Motors,UK,South,IN-AP,State,"Andhra Pradesh, India",Mar,3,Q1,31,False,False
2026-04-01,Andhra Pradesh,JAGUAR LAND ROVER INDIA LIMITED,Petrol/Diesel/CNG/Hybrid,15,Jaguar Land Rover,Tata Motors,UK,South,IN-AP,State,"Andhra Pradesh, India",Apr,4,Q2,30,False,False
2026-05-01,Andhra Pradesh,JAGUAR LAND ROVER INDIA LIMITED,Petrol/Diesel/CNG/Hybrid,7,Jaguar Land Rover,Tata Motors,UK,South,IN-AP,State,"Andhra Pradesh, India",May,5,Q2,31,False,False
2026-06-01,Andhra Pradesh,JAGUAR LAND ROVER INDIA LIMITED,Petrol/Diesel/CNG/Hybrid,6,Jaguar Land Rover,Tata Motors,UK,South,IN-AP,State,"Andhra Pradesh, India",Jun,6,Q2,17,True,False
2026-01-01,Andhra Pradesh,JSW MG MOTOR INDIA PVT LTD,Petrol/Diesel/CNG/Hybrid,44,MG,JSW-SAIC,India / China,South,IN-AP,State,"Andhra Pradesh, India",Jan,1,Q1,31,False,False
2026-02-01,Andhra Pradesh,JSW MG MOTOR INDIA PVT LTD,Petrol/Diesel/CNG/Hybrid,41,MG,JSW-SAIC,India / China,South,IN-AP,State,"Andhra Pradesh, India",Feb,2,Q1,28,False,False
2026-03-01,Andhra Pradesh,JSW MG MOTOR INDIA PVT LTD,Petrol/Diesel/CNG/Hybrid,42,MG,JSW-SAIC,India / China,South,IN-AP,State,"Andhra Pradesh, India",Mar,3,Q1,31,False,False
2026-04-01,Andhra Pradesh,JSW MG MOTOR INDIA PVT LTD,Petrol/Diesel/CNG/Hybrid,25,MG,JSW-SAIC,India / China,South,IN-AP,State,"Andhra Pradesh, India",Apr,4,Q2,30,False,False
2026-05-01,Andhra Pradesh,JSW MG MOTOR INDIA PVT LTD,Petrol/Diesel/CNG/Hybrid,33,MG,JSW-SAIC,India / China,South,IN-AP,State,"Andhra Pradesh, India",May,5,Q2,31,False,False
2026-06-01,Andhra Pradesh,JSW MG MOTOR INDIA PVT LTD,Petrol/Diesel/CNG/Hybrid,22,MG,JSW-SAIC,India / China,South,IN-AP,State,"Andhra Pradesh, India",Jun,6,Q2,17,True,False
2026-01-01,Andhra Pradesh,KIA INDIA PRIVATE LIMITED,Petrol/Diesel/CNG/Hybrid,569,Kia,Hyundai,South Korea,South,IN-AP,State,"Andhra Pradesh, India",Jan,1,Q1,31,False,False
2026-02-01,Andhra Pradesh,KIA INDIA PRIVATE LIMITED,Petrol/Diesel/CNG/Hybrid,503,Kia,Hyundai,South Korea,South,IN-AP,State,"Andhra Pradesh, India",Feb,2,Q1,28,False,False
2026-03-01,Andhra Pradesh,KIA INDIA PRIVATE LIMITED,Petrol/Diesel/CNG/Hybrid,578,Kia,Hyundai,South Korea,South,IN-AP,State,"Andhra Pradesh, India",Mar,3,Q1,31,False,False
2026-04-01,Andhra Pradesh,KIA INDIA PRIVATE LIMITED,Petrol/Diesel/CNG/Hybrid,659,Kia,Hyundai,South Korea,South,IN-AP,State,"Andhra Pradesh, India",Apr,4,Q2,30,False,False
2026-05-01,Andhra Pradesh,KIA INDIA PRIVATE LIMITED,Petrol/Diesel/CNG/Hybrid,585,Kia,Hyundai,South Korea,South,IN-AP,State,"Andhra Pradesh, India",May,5,Q2,31,False,False
2026-06-01,Andhra Pradesh,KIA INDIA PRIVATE LIMITED,Petrol/Diesel/CNG/Hybrid,345,Kia,Hyundai,South Korea,South,IN-AP,State,"Andhra Pradesh, India",Jun,6,Q2,17,True,False
2026-01-01,Andhra Pradesh,MAHINDRA & MAHINDRA LIMITED,Petrol/Diesel/CNG/Hybrid,821,Mahindra,Mahindra,India,South,IN-AP,State,"Andhra Pradesh, India",Jan,1,Q1,31,False,False
2026-02-01,Andhra Pradesh,MAHINDRA & MAHINDRA LIMITED,Petrol/Diesel/CNG/Hybrid,818,Mahindra,Mahindra,India,South,IN-AP,State,"Andhra Pradesh, India",Feb,2,Q1,28,False,False
2026-03-01,Andhra Pradesh,MAHINDRA & MAHINDRA LIMITED,Petrol/Diesel/CNG/Hybrid,970,Mahindra,Mahindra,India,South,IN-AP,State,"Andhra Pradesh, India",Mar,3,Q1,31,False,False
2026-04-01,Andhra Pradesh,MAHINDRA & MAHINDRA LIMITED,Petrol/Diesel/CNG/Hybrid,971,Mahindra,Mahindra,India,South,IN-AP,State,"Andhra Pradesh, India",Apr,4,Q2,30,False,False
2026-05-01,Andhra Pradesh,MAHINDRA & MAHINDRA LIMITED,Petrol/Diesel/CNG/Hybrid,905,Mahindra,Mahindra,India,South,IN-AP,State,"Andhra Pradesh, India",May,5,Q2,31,False,False
2026-06-01,Andhra Pradesh,MAHINDRA & MAHINDRA LIMITED,Petrol/Diesel/CNG/Hybrid,566,Mahindra,Mahindra,India,South,IN-AP,State,"Andhra Pradesh, India",Jun,6,Q2,17,True,False
2026-01-01,Andhra Pradesh,MARUTI SUZUKI INDIA LTD,Petrol/Diesel/CNG/Hybrid,2945,Maruti Suzuki,Suzuki,Japan,South,IN-AP,State,"Andhra Pradesh, India",Jan,1,Q1,31,False,False
2026-02-01,Andhra Pradesh,MARUTI SUZUKI INDIA LTD,Petrol/Diesel/CNG/Hybrid,2131,Maruti Suzuki,Suzuki,Japan,South,IN-AP,State,"Andhra Pradesh, India",Feb,2,Q1,28,False,False
2026-03-01,Andhra Pradesh,MARUTI SUZUKI INDIA LTD,Petrol/Diesel/CNG/Hybrid,2409,Maruti Suzuki,Suzuki,Japan,South,IN-AP,State,"Andhra Pradesh, India",Mar,3,Q1,31,False,False
2026-04-01,Andhra Pradesh,MARUTI SUZUKI INDIA LTD,Petrol/Diesel/CNG/Hybrid,2544,Maruti Suzuki,Suzuki,Japan,South,IN-AP,State,"Andhra Pradesh, India",Apr,4,Q2,30,False,False
2026-05-01,Andhra Pradesh,MARUTI SUZUKI INDIA LTD,Petrol/Diesel/CNG/Hybrid,2472,Maruti Suzuki,Suzuki,Japan,South,IN-AP,State,"Andhra Pradesh, India",May,5,Q2,31,False,False
2026-06-01,Andhra Pradesh,MARUTI SUZUKI INDIA LTD,Petrol/Diesel/CNG/Hybrid,1747,Maruti Suzuki,Suzuki,Japan,South,IN-AP,State,"Andhra Pradesh, India",Jun,6,Q2,17,True,False
2026-01-01,Andhra Pradesh,MERCEDES-BENZ AG,Petrol/Diesel/CNG/Hybrid,1,Mercedes-Benz,Mercedes-Benz,Germany,South,IN-AP,State,"Andhra Pradesh, India",Jan,1,Q1,31,False,False
2026-02-01,Andhra Pradesh,MERCEDES-BENZ AG,Petrol/Diesel/CNG/Hybrid,3,Mercedes-Benz,Mercedes-Benz,Germany,South,IN-AP,State,"Andhra Pradesh, India",Feb,2,Q1,28,False,False
2026-04-01,Andhra Pradesh,MERCEDES-BENZ AG,Petrol/Diesel/CNG/Hybrid,3,Mercedes-Benz,Mercedes-Benz,Germany,South,IN-AP,State,"Andhra Pradesh, India",Apr,4,Q2,30,False,False
2026-05-01,Andhra Pradesh,MERCEDES-BENZ AG,Petrol/Diesel/CNG/Hybrid,1,Mercedes-Benz,Mercedes-Benz,Germany,South,IN-AP,State,"Andhra Pradesh, India",May,5,Q2,31,False,False
2026-01-01,Andhra Pradesh,MERCEDES-BENZ INDIA PVT LTD,Petrol/Diesel/CNG/Hybrid,30,Mercedes-Benz,Mercedes-Benz,Germany,South,IN-AP,State,"Andhra Pradesh, India",Jan,1,Q1,31,False,False
2026-02-01,Andhra Pradesh,MERCEDES-BENZ INDIA PVT LTD,Petrol/Diesel/CNG/Hybrid,9,Mercedes-Benz,Mercedes-Benz,Germany,South,IN-AP,State,"Andhra Pradesh, India",Feb,2,Q1,28,False,False
2026-03-01,Andhra Pradesh,MERCEDES-BENZ INDIA PVT LTD,Petrol/Diesel/CNG/Hybrid,18,Mercedes-Benz,Mercedes-Benz,Germany,South,IN-AP,State,"Andhra Pradesh, India",Mar,3,Q1,31,False,False
2026-04-01,Andhra Pradesh,MERCEDES-BENZ INDIA PVT LTD,Petrol/Diesel/CNG/Hybrid,20,Mercedes-Benz,Mercedes-Benz,Germany,South,IN-AP,State,"Andhra Pradesh, India",Apr,4,Q2,30,False,False
2026-05-01,Andhra Pradesh,MERCEDES-BENZ INDIA PVT LTD,Petrol/Diesel/CNG/Hybrid,12,Mercedes-Benz,Mercedes-Benz,Germany,South,IN-AP,State,"Andhra Pradesh, India",May,5,Q2,31,False,False
2026-06-01,Andhra Pradesh,MERCEDES-BENZ INDIA PVT LTD,Petrol/Diesel/CNG/Hybrid,16,Mercedes-Benz,Mercedes-Benz,Germany,South,IN-AP,State,"Andhra Pradesh, India",Jun,6,Q2,17,True,False
2026-01-01,Andhra Pradesh,NISSAN MOTOR INDIA PVT LTD,Petrol/Diesel/CNG/Hybrid,72,Nissan,Nissan,Japan,South,IN-AP,State,"Andhra Pradesh, India",Jan,1,Q1,31,False,False
2026-02-01,Andhra Pradesh,NISSAN MOTOR INDIA PVT LTD,Petrol/Diesel/CNG/Hybrid,62,Nissan,Nissan,Japan,South,IN-AP,State,"Andhra Pradesh, India",Feb,2,Q1,28,False,False
2026-03-01,Andhra Pradesh,NISSAN MOTOR INDIA PVT LTD,Petrol/Diesel/CNG/Hybrid,88,Nissan,Nissan,Japan,South,IN-AP,State,"Andhra Pradesh, India",Mar,3,Q1,31,False,False
2026-04-01,Andhra Pradesh,NISSAN MOTOR INDIA PVT LTD,Petrol/Diesel/CNG/Hybrid,114,Nissan,Nissan,Japan,South,IN-AP,State,"Andhra Pradesh, India",Apr,4,Q2,30,False,False
2026-05-01,Andhra Pradesh,NISSAN MOTOR INDIA PVT LTD,Petrol/Diesel/CNG/Hybrid,110,Nissan,Nissan,Japan,South,IN-AP,State,"Andhra Pradesh, India",May,5,Q2,31,False,False
2026-06-01,Andhra Pradesh,NISSAN MOTOR INDIA PVT LTD,Petrol/Diesel/CNG/Hybrid,60,Nissan,Nissan,Japan,South,IN-AP,State,"Andhra Pradesh, India",Jun,6,Q2,17,True,False
2026-02-01,Andhra Pradesh,PORSCHE AG GERMANY,Petrol/Diesel/CNG/Hybrid,1,Porsche,Volkswagen Group,Germany,South,IN-AP,State,"Andhra Pradesh, India",Feb,2,Q1,28,False,False
2026-03-01,Andhra Pradesh,PORSCHE AG GERMANY,Petrol/Diesel/CNG/Hybrid,1,Porsche,Volkswagen Group,Germany,South,IN-AP,State,"Andhra Pradesh, India",Mar,3,Q1,31,False,False
2026-04-01,Andhra Pradesh,PORSCHE AG GERMANY,Petrol/Diesel/CNG/Hybrid,2,Porsche,Volkswagen Group,Germany,South,IN-AP,State,"Andhra Pradesh, India",Apr,4,Q2,30,False,False
2026-05-01,Andhra Pradesh,PORSCHE AG GERMANY,Petrol/Diesel/CNG/Hybrid,4,Porsche,Volkswagen Group,Germany,South,IN-AP,State,"Andhra Pradesh, India",May,5,Q2,31,False,False
2026-01-01,Andhra Pradesh,RENAULT INDIA PVT LTD,Petrol/Diesel/CNG/Hybrid,87,Renault,Renault,France,South,IN-AP,State,"Andhra Pradesh, India",Jan,1,Q1,31,False,False
2026-02-01,Andhra Pradesh,RENAULT INDIA PVT LTD,Petrol/Diesel/CNG/Hybrid,58,Renault,Renault,France,South,IN-AP,State,"Andhra Pradesh, India",Feb,2,Q1,28,False,False
2026-03-01,Andhra Pradesh,RENAULT INDIA PVT LTD,Petrol/Diesel/CNG/Hybrid,57,Renault,Renault,France,South,IN-AP,State,"Andhra Pradesh, India",Mar,3,Q1,31,False,False
2026-04-01,Andhra Pradesh,RENAULT INDIA PVT LTD,Petrol/Diesel/CNG/Hybrid,72,Renault,Renault,France,South,IN-AP,State,"Andhra Pradesh, India",Apr,4,Q2,30,False,False
2026-05-01,Andhra Pradesh,RENAULT INDIA PVT LTD,Petrol/Diesel/CNG/Hybrid,68,Renault,Renault,France,South,IN-AP,State,"Andhra Pradesh, India",May,5,Q2,31,False,False
2026-06-01,Andhra Pradesh,RENAULT INDIA PVT LTD,Petrol/Diesel/CNG/Hybrid,50,Renault,Renault,France,South,IN-AP,State,"Andhra Pradesh, India",Jun,6,Q2,17,True,False
2026-01-01,Andhra Pradesh,SKODA AUTO VOLKSWAGEN INDIA PVT LTD,Petrol/Diesel/CNG/Hybrid,246,Skoda-VW,Volkswagen Group,Germany,South,IN-AP,State,"Andhra Pradesh, India",Jan,1,Q1,31,False,False
2026-02-01,Andhra Pradesh,SKODA AUTO VOLKSWAGEN INDIA PVT LTD,Petrol/Diesel/CNG/Hybrid,172,Skoda-VW,Volkswagen Group,Germany,South,IN-AP,State,"Andhra Pradesh, India",Feb,2,Q1,28,False,False
2026-03-01,Andhra Pradesh,SKODA AUTO VOLKSWAGEN INDIA PVT LTD,Petrol/Diesel/CNG/Hybrid,213,Skoda-VW,Volkswagen Group,Germany,South,IN-AP,State,"Andhra Pradesh, India",Mar,3,Q1,31,False,False
2026-04-01,Andhra Pradesh,SKODA AUTO VOLKSWAGEN INDIA PVT LTD,Petrol/Diesel/CNG/Hybrid,240,Skoda-VW,Volkswagen Group,Germany,South,IN-AP,State,"Andhra Pradesh, India",Apr,4,Q2,30,False,False
2026-05-01,Andhra Pradesh,SKODA AUTO VOLKSWAGEN INDIA PVT LTD,Petrol/Diesel/CNG/Hybrid,256,Skoda-VW,Volkswagen Group,Germany,South,IN-AP,State,"Andhra Pradesh, India",May,5,Q2,31,False,False
2026-06-01,Andhra Pradesh,SKODA AUTO VOLKSWAGEN INDIA PVT LTD,Petrol/Diesel/CNG/Hybrid,123,Skoda-VW,Volkswagen Group,Germany,South,IN-AP,State,"Andhra Pradesh, India",Jun,6,Q2,17,True,False
2026-01-01,Andhra Pradesh,STELLANTIS AUTOMOBILES INDIA PVT LTD,Petrol/Diesel/CNG/Hybrid,22,Stellantis (Jeep/Citroen),Stellantis,Netherlands,South,IN-AP,State,"Andhra Pradesh, India",Jan,1,Q1,31,False,False
2026-02-01,Andhra Pradesh,STELLANTIS AUTOMOBILES INDIA PVT LTD,Petrol/Diesel/CNG/Hybrid,13,Stellantis (Jeep/Citroen),Stellantis,Netherlands,South,IN-AP,State,"Andhra Pradesh, India",Feb,2,Q1,28,False,False
2026-03-01,Andhra Pradesh,STELLANTIS AUTOMOBILES INDIA PVT LTD,Petrol/Diesel/CNG/Hybrid,18,Stellantis (Jeep/Citroen),Stellantis,Netherlands,South,IN-AP,State,"Andhra Pradesh, India",Mar,3,Q1,31,False,False
2026-04-01,Andhra Pradesh,STELLANTIS AUTOMOBILES INDIA PVT LTD,Petrol/Diesel/CNG/Hybrid,11,Stellantis (Jeep/Citroen),Stellantis,Netherlands,South,IN-AP,State,"Andhra Pradesh, India",Apr,4,Q2,30,False,False
2026-05-01,Andhra Pradesh,STELLANTIS AUTOMOBILES INDIA PVT LTD,Petrol/Diesel/CNG/Hybrid,11,Stellantis (Jeep/Citroen),Stellantis,Netherlands,South,IN-AP,State,"Andhra Pradesh, India",May,5,Q2,31,False,False
2026-06-01,Andhra Pradesh,STELLANTIS AUTOMOBILES INDIA PVT LTD,Petrol/Diesel/CNG/Hybrid,5,Stellantis (Jeep/Citroen),Stellantis,Netherlands,South,IN-AP,State,"Andhra Pradesh, India",Jun,6,Q2,17,True,False
2026-01-01,Andhra Pradesh,STELLANTIS INDIA PVT LTD,Petrol/Diesel/CNG/Hybrid,4,Stellantis (Jeep/Citroen),Stellantis,Netherlands,South,IN-AP,State,"Andhra Pradesh, India",Jan,1,Q1,31,False,False
2026-02-01,Andhra Pradesh,STELLANTIS INDIA PVT LTD,Petrol/Diesel/CNG/Hybrid,3,Stellantis (Jeep/Citroen),Stellantis,Netherlands,South,IN-AP,State,"Andhra Pradesh, India",Feb,2,Q1,28,False,False
2026-04-01,Andhra Pradesh,STELLANTIS INDIA PVT LTD,Petrol/Diesel/CNG/Hybrid,4,Stellantis (Jeep/Citroen),Stellantis,Netherlands,South,IN-AP,State,"Andhra Pradesh, India",Apr,4,Q2,30,False,False
2026-05-01,Andhra Pradesh,STELLANTIS INDIA PVT LTD,Petrol/Diesel/CNG/Hybrid,7,Stellantis (Jeep/Citroen),Stellantis,Netherlands,South,IN-AP,State,"Andhra Pradesh, India",May,5,Q2,31,False,False
2026-06-01,Andhra Pradesh,STELLANTIS INDIA PVT LTD,Petrol/Diesel/CNG/Hybrid,2,Stellantis (Jeep/Citroen),Stellantis,Netherlands,South,IN-AP,State,"Andhra Pradesh, India",Jun,6,Q2,17,True,False
2026-01-01,Andhra Pradesh,TATA MOTORS LTD,Petrol/Diesel/CNG/Hybrid,6,Tata,Tata Motors,India,South,IN-AP,State,"Andhra Pradesh, India",Jan,1,Q1,31,False,False
2026-02-01,Andhra Pradesh,TATA MOTORS LTD,Petrol/Diesel/CNG/Hybrid,5,Tata,Tata Motors,India,South,IN-AP,State,"Andhra Pradesh, India",Feb,2,Q1,28,False,False
2026-03-01,Andhra Pradesh,TATA MOTORS LTD,Petrol/Diesel/CNG/Hybrid,2,Tata,Tata Motors,India,South,IN-AP,State,"Andhra Pradesh, India",Mar,3,Q1,31,False,False
2026-04-01,Andhra Pradesh,TATA MOTORS LTD,Petrol/Diesel/CNG/Hybrid,6,Tata,Tata Motors,India,South,IN-AP,State,"Andhra Pradesh, India",Apr,4,Q2,30,False,False
2026-05-01,Andhra Pradesh,TATA MOTORS LTD,Petrol/Diesel/CNG/Hybrid,3,Tata,Tata Motors,India,South,IN-AP,State,"Andhra Pradesh, India",May,5,Q2,31,False,False
2026-06-01,Andhra Pradesh,TATA MOTORS LTD,Petrol/Diesel/CNG/Hybrid,5,Tata,Tata Motors,India,South,IN-AP,State,"Andhra Pradesh, India",Jun,6,Q2,17,True,False
2026-01-01,Andhra Pradesh,TATA MOTORS PASSENGER VEHICLES LTD,Petrol/Diesel/CNG/Hybrid,1200,Tata,Tata Motors,India,South,IN-AP,State,"Andhra Pradesh, India",Jan,1,Q1,31,False,False
2026-02-01,Andhra Pradesh,TATA MOTORS PASSENGER VEHICLES LTD,Petrol/Diesel/CNG/Hybrid,1246,Tata,Tata Motors,India,South,IN-AP,State,"Andhra Pradesh, India",Feb,2,Q1,28,False,False
2026-03-01,Andhra Pradesh,TATA MOTORS PASSENGER VEHICLES LTD,Petrol/Diesel/CNG/Hybrid,1412,Tata,Tata Motors,India,South,IN-AP,State,"Andhra Pradesh, India",Mar,3,Q1,31,False,False
2026-04-01,Andhra Pradesh,TATA MOTORS PASSENGER VEHICLES LTD,Petrol/Diesel/CNG/Hybrid,1333,Tata,Tata Motors,India,South,IN-AP,State,"Andhra Pradesh, India",Apr,4,Q2,30,False,False
2026-05-01,Andhra Pradesh,TATA MOTORS PASSENGER VEHICLES LTD,Petrol/Diesel/CNG/Hybrid,1150,Tata,Tata Motors,India,South,IN-AP,State,"Andhra Pradesh, India",May,5,Q2,31,False,False
2026-06-01,Andhra Pradesh,TATA MOTORS PASSENGER VEHICLES LTD,Petrol/Diesel/CNG/Hybrid,688,Tata,Tata Motors,India,South,IN-AP,State,"Andhra Pradesh, India",Jun,6,Q2,17,True,False
2026-01-01,Andhra Pradesh,TATA PASSENGER ELECTRIC MOBILITY LTD,Petrol/Diesel/CNG/Hybrid,3,Tata,Tata Motors,India,South,IN-AP,State,"Andhra Pradesh, India",Jan,1,Q1,31,False,False
2026-01-01,Andhra Pradesh,TOYOTA KIRLOSKAR MOTOR PVT LTD,Petrol/Diesel/CNG/Hybrid,663,Toyota,Toyota,Japan,South,IN-AP,State,"Andhra Pradesh, India",Jan,1,Q1,31,False,False
2026-02-01,Andhra Pradesh,TOYOTA KIRLOSKAR MOTOR PVT LTD,Petrol/Diesel/CNG/Hybrid,543,Toyota,Toyota,Japan,South,IN-AP,State,"Andhra Pradesh, India",Feb,2,Q1,28,False,False
2026-03-01,Andhra Pradesh,TOYOTA KIRLOSKAR MOTOR PVT LTD,Petrol/Diesel/CNG/Hybrid,530,Toyota,Toyota,Japan,South,IN-AP,State,"Andhra Pradesh, India",Mar,3,Q1,31,False,False
2026-04-01,Andhra Pradesh,TOYOTA KIRLOSKAR MOTOR PVT LTD,Petrol/Diesel/CNG/Hybrid,584,Toyota,Toyota,Japan,South,IN-AP,State,"Andhra Pradesh, India",Apr,4,Q2,30,False,False
2026-05-01,Andhra Pradesh,TOYOTA KIRLOSKAR MOTOR PVT LTD,Petrol/Diesel/CNG/Hybrid,629,Toyota,Toyota,Japan,South,IN-AP,State,"Andhra Pradesh, India",May,5,Q2,31,False,False
2026-06-01,Andhra Pradesh,TOYOTA KIRLOSKAR MOTOR PVT LTD,Petrol/Diesel/CNG/Hybrid,414,Toyota,Toyota,Japan,South,IN-AP,State,"Andhra Pradesh, India",Jun,6,Q2,17,True,False
2026-01-01,Andhra Pradesh,VOLKSWAGEN AG,Petrol/Diesel/CNG/Hybrid,5,Skoda-VW,Volkswagen Group,Germany,South,IN-AP,State,"Andhra Pradesh, India",Jan,1,Q1,31,False,False
2026-02-01,Andhra Pradesh,VOLKSWAGEN AG,Petrol/Diesel/CNG/Hybrid,1,Skoda-VW,Volkswagen Group,Germany,South,IN-AP,State,"Andhra Pradesh, India",Feb,2,Q1,28,False,False
2026-03-01,Andhra Pradesh,VOLKSWAGEN AG,Petrol/Diesel/CNG/Hybrid,2,Skoda-VW,Volkswagen Group,Germany,South,IN-AP,State,"Andhra Pradesh, India",Mar,3,Q1,31,False,False
2026-04-01,Andhra Pradesh,VOLKSWAGEN AG,Petrol/Diesel/CNG/Hybrid,1,Skoda-VW,Volkswagen Group,Germany,South,IN-AP,State,"Andhra Pradesh, India",Apr,4,Q2,30,False,False
2026-05-01,Andhra Pradesh,VOLKSWAGEN AG,Petrol/Diesel/CNG/Hybrid,4,Skoda-VW,Volkswagen Group,Germany,South,IN-AP,State,"Andhra Pradesh, India",May,5,Q2,31,False,False
2026-06-01,Andhra Pradesh,VOLKSWAGEN AG,Petrol/Diesel/CNG/Hybrid,1,Skoda-VW,Volkswagen Group,Germany,South,IN-AP,State,"Andhra Pradesh, India",Jun,6,Q2,17,True,False
2026-01-01,Andhra Pradesh,VOLVO AUTO INDIA PVT LTD,Petrol/Diesel/CNG/Hybrid,5,Volvo,Geely,Sweden,South,IN-AP,State,"Andhra Pradesh, India",Jan,1,Q1,31,False,False
2026-02-01,Andhra Pradesh,VOLVO AUTO INDIA PVT LTD,Petrol/Diesel/CNG/Hybrid,4,Volvo,Geely,Sweden,South,IN-AP,State,"Andhra Pradesh, India",Feb,2,Q1,28,False,False
2026-03-01,Andhra Pradesh,VOLVO AUTO INDIA PVT LTD,Petrol/Diesel/CNG/Hybrid,2,Volvo,Geely,Sweden,South,IN-AP,State,"Andhra Pradesh, India",Mar,3,Q1,31,False,False
2026-04-01,Andhra Pradesh,VOLVO AUTO INDIA PVT LTD,Petrol/Diesel/CNG/Hybrid,3,Volvo,Geely,Sweden,South,IN-AP,State,"Andhra Pradesh, India",Apr,4,Q2,30,False,False
2026-05-01,Andhra Pradesh,VOLVO AUTO INDIA PVT LTD,Petrol/Diesel/CNG/Hybrid,9,Volvo,Geely,Sweden,South,IN-AP,State,"Andhra Pradesh, India",May,5,Q2,31,False,False
2026-06-01,Andhra Pradesh,VOLVO AUTO INDIA PVT LTD,Petrol/Diesel/CNG/Hybrid,4,Volvo,Geely,Sweden,South,IN-AP,State,"Andhra Pradesh, India",Jun,6,Q2,17,True,False
2026-01-01,Arunachal Pradesh,AUDI AG,Petrol/Diesel/CNG/Hybrid,1,Audi,Volkswagen Group,Germany,North-East,IN-AR,State,"Arunachal Pradesh, India",Jan,1,Q1,31,False,False
2026-04-01,Arunachal Pradesh,AUDI AG,Petrol/Diesel/CNG/Hybrid,1,Audi,Volkswagen Group,Germany,North-East,IN-AR,State,"Arunachal Pradesh, India",Apr,4,Q2,30,False,False
2026-01-01,Arunachal Pradesh,FORCE MOTORS LIMITED,Petrol/Diesel/CNG/Hybrid,1,Force,Force Motors,India,North-East,IN-AR,State,"Arunachal Pradesh, India",Jan,1,Q1,31,False,False
2026-03-01,Arunachal Pradesh,FORCE MOTORS LIMITED,Petrol/Diesel/CNG/Hybrid,2,Force,Force Motors,India,North-East,IN-AR,State,"Arunachal Pradesh, India",Mar,3,Q1,31,False,False
2026-04-01,Arunachal Pradesh,FORCE MOTORS LIMITED,Petrol/Diesel/CNG/Hybrid,2,Force,Force Motors,India,North-East,IN-AR,State,"Arunachal Pradesh, India",Apr,4,Q2,30,False,False
2026-05-01,Arunachal Pradesh,FORCE MOTORS LIMITED,Petrol/Diesel/CNG/Hybrid,2,Force,Force Motors,India,North-East,IN-AR,State,"Arunachal Pradesh, India",May,5,Q2,31,False,False
2026-01-01,Arunachal Pradesh,HONDA CARS INDIA LTD,Petrol/Diesel/CNG/Hybrid,3,Honda,Honda,Japan,North-East,IN-AR,State,"Arunachal Pradesh, India",Jan,1,Q1,31,False,False
2026-02-01,Arunachal Pradesh,HONDA CARS INDIA LTD,Petrol/Diesel/CNG/Hybrid,1,Honda,Honda,Japan,North-East,IN-AR,State,"Arunachal Pradesh, India",Feb,2,Q1,28,False,False
2026-03-01,Arunachal Pradesh,HONDA CARS INDIA LTD,Petrol/Diesel/CNG/Hybrid,3,Honda,Honda,Japan,North-East,IN-AR,State,"Arunachal Pradesh, India",Mar,3,Q1,31,False,False
2026-04-01,Arunachal Pradesh,HONDA CARS INDIA LTD,Petrol/Diesel/CNG/Hybrid,5,Honda,Honda,Japan,North-East,IN-AR,State,"Arunachal Pradesh, India",Apr,4,Q2,30,False,False
2026-05-01,Arunachal Pradesh,HONDA CARS INDIA LTD,Petrol/Diesel/CNG/Hybrid,3,Honda,Honda,Japan,North-East,IN-AR,State,"Arunachal Pradesh, India",May,5,Q2,31,False,False
2026-06-01,Arunachal Pradesh,HONDA CARS INDIA LTD,Petrol/Diesel/CNG/Hybrid,1,Honda,Honda,Japan,North-East,IN-AR,State,"Arunachal Pradesh, India",Jun,6,Q2,17,True,False
2026-01-01,Arunachal Pradesh,HYUNDAI MOTOR INDIA LTD,Petrol/Diesel/CNG/Hybrid,147,Hyundai,Hyundai,South Korea,North-East,IN-AR,State,"Arunachal Pradesh, India",Jan,1,Q1,31,False,False
2026-02-01,Arunachal Pradesh,HYUNDAI MOTOR INDIA LTD,Petrol/Diesel/CNG/Hybrid,101,Hyundai,Hyundai,South Korea,North-East,IN-AR,State,"Arunachal Pradesh, India",Feb,2,Q1,28,False,False
2026-03-01,Arunachal Pradesh,HYUNDAI MOTOR INDIA LTD,Petrol/Diesel/CNG/Hybrid,131,Hyundai,Hyundai,South Korea,North-East,IN-AR,State,"Arunachal Pradesh, India",Mar,3,Q1,31,False,False
2026-04-01,Arunachal Pradesh,HYUNDAI MOTOR INDIA LTD,Petrol/Diesel/CNG/Hybrid,146,Hyundai,Hyundai,South Korea,North-East,IN-AR,State,"Arunachal Pradesh, India",Apr,4,Q2,30,False,False
2026-05-01,Arunachal Pradesh,HYUNDAI MOTOR INDIA LTD,Petrol/Diesel/CNG/Hybrid,148,Hyundai,Hyundai,South Korea,North-East,IN-AR,State,"Arunachal Pradesh, India",May,5,Q2,31,False,False
2026-06-01,Arunachal Pradesh,HYUNDAI MOTOR INDIA LTD,Petrol/Diesel/CNG/Hybrid,90,Hyundai,Hyundai,South Korea,North-East,IN-AR,State,"Arunachal Pradesh, India",Jun,6,Q2,17,True,False
2026-01-01,Arunachal Pradesh,ISUZU MOTORS INDIA PVT LTD,Petrol/Diesel/CNG/Hybrid,8,Isuzu,Isuzu,Japan,North-East,IN-AR,State,"Arunachal Pradesh, India",Jan,1,Q1,31,False,False
2026-02-01,Arunachal Pradesh,ISUZU MOTORS INDIA PVT LTD,Petrol/Diesel/CNG/Hybrid,12,Isuzu,Isuzu,Japan,North-East,IN-AR,State,"Arunachal Pradesh, India",Feb,2,Q1,28,False,False
2026-03-01,Arunachal Pradesh,ISUZU MOTORS INDIA PVT LTD,Petrol/Diesel/CNG/Hybrid,11,Isuzu,Isuzu,Japan,North-East,IN-AR,State,"Arunachal Pradesh, India",Mar,3,Q1,31,False,False
2026-04-01,Arunachal Pradesh,ISUZU MOTORS INDIA PVT LTD,Petrol/Diesel/CNG/Hybrid,9,Isuzu,Isuzu,Japan,North-East,IN-AR,State,"Arunachal Pradesh, India",Apr,4,Q2,30,False,False
2026-05-01,Arunachal Pradesh,ISUZU MOTORS INDIA PVT LTD,Petrol/Diesel/CNG/Hybrid,6,Isuzu,Isuzu,Japan,North-East,IN-AR,State,"Arunachal Pradesh, India",May,5,Q2,31,False,False
2026-06-01,Arunachal Pradesh,ISUZU MOTORS INDIA PVT LTD,Petrol/Diesel/CNG/Hybrid,5,Isuzu,Isuzu,Japan,North-East,IN-AR,State,"Arunachal Pradesh, India",Jun,6,Q2,17,True,False
2026-01-01,Arunachal Pradesh,JAGUAR LAND ROVER INDIA LIMITED,Petrol/Diesel/CNG/Hybrid,1,Jaguar Land Rover,Tata Motors,UK,North-East,IN-AR,State,"Arunachal Pradesh, India",Jan,1,Q1,31,False,False
2026-02-01,Arunachal Pradesh,JAGUAR LAND ROVER INDIA LIMITED,Petrol/Diesel/CNG/Hybrid,1,Jaguar Land Rover,Tata Motors,UK,North-East,IN-AR,State,"Arunachal Pradesh, India",Feb,2,Q1,28,False,False
2026-03-01,Arunachal Pradesh,JAGUAR LAND ROVER INDIA LIMITED,Petrol/Diesel/CNG/Hybrid,1,Jaguar Land Rover,Tata Motors,UK,North-East,IN-AR,State,"Arunachal Pradesh, India",Mar,3,Q1,31,False,False
2026-05-01,Arunachal Pradesh,JAGUAR LAND ROVER INDIA LIMITED,Petrol/Diesel/CNG/Hybrid,1,Jaguar Land Rover,Tata Motors,UK,North-East,IN-AR,State,"Arunachal Pradesh, India",May,5,Q2,31,False,False
2026-02-01,Arunachal Pradesh,JSW MG MOTOR INDIA PVT LTD,Petrol/Diesel/CNG/Hybrid,4,MG,JSW-SAIC,India / China,North-East,IN-AR,State,"Arunachal Pradesh, India",Feb,2,Q1,28,False,False
2026-03-01,Arunachal Pradesh,JSW MG MOTOR INDIA PVT LTD,Petrol/Diesel/CNG/Hybrid,3,MG,JSW-SAIC,India / China,North-East,IN-AR,State,"Arunachal Pradesh, India",Mar,3,Q1,31,False,False
2026-05-01,Arunachal Pradesh,JSW MG MOTOR INDIA PVT LTD,Petrol/Diesel/CNG/Hybrid,1,MG,JSW-SAIC,India / China,North-East,IN-AR,State,"Arunachal Pradesh, India",May,5,Q2,31,False,False
2026-01-01,Arunachal Pradesh,KIA INDIA PRIVATE LIMITED,Petrol/Diesel/CNG/Hybrid,59,Kia,Hyundai,South Korea,North-East,IN-AR,State,"Arunachal Pradesh, India",Jan,1,Q1,31,False,False
2026-02-01,Arunachal Pradesh,KIA INDIA PRIVATE LIMITED,Petrol/Diesel/CNG/Hybrid,54,Kia,Hyundai,South Korea,North-East,IN-AR,State,"Arunachal Pradesh, India",Feb,2,Q1,28,False,False
2026-03-01,Arunachal Pradesh,KIA INDIA PRIVATE LIMITED,Petrol/Diesel/CNG/Hybrid,50,Kia,Hyundai,South Korea,North-East,IN-AR,State,"Arunachal Pradesh, India",Mar,3,Q1,31,False,False
2026-04-01,Arunachal Pradesh,KIA INDIA PRIVATE LIMITED,Petrol/Diesel/CNG/Hybrid,65,Kia,Hyundai,South Korea,North-East,IN-AR,State,"Arunachal Pradesh, India",Apr,4,Q2,30,False,False
2026-05-01,Arunachal Pradesh,KIA INDIA PRIVATE LIMITED,Petrol/Diesel/CNG/Hybrid,63,Kia,Hyundai,South Korea,North-East,IN-AR,State,"Arunachal Pradesh, India",May,5,Q2,31,False,False
2026-06-01,Arunachal Pradesh,KIA INDIA PRIVATE LIMITED,Petrol/Diesel/CNG/Hybrid,41,Kia,Hyundai,South Korea,North-East,IN-AR,State,"Arunachal Pradesh, India",Jun,6,Q2,17,True,False
2026-01-01,Arunachal Pradesh,MAHINDRA & MAHINDRA LIMITED,Petrol/Diesel/CNG/Hybrid,542,Mahindra,Mahindra,India,North-East,IN-AR,State,"Arunachal Pradesh, India",Jan,1,Q1,31,False,False
2026-02-01,Arunachal Pradesh,MAHINDRA & MAHINDRA LIMITED,Petrol/Diesel/CNG/Hybrid,462,Mahindra,Mahindra,India,North-East,IN-AR,State,"Arunachal Pradesh, India",Feb,2,Q1,28,False,False
2026-03-01,Arunachal Pradesh,MAHINDRA & MAHINDRA LIMITED,Petrol/Diesel/CNG/Hybrid,546,Mahindra,Mahindra,India,North-East,IN-AR,State,"Arunachal Pradesh, India",Mar,3,Q1,31,False,False
2026-04-01,Arunachal Pradesh,MAHINDRA & MAHINDRA LIMITED,Petrol/Diesel/CNG/Hybrid,512,Mahindra,Mahindra,India,North-East,IN-AR,State,"Arunachal Pradesh, India",Apr,4,Q2,30,False,False
2026-05-01,Arunachal Pradesh,MAHINDRA & MAHINDRA LIMITED,Petrol/Diesel/CNG/Hybrid,478,Mahindra,Mahindra,India,North-East,IN-AR,State,"Arunachal Pradesh, India",May,5,Q2,31,False,False
2026-06-01,Arunachal Pradesh,MAHINDRA & MAHINDRA LIMITED,Petrol/Diesel/CNG/Hybrid,291,Mahindra,Mahindra,India,North-East,IN-AR,State,"Arunachal Pradesh, India",Jun,6,Q2,17,True,False
2026-01-01,Arunachal Pradesh,MARUTI SUZUKI INDIA LTD,Petrol/Diesel/CNG/Hybrid,594,Maruti Suzuki,Suzuki,Japan,North-East,IN-AR,State,"Arunachal Pradesh, India",Jan,1,Q1,31,False,False
2026-02-01,Arunachal Pradesh,MARUTI SUZUKI INDIA LTD,Petrol/Diesel/CNG/Hybrid,603,Maruti Suzuki,Suzuki,Japan,North-East,IN-AR,State,"Arunachal Pradesh, India",Feb,2,Q1,28,False,False
2026-03-01,Arunachal Pradesh,MARUTI SUZUKI INDIA LTD,Petrol/Diesel/CNG/Hybrid,656,Maruti Suzuki,Suzuki,Japan,North-East,IN-AR,State,"Arunachal Pradesh, India",Mar,3,Q1,31,False,False
2026-04-01,Arunachal Pradesh,MARUTI SUZUKI INDIA LTD,Petrol/Diesel/CNG/Hybrid,654,Maruti Suzuki,Suzuki,Japan,North-East,IN-AR,State,"Arunachal Pradesh, India",Apr,4,Q2,30,False,False
2026-05-01,Arunachal Pradesh,MARUTI SUZUKI INDIA LTD,Petrol/Diesel/CNG/Hybrid,675,Maruti Suzuki,Suzuki,Japan,North-East,IN-AR,State,"Arunachal Pradesh, India",May,5,Q2,31,False,False
2026-06-01,Arunachal Pradesh,MARUTI SUZUKI INDIA LTD,Petrol/Diesel/CNG/Hybrid,419,Maruti Suzuki,Suzuki,Japan,North-East,IN-AR,State,"Arunachal Pradesh, India",Jun,6,Q2,17,True,False
2026-02-01,Arunachal Pradesh,MARUTI UDYOG LTD,Petrol/Diesel/CNG/Hybrid,1,Maruti Suzuki,Suzuki,Japan,North-East,IN-AR,State,"Arunachal Pradesh, India",Feb,2,Q1,28,False,False
2026-01-01,Arunachal Pradesh,MERCEDES-BENZ AG,Petrol/Diesel/CNG/Hybrid,1,Mercedes-Benz,Mercedes-Benz,Germany,North-East,IN-AR,State,"Arunachal Pradesh, India",Jan,1,Q1,31,False,False
2026-01-01,Arunachal Pradesh,MERCEDES-BENZ INDIA PVT LTD,Petrol/Diesel/CNG/Hybrid,1,Mercedes-Benz,Mercedes-Benz,Germany,North-East,IN-AR,State,"Arunachal Pradesh, India",Jan,1,Q1,31,False,False
2026-02-01,Arunachal Pradesh,MERCEDES-BENZ INDIA PVT LTD,Petrol/Diesel/CNG/Hybrid,1,Mercedes-Benz,Mercedes-Benz,Germany,North-East,IN-AR,State,"Arunachal Pradesh, India",Feb,2,Q1,28,False,False
2026-03-01,Arunachal Pradesh,MERCEDES-BENZ INDIA PVT LTD,Petrol/Diesel/CNG/Hybrid,1,Mercedes-Benz,Mercedes-Benz,Germany,North-East,IN-AR,State,"Arunachal Pradesh, India",Mar,3,Q1,31,False,False
2026-05-01,Arunachal Pradesh,MERCEDES-BENZ INDIA PVT LTD,Petrol/Diesel/CNG/Hybrid,1,Mercedes-Benz,Mercedes-Benz,Germany,North-East,IN-AR,State,"Arunachal Pradesh, India",May,5,Q2,31,False,False
2026-06-01,Arunachal Pradesh,MERCEDES-BENZ INDIA PVT LTD,Petrol/Diesel/CNG/Hybrid,1,Mercedes-Benz,Mercedes-Benz,Germany,North-East,IN-AR,State,"Arunachal Pradesh, India",Jun,6,Q2,17,True,False
2026-01-01,Arunachal Pradesh,NISSAN MOTOR INDIA PVT LTD,Petrol/Diesel/CNG/Hybrid,18,Nissan,Nissan,Japan,North-East,IN-AR,State,"Arunachal Pradesh, India",Jan,1,Q1,31,False,False
2026-02-01,Arunachal Pradesh,NISSAN MOTOR INDIA PVT LTD,Petrol/Diesel/CNG/Hybrid,7,Nissan,Nissan,Japan,North-East,IN-AR,State,"Arunachal Pradesh, India",Feb,2,Q1,28,False,False
2026-03-01,Arunachal Pradesh,NISSAN MOTOR INDIA PVT LTD,Petrol/Diesel/CNG/Hybrid,18,Nissan,Nissan,Japan,North-East,IN-AR,State,"Arunachal Pradesh, India",Mar,3,Q1,31,False,False
2026-04-01,Arunachal Pradesh,NISSAN MOTOR INDIA PVT LTD,Petrol/Diesel/CNG/Hybrid,5,Nissan,Nissan,Japan,North-East,IN-AR,State,"Arunachal Pradesh, India",Apr,4,Q2,30,False,False
2026-05-01,Arunachal Pradesh,NISSAN MOTOR INDIA PVT LTD,Petrol/Diesel/CNG/Hybrid,16,Nissan,Nissan,Japan,North-East,IN-AR,State,"Arunachal Pradesh, India",May,5,Q2,31,False,False
2026-06-01,Arunachal Pradesh,NISSAN MOTOR INDIA PVT LTD,Petrol/Diesel/CNG/Hybrid,6,Nissan,Nissan,Japan,North-East,IN-AR,State,"Arunachal Pradesh, India",Jun,6,Q2,17,True,False
2026-04-01,Arunachal Pradesh,PORSCHE AG GERMANY,Petrol/Diesel/CNG/Hybrid,1,Porsche,Volkswagen Group,Germany,North-East,IN-AR,State,"Arunachal Pradesh, India",Apr,4,Q2,30,False,False
2026-01-01,Arunachal Pradesh,RENAULT INDIA PVT LTD,Petrol/Diesel/CNG/Hybrid,3,Renault,Renault,France,North-East,IN-AR,State,"Arunachal Pradesh, India",Jan,1,Q1,31,False,False
2026-02-01,Arunachal Pradesh,RENAULT INDIA PVT LTD,Petrol/Diesel/CNG/Hybrid,4,Renault,Renault,France,North-East,IN-AR,State,"Arunachal Pradesh, India",Feb,2,Q1,28,False,False
2026-03-01,Arunachal Pradesh,RENAULT INDIA PVT LTD,Petrol/Diesel/CNG/Hybrid,4,Renault,Renault,France,North-East,IN-AR,State,"Arunachal Pradesh, India",Mar,3,Q1,31,False,False
2026-04-01,Arunachal Pradesh,RENAULT INDIA PVT LTD,Petrol/Diesel/CNG/Hybrid,1,Renault,Renault,France,North-East,IN-AR,State,"Arunachal Pradesh, India",Apr,4,Q2,30,False,False
2026-05-01,Arunachal Pradesh,RENAULT INDIA PVT LTD,Petrol/Diesel/CNG/Hybrid,9,Renault,Renault,France,North-East,IN-AR,State,"Arunachal Pradesh, India",May,5,Q2,31,False,False
2026-06-01,Arunachal Pradesh,RENAULT INDIA PVT LTD,Petrol/Diesel/CNG/Hybrid,9,Renault,Renault,France,North-East,IN-AR,State,"Arunachal Pradesh, India",Jun,6,Q2,17,True,False
2026-01-01,Arunachal Pradesh,SKODA AUTO VOLKSWAGEN INDIA PVT LTD,Petrol/Diesel/CNG/Hybrid,19,Skoda-VW,Volkswagen Group,Germany,North-East,IN-AR,State,"Arunachal Pradesh, India",Jan,1,Q1,31,False,False
2026-02-01,Arunachal Pradesh,SKODA AUTO VOLKSWAGEN INDIA PVT LTD,Petrol/Diesel/CNG/Hybrid,20,Skoda-VW,Volkswagen Group,Germany,North-East,IN-AR,State,"Arunachal Pradesh, India",Feb,2,Q1,28,False,False
2026-03-01,Arunachal Pradesh,SKODA AUTO VOLKSWAGEN INDIA PVT LTD,Petrol/Diesel/CNG/Hybrid,12,Skoda-VW,Volkswagen Group,Germany,North-East,IN-AR,State,"Arunachal Pradesh, India",Mar,3,Q1,31,False,False
2026-04-01,Arunachal Pradesh,SKODA AUTO VOLKSWAGEN INDIA PVT LTD,Petrol/Diesel/CNG/Hybrid,18,Skoda-VW,Volkswagen Group,Germany,North-East,IN-AR,State,"Arunachal Pradesh, India",Apr,4,Q2,30,False,False
2026-05-01,Arunachal Pradesh,SKODA AUTO VOLKSWAGEN INDIA PVT LTD,Petrol/Diesel/CNG/Hybrid,19,Skoda-VW,Volkswagen Group,Germany,North-East,IN-AR,State,"Arunachal Pradesh, India",May,5,Q2,31,False,False
2026-06-01,Arunachal Pradesh,SKODA AUTO VOLKSWAGEN INDIA PVT LTD,Petrol/Diesel/CNG/Hybrid,7,Skoda-VW,Volkswagen Group,Germany,North-East,IN-AR,State,"Arunachal Pradesh, India",Jun,6,Q2,17,True,False
2026-01-01,Arunachal Pradesh,STELLANTIS AUTOMOBILES INDIA PVT LTD,Petrol/Diesel/CNG/Hybrid,1,Stellantis (Jeep/Citroen),Stellantis,Netherlands,North-East,IN-AR,State,"Arunachal Pradesh, India",Jan,1,Q1,31,False,False
2026-05-01,Arunachal Pradesh,STELLANTIS AUTOMOBILES INDIA PVT LTD,Petrol/Diesel/CNG/Hybrid,1,Stellantis (Jeep/Citroen),Stellantis,Netherlands,North-East,IN-AR,State,"Arunachal Pradesh, India",May,5,Q2,31,False,False
2026-01-01,Arunachal Pradesh,STELLANTIS INDIA PVT LTD,Petrol/Diesel/CNG/Hybrid,1,Stellantis (Jeep/Citroen),Stellantis,Netherlands,North-East,IN-AR,State,"Arunachal Pradesh, India",Jan,1,Q1,31,False,False
2026-01-01,Arunachal Pradesh,TATA MOTORS LTD,Petrol/Diesel/CNG/Hybrid,3,Tata,Tata Motors,India,North-East,IN-AR,State,"Arunachal Pradesh, India",Jan,1,Q1,31,False,False
2026-02-01,Arunachal Pradesh,TATA MOTORS LTD,Petrol/Diesel/CNG/Hybrid,2,Tata,Tata Motors,India,North-East,IN-AR,State,"Arunachal Pradesh, India",Feb,2,Q1,28,False,False
2026-03-01,Arunachal Pradesh,TATA MOTORS LTD,Petrol/Diesel/CNG/Hybrid,2,Tata,Tata Motors,India,North-East,IN-AR,State,"Arunachal Pradesh, India",Mar,3,Q1,31,False,False
2026-04-01,Arunachal Pradesh,TATA MOTORS LTD,Petrol/Diesel/CNG/Hybrid,3,Tata,Tata Motors,India,North-East,IN-AR,State,"Arunachal Pradesh, India",Apr,4,Q2,30,False,False
2026-05-01,Arunachal Pradesh,TATA MOTORS LTD,Petrol/Diesel/CNG/Hybrid,2,Tata,Tata Motors,India,North-East,IN-AR,State,"Arunachal Pradesh, India",May,5,Q2,31,False,False
2026-06-01,Arunachal Pradesh,TATA MOTORS LTD,Petrol/Diesel/CNG/Hybrid,2,Tata,Tata Motors,India,North-East,IN-AR,State,"Arunachal Pradesh, India",Jun,6,Q2,17,True,False
2026-01-01,Arunachal Pradesh,TATA MOTORS PASSENGER VEHICLES LTD,Petrol/Diesel/CNG/Hybrid,126,Tata,Tata Motors,India,North-East,IN-AR,State,"Arunachal Pradesh, India",Jan,1,Q1,31,False,False
2026-02-01,Arunachal Pradesh,TATA MOTORS PASSENGER VEHICLES LTD,Petrol/Diesel/CNG/Hybrid,148,Tata,Tata Motors,India,North-East,IN-AR,State,"Arunachal Pradesh, India",Feb,2,Q1,28,False,False
2026-03-01,Arunachal Pradesh,TATA MOTORS PASSENGER VEHICLES LTD,Petrol/Diesel/CNG/Hybrid,188,Tata,Tata Motors,India,North-East,IN-AR,State,"Arunachal Pradesh, India",Mar,3,Q1,31,False,False
2026-04-01,Arunachal Pradesh,TATA MOTORS PASSENGER VEHICLES LTD,Petrol/Diesel/CNG/Hybrid,185,Tata,Tata Motors,India,North-East,IN-AR,State,"Arunachal Pradesh, India",Apr,4,Q2,30,False,False
2026-05-01,Arunachal Pradesh,TATA MOTORS PASSENGER VEHICLES LTD,Petrol/Diesel/CNG/Hybrid,161,Tata,Tata Motors,India,North-East,IN-AR,State,"Arunachal Pradesh, India",May,5,Q2,31,False,False
2026-06-01,Arunachal Pradesh,TATA MOTORS PASSENGER VEHICLES LTD,Petrol/Diesel/CNG/Hybrid,80,Tata,Tata Motors,India,North-East,IN-AR,State,"Arunachal Pradesh, India",Jun,6,Q2,17,True,False
2026-01-01,Arunachal Pradesh,TOYOTA KIRLOSKAR MOTOR PVT LTD,Petrol/Diesel/CNG/Hybrid,138,Toyota,Toyota,Japan,North-East,IN-AR,State,"Arunachal Pradesh, India",Jan,1,Q1,31,False,False
2026-02-01,Arunachal Pradesh,TOYOTA KIRLOSKAR MOTOR PVT LTD,Petrol/Diesel/CNG/Hybrid,112,Toyota,Toyota,Japan,North-East,IN-AR,State,"Arunachal Pradesh, India",Feb,2,Q1,28,False,False
2026-03-01,Arunachal Pradesh,TOYOTA KIRLOSKAR MOTOR PVT LTD,Petrol/Diesel/CNG/Hybrid,120,Toyota,Toyota,Japan,North-East,IN-AR,State,"Arunachal Pradesh, India",Mar,3,Q1,31,False,False
2026-04-01,Arunachal Pradesh,TOYOTA KIRLOSKAR MOTOR PVT LTD,Petrol/Diesel/CNG/Hybrid,133,Toyota,Toyota,Japan,North-East,IN-AR,State,"Arunachal Pradesh, India",Apr,4,Q2,30,False,False
2026-05-01,Arunachal Pradesh,TOYOTA KIRLOSKAR MOTOR PVT LTD,Petrol/Diesel/CNG/Hybrid,135,Toyota,Toyota,Japan,North-East,IN-AR,State,"Arunachal Pradesh, India",May,5,Q2,31,False,False
2026-06-01,Arunachal Pradesh,TOYOTA KIRLOSKAR MOTOR PVT LTD,Petrol/Diesel/CNG/Hybrid,91,Toyota,Toyota,Japan,North-East,IN-AR,State,"Arunachal Pradesh, India",Jun,6,Q2,17,True,False
2026-04-01,Assam,AUDI AG,Petrol/Diesel/CNG/Hybrid,1,Audi,Volkswagen Group,Germany,North-East,IN-AS,State,"Assam, India",Apr,4,Q2,30,False,False
2026-06-01,Assam,AUDI AG,Petrol/Diesel/CNG/Hybrid,1,Audi,Volkswagen Group,Germany,North-East,IN-AS,State,"Assam, India",Jun,6,Q2,17,True,False
2026-01-01,Assam,BMW INDIA PVT LTD,Petrol/Diesel/CNG/Hybrid,1,BMW,BMW Group,Germany,North-East,IN-AS,State,"Assam, India",Jan,1,Q1,31,False,False
2026-02-01,Assam,BMW INDIA PVT LTD,Petrol/Diesel/CNG/Hybrid,2,BMW,BMW Group,Germany,North-East,IN-AS,State,"Assam, India",Feb,2,Q1,28,False,False
2026-03-01,Assam,BMW INDIA PVT LTD,Petrol/Diesel/CNG/Hybrid,3,BMW,BMW Group,Germany,North-East,IN-AS,State,"Assam, India",Mar,3,Q1,31,False,False
2026-04-01,Assam,BMW INDIA PVT LTD,Petrol/Diesel/CNG/Hybrid,7,BMW,BMW Group,Germany,North-East,IN-AS,State,"Assam, India",Apr,4,Q2,30,False,False
2026-05-01,Assam,BMW INDIA PVT LTD,Petrol/Diesel/CNG/Hybrid,3,BMW,BMW Group,Germany,North-East,IN-AS,State,"Assam, India",May,5,Q2,31,False,False
2026-06-01,Assam,BMW INDIA PVT LTD,Petrol/Diesel/CNG/Hybrid,2,BMW,BMW Group,Germany,North-East,IN-AS,State,"Assam, India",Jun,6,Q2,17,True,False
2026-02-01,Assam,FORCE MOTORS LIMITED,Petrol/Diesel/CNG/Hybrid,4,Force,Force Motors,India,North-East,IN-AS,State,"Assam, India",Feb,2,Q1,28,False,False
2026-03-01,Assam,FORCE MOTORS LIMITED,Petrol/Diesel/CNG/Hybrid,1,Force,Force Motors,India,North-East,IN-AS,State,"Assam, India",Mar,3,Q1,31,False,False
2026-05-01,Assam,FORCE MOTORS LIMITED,Petrol/Diesel/CNG/Hybrid,3,Force,Force Motors,India,North-East,IN-AS,State,"Assam, India",May,5,Q2,31,False,False
2026-06-01,Assam,FORCE MOTORS LIMITED,Petrol/Diesel/CNG/Hybrid,1,Force,Force Motors,India,North-East,IN-AS,State,"Assam, India",Jun,6,Q2,17,True,False
2026-01-01,Assam,HONDA CARS INDIA LTD,Petrol/Diesel/CNG/Hybrid,33,Honda,Honda,Japan,North-East,IN-AS,State,"Assam, India",Jan,1,Q1,31,False,False
2026-02-01,Assam,HONDA CARS INDIA LTD,Petrol/Diesel/CNG/Hybrid,33,Honda,Honda,Japan,North-East,IN-AS,State,"Assam, India",Feb,2,Q1,28,False,False
2026-03-01,Assam,HONDA CARS INDIA LTD,Petrol/Diesel/CNG/Hybrid,33,Honda,Honda,Japan,North-East,IN-AS,State,"Assam, India",Mar,3,Q1,31,False,False
2026-04-01,Assam,HONDA CARS INDIA LTD,Petrol/Diesel/CNG/Hybrid,30,Honda,Honda,Japan,North-East,IN-AS,State,"Assam, India",Apr,4,Q2,30,False,False
2026-05-01,Assam,HONDA CARS INDIA LTD,Petrol/Diesel/CNG/Hybrid,30,Honda,Honda,Japan,North-East,IN-AS,State,"Assam, India",May,5,Q2,31,False,False
2026-06-01,Assam,HONDA CARS INDIA LTD,Petrol/Diesel/CNG/Hybrid,13,Honda,Honda,Japan,North-East,IN-AS,State,"Assam, India",Jun,6,Q2,17,True,False
2026-01-01,Assam,HYUNDAI MOTOR INDIA LTD,Petrol/Diesel/CNG/Hybrid,790,Hyundai,Hyundai,South Korea,North-East,IN-AS,State,"Assam, India",Jan,1,Q1,31,False,False
2026-02-01,Assam,HYUNDAI MOTOR INDIA LTD,Petrol/Diesel/CNG/Hybrid,642,Hyundai,Hyundai,South Korea,North-East,IN-AS,State,"Assam, India",Feb,2,Q1,28,False,False
2026-03-01,Assam,HYUNDAI MOTOR INDIA LTD,Petrol/Diesel/CNG/Hybrid,687,Hyundai,Hyundai,South Korea,North-East,IN-AS,State,"Assam, India",Mar,3,Q1,31,False,False
2026-04-01,Assam,HYUNDAI MOTOR INDIA LTD,Petrol/Diesel/CNG/Hybrid,751,Hyundai,Hyundai,South Korea,North-East,IN-AS,State,"Assam, India",Apr,4,Q2,30,False,False
2026-05-01,Assam,HYUNDAI MOTOR INDIA LTD,Petrol/Diesel/CNG/Hybrid,685,Hyundai,Hyundai,South Korea,North-East,IN-AS,State,"Assam, India",May,5,Q2,31,False,False
2026-06-01,Assam,HYUNDAI MOTOR INDIA LTD,Petrol/Diesel/CNG/Hybrid,348,Hyundai,Hyundai,South Korea,North-East,IN-AS,State,"Assam, India",Jun,6,Q2,17,True,False
2026-02-01,Assam,ISUZU MOTORS INDIA PVT LTD,Petrol/Diesel/CNG/Hybrid,3,Isuzu,Isuzu,Japan,North-East,IN-AS,State,"Assam, India",Feb,2,Q1,28,False,False
2026-03-01,Assam,ISUZU MOTORS INDIA PVT LTD,Petrol/Diesel/CNG/Hybrid,2,Isuzu,Isuzu,Japan,North-East,IN-AS,State,"Assam, India",Mar,3,Q1,31,False,False
2026-04-01,Assam,ISUZU MOTORS INDIA PVT LTD,Petrol/Diesel/CNG/Hybrid,2,Isuzu,Isuzu,Japan,North-East,IN-AS,State,"Assam, India",Apr,4,Q2,30,False,False
2026-05-01,Assam,ISUZU MOTORS INDIA PVT LTD,Petrol/Diesel/CNG/Hybrid,1,Isuzu,Isuzu,Japan,North-East,IN-AS,State,"Assam, India",May,5,Q2,31,False,False
2026-01-01,Assam,JAGUAR LAND ROVER INDIA LIMITED,Petrol/Diesel/CNG/Hybrid,3,Jaguar Land Rover,Tata Motors,UK,North-East,IN-AS,State,"Assam, India",Jan,1,Q1,31,False,False
2026-02-01,Assam,JAGUAR LAND ROVER INDIA LIMITED,Petrol/Diesel/CNG/Hybrid,3,Jaguar Land Rover,Tata Motors,UK,North-East,IN-AS,State,"Assam, India",Feb,2,Q1,28,False,False
2026-03-01,Assam,JAGUAR LAND ROVER INDIA LIMITED,Petrol/Diesel/CNG/Hybrid,1,Jaguar Land Rover,Tata Motors,UK,North-East,IN-AS,State,"Assam, India",Mar,3,Q1,31,False,False
2026-04-01,Assam,JAGUAR LAND ROVER INDIA LIMITED,Petrol/Diesel/CNG/Hybrid,2,Jaguar Land Rover,Tata Motors,UK,North-East,IN-AS,State,"Assam, India",Apr,4,Q2,30,False,False
2026-05-01,Assam,JAGUAR LAND ROVER INDIA LIMITED,Petrol/Diesel/CNG/Hybrid,4,Jaguar Land Rover,Tata Motors,UK,North-East,IN-AS,State,"Assam, India",May,5,Q2,31,False,False
2026-06-01,Assam,JAGUAR LAND ROVER INDIA LIMITED,Petrol/Diesel/CNG/Hybrid,1,Jaguar Land Rover,Tata Motors,UK,North-East,IN-AS,State,"Assam, India",Jun,6,Q2,17,True,False
2026-01-01,Assam,JSW MG MOTOR INDIA PVT LTD,Petrol/Diesel/CNG/Hybrid,11,MG,JSW-SAIC,India / China,North-East,IN-AS,State,"Assam, India",Jan,1,Q1,31,False,False
2026-02-01,Assam,JSW MG MOTOR INDIA PVT LTD,Petrol/Diesel/CNG/Hybrid,17,MG,JSW-SAIC,India / China,North-East,IN-AS,State,"Assam, India",Feb,2,Q1,28,False,False
2026-03-01,Assam,JSW MG MOTOR INDIA PVT LTD,Petrol/Diesel/CNG/Hybrid,10,MG,JSW-SAIC,India / China,North-East,IN-AS,State,"Assam, India",Mar,3,Q1,31,False,False
2026-04-01,Assam,JSW MG MOTOR INDIA PVT LTD,Petrol/Diesel/CNG/Hybrid,8,MG,JSW-SAIC,India / China,North-East,IN-AS,State,"Assam, India",Apr,4,Q2,30,False,False
2026-05-01,Assam,JSW MG MOTOR INDIA PVT LTD,Petrol/Diesel/CNG/Hybrid,17,MG,JSW-SAIC,India / China,North-East,IN-AS,State,"Assam, India",May,5,Q2,31,False,False
2026-06-01,Assam,JSW MG MOTOR INDIA PVT LTD,Petrol/Diesel/CNG/Hybrid,7,MG,JSW-SAIC,India / China,North-East,IN-AS,State,"Assam, India",Jun,6,Q2,17,True,False
2026-01-01,Assam,KIA INDIA PRIVATE LIMITED,Petrol/Diesel/CNG/Hybrid,177,Kia,Hyundai,South Korea,North-East,IN-AS,State,"Assam, India",Jan,1,Q1,31,False,False
2026-02-01,Assam,KIA INDIA PRIVATE LIMITED,Petrol/Diesel/CNG/Hybrid,155,Kia,Hyundai,South Korea,North-East,IN-AS,State,"Assam, India",Feb,2,Q1,28,False,False
2026-03-01,Assam,KIA INDIA PRIVATE LIMITED,Petrol/Diesel/CNG/Hybrid,185,Kia,Hyundai,South Korea,North-East,IN-AS,State,"Assam, India",Mar,3,Q1,31,False,False
2026-04-01,Assam,KIA INDIA PRIVATE LIMITED,Petrol/Diesel/CNG/Hybrid,162,Kia,Hyundai,South Korea,North-East,IN-AS,State,"Assam, India",Apr,4,Q2,30,False,False
2026-05-01,Assam,KIA INDIA PRIVATE LIMITED,Petrol/Diesel/CNG/Hybrid,159,Kia,Hyundai,South Korea,North-East,IN-AS,State,"Assam, India",May,5,Q2,31,False,False
2026-06-01,Assam,KIA INDIA PRIVATE LIMITED,Petrol/Diesel/CNG/Hybrid,96,Kia,Hyundai,South Korea,North-East,IN-AS,State,"Assam, India",Jun,6,Q2,17,True,False
2026-01-01,Assam,MAHINDRA & MAHINDRA LIMITED,Petrol/Diesel/CNG/Hybrid,937,Mahindra,Mahindra,India,North-East,IN-AS,State,"Assam, India",Jan,1,Q1,31,False,False
2026-02-01,Assam,MAHINDRA & MAHINDRA LIMITED,Petrol/Diesel/CNG/Hybrid,878,Mahindra,Mahindra,India,North-East,IN-AS,State,"Assam, India",Feb,2,Q1,28,False,False
2026-03-01,Assam,MAHINDRA & MAHINDRA LIMITED,Petrol/Diesel/CNG/Hybrid,928,Mahindra,Mahindra,India,North-East,IN-AS,State,"Assam, India",Mar,3,Q1,31,False,False
2026-04-01,Assam,MAHINDRA & MAHINDRA LIMITED,Petrol/Diesel/CNG/Hybrid,831,Mahindra,Mahindra,India,North-East,IN-AS,State,"Assam, India",Apr,4,Q2,30,False,False
2026-05-01,Assam,MAHINDRA & MAHINDRA LIMITED,Petrol/Diesel/CNG/Hybrid,712,Mahindra,Mahindra,India,North-East,IN-AS,State,"Assam, India",May,5,Q2,31,False,False
2026-06-01,Assam,MAHINDRA & MAHINDRA LIMITED,Petrol/Diesel/CNG/Hybrid,409,Mahindra,Mahindra,India,North-East,IN-AS,State,"Assam, India",Jun,6,Q2,17,True,False
2026-01-01,Assam,MARUTI SUZUKI INDIA LTD,Petrol/Diesel/CNG/Hybrid,3197,Maruti Suzuki,Suzuki,Japan,North-East,IN-AS,State,"Assam, India",Jan,1,Q1,31,False,False
2026-02-01,Assam,MARUTI SUZUKI INDIA LTD,Petrol/Diesel/CNG/Hybrid,3141,Maruti Suzuki,Suzuki,Japan,North-East,IN-AS,State,"Assam, India",Feb,2,Q1,28,False,False
2026-03-01,Assam,MARUTI SUZUKI INDIA LTD,Petrol/Diesel/CNG/Hybrid,3514,Maruti Suzuki,Suzuki,Japan,North-East,IN-AS,State,"Assam, India",Mar,3,Q1,31,False,False
2026-04-01,Assam,MARUTI SUZUKI INDIA LTD,Petrol/Diesel/CNG/Hybrid,3337,Maruti Suzuki,Suzuki,Japan,North-East,IN-AS,State,"Assam, India",Apr,4,Q2,30,False,False
2026-05-01,Assam,MARUTI SUZUKI INDIA LTD,Petrol/Diesel/CNG/Hybrid,3917,Maruti Suzuki,Suzuki,Japan,North-East,IN-AS,State,"Assam, India",May,5,Q2,31,False,False
2026-06-01,Assam,MARUTI SUZUKI INDIA LTD,Petrol/Diesel/CNG/Hybrid,1687,Maruti Suzuki,Suzuki,Japan,North-East,IN-AS,State,"Assam, India",Jun,6,Q2,17,True,False
2026-04-01,Assam,MERCEDES-BENZ AG,Petrol/Diesel/CNG/Hybrid,1,Mercedes-Benz,Mercedes-Benz,Germany,North-East,IN-AS,State,"Assam, India",Apr,4,Q2,30,False,False
2026-01-01,Assam,MERCEDES-BENZ INDIA PVT LTD,Petrol/Diesel/CNG/Hybrid,8,Mercedes-Benz,Mercedes-Benz,Germany,North-East,IN-AS,State,"Assam, India",Jan,1,Q1,31,False,False
2026-02-01,Assam,MERCEDES-BENZ INDIA PVT LTD,Petrol/Diesel/CNG/Hybrid,5,Mercedes-Benz,Mercedes-Benz,Germany,North-East,IN-AS,State,"Assam, India",Feb,2,Q1,28,False,False
2026-03-01,Assam,MERCEDES-BENZ INDIA PVT LTD,Petrol/Diesel/CNG/Hybrid,5,Mercedes-Benz,Mercedes-Benz,Germany,North-East,IN-AS,State,"Assam, India",Mar,3,Q1,31,False,False
2026-04-01,Assam,MERCEDES-BENZ INDIA PVT LTD,Petrol/Diesel/CNG/Hybrid,8,Mercedes-Benz,Mercedes-Benz,Germany,North-East,IN-AS,State,"Assam, India",Apr,4,Q2,30,False,False
2026-05-01,Assam,MERCEDES-BENZ INDIA PVT LTD,Petrol/Diesel/CNG/Hybrid,5,Mercedes-Benz,Mercedes-Benz,Germany,North-East,IN-AS,State,"Assam, India",May,5,Q2,31,False,False
2026-06-01,Assam,MERCEDES-BENZ INDIA PVT LTD,Petrol/Diesel/CNG/Hybrid,5,Mercedes-Benz,Mercedes-Benz,Germany,North-East,IN-AS,State,"Assam, India",Jun,6,Q2,17,True,False
2026-01-01,Assam,NISSAN MOTOR INDIA PVT LTD,Petrol/Diesel/CNG/Hybrid,26,Nissan,Nissan,Japan,North-East,IN-AS,State,"Assam, India",Jan,1,Q1,31,False,False
2026-02-01,Assam,NISSAN MOTOR INDIA PVT LTD,Petrol/Diesel/CNG/Hybrid,26,Nissan,Nissan,Japan,North-East,IN-AS,State,"Assam, India",Feb,2,Q1,28,False,False
2026-03-01,Assam,NISSAN MOTOR INDIA PVT LTD,Petrol/Diesel/CNG/Hybrid,43,Nissan,Nissan,Japan,North-East,IN-AS,State,"Assam, India",Mar,3,Q1,31,False,False
2026-04-01,Assam,NISSAN MOTOR INDIA PVT LTD,Petrol/Diesel/CNG/Hybrid,47,Nissan,Nissan,Japan,North-East,IN-AS,State,"Assam, India",Apr,4,Q2,30,False,False
2026-05-01,Assam,NISSAN MOTOR INDIA PVT LTD,Petrol/Diesel/CNG/Hybrid,49,Nissan,Nissan,Japan,North-East,IN-AS,State,"Assam, India",May,5,Q2,31,False,False
2026-06-01,Assam,NISSAN MOTOR INDIA PVT LTD,Petrol/Diesel/CNG/Hybrid,10,Nissan,Nissan,Japan,North-East,IN-AS,State,"Assam, India",Jun,6,Q2,17,True,False
2026-01-01,Assam,RENAULT INDIA PVT LTD,Petrol/Diesel/CNG/Hybrid,34,Renault,Renault,France,North-East,IN-AS,State,"Assam, India",Jan,1,Q1,31,False,False
2026-02-01,Assam,RENAULT INDIA PVT LTD,Petrol/Diesel/CNG/Hybrid,19,Renault,Renault,France,North-East,IN-AS,State,"Assam, India",Feb,2,Q1,28,False,False
2026-03-01,Assam,RENAULT INDIA PVT LTD,Petrol/Diesel/CNG/Hybrid,23,Renault,Renault,France,North-East,IN-AS,State,"Assam, India",Mar,3,Q1,31,False,False
2026-04-01,Assam,RENAULT INDIA PVT LTD,Petrol/Diesel/CNG/Hybrid,27,Renault,Renault,France,North-East,IN-AS,State,"Assam, India",Apr,4,Q2,30,False,False
2026-05-01,Assam,RENAULT INDIA PVT LTD,Petrol/Diesel/CNG/Hybrid,54,Renault,Renault,France,North-East,IN-AS,State,"Assam, India",May,5,Q2,31,False,False
2026-06-01,Assam,RENAULT INDIA PVT LTD,Petrol/Diesel/CNG/Hybrid,29,Renault,Renault,France,North-East,IN-AS,State,"Assam, India",Jun,6,Q2,17,True,False
2026-01-01,Assam,SKODA AUTO VOLKSWAGEN INDIA PVT LTD,Petrol/Diesel/CNG/Hybrid,78,Skoda-VW,Volkswagen Group,Germany,North-East,IN-AS,State,"Assam, India",Jan,1,Q1,31,False,False
2026-02-01,Assam,SKODA AUTO VOLKSWAGEN INDIA PVT LTD,Petrol/Diesel/CNG/Hybrid,69,Skoda-VW,Volkswagen Group,Germany,North-East,IN-AS,State,"Assam, India",Feb,2,Q1,28,False,False
2026-03-01,Assam,SKODA AUTO VOLKSWAGEN INDIA PVT LTD,Petrol/Diesel/CNG/Hybrid,93,Skoda-VW,Volkswagen Group,Germany,North-East,IN-AS,State,"Assam, India",Mar,3,Q1,31,False,False
2026-04-01,Assam,SKODA AUTO VOLKSWAGEN INDIA PVT LTD,Petrol/Diesel/CNG/Hybrid,97,Skoda-VW,Volkswagen Group,Germany,North-East,IN-AS,State,"Assam, India",Apr,4,Q2,30,False,False
2026-05-01,Assam,SKODA AUTO VOLKSWAGEN INDIA PVT LTD,Petrol/Diesel/CNG/Hybrid,76,Skoda-VW,Volkswagen Group,Germany,North-East,IN-AS,State,"Assam, India",May,5,Q2,31,False,False
2026-06-01,Assam,SKODA AUTO VOLKSWAGEN INDIA PVT LTD,Petrol/Diesel/CNG/Hybrid,36,Skoda-VW,Volkswagen Group,Germany,North-East,IN-AS,State,"Assam, India",Jun,6,Q2,17,True,False
2026-02-01,Assam,STELLANTIS AUTOMOBILES INDIA PVT LTD,Petrol/Diesel/CNG/Hybrid,1,Stellantis (Jeep/Citroen),Stellantis,Netherlands,North-East,IN-AS,State,"Assam, India",Feb,2,Q1,28,False,False
2026-05-01,Assam,STELLANTIS AUTOMOBILES INDIA PVT LTD,Petrol/Diesel/CNG/Hybrid,1,Stellantis (Jeep/Citroen),Stellantis,Netherlands,North-East,IN-AS,State,"Assam, India",May,5,Q2,31,False,False
2026-01-01,Assam,STELLANTIS INDIA PVT LTD,Petrol/Diesel/CNG/Hybrid,2,Stellantis (Jeep/Citroen),Stellantis,Netherlands,North-East,IN-AS,State,"Assam, India",Jan,1,Q1,31,False,False
2026-02-01,Assam,STELLANTIS INDIA PVT LTD,Petrol/Diesel/CNG/Hybrid,3,Stellantis (Jeep/Citroen),Stellantis,Netherlands,North-East,IN-AS,State,"Assam, India",Feb,2,Q1,28,False,False
2026-03-01,Assam,STELLANTIS INDIA PVT LTD,Petrol/Diesel/CNG/Hybrid,2,Stellantis (Jeep/Citroen),Stellantis,Netherlands,North-East,IN-AS,State,"Assam, India",Mar,3,Q1,31,False,False
2026-04-01,Assam,STELLANTIS INDIA PVT LTD,Petrol/Diesel/CNG/Hybrid,1,Stellantis (Jeep/Citroen),Stellantis,Netherlands,North-East,IN-AS,State,"Assam, India",Apr,4,Q2,30,False,False
2026-02-01,Assam,TATA MOTORS LTD,Petrol/Diesel/CNG/Hybrid,3,Tata,Tata Motors,India,North-East,IN-AS,State,"Assam, India",Feb,2,Q1,28,False,False
2026-03-01,Assam,TATA MOTORS LTD,Petrol/Diesel/CNG/Hybrid,1,Tata,Tata Motors,India,North-East,IN-AS,State,"Assam, India",Mar,3,Q1,31,False,False
2026-05-01,Assam,TATA MOTORS LTD,Petrol/Diesel/CNG/Hybrid,2,Tata,Tata Motors,India,North-East,IN-AS,State,"Assam, India",May,5,Q2,31,False,False
2026-01-01,Assam,TATA MOTORS PASSENGER VEHICLES LTD,Petrol/Diesel/CNG/Hybrid,871,Tata,Tata Motors,India,North-East,IN-AS,State,"Assam, India",Jan,1,Q1,31,False,False
2026-02-01,Assam,TATA MOTORS PASSENGER VEHICLES LTD,Petrol/Diesel/CNG/Hybrid,1052,Tata,Tata Motors,India,North-East,IN-AS,State,"Assam, India",Feb,2,Q1,28,False,False
2026-03-01,Assam,TATA MOTORS PASSENGER VEHICLES LTD,Petrol/Diesel/CNG/Hybrid,1289,Tata,Tata Motors,India,North-East,IN-AS,State,"Assam, India",Mar,3,Q1,31,False,False
2026-04-01,Assam,TATA MOTORS PASSENGER VEHICLES LTD,Petrol/Diesel/CNG/Hybrid,1027,Tata,Tata Motors,India,North-East,IN-AS,State,"Assam, India",Apr,4,Q2,30,False,False
2026-05-01,Assam,TATA MOTORS PASSENGER VEHICLES LTD,Petrol/Diesel/CNG/Hybrid,963,Tata,Tata Motors,India,North-East,IN-AS,State,"Assam, India",May,5,Q2,31,False,False
2026-06-01,Assam,TATA MOTORS PASSENGER VEHICLES LTD,Petrol/Diesel/CNG/Hybrid,307,Tata,Tata Motors,India,North-East,IN-AS,State,"Assam, India",Jun,6,Q2,17,True,False
2026-01-01,Assam,TATA PASSENGER ELECTRIC MOBILITY LTD,Petrol/Diesel/CNG/Hybrid,3,Tata,Tata Motors,India,North-East,IN-AS,State,"Assam, India",Jan,1,Q1,31,False,False
2026-02-01,Assam,TATA PASSENGER ELECTRIC MOBILITY LTD,Petrol/Diesel/CNG/Hybrid,1,Tata,Tata Motors,India,North-East,IN-AS,State,"Assam, India",Feb,2,Q1,28,False,False
2026-01-01,Assam,TOYOTA KIRLOSKAR MOTOR PVT LTD,Petrol/Diesel/CNG/Hybrid,257,Toyota,Toyota,Japan,North-East,IN-AS,State,"Assam, India",Jan,1,Q1,31,False,False
2026-02-01,Assam,TOYOTA KIRLOSKAR MOTOR PVT LTD,Petrol/Diesel/CNG/Hybrid,240,Toyota,Toyota,Japan,North-East,IN-AS,State,"Assam, India",Feb,2,Q1,28,False,False
2026-03-01,Assam,TOYOTA KIRLOSKAR MOTOR PVT LTD,Petrol/Diesel/CNG/Hybrid,270,Toyota,Toyota,Japan,North-East,IN-AS,State,"Assam, India",Mar,3,Q1,31,False,False
2026-04-01,Assam,TOYOTA KIRLOSKAR MOTOR PVT LTD,Petrol/Diesel/CNG/Hybrid,258,Toyota,Toyota,Japan,North-East,IN-AS,State,"Assam, India",Apr,4,Q2,30,False,False
2026-05-01,Assam,TOYOTA KIRLOSKAR MOTOR PVT LTD,Petrol/Diesel/CNG/Hybrid,291,Toyota,Toyota,Japan,North-East,IN-AS,State,"Assam, India",May,5,Q2,31,False,False
2026-06-01,Assam,TOYOTA KIRLOSKAR MOTOR PVT LTD,Petrol/Diesel/CNG/Hybrid,135,Toyota,Toyota,Japan,North-East,IN-AS,State,"Assam, India",Jun,6,Q2,17,True,False
2026-01-01,Bihar,BMW INDIA PVT LTD,Petrol/Diesel/CNG/Hybrid,8,BMW,BMW Group,Germany,East,IN-BR,State,"Bihar, India",Jan,1,Q1,31,False,False
2026-02-01,Bihar,BMW INDIA PVT LTD,Petrol/Diesel/CNG/Hybrid,6,BMW,BMW Group,Germany,East,IN-BR,State,"Bihar, India",Feb,2,Q1,28,False,False
2026-03-01,Bihar,BMW INDIA PVT LTD,Petrol/Diesel/CNG/Hybrid,2,BMW,BMW Group,Germany,East,IN-BR,State,"Bihar, India",Mar,3,Q1,31,False,False
2026-04-01,Bihar,BMW INDIA PVT LTD,Petrol/Diesel/CNG/Hybrid,5,BMW,BMW Group,Germany,East,IN-BR,State,"Bihar, India",Apr,4,Q2,30,False,False
2026-05-01,Bihar,BMW INDIA PVT LTD,Petrol/Diesel/CNG/Hybrid,6,BMW,BMW Group,Germany,East,IN-BR,State,"Bihar, India",May,5,Q2,31,False,False
2026-06-01,Bihar,BMW INDIA PVT LTD,Petrol/Diesel/CNG/Hybrid,2,BMW,BMW Group,Germany,East,IN-BR,State,"Bihar, India",Jun,6,Q2,17,True,False
2026-02-01,Bihar,FORCE MOTORS LIMITED,Petrol/Diesel/CNG/Hybrid,1,Force,Force Motors,India,East,IN-BR,State,"Bihar, India",Feb,2,Q1,28,False,False
2026-03-01,Bihar,FORCE MOTORS LIMITED,Petrol/Diesel/CNG/Hybrid,2,Force,Force Motors,India,East,IN-BR,State,"Bihar, India",Mar,3,Q1,31,False,False
2026-05-01,Bihar,FORCE MOTORS LIMITED,Petrol/Diesel/CNG/Hybrid,1,Force,Force Motors,India,East,IN-BR,State,"Bihar, India",May,5,Q2,31,False,False
2026-01-01,Bihar,HONDA CARS INDIA LTD,Petrol/Diesel/CNG/Hybrid,60,Honda,Honda,Japan,East,IN-BR,State,"Bihar, India",Jan,1,Q1,31,False,False
2026-02-01,Bihar,HONDA CARS INDIA LTD,Petrol/Diesel/CNG/Hybrid,77,Honda,Honda,Japan,East,IN-BR,State,"Bihar, India",Feb,2,Q1,28,False,False
2026-03-01,Bihar,HONDA CARS INDIA LTD,Petrol/Diesel/CNG/Hybrid,79,Honda,Honda,Japan,East,IN-BR,State,"Bihar, India",Mar,3,Q1,31,False,False
2026-04-01,Bihar,HONDA CARS INDIA LTD,Petrol/Diesel/CNG/Hybrid,68,Honda,Honda,Japan,East,IN-BR,State,"Bihar, India",Apr,4,Q2,30,False,False
2026-05-01,Bihar,HONDA CARS INDIA LTD,Petrol/Diesel/CNG/Hybrid,47,Honda,Honda,Japan,East,IN-BR,State,"Bihar, India",May,5,Q2,31,False,False
2026-06-01,Bihar,HONDA CARS INDIA LTD,Petrol/Diesel/CNG/Hybrid,18,Honda,Honda,Japan,East,IN-BR,State,"Bihar, India",Jun,6,Q2,17,True,False
2026-01-01,Bihar,HYUNDAI MOTOR INDIA LTD,Petrol/Diesel/CNG/Hybrid,926,Hyundai,Hyundai,South Korea,East,IN-BR,State,"Bihar, India",Jan,1,Q1,31,False,False
2026-02-01,Bihar,HYUNDAI MOTOR INDIA LTD,Petrol/Diesel/CNG/Hybrid,763,Hyundai,Hyundai,South Korea,East,IN-BR,State,"Bihar, India",Feb,2,Q1,28,False,False
2026-03-01,Bihar,HYUNDAI MOTOR INDIA LTD,Petrol/Diesel/CNG/Hybrid,750,Hyundai,Hyundai,South Korea,East,IN-BR,State,"Bihar, India",Mar,3,Q1,31,False,False
2026-04-01,Bihar,HYUNDAI MOTOR INDIA LTD,Petrol/Diesel/CNG/Hybrid,853,Hyundai,Hyundai,South Korea,East,IN-BR,State,"Bihar, India",Apr,4,Q2,30,False,False
2026-05-01,Bihar,HYUNDAI MOTOR INDIA LTD,Petrol/Diesel/CNG/Hybrid,743,Hyundai,Hyundai,South Korea,East,IN-BR,State,"Bihar, India",May,5,Q2,31,False,False
2026-06-01,Bihar,HYUNDAI MOTOR INDIA LTD,Petrol/Diesel/CNG/Hybrid,327,Hyundai,Hyundai,South Korea,East,IN-BR,State,"Bihar, India",Jun,6,Q2,17,True,False
2026-04-01,Bihar,ISUZU MOTORS INDIA PVT LTD,Petrol/Diesel/CNG/Hybrid,3,Isuzu,Isuzu,Japan,East,IN-BR,State,"Bihar, India",Apr,4,Q2,30,False,False
2026-05-01,Bihar,ISUZU MOTORS INDIA PVT LTD,Petrol/Diesel/CNG/Hybrid,7,Isuzu,Isuzu,Japan,East,IN-BR,State,"Bihar, India",May,5,Q2,31,False,False
2026-01-01,Bihar,JAGUAR LAND ROVER INDIA LIMITED,Petrol/Diesel/CNG/Hybrid,2,Jaguar Land Rover,Tata Motors,UK,East,IN-BR,State,"Bihar, India",Jan,1,Q1,31,False,False
2026-02-01,Bihar,JAGUAR LAND ROVER INDIA LIMITED,Petrol/Diesel/CNG/Hybrid,6,Jaguar Land Rover,Tata Motors,UK,East,IN-BR,State,"Bihar, India",Feb,2,Q1,28,False,False
2026-03-01,Bihar,JAGUAR LAND ROVER INDIA LIMITED,Petrol/Diesel/CNG/Hybrid,3,Jaguar Land Rover,Tata Motors,UK,East,IN-BR,State,"Bihar, India",Mar,3,Q1,31,False,False
2026-04-01,Bihar,JAGUAR LAND ROVER INDIA LIMITED,Petrol/Diesel/CNG/Hybrid,3,Jaguar Land Rover,Tata Motors,UK,East,IN-BR,State,"Bihar, India",Apr,4,Q2,30,False,False
2026-05-01,Bihar,JAGUAR LAND ROVER INDIA LIMITED,Petrol/Diesel/CNG/Hybrid,2,Jaguar Land Rover,Tata Motors,UK,East,IN-BR,State,"Bihar, India",May,5,Q2,31,False,False
2026-06-01,Bihar,JAGUAR LAND ROVER INDIA LIMITED,Petrol/Diesel/CNG/Hybrid,1,Jaguar Land Rover,Tata Motors,UK,East,IN-BR,State,"Bihar, India",Jun,6,Q2,17,True,False
2026-01-01,Bihar,JSW MG MOTOR INDIA PVT LTD,Petrol/Diesel/CNG/Hybrid,11,MG,JSW-SAIC,India / China,East,IN-BR,State,"Bihar, India",Jan,1,Q1,31,False,False
2026-02-01,Bihar,JSW MG MOTOR INDIA PVT LTD,Petrol/Diesel/CNG/Hybrid,19,MG,JSW-SAIC,India / China,East,IN-BR,State,"Bihar, India",Feb,2,Q1,28,False,False
2026-03-01,Bihar,JSW MG MOTOR INDIA PVT LTD,Petrol/Diesel/CNG/Hybrid,13,MG,JSW-SAIC,India / China,East,IN-BR,State,"Bihar, India",Mar,3,Q1,31,False,False
2026-04-01,Bihar,JSW MG MOTOR INDIA PVT LTD,Petrol/Diesel/CNG/Hybrid,14,MG,JSW-SAIC,India / China,East,IN-BR,State,"Bihar, India",Apr,4,Q2,30,False,False
2026-05-01,Bihar,JSW MG MOTOR INDIA PVT LTD,Petrol/Diesel/CNG/Hybrid,11,MG,JSW-SAIC,India / China,East,IN-BR,State,"Bihar, India",May,5,Q2,31,False,False
2026-06-01,Bihar,JSW MG MOTOR INDIA PVT LTD,Petrol/Diesel/CNG/Hybrid,7,MG,JSW-SAIC,India / China,East,IN-BR,State,"Bihar, India",Jun,6,Q2,17,True,False
2026-01-01,Bihar,KIA INDIA PRIVATE LIMITED,Petrol/Diesel/CNG/Hybrid,457,Kia,Hyundai,South Korea,East,IN-BR,State,"Bihar, India",Jan,1,Q1,31,False,False
2026-02-01,Bihar,KIA INDIA PRIVATE LIMITED,Petrol/Diesel/CNG/Hybrid,386,Kia,Hyundai,South Korea,East,IN-BR,State,"Bihar, India",Feb,2,Q1,28,False,False
2026-03-01,Bihar,KIA INDIA PRIVATE LIMITED,Petrol/Diesel/CNG/Hybrid,402,Kia,Hyundai,South Korea,East,IN-BR,State,"Bihar, India",Mar,3,Q1,31,False,False
2026-04-01,Bihar,KIA INDIA PRIVATE LIMITED,Petrol/Diesel/CNG/Hybrid,411,Kia,Hyundai,South Korea,East,IN-BR,State,"Bihar, India",Apr,4,Q2,30,False,False
2026-05-01,Bihar,KIA INDIA PRIVATE LIMITED,Petrol/Diesel/CNG/Hybrid,379,Kia,Hyundai,South Korea,East,IN-BR,State,"Bihar, India",May,5,Q2,31,False,False
2026-06-01,Bihar,KIA INDIA PRIVATE LIMITED,Petrol/Diesel/CNG/Hybrid,134,Kia,Hyundai,South Korea,East,IN-BR,State,"Bihar, India",Jun,6,Q2,17,True,False
2026-01-01,Bihar,MAHINDRA & MAHINDRA LIMITED,Petrol/Diesel/CNG/Hybrid,2290,Mahindra,Mahindra,India,East,IN-BR,State,"Bihar, India",Jan,1,Q1,31,False,False
2026-02-01,Bihar,MAHINDRA & MAHINDRA LIMITED,Petrol/Diesel/CNG/Hybrid,1719,Mahindra,Mahindra,India,East,IN-BR,State,"Bihar, India",Feb,2,Q1,28,False,False
2026-03-01,Bihar,MAHINDRA & MAHINDRA LIMITED,Petrol/Diesel/CNG/Hybrid,1615,Mahindra,Mahindra,India,East,IN-BR,State,"Bihar, India",Mar,3,Q1,31,False,False
2026-04-01,Bihar,MAHINDRA & MAHINDRA LIMITED,Petrol/Diesel/CNG/Hybrid,1623,Mahindra,Mahindra,India,East,IN-BR,State,"Bihar, India",Apr,4,Q2,30,False,False
2026-05-01,Bihar,MAHINDRA & MAHINDRA LIMITED,Petrol/Diesel/CNG/Hybrid,1387,Mahindra,Mahindra,India,East,IN-BR,State,"Bihar, India",May,5,Q2,31,False,False
2026-06-01,Bihar,MAHINDRA & MAHINDRA LIMITED,Petrol/Diesel/CNG/Hybrid,516,Mahindra,Mahindra,India,East,IN-BR,State,"Bihar, India",Jun,6,Q2,17,True,False
2026-01-01,Bihar,MARUTI SUZUKI INDIA LTD,Petrol/Diesel/CNG/Hybrid,3799,Maruti Suzuki,Suzuki,Japan,East,IN-BR,State,"Bihar, India",Jan,1,Q1,31,False,False
2026-02-01,Bihar,MARUTI SUZUKI INDIA LTD,Petrol/Diesel/CNG/Hybrid,3126,Maruti Suzuki,Suzuki,Japan,East,IN-BR,State,"Bihar, India",Feb,2,Q1,28,False,False
2026-03-01,Bihar,MARUTI SUZUKI INDIA LTD,Petrol/Diesel/CNG/Hybrid,3070,Maruti Suzuki,Suzuki,Japan,East,IN-BR,State,"Bihar, India",Mar,3,Q1,31,False,False
2026-04-01,Bihar,MARUTI SUZUKI INDIA LTD,Petrol/Diesel/CNG/Hybrid,3184,Maruti Suzuki,Suzuki,Japan,East,IN-BR,State,"Bihar, India",Apr,4,Q2,30,False,False
2026-05-01,Bihar,MARUTI SUZUKI INDIA LTD,Petrol/Diesel/CNG/Hybrid,3081,Maruti Suzuki,Suzuki,Japan,East,IN-BR,State,"Bihar, India",May,5,Q2,31,False,False
2026-06-01,Bihar,MARUTI SUZUKI INDIA LTD,Petrol/Diesel/CNG/Hybrid,1530,Maruti Suzuki,Suzuki,Japan,East,IN-BR,State,"Bihar, India",Jun,6,Q2,17,True,False
2026-03-01,Bihar,MERCEDES-BENZ AG,Petrol/Diesel/CNG/Hybrid,1,Mercedes-Benz,Mercedes-Benz,Germany,East,IN-BR,State,"Bihar, India",Mar,3,Q1,31,False,False
2026-05-01,Bihar,MERCEDES-BENZ AG,Petrol/Diesel/CNG/Hybrid,1,Mercedes-Benz,Mercedes-Benz,Germany,East,IN-BR,State,"Bihar, India",May,5,Q2,31,False,False
2026-01-01,Bihar,MERCEDES-BENZ INDIA PVT LTD,Petrol/Diesel/CNG/Hybrid,14,Mercedes-Benz,Mercedes-Benz,Germany,East,IN-BR,State,"Bihar, India",Jan,1,Q1,31,False,False
2026-02-01,Bihar,MERCEDES-BENZ INDIA PVT LTD,Petrol/Diesel/CNG/Hybrid,13,Mercedes-Benz,Mercedes-Benz,Germany,East,IN-BR,State,"Bihar, India",Feb,2,Q1,28,False,False
2026-03-01,Bihar,MERCEDES-BENZ INDIA PVT LTD,Petrol/Diesel/CNG/Hybrid,11,Mercedes-Benz,Mercedes-Benz,Germany,East,IN-BR,State,"Bihar, India",Mar,3,Q1,31,False,False
2026-04-01,Bihar,MERCEDES-BENZ INDIA PVT LTD,Petrol/Diesel/CNG/Hybrid,6,Mercedes-Benz,Mercedes-Benz,Germany,East,IN-BR,State,"Bihar, India",Apr,4,Q2,30,False,False
2026-05-01,Bihar,MERCEDES-BENZ INDIA PVT LTD,Petrol/Diesel/CNG/Hybrid,7,Mercedes-Benz,Mercedes-Benz,Germany,East,IN-BR,State,"Bihar, India",May,5,Q2,31,False,False
2026-06-01,Bihar,MERCEDES-BENZ INDIA PVT LTD,Petrol/Diesel/CNG/Hybrid,2,Mercedes-Benz,Mercedes-Benz,Germany,East,IN-BR,State,"Bihar, India",Jun,6,Q2,17,True,False
2026-01-01,Bihar,NISSAN MOTOR INDIA PVT LTD,Petrol/Diesel/CNG/Hybrid,23,Nissan,Nissan,Japan,East,IN-BR,State,"Bihar, India",Jan,1,Q1,31,False,False
2026-02-01,Bihar,NISSAN MOTOR INDIA PVT LTD,Petrol/Diesel/CNG/Hybrid,18,Nissan,Nissan,Japan,East,IN-BR,State,"Bihar, India",Feb,2,Q1,28,False,False
2026-03-01,Bihar,NISSAN MOTOR INDIA PVT LTD,Petrol/Diesel/CNG/Hybrid,60,Nissan,Nissan,Japan,East,IN-BR,State,"Bihar, India",Mar,3,Q1,31,False,False
2026-04-01,Bihar,NISSAN MOTOR INDIA PVT LTD,Petrol/Diesel/CNG/Hybrid,74,Nissan,Nissan,Japan,East,IN-BR,State,"Bihar, India",Apr,4,Q2,30,False,False
2026-05-01,Bihar,NISSAN MOTOR INDIA PVT LTD,Petrol/Diesel/CNG/Hybrid,45,Nissan,Nissan,Japan,East,IN-BR,State,"Bihar, India",May,5,Q2,31,False,False
2026-06-01,Bihar,NISSAN MOTOR INDIA PVT LTD,Petrol/Diesel/CNG/Hybrid,37,Nissan,Nissan,Japan,East,IN-BR,State,"Bihar, India",Jun,6,Q2,17,True,False
2026-01-01,Bihar,RENAULT INDIA PVT LTD,Petrol/Diesel/CNG/Hybrid,184,Renault,Renault,France,East,IN-BR,State,"Bihar, India",Jan,1,Q1,31,False,False
2026-02-01,Bihar,RENAULT INDIA PVT LTD,Petrol/Diesel/CNG/Hybrid,131,Renault,Renault,France,East,IN-BR,State,"Bihar, India",Feb,2,Q1,28,False,False
2026-03-01,Bihar,RENAULT INDIA PVT LTD,Petrol/Diesel/CNG/Hybrid,125,Renault,Renault,France,East,IN-BR,State,"Bihar, India",Mar,3,Q1,31,False,False
2026-04-01,Bihar,RENAULT INDIA PVT LTD,Petrol/Diesel/CNG/Hybrid,152,Renault,Renault,France,East,IN-BR,State,"Bihar, India",Apr,4,Q2,30,False,False
2026-05-01,Bihar,RENAULT INDIA PVT LTD,Petrol/Diesel/CNG/Hybrid,141,Renault,Renault,France,East,IN-BR,State,"Bihar, India",May,5,Q2,31,False,False
2026-06-01,Bihar,RENAULT INDIA PVT LTD,Petrol/Diesel/CNG/Hybrid,52,Renault,Renault,France,East,IN-BR,State,"Bihar, India",Jun,6,Q2,17,True,False
2026-01-01,Bihar,SKODA AUTO VOLKSWAGEN INDIA PVT LTD,Petrol/Diesel/CNG/Hybrid,106,Skoda-VW,Volkswagen Group,Germany,East,IN-BR,State,"Bihar, India",Jan,1,Q1,31,False,False
2026-02-01,Bihar,SKODA AUTO VOLKSWAGEN INDIA PVT LTD,Petrol/Diesel/CNG/Hybrid,118,Skoda-VW,Volkswagen Group,Germany,East,IN-BR,State,"Bihar, India",Feb,2,Q1,28,False,False
2026-03-01,Bihar,SKODA AUTO VOLKSWAGEN INDIA PVT LTD,Petrol/Diesel/CNG/Hybrid,94,Skoda-VW,Volkswagen Group,Germany,East,IN-BR,State,"Bihar, India",Mar,3,Q1,31,False,False
2026-04-01,Bihar,SKODA AUTO VOLKSWAGEN INDIA PVT LTD,Petrol/Diesel/CNG/Hybrid,100,Skoda-VW,Volkswagen Group,Germany,East,IN-BR,State,"Bihar, India",Apr,4,Q2,30,False,False
2026-05-01,Bihar,SKODA AUTO VOLKSWAGEN INDIA PVT LTD,Petrol/Diesel/CNG/Hybrid,107,Skoda-VW,Volkswagen Group,Germany,East,IN-BR,State,"Bihar, India",May,5,Q2,31,False,False
2026-06-01,Bihar,SKODA AUTO VOLKSWAGEN INDIA PVT LTD,Petrol/Diesel/CNG/Hybrid,34,Skoda-VW,Volkswagen Group,Germany,East,IN-BR,State,"Bihar, India",Jun,6,Q2,17,True,False
2026-01-01,Bihar,STELLANTIS AUTOMOBILES INDIA PVT LTD,Petrol/Diesel/CNG/Hybrid,1,Stellantis (Jeep/Citroen),Stellantis,Netherlands,East,IN-BR,State,"Bihar, India",Jan,1,Q1,31,False,False
2026-02-01,Bihar,STELLANTIS AUTOMOBILES INDIA PVT LTD,Petrol/Diesel/CNG/Hybrid,1,Stellantis (Jeep/Citroen),Stellantis,Netherlands,East,IN-BR,State,"Bihar, India",Feb,2,Q1,28,False,False
2026-03-01,Bihar,STELLANTIS AUTOMOBILES INDIA PVT LTD,Petrol/Diesel/CNG/Hybrid,3,Stellantis (Jeep/Citroen),Stellantis,Netherlands,East,IN-BR,State,"Bihar, India",Mar,3,Q1,31,False,False
2026-04-01,Bihar,STELLANTIS AUTOMOBILES INDIA PVT LTD,Petrol/Diesel/CNG/Hybrid,1,Stellantis (Jeep/Citroen),Stellantis,Netherlands,East,IN-BR,State,"Bihar, India",Apr,4,Q2,30,False,False
2026-05-01,Bihar,STELLANTIS AUTOMOBILES INDIA PVT LTD,Petrol/Diesel/CNG/Hybrid,1,Stellantis (Jeep/Citroen),Stellantis,Netherlands,East,IN-BR,State,"Bihar, India",May,5,Q2,31,False,False
2026-06-01,Bihar,STELLANTIS AUTOMOBILES INDIA PVT LTD,Petrol/Diesel/CNG/Hybrid,1,Stellantis (Jeep/Citroen),Stellantis,Netherlands,East,IN-BR,State,"Bihar, India",Jun,6,Q2,17,True,False
2026-01-01,Bihar,STELLANTIS INDIA PVT LTD,Petrol/Diesel/CNG/Hybrid,1,Stellantis (Jeep/Citroen),Stellantis,Netherlands,East,IN-BR,State,"Bihar, India",Jan,1,Q1,31,False,False
2026-04-01,Bihar,STELLANTIS INDIA PVT LTD,Petrol/Diesel/CNG/Hybrid,2,Stellantis (Jeep/Citroen),Stellantis,Netherlands,East,IN-BR,State,"Bihar, India",Apr,4,Q2,30,False,False
2026-05-01,Bihar,STELLANTIS INDIA PVT LTD,Petrol/Diesel/CNG/Hybrid,1,Stellantis (Jeep/Citroen),Stellantis,Netherlands,East,IN-BR,State,"Bihar, India",May,5,Q2,31,False,False
2026-01-01,Bihar,TATA MOTORS LTD,Petrol/Diesel/CNG/Hybrid,1,Tata,Tata Motors,India,East,IN-BR,State,"Bihar, India",Jan,1,Q1,31,False,False
2026-04-01,Bihar,TATA MOTORS LTD,Petrol/Diesel/CNG/Hybrid,1,Tata,Tata Motors,India,East,IN-BR,State,"Bihar, India",Apr,4,Q2,30,False,False
2026-01-01,Bihar,TATA MOTORS PASSENGER VEHICLES LTD,Petrol/Diesel/CNG/Hybrid,1811,Tata,Tata Motors,India,East,IN-BR,State,"Bihar, India",Jan,1,Q1,31,False,False
2026-02-01,Bihar,TATA MOTORS PASSENGER VEHICLES LTD,Petrol/Diesel/CNG/Hybrid,1862,Tata,Tata Motors,India,East,IN-BR,State,"Bihar, India",Feb,2,Q1,28,False,False
2026-03-01,Bihar,TATA MOTORS PASSENGER VEHICLES LTD,Petrol/Diesel/CNG/Hybrid,1985,Tata,Tata Motors,India,East,IN-BR,State,"Bihar, India",Mar,3,Q1,31,False,False
2026-04-01,Bihar,TATA MOTORS PASSENGER VEHICLES LTD,Petrol/Diesel/CNG/Hybrid,1844,Tata,Tata Motors,India,East,IN-BR,State,"Bihar, India",Apr,4,Q2,30,False,False
2026-05-01,Bihar,TATA MOTORS PASSENGER VEHICLES LTD,Petrol/Diesel/CNG/Hybrid,1670,Tata,Tata Motors,India,East,IN-BR,State,"Bihar, India",May,5,Q2,31,False,False
2026-06-01,Bihar,TATA MOTORS PASSENGER VEHICLES LTD,Petrol/Diesel/CNG/Hybrid,724,Tata,Tata Motors,India,East,IN-BR,State,"Bihar, India",Jun,6,Q2,17,True,False
2026-02-01,Bihar,TATA PASSENGER ELECTRIC MOBILITY LTD,Petrol/Diesel/CNG/Hybrid,4,Tata,Tata Motors,India,East,IN-BR,State,"Bihar, India",Feb,2,Q1,28,False,False
2026-04-01,Bihar,TATA PASSENGER ELECTRIC MOBILITY LTD,Petrol/Diesel/CNG/Hybrid,1,Tata,Tata Motors,India,East,IN-BR,State,"Bihar, India",Apr,4,Q2,30,False,False
2026-01-01,Bihar,TOYOTA KIRLOSKAR MOTOR PVT LTD,Petrol/Diesel/CNG/Hybrid,607,Toyota,Toyota,Japan,East,IN-BR,State,"Bihar, India",Jan,1,Q1,31,False,False
2026-02-01,Bihar,TOYOTA KIRLOSKAR MOTOR PVT LTD,Petrol/Diesel/CNG/Hybrid,575,Toyota,Toyota,Japan,East,IN-BR,State,"Bihar, India",Feb,2,Q1,28,False,False
2026-03-01,Bihar,TOYOTA KIRLOSKAR MOTOR PVT LTD,Petrol/Diesel/CNG/Hybrid,518,Toyota,Toyota,Japan,East,IN-BR,State,"Bihar, India",Mar,3,Q1,31,False,False
2026-04-01,Bihar,TOYOTA KIRLOSKAR MOTOR PVT LTD,Petrol/Diesel/CNG/Hybrid,543,Toyota,Toyota,Japan,East,IN-BR,State,"Bihar, India",Apr,4,Q2,30,False,False
2026-05-01,Bihar,TOYOTA KIRLOSKAR MOTOR PVT LTD,Petrol/Diesel/CNG/Hybrid,500,Toyota,Toyota,Japan,East,IN-BR,State,"Bihar, India",May,5,Q2,31,False,False
2026-06-01,Bihar,TOYOTA KIRLOSKAR MOTOR PVT LTD,Petrol/Diesel/CNG/Hybrid,190,Toyota,Toyota,Japan,East,IN-BR,State,"Bihar, India",Jun,6,Q2,17,True,False
2026-05-01,Bihar,VOLKSWAGEN AG,Petrol/Diesel/CNG/Hybrid,1,Skoda-VW,Volkswagen Group,Germany,East,IN-BR,State,"Bihar, India",May,5,Q2,31,False,False
2026-02-01,Bihar,VOLVO AUTO INDIA PVT LTD,Petrol/Diesel/CNG/Hybrid,1,Volvo,Geely,Sweden,East,IN-BR,State,"Bihar, India",Feb,2,Q1,28,False,False
2026-03-01,Bihar,VOLVO AUTO INDIA PVT LTD,Petrol/Diesel/CNG/Hybrid,1,Volvo,Geely,Sweden,East,IN-BR,State,"Bihar, India",Mar,3,Q1,31,False,False
2026-04-01,Bihar,VOLVO AUTO INDIA PVT LTD,Petrol/Diesel/CNG/Hybrid,1,Volvo,Geely,Sweden,East,IN-BR,State,"Bihar, India",Apr,4,Q2,30,False,False
2026-01-01,Chandigarh,AUDI AG,Petrol/Diesel/CNG/Hybrid,2,Audi,Volkswagen Group,Germany,North,IN-CH,Union Territory,"Chandigarh, India",Jan,1,Q1,31,False,False
2026-03-01,Chandigarh,AUDI AG,Petrol/Diesel/CNG/Hybrid,1,Audi,Volkswagen Group,Germany,North,IN-CH,Union Territory,"Chandigarh, India",Mar,3,Q1,31,False,False
2026-04-01,Chandigarh,AUDI AG,Petrol/Diesel/CNG/Hybrid,2,Audi,Volkswagen Group,Germany,North,IN-CH,Union Territory,"Chandigarh, India",Apr,4,Q2,30,False,False
2026-06-01,Chandigarh,AUDI AG,Petrol/Diesel/CNG/Hybrid,2,Audi,Volkswagen Group,Germany,North,IN-CH,Union Territory,"Chandigarh, India",Jun,6,Q2,17,True,False
2026-01-01,Chandigarh,AUTOMOBILI LAMBORGHINI S.P.A,Petrol/Diesel/CNG/Hybrid,2,Lamborghini,Volkswagen Group,Italy,North,IN-CH,Union Territory,"Chandigarh, India",Jan,1,Q1,31,False,False
2026-01-01,Chandigarh,BMW INDIA PVT LTD,Petrol/Diesel/CNG/Hybrid,38,BMW,BMW Group,Germany,North,IN-CH,Union Territory,"Chandigarh, India",Jan,1,Q1,31,False,False
2026-02-01,Chandigarh,BMW INDIA PVT LTD,Petrol/Diesel/CNG/Hybrid,22,BMW,BMW Group,Germany,North,IN-CH,Union Territory,"Chandigarh, India",Feb,2,Q1,28,False,False
2026-03-01,Chandigarh,BMW INDIA PVT LTD,Petrol/Diesel/CNG/Hybrid,52,BMW,BMW Group,Germany,North,IN-CH,Union Territory,"Chandigarh, India",Mar,3,Q1,31,False,False
2026-04-01,Chandigarh,BMW INDIA PVT LTD,Petrol/Diesel/CNG/Hybrid,22,BMW,BMW Group,Germany,North,IN-CH,Union Territory,"Chandigarh, India",Apr,4,Q2,30,False,False
2026-05-01,Chandigarh,BMW INDIA PVT LTD,Petrol/Diesel/CNG/Hybrid,19,BMW,BMW Group,Germany,North,IN-CH,Union Territory,"Chandigarh, India",May,5,Q2,31,False,False
2026-06-01,Chandigarh,BMW INDIA PVT LTD,Petrol/Diesel/CNG/Hybrid,19,BMW,BMW Group,Germany,North,IN-CH,Union Territory,"Chandigarh, India",Jun,6,Q2,17,True,False
2026-02-01,Chandigarh,BYD INDIA PRIVATE LIMITED,Petrol/Diesel/CNG/Hybrid,1,BYD,BYD,China,North,IN-CH,Union Territory,"Chandigarh, India",Feb,2,Q1,28,False,False
2026-01-01,Chandigarh,FORCE MOTORS LIMITED,Petrol/Diesel/CNG/Hybrid,1,Force,Force Motors,India,North,IN-CH,Union Territory,"Chandigarh, India",Jan,1,Q1,31,False,False
2026-02-01,Chandigarh,FORCE MOTORS LIMITED,Petrol/Diesel/CNG/Hybrid,1,Force,Force Motors,India,North,IN-CH,Union Territory,"Chandigarh, India",Feb,2,Q1,28,False,False
2026-03-01,Chandigarh,FORCE MOTORS LIMITED,Petrol/Diesel/CNG/Hybrid,1,Force,Force Motors,India,North,IN-CH,Union Territory,"Chandigarh, India",Mar,3,Q1,31,False,False
2026-04-01,Chandigarh,FORCE MOTORS LIMITED,Petrol/Diesel/CNG/Hybrid,2,Force,Force Motors,India,North,IN-CH,Union Territory,"Chandigarh, India",Apr,4,Q2,30,False,False
2026-05-01,Chandigarh,FORCE MOTORS LIMITED,Petrol/Diesel/CNG/Hybrid,2,Force,Force Motors,India,North,IN-CH,Union Territory,"Chandigarh, India",May,5,Q2,31,False,False
2026-01-01,Chandigarh,HONDA CARS INDIA LTD,Petrol/Diesel/CNG/Hybrid,74,Honda,Honda,Japan,North,IN-CH,Union Territory,"Chandigarh, India",Jan,1,Q1,31,False,False
2026-02-01,Chandigarh,HONDA CARS INDIA LTD,Petrol/Diesel/CNG/Hybrid,52,Honda,Honda,Japan,North,IN-CH,Union Territory,"Chandigarh, India",Feb,2,Q1,28,False,False
2026-03-01,Chandigarh,HONDA CARS INDIA LTD,Petrol/Diesel/CNG/Hybrid,80,Honda,Honda,Japan,North,IN-CH,Union Territory,"Chandigarh, India",Mar,3,Q1,31,False,False
2026-04-01,Chandigarh,HONDA CARS INDIA LTD,Petrol/Diesel/CNG/Hybrid,55,Honda,Honda,Japan,North,IN-CH,Union Territory,"Chandigarh, India",Apr,4,Q2,30,False,False
2026-05-01,Chandigarh,HONDA CARS INDIA LTD,Petrol/Diesel/CNG/Hybrid,40,Honda,Honda,Japan,North,IN-CH,Union Territory,"Chandigarh, India",May,5,Q2,31,False,False
2026-06-01,Chandigarh,HONDA CARS INDIA LTD,Petrol/Diesel/CNG/Hybrid,28,Honda,Honda,Japan,North,IN-CH,Union Territory,"Chandigarh, India",Jun,6,Q2,17,True,False
2026-01-01,Chandigarh,HYUNDAI MOTOR INDIA LTD,Petrol/Diesel/CNG/Hybrid,231,Hyundai,Hyundai,South Korea,North,IN-CH,Union Territory,"Chandigarh, India",Jan,1,Q1,31,False,False
2026-02-01,Chandigarh,HYUNDAI MOTOR INDIA LTD,Petrol/Diesel/CNG/Hybrid,172,Hyundai,Hyundai,South Korea,North,IN-CH,Union Territory,"Chandigarh, India",Feb,2,Q1,28,False,False
2026-03-01,Chandigarh,HYUNDAI MOTOR INDIA LTD,Petrol/Diesel/CNG/Hybrid,222,Hyundai,Hyundai,South Korea,North,IN-CH,Union Territory,"Chandigarh, India",Mar,3,Q1,31,False,False
2026-04-01,Chandigarh,HYUNDAI MOTOR INDIA LTD,Petrol/Diesel/CNG/Hybrid,168,Hyundai,Hyundai,South Korea,North,IN-CH,Union Territory,"Chandigarh, India",Apr,4,Q2,30,False,False
2026-05-01,Chandigarh,HYUNDAI MOTOR INDIA LTD,Petrol/Diesel/CNG/Hybrid,155,Hyundai,Hyundai,South Korea,North,IN-CH,Union Territory,"Chandigarh, India",May,5,Q2,31,False,False
2026-06-01,Chandigarh,HYUNDAI MOTOR INDIA LTD,Petrol/Diesel/CNG/Hybrid,92,Hyundai,Hyundai,South Korea,North,IN-CH,Union Territory,"Chandigarh, India",Jun,6,Q2,17,True,False
2026-03-01,Chandigarh,ISUZU MOTORS INDIA PVT LTD,Petrol/Diesel/CNG/Hybrid,1,Isuzu,Isuzu,Japan,North,IN-CH,Union Territory,"Chandigarh, India",Mar,3,Q1,31,False,False
2026-01-01,Chandigarh,JAGUAR LAND ROVER INDIA LIMITED,Petrol/Diesel/CNG/Hybrid,18,Jaguar Land Rover,Tata Motors,UK,North,IN-CH,Union Territory,"Chandigarh, India",Jan,1,Q1,31,False,False
2026-02-01,Chandigarh,JAGUAR LAND ROVER INDIA LIMITED,Petrol/Diesel/CNG/Hybrid,9,Jaguar Land Rover,Tata Motors,UK,North,IN-CH,Union Territory,"Chandigarh, India",Feb,2,Q1,28,False,False
2026-03-01,Chandigarh,JAGUAR LAND ROVER INDIA LIMITED,Petrol/Diesel/CNG/Hybrid,31,Jaguar Land Rover,Tata Motors,UK,North,IN-CH,Union Territory,"Chandigarh, India",Mar,3,Q1,31,False,False
2026-04-01,Chandigarh,JAGUAR LAND ROVER INDIA LIMITED,Petrol/Diesel/CNG/Hybrid,16,Jaguar Land Rover,Tata Motors,UK,North,IN-CH,Union Territory,"Chandigarh, India",Apr,4,Q2,30,False,False
2026-05-01,Chandigarh,JAGUAR LAND ROVER INDIA LIMITED,Petrol/Diesel/CNG/Hybrid,8,Jaguar Land Rover,Tata Motors,UK,North,IN-CH,Union Territory,"Chandigarh, India",May,5,Q2,31,False,False
2026-06-01,Chandigarh,JAGUAR LAND ROVER INDIA LIMITED,Petrol/Diesel/CNG/Hybrid,19,Jaguar Land Rover,Tata Motors,UK,North,IN-CH,Union Territory,"Chandigarh, India",Jun,6,Q2,17,True,False
2026-01-01,Chandigarh,JSW MG MOTOR INDIA PVT LTD,Petrol/Diesel/CNG/Hybrid,7,MG,JSW-SAIC,India / China,North,IN-CH,Union Territory,"Chandigarh, India",Jan,1,Q1,31,False,False
2026-02-01,Chandigarh,JSW MG MOTOR INDIA PVT LTD,Petrol/Diesel/CNG/Hybrid,10,MG,JSW-SAIC,India / China,North,IN-CH,Union Territory,"Chandigarh, India",Feb,2,Q1,28,False,False
2026-03-01,Chandigarh,JSW MG MOTOR INDIA PVT LTD,Petrol/Diesel/CNG/Hybrid,9,MG,JSW-SAIC,India / China,North,IN-CH,Union Territory,"Chandigarh, India",Mar,3,Q1,31,False,False
2026-04-01,Chandigarh,JSW MG MOTOR INDIA PVT LTD,Petrol/Diesel/CNG/Hybrid,16,MG,JSW-SAIC,India / China,North,IN-CH,Union Territory,"Chandigarh, India",Apr,4,Q2,30,False,False
2026-05-01,Chandigarh,JSW MG MOTOR INDIA PVT LTD,Petrol/Diesel/CNG/Hybrid,4,MG,JSW-SAIC,India / China,North,IN-CH,Union Territory,"Chandigarh, India",May,5,Q2,31,False,False
2026-06-01,Chandigarh,JSW MG MOTOR INDIA PVT LTD,Petrol/Diesel/CNG/Hybrid,13,MG,JSW-SAIC,India / China,North,IN-CH,Union Territory,"Chandigarh, India",Jun,6,Q2,17,True,False
2026-01-01,Chandigarh,KIA INDIA PRIVATE LIMITED,Petrol/Diesel/CNG/Hybrid,139,Kia,Hyundai,South Korea,North,IN-CH,Union Territory,"Chandigarh, India",Jan,1,Q1,31,False,False
2026-02-01,Chandigarh,KIA INDIA PRIVATE LIMITED,Petrol/Diesel/CNG/Hybrid,120,Kia,Hyundai,South Korea,North,IN-CH,Union Territory,"Chandigarh, India",Feb,2,Q1,28,False,False
2026-03-01,Chandigarh,KIA INDIA PRIVATE LIMITED,Petrol/Diesel/CNG/Hybrid,160,Kia,Hyundai,South Korea,North,IN-CH,Union Territory,"Chandigarh, India",Mar,3,Q1,31,False,False
2026-04-01,Chandigarh,KIA INDIA PRIVATE LIMITED,Petrol/Diesel/CNG/Hybrid,134,Kia,Hyundai,South Korea,North,IN-CH,Union Territory,"Chandigarh, India",Apr,4,Q2,30,False,False
2026-05-01,Chandigarh,KIA INDIA PRIVATE LIMITED,Petrol/Diesel/CNG/Hybrid,126,Kia,Hyundai,South Korea,North,IN-CH,Union Territory,"Chandigarh, India",May,5,Q2,31,False,False
2026-06-01,Chandigarh,KIA INDIA PRIVATE LIMITED,Petrol/Diesel/CNG/Hybrid,61,Kia,Hyundai,South Korea,North,IN-CH,Union Territory,"Chandigarh, India",Jun,6,Q2,17,True,False
2026-01-01,Chandigarh,MAHINDRA & MAHINDRA LIMITED,Petrol/Diesel/CNG/Hybrid,330,Mahindra,Mahindra,India,North,IN-CH,Union Territory,"Chandigarh, India",Jan,1,Q1,31,False,False
2026-02-01,Chandigarh,MAHINDRA & MAHINDRA LIMITED,Petrol/Diesel/CNG/Hybrid,319,Mahindra,Mahindra,India,North,IN-CH,Union Territory,"Chandigarh, India",Feb,2,Q1,28,False,False
2026-03-01,Chandigarh,MAHINDRA & MAHINDRA LIMITED,Petrol/Diesel/CNG/Hybrid,412,Mahindra,Mahindra,India,North,IN-CH,Union Territory,"Chandigarh, India",Mar,3,Q1,31,False,False
2026-04-01,Chandigarh,MAHINDRA & MAHINDRA LIMITED,Petrol/Diesel/CNG/Hybrid,366,Mahindra,Mahindra,India,North,IN-CH,Union Territory,"Chandigarh, India",Apr,4,Q2,30,False,False
2026-05-01,Chandigarh,MAHINDRA & MAHINDRA LIMITED,Petrol/Diesel/CNG/Hybrid,228,Mahindra,Mahindra,India,North,IN-CH,Union Territory,"Chandigarh, India",May,5,Q2,31,False,False
2026-06-01,Chandigarh,MAHINDRA & MAHINDRA LIMITED,Petrol/Diesel/CNG/Hybrid,190,Mahindra,Mahindra,India,North,IN-CH,Union Territory,"Chandigarh, India",Jun,6,Q2,17,True,False
2026-01-01,Chandigarh,MARUTI SUZUKI INDIA LTD,Petrol/Diesel/CNG/Hybrid,507,Maruti Suzuki,Suzuki,Japan,North,IN-CH,Union Territory,"Chandigarh, India",Jan,1,Q1,31,False,False
2026-02-01,Chandigarh,MARUTI SUZUKI INDIA LTD,Petrol/Diesel/CNG/Hybrid,394,Maruti Suzuki,Suzuki,Japan,North,IN-CH,Union Territory,"Chandigarh, India",Feb,2,Q1,28,False,False
2026-03-01,Chandigarh,MARUTI SUZUKI INDIA LTD,Petrol/Diesel/CNG/Hybrid,416,Maruti Suzuki,Suzuki,Japan,North,IN-CH,Union Territory,"Chandigarh, India",Mar,3,Q1,31,False,False
2026-04-01,Chandigarh,MARUTI SUZUKI INDIA LTD,Petrol/Diesel/CNG/Hybrid,387,Maruti Suzuki,Suzuki,Japan,North,IN-CH,Union Territory,"Chandigarh, India",Apr,4,Q2,30,False,False
2026-05-01,Chandigarh,MARUTI SUZUKI INDIA LTD,Petrol/Diesel/CNG/Hybrid,320,Maruti Suzuki,Suzuki,Japan,North,IN-CH,Union Territory,"Chandigarh, India",May,5,Q2,31,False,False
2026-06-01,Chandigarh,MARUTI SUZUKI INDIA LTD,Petrol/Diesel/CNG/Hybrid,210,Maruti Suzuki,Suzuki,Japan,North,IN-CH,Union Territory,"Chandigarh, India",Jun,6,Q2,17,True,False
2026-01-01,Chandigarh,MERCEDES-BENZ AG,Petrol/Diesel/CNG/Hybrid,3,Mercedes-Benz,Mercedes-Benz,Germany,North,IN-CH,Union Territory,"Chandigarh, India",Jan,1,Q1,31,False,False
2026-02-01,Chandigarh,MERCEDES-BENZ AG,Petrol/Diesel/CNG/Hybrid,4,Mercedes-Benz,Mercedes-Benz,Germany,North,IN-CH,Union Territory,"Chandigarh, India",Feb,2,Q1,28,False,False
2026-03-01,Chandigarh,MERCEDES-BENZ AG,Petrol/Diesel/CNG/Hybrid,6,Mercedes-Benz,Mercedes-Benz,Germany,North,IN-CH,Union Territory,"Chandigarh, India",Mar,3,Q1,31,False,False
2026-04-01,Chandigarh,MERCEDES-BENZ AG,Petrol/Diesel/CNG/Hybrid,4,Mercedes-Benz,Mercedes-Benz,Germany,North,IN-CH,Union Territory,"Chandigarh, India",Apr,4,Q2,30,False,False
2026-05-01,Chandigarh,MERCEDES-BENZ AG,Petrol/Diesel/CNG/Hybrid,4,Mercedes-Benz,Mercedes-Benz,Germany,North,IN-CH,Union Territory,"Chandigarh, India",May,5,Q2,31,False,False
2026-06-01,Chandigarh,MERCEDES-BENZ AG,Petrol/Diesel/CNG/Hybrid,5,Mercedes-Benz,Mercedes-Benz,Germany,North,IN-CH,Union Territory,"Chandigarh, India",Jun,6,Q2,17,True,False
2026-01-01,Chandigarh,MERCEDES-BENZ INDIA PVT LTD,Petrol/Diesel/CNG/Hybrid,39,Mercedes-Benz,Mercedes-Benz,Germany,North,IN-CH,Union Territory,"Chandigarh, India",Jan,1,Q1,31,False,False
2026-02-01,Chandigarh,MERCEDES-BENZ INDIA PVT LTD,Petrol/Diesel/CNG/Hybrid,28,Mercedes-Benz,Mercedes-Benz,Germany,North,IN-CH,Union Territory,"Chandigarh, India",Feb,2,Q1,28,False,False
2026-03-01,Chandigarh,MERCEDES-BENZ INDIA PVT LTD,Petrol/Diesel/CNG/Hybrid,57,Mercedes-Benz,Mercedes-Benz,Germany,North,IN-CH,Union Territory,"Chandigarh, India",Mar,3,Q1,31,False,False
2026-04-01,Chandigarh,MERCEDES-BENZ INDIA PVT LTD,Petrol/Diesel/CNG/Hybrid,31,Mercedes-Benz,Mercedes-Benz,Germany,North,IN-CH,Union Territory,"Chandigarh, India",Apr,4,Q2,30,False,False
2026-05-01,Chandigarh,MERCEDES-BENZ INDIA PVT LTD,Petrol/Diesel/CNG/Hybrid,18,Mercedes-Benz,Mercedes-Benz,Germany,North,IN-CH,Union Territory,"Chandigarh, India",May,5,Q2,31,False,False
2026-06-01,Chandigarh,MERCEDES-BENZ INDIA PVT LTD,Petrol/Diesel/CNG/Hybrid,30,Mercedes-Benz,Mercedes-Benz,Germany,North,IN-CH,Union Territory,"Chandigarh, India",Jun,6,Q2,17,True,False
2026-01-01,Chandigarh,NISSAN MOTOR INDIA PVT LTD,Petrol/Diesel/CNG/Hybrid,2,Nissan,Nissan,Japan,North,IN-CH,Union Territory,"Chandigarh, India",Jan,1,Q1,31,False,False
2026-02-01,Chandigarh,NISSAN MOTOR INDIA PVT LTD,Petrol/Diesel/CNG/Hybrid,5,Nissan,Nissan,Japan,North,IN-CH,Union Territory,"Chandigarh, India",Feb,2,Q1,28,False,False
2026-03-01,Chandigarh,NISSAN MOTOR INDIA PVT LTD,Petrol/Diesel/CNG/Hybrid,7,Nissan,Nissan,Japan,North,IN-CH,Union Territory,"Chandigarh, India",Mar,3,Q1,31,False,False
2026-04-01,Chandigarh,NISSAN MOTOR INDIA PVT LTD,Petrol/Diesel/CNG/Hybrid,5,Nissan,Nissan,Japan,North,IN-CH,Union Territory,"Chandigarh, India",Apr,4,Q2,30,False,False
2026-05-01,Chandigarh,NISSAN MOTOR INDIA PVT LTD,Petrol/Diesel/CNG/Hybrid,3,Nissan,Nissan,Japan,North,IN-CH,Union Territory,"Chandigarh, India",May,5,Q2,31,False,False
2026-01-01,Chandigarh,PORSCHE AG GERMANY,Petrol/Diesel/CNG/Hybrid,2,Porsche,Volkswagen Group,Germany,North,IN-CH,Union Territory,"Chandigarh, India",Jan,1,Q1,31,False,False
2026-02-01,Chandigarh,PORSCHE AG GERMANY,Petrol/Diesel/CNG/Hybrid,1,Porsche,Volkswagen Group,Germany,North,IN-CH,Union Territory,"Chandigarh, India",Feb,2,Q1,28,False,False
2026-03-01,Chandigarh,PORSCHE AG GERMANY,Petrol/Diesel/CNG/Hybrid,1,Porsche,Volkswagen Group,Germany,North,IN-CH,Union Territory,"Chandigarh, India",Mar,3,Q1,31,False,False
2026-04-01,Chandigarh,PORSCHE AG GERMANY,Petrol/Diesel/CNG/Hybrid,2,Porsche,Volkswagen Group,Germany,North,IN-CH,Union Territory,"Chandigarh, India",Apr,4,Q2,30,False,False
2026-05-01,Chandigarh,PORSCHE AG GERMANY,Petrol/Diesel/CNG/Hybrid,1,Porsche,Volkswagen Group,Germany,North,IN-CH,Union Territory,"Chandigarh, India",May,5,Q2,31,False,False
2026-06-01,Chandigarh,PORSCHE AG GERMANY,Petrol/Diesel/CNG/Hybrid,3,Porsche,Volkswagen Group,Germany,North,IN-CH,Union Territory,"Chandigarh, India",Jun,6,Q2,17,True,False
2026-01-01,Chandigarh,RENAULT INDIA PVT LTD,Petrol/Diesel/CNG/Hybrid,6,Renault,Renault,France,North,IN-CH,Union Territory,"Chandigarh, India",Jan,1,Q1,31,False,False
2026-02-01,Chandigarh,RENAULT INDIA PVT LTD,Petrol/Diesel/CNG/Hybrid,4,Renault,Renault,France,North,IN-CH,Union Territory,"Chandigarh, India",Feb,2,Q1,28,False,False
2026-03-01,Chandigarh,RENAULT INDIA PVT LTD,Petrol/Diesel/CNG/Hybrid,2,Renault,Renault,France,North,IN-CH,Union Territory,"Chandigarh, India",Mar,3,Q1,31,False,False
2026-04-01,Chandigarh,RENAULT INDIA PVT LTD,Petrol/Diesel/CNG/Hybrid,11,Renault,Renault,France,North,IN-CH,Union Territory,"Chandigarh, India",Apr,4,Q2,30,False,False
2026-05-01,Chandigarh,RENAULT INDIA PVT LTD,Petrol/Diesel/CNG/Hybrid,9,Renault,Renault,France,North,IN-CH,Union Territory,"Chandigarh, India",May,5,Q2,31,False,False
2026-06-01,Chandigarh,RENAULT INDIA PVT LTD,Petrol/Diesel/CNG/Hybrid,5,Renault,Renault,France,North,IN-CH,Union Territory,"Chandigarh, India",Jun,6,Q2,17,True,False
2026-05-01,Chandigarh,SKODA AUTO AS,Petrol/Diesel/CNG/Hybrid,1,Skoda-VW,Volkswagen Group,Germany,North,IN-CH,Union Territory,"Chandigarh, India",May,5,Q2,31,False,False
2026-01-01,Chandigarh,SKODA AUTO VOLKSWAGEN INDIA PVT LTD,Petrol/Diesel/CNG/Hybrid,106,Skoda-VW,Volkswagen Group,Germany,North,IN-CH,Union Territory,"Chandigarh, India",Jan,1,Q1,31,False,False
2026-02-01,Chandigarh,SKODA AUTO VOLKSWAGEN INDIA PVT LTD,Petrol/Diesel/CNG/Hybrid,75,Skoda-VW,Volkswagen Group,Germany,North,IN-CH,Union Territory,"Chandigarh, India",Feb,2,Q1,28,False,False
2026-03-01,Chandigarh,SKODA AUTO VOLKSWAGEN INDIA PVT LTD,Petrol/Diesel/CNG/Hybrid,106,Skoda-VW,Volkswagen Group,Germany,North,IN-CH,Union Territory,"Chandigarh, India",Mar,3,Q1,31,False,False
2026-04-01,Chandigarh,SKODA AUTO VOLKSWAGEN INDIA PVT LTD,Petrol/Diesel/CNG/Hybrid,89,Skoda-VW,Volkswagen Group,Germany,North,IN-CH,Union Territory,"Chandigarh, India",Apr,4,Q2,30,False,False
2026-05-01,Chandigarh,SKODA AUTO VOLKSWAGEN INDIA PVT LTD,Petrol/Diesel/CNG/Hybrid,80,Skoda-VW,Volkswagen Group,Germany,North,IN-CH,Union Territory,"Chandigarh, India",May,5,Q2,31,False,False
2026-06-01,Chandigarh,SKODA AUTO VOLKSWAGEN INDIA PVT LTD,Petrol/Diesel/CNG/Hybrid,48,Skoda-VW,Volkswagen Group,Germany,North,IN-CH,Union Territory,"Chandigarh, India",Jun,6,Q2,17,True,False
2026-01-01,Chandigarh,STELLANTIS AUTOMOBILES INDIA PVT LTD,Petrol/Diesel/CNG/Hybrid,4,Stellantis (Jeep/Citroen),Stellantis,Netherlands,North,IN-CH,Union Territory,"Chandigarh, India",Jan,1,Q1,31,False,False
2026-02-01,Chandigarh,STELLANTIS AUTOMOBILES INDIA PVT LTD,Petrol/Diesel/CNG/Hybrid,1,Stellantis (Jeep/Citroen),Stellantis,Netherlands,North,IN-CH,Union Territory,"Chandigarh, India",Feb,2,Q1,28,False,False
2026-04-01,Chandigarh,STELLANTIS AUTOMOBILES INDIA PVT LTD,Petrol/Diesel/CNG/Hybrid,6,Stellantis (Jeep/Citroen),Stellantis,Netherlands,North,IN-CH,Union Territory,"Chandigarh, India",Apr,4,Q2,30,False,False
2026-06-01,Chandigarh,STELLANTIS AUTOMOBILES INDIA PVT LTD,Petrol/Diesel/CNG/Hybrid,1,Stellantis (Jeep/Citroen),Stellantis,Netherlands,North,IN-CH,Union Territory,"Chandigarh, India",Jun,6,Q2,17,True,False
2026-01-01,Chandigarh,STELLANTIS INDIA PVT LTD,Petrol/Diesel/CNG/Hybrid,5,Stellantis (Jeep/Citroen),Stellantis,Netherlands,North,IN-CH,Union Territory,"Chandigarh, India",Jan,1,Q1,31,False,False
2026-02-01,Chandigarh,STELLANTIS INDIA PVT LTD,Petrol/Diesel/CNG/Hybrid,5,Stellantis (Jeep/Citroen),Stellantis,Netherlands,North,IN-CH,Union Territory,"Chandigarh, India",Feb,2,Q1,28,False,False
2026-03-01,Chandigarh,STELLANTIS INDIA PVT LTD,Petrol/Diesel/CNG/Hybrid,8,Stellantis (Jeep/Citroen),Stellantis,Netherlands,North,IN-CH,Union Territory,"Chandigarh, India",Mar,3,Q1,31,False,False
2026-04-01,Chandigarh,STELLANTIS INDIA PVT LTD,Petrol/Diesel/CNG/Hybrid,7,Stellantis (Jeep/Citroen),Stellantis,Netherlands,North,IN-CH,Union Territory,"Chandigarh, India",Apr,4,Q2,30,False,False
2026-05-01,Chandigarh,STELLANTIS INDIA PVT LTD,Petrol/Diesel/CNG/Hybrid,3,Stellantis (Jeep/Citroen),Stellantis,Netherlands,North,IN-CH,Union Territory,"Chandigarh, India",May,5,Q2,31,False,False
2026-06-01,Chandigarh,STELLANTIS INDIA PVT LTD,Petrol/Diesel/CNG/Hybrid,3,Stellantis (Jeep/Citroen),Stellantis,Netherlands,North,IN-CH,Union Territory,"Chandigarh, India",Jun,6,Q2,17,True,False
2026-01-01,Chandigarh,TATA MOTORS PASSENGER VEHICLES LTD,Petrol/Diesel/CNG/Hybrid,152,Tata,Tata Motors,India,North,IN-CH,Union Territory,"Chandigarh, India",Jan,1,Q1,31,False,False
2026-02-01,Chandigarh,TATA MOTORS PASSENGER VEHICLES LTD,Petrol/Diesel/CNG/Hybrid,133,Tata,Tata Motors,India,North,IN-CH,Union Territory,"Chandigarh, India",Feb,2,Q1,28,False,False
2026-03-01,Chandigarh,TATA MOTORS PASSENGER VEHICLES LTD,Petrol/Diesel/CNG/Hybrid,175,Tata,Tata Motors,India,North,IN-CH,Union Territory,"Chandigarh, India",Mar,3,Q1,31,False,False
2026-04-01,Chandigarh,TATA MOTORS PASSENGER VEHICLES LTD,Petrol/Diesel/CNG/Hybrid,184,Tata,Tata Motors,India,North,IN-CH,Union Territory,"Chandigarh, India",Apr,4,Q2,30,False,False
2026-05-01,Chandigarh,TATA MOTORS PASSENGER VEHICLES LTD,Petrol/Diesel/CNG/Hybrid,107,Tata,Tata Motors,India,North,IN-CH,Union Territory,"Chandigarh, India",May,5,Q2,31,False,False
2026-06-01,Chandigarh,TATA MOTORS PASSENGER VEHICLES LTD,Petrol/Diesel/CNG/Hybrid,59,Tata,Tata Motors,India,North,IN-CH,Union Territory,"Chandigarh, India",Jun,6,Q2,17,True,False
2026-01-01,Chandigarh,TOYOTA KIRLOSKAR MOTOR PVT LTD,Petrol/Diesel/CNG/Hybrid,293,Toyota,Toyota,Japan,North,IN-CH,Union Territory,"Chandigarh, India",Jan,1,Q1,31,False,False
2026-02-01,Chandigarh,TOYOTA KIRLOSKAR MOTOR PVT LTD,Petrol/Diesel/CNG/Hybrid,222,Toyota,Toyota,Japan,North,IN-CH,Union Territory,"Chandigarh, India",Feb,2,Q1,28,False,False
2026-03-01,Chandigarh,TOYOTA KIRLOSKAR MOTOR PVT LTD,Petrol/Diesel/CNG/Hybrid,296,Toyota,Toyota,Japan,North,IN-CH,Union Territory,"Chandigarh, India",Mar,3,Q1,31,False,False
2026-04-01,Chandigarh,TOYOTA KIRLOSKAR MOTOR PVT LTD,Petrol/Diesel/CNG/Hybrid,243,Toyota,Toyota,Japan,North,IN-CH,Union Territory,"Chandigarh, India",Apr,4,Q2,30,False,False
2026-05-01,Chandigarh,TOYOTA KIRLOSKAR MOTOR PVT LTD,Petrol/Diesel/CNG/Hybrid,177,Toyota,Toyota,Japan,North,IN-CH,Union Territory,"Chandigarh, India",May,5,Q2,31,False,False
2026-06-01,Chandigarh,TOYOTA KIRLOSKAR MOTOR PVT LTD,Petrol/Diesel/CNG/Hybrid,202,Toyota,Toyota,Japan,North,IN-CH,Union Territory,"Chandigarh, India",Jun,6,Q2,17,True,False
2026-01-01,Chandigarh,VOLKSWAGEN AG,Petrol/Diesel/CNG/Hybrid,1,Skoda-VW,Volkswagen Group,Germany,North,IN-CH,Union Territory,"Chandigarh, India",Jan,1,Q1,31,False,False
2026-02-01,Chandigarh,VOLKSWAGEN AG,Petrol/Diesel/CNG/Hybrid,2,Skoda-VW,Volkswagen Group,Germany,North,IN-CH,Union Territory,"Chandigarh, India",Feb,2,Q1,28,False,False
2026-04-01,Chandigarh,VOLKSWAGEN AG,Petrol/Diesel/CNG/Hybrid,1,Skoda-VW,Volkswagen Group,Germany,North,IN-CH,Union Territory,"Chandigarh, India",Apr,4,Q2,30,False,False
2026-05-01,Chandigarh,VOLKSWAGEN AG,Petrol/Diesel/CNG/Hybrid,1,Skoda-VW,Volkswagen Group,Germany,North,IN-CH,Union Territory,"Chandigarh, India",May,5,Q2,31,False,False
2026-01-01,Chandigarh,VOLVO AUTO INDIA PVT LTD,Petrol/Diesel/CNG/Hybrid,4,Volvo,Geely,Sweden,North,IN-CH,Union Territory,"Chandigarh, India",Jan,1,Q1,31,False,False
2026-03-01,Chandigarh,VOLVO AUTO INDIA PVT LTD,Petrol/Diesel/CNG/Hybrid,1,Volvo,Geely,Sweden,North,IN-CH,Union Territory,"Chandigarh, India",Mar,3,Q1,31,False,False
2026-04-01,Chandigarh,VOLVO AUTO INDIA PVT LTD,Petrol/Diesel/CNG/Hybrid,2,Volvo,Geely,Sweden,North,IN-CH,Union Territory,"Chandigarh, India",Apr,4,Q2,30,False,False
2026-05-01,Chandigarh,VOLVO AUTO INDIA PVT LTD,Petrol/Diesel/CNG/Hybrid,1,Volvo,Geely,Sweden,North,IN-CH,Union Territory,"Chandigarh, India",May,5,Q2,31,False,False
2026-06-01,Chandigarh,VOLVO AUTO INDIA PVT LTD,Petrol/Diesel/CNG/Hybrid,2,Volvo,Geely,Sweden,North,IN-CH,Union Territory,"Chandigarh, India",Jun,6,Q2,17,True,False
2026-02-01,Chhattisgarh,AUDI AG,Petrol/Diesel/CNG/Hybrid,1,Audi,Volkswagen Group,Germany,Central,IN-CT,State,"Chhattisgarh, India",Feb,2,Q1,28,False,False
2026-01-01,Chhattisgarh,BMW INDIA PVT LTD,Petrol/Diesel/CNG/Hybrid,24,BMW,BMW Group,Germany,Central,IN-CT,State,"Chhattisgarh, India",Jan,1,Q1,31,False,False
2026-02-01,Chhattisgarh,BMW INDIA PVT LTD,Petrol/Diesel/CNG/Hybrid,32,BMW,BMW Group,Germany,Central,IN-CT,State,"Chhattisgarh, India",Feb,2,Q1,28,False,False
2026-03-01,Chhattisgarh,BMW INDIA PVT LTD,Petrol/Diesel/CNG/Hybrid,6,BMW,BMW Group,Germany,Central,IN-CT,State,"Chhattisgarh, India",Mar,3,Q1,31,False,False
2026-04-01,Chhattisgarh,BMW INDIA PVT LTD,Petrol/Diesel/CNG/Hybrid,10,BMW,BMW Group,Germany,Central,IN-CT,State,"Chhattisgarh, India",Apr,4,Q2,30,False,False
2026-05-01,Chhattisgarh,BMW INDIA PVT LTD,Petrol/Diesel/CNG/Hybrid,8,BMW,BMW Group,Germany,Central,IN-CT,State,"Chhattisgarh, India",May,5,Q2,31,False,False
2026-06-01,Chhattisgarh,BMW INDIA PVT LTD,Petrol/Diesel/CNG/Hybrid,2,BMW,BMW Group,Germany,Central,IN-CT,State,"Chhattisgarh, India",Jun,6,Q2,17,True,False
2026-01-01,Chhattisgarh,FORCE MOTORS LIMITED,Petrol/Diesel/CNG/Hybrid,98,Force,Force Motors,India,Central,IN-CT,State,"Chhattisgarh, India",Jan,1,Q1,31,False,False
2026-02-01,Chhattisgarh,FORCE MOTORS LIMITED,Petrol/Diesel/CNG/Hybrid,88,Force,Force Motors,India,Central,IN-CT,State,"Chhattisgarh, India",Feb,2,Q1,28,False,False
2026-03-01,Chhattisgarh,FORCE MOTORS LIMITED,Petrol/Diesel/CNG/Hybrid,43,Force,Force Motors,India,Central,IN-CT,State,"Chhattisgarh, India",Mar,3,Q1,31,False,False
2026-04-01,Chhattisgarh,FORCE MOTORS LIMITED,Petrol/Diesel/CNG/Hybrid,43,Force,Force Motors,India,Central,IN-CT,State,"Chhattisgarh, India",Apr,4,Q2,30,False,False
2026-05-01,Chhattisgarh,FORCE MOTORS LIMITED,Petrol/Diesel/CNG/Hybrid,21,Force,Force Motors,India,Central,IN-CT,State,"Chhattisgarh, India",May,5,Q2,31,False,False
2026-06-01,Chhattisgarh,FORCE MOTORS LIMITED,Petrol/Diesel/CNG/Hybrid,17,Force,Force Motors,India,Central,IN-CT,State,"Chhattisgarh, India",Jun,6,Q2,17,True,False
2026-01-01,Chhattisgarh,HONDA CARS INDIA LTD,Petrol/Diesel/CNG/Hybrid,77,Honda,Honda,Japan,Central,IN-CT,State,"Chhattisgarh, India",Jan,1,Q1,31,False,False
2026-02-01,Chhattisgarh,HONDA CARS INDIA LTD,Petrol/Diesel/CNG/Hybrid,59,Honda,Honda,Japan,Central,IN-CT,State,"Chhattisgarh, India",Feb,2,Q1,28,False,False
2026-03-01,Chhattisgarh,HONDA CARS INDIA LTD,Petrol/Diesel/CNG/Hybrid,41,Honda,Honda,Japan,Central,IN-CT,State,"Chhattisgarh, India",Mar,3,Q1,31,False,False
2026-04-01,Chhattisgarh,HONDA CARS INDIA LTD,Petrol/Diesel/CNG/Hybrid,32,Honda,Honda,Japan,Central,IN-CT,State,"Chhattisgarh, India",Apr,4,Q2,30,False,False
2026-05-01,Chhattisgarh,HONDA CARS INDIA LTD,Petrol/Diesel/CNG/Hybrid,49,Honda,Honda,Japan,Central,IN-CT,State,"Chhattisgarh, India",May,5,Q2,31,False,False
2026-06-01,Chhattisgarh,HONDA CARS INDIA LTD,Petrol/Diesel/CNG/Hybrid,9,Honda,Honda,Japan,Central,IN-CT,State,"Chhattisgarh, India",Jun,6,Q2,17,True,False
2026-01-01,Chhattisgarh,HYUNDAI MOTOR INDIA LTD,Petrol/Diesel/CNG/Hybrid,1610,Hyundai,Hyundai,South Korea,Central,IN-CT,State,"Chhattisgarh, India",Jan,1,Q1,31,False,False
2026-02-01,Chhattisgarh,HYUNDAI MOTOR INDIA LTD,Petrol/Diesel/CNG/Hybrid,1136,Hyundai,Hyundai,South Korea,Central,IN-CT,State,"Chhattisgarh, India",Feb,2,Q1,28,False,False
2026-03-01,Chhattisgarh,HYUNDAI MOTOR INDIA LTD,Petrol/Diesel/CNG/Hybrid,546,Hyundai,Hyundai,South Korea,Central,IN-CT,State,"Chhattisgarh, India",Mar,3,Q1,31,False,False
2026-04-01,Chhattisgarh,HYUNDAI MOTOR INDIA LTD,Petrol/Diesel/CNG/Hybrid,536,Hyundai,Hyundai,South Korea,Central,IN-CT,State,"Chhattisgarh, India",Apr,4,Q2,30,False,False
2026-05-01,Chhattisgarh,HYUNDAI MOTOR INDIA LTD,Petrol/Diesel/CNG/Hybrid,585,Hyundai,Hyundai,South Korea,Central,IN-CT,State,"Chhattisgarh, India",May,5,Q2,31,False,False
2026-06-01,Chhattisgarh,HYUNDAI MOTOR INDIA LTD,Petrol/Diesel/CNG/Hybrid,199,Hyundai,Hyundai,South Korea,Central,IN-CT,State,"Chhattisgarh, India",Jun,6,Q2,17,True,False
2026-01-01,Chhattisgarh,JAGUAR LAND ROVER INDIA LIMITED,Petrol/Diesel/CNG/Hybrid,16,Jaguar Land Rover,Tata Motors,UK,Central,IN-CT,State,"Chhattisgarh, India",Jan,1,Q1,31,False,False
2026-02-01,Chhattisgarh,JAGUAR LAND ROVER INDIA LIMITED,Petrol/Diesel/CNG/Hybrid,21,Jaguar Land Rover,Tata Motors,UK,Central,IN-CT,State,"Chhattisgarh, India",Feb,2,Q1,28,False,False
2026-03-01,Chhattisgarh,JAGUAR LAND ROVER INDIA LIMITED,Petrol/Diesel/CNG/Hybrid,8,Jaguar Land Rover,Tata Motors,UK,Central,IN-CT,State,"Chhattisgarh, India",Mar,3,Q1,31,False,False
2026-04-01,Chhattisgarh,JAGUAR LAND ROVER INDIA LIMITED,Petrol/Diesel/CNG/Hybrid,6,Jaguar Land Rover,Tata Motors,UK,Central,IN-CT,State,"Chhattisgarh, India",Apr,4,Q2,30,False,False
2026-06-01,Chhattisgarh,JAGUAR LAND ROVER INDIA LIMITED,Petrol/Diesel/CNG/Hybrid,1,Jaguar Land Rover,Tata Motors,UK,Central,IN-CT,State,"Chhattisgarh, India",Jun,6,Q2,17,True,False
2026-01-01,Chhattisgarh,JSW MG MOTOR INDIA PVT LTD,Petrol/Diesel/CNG/Hybrid,20,MG,JSW-SAIC,India / China,Central,IN-CT,State,"Chhattisgarh, India",Jan,1,Q1,31,False,False
2026-02-01,Chhattisgarh,JSW MG MOTOR INDIA PVT LTD,Petrol/Diesel/CNG/Hybrid,14,MG,JSW-SAIC,India / China,Central,IN-CT,State,"Chhattisgarh, India",Feb,2,Q1,28,False,False
2026-03-01,Chhattisgarh,JSW MG MOTOR INDIA PVT LTD,Petrol/Diesel/CNG/Hybrid,11,MG,JSW-SAIC,India / China,Central,IN-CT,State,"Chhattisgarh, India",Mar,3,Q1,31,False,False
2026-04-01,Chhattisgarh,JSW MG MOTOR INDIA PVT LTD,Petrol/Diesel/CNG/Hybrid,14,MG,JSW-SAIC,India / China,Central,IN-CT,State,"Chhattisgarh, India",Apr,4,Q2,30,False,False
2026-05-01,Chhattisgarh,JSW MG MOTOR INDIA PVT LTD,Petrol/Diesel/CNG/Hybrid,10,MG,JSW-SAIC,India / China,Central,IN-CT,State,"Chhattisgarh, India",May,5,Q2,31,False,False
2026-06-01,Chhattisgarh,JSW MG MOTOR INDIA PVT LTD,Petrol/Diesel/CNG/Hybrid,4,MG,JSW-SAIC,India / China,Central,IN-CT,State,"Chhattisgarh, India",Jun,6,Q2,17,True,False
2026-01-01,Chhattisgarh,KIA INDIA PRIVATE LIMITED,Petrol/Diesel/CNG/Hybrid,898,Kia,Hyundai,South Korea,Central,IN-CT,State,"Chhattisgarh, India",Jan,1,Q1,31,False,False
2026-02-01,Chhattisgarh,KIA INDIA PRIVATE LIMITED,Petrol/Diesel/CNG/Hybrid,765,Kia,Hyundai,South Korea,Central,IN-CT,State,"Chhattisgarh, India",Feb,2,Q1,28,False,False
2026-03-01,Chhattisgarh,KIA INDIA PRIVATE LIMITED,Petrol/Diesel/CNG/Hybrid,336,Kia,Hyundai,South Korea,Central,IN-CT,State,"Chhattisgarh, India",Mar,3,Q1,31,False,False
2026-04-01,Chhattisgarh,KIA INDIA PRIVATE LIMITED,Petrol/Diesel/CNG/Hybrid,333,Kia,Hyundai,South Korea,Central,IN-CT,State,"Chhattisgarh, India",Apr,4,Q2,30,False,False
2026-05-01,Chhattisgarh,KIA INDIA PRIVATE LIMITED,Petrol/Diesel/CNG/Hybrid,308,Kia,Hyundai,South Korea,Central,IN-CT,State,"Chhattisgarh, India",May,5,Q2,31,False,False
2026-06-01,Chhattisgarh,KIA INDIA PRIVATE LIMITED,Petrol/Diesel/CNG/Hybrid,121,Kia,Hyundai,South Korea,Central,IN-CT,State,"Chhattisgarh, India",Jun,6,Q2,17,True,False
2026-01-01,Chhattisgarh,MAHINDRA & MAHINDRA LIMITED,Petrol/Diesel/CNG/Hybrid,1218,Mahindra,Mahindra,India,Central,IN-CT,State,"Chhattisgarh, India",Jan,1,Q1,31,False,False
2026-02-01,Chhattisgarh,MAHINDRA & MAHINDRA LIMITED,Petrol/Diesel/CNG/Hybrid,1367,Mahindra,Mahindra,India,Central,IN-CT,State,"Chhattisgarh, India",Feb,2,Q1,28,False,False
2026-03-01,Chhattisgarh,MAHINDRA & MAHINDRA LIMITED,Petrol/Diesel/CNG/Hybrid,800,Mahindra,Mahindra,India,Central,IN-CT,State,"Chhattisgarh, India",Mar,3,Q1,31,False,False
2026-04-01,Chhattisgarh,MAHINDRA & MAHINDRA LIMITED,Petrol/Diesel/CNG/Hybrid,678,Mahindra,Mahindra,India,Central,IN-CT,State,"Chhattisgarh, India",Apr,4,Q2,30,False,False
2026-05-01,Chhattisgarh,MAHINDRA & MAHINDRA LIMITED,Petrol/Diesel/CNG/Hybrid,574,Mahindra,Mahindra,India,Central,IN-CT,State,"Chhattisgarh, India",May,5,Q2,31,False,False
2026-06-01,Chhattisgarh,MAHINDRA & MAHINDRA LIMITED,Petrol/Diesel/CNG/Hybrid,242,Mahindra,Mahindra,India,Central,IN-CT,State,"Chhattisgarh, India",Jun,6,Q2,17,True,False
2026-01-01,Chhattisgarh,MARUTI SUZUKI INDIA LTD,Petrol/Diesel/CNG/Hybrid,5396,Maruti Suzuki,Suzuki,Japan,Central,IN-CT,State,"Chhattisgarh, India",Jan,1,Q1,31,False,False
2026-02-01,Chhattisgarh,MARUTI SUZUKI INDIA LTD,Petrol/Diesel/CNG/Hybrid,4123,Maruti Suzuki,Suzuki,Japan,Central,IN-CT,State,"Chhattisgarh, India",Feb,2,Q1,28,False,False
2026-03-01,Chhattisgarh,MARUTI SUZUKI INDIA LTD,Petrol/Diesel/CNG/Hybrid,1953,Maruti Suzuki,Suzuki,Japan,Central,IN-CT,State,"Chhattisgarh, India",Mar,3,Q1,31,False,False
2026-04-01,Chhattisgarh,MARUTI SUZUKI INDIA LTD,Petrol/Diesel/CNG/Hybrid,2011,Maruti Suzuki,Suzuki,Japan,Central,IN-CT,State,"Chhattisgarh, India",Apr,4,Q2,30,False,False
2026-05-01,Chhattisgarh,MARUTI SUZUKI INDIA LTD,Petrol/Diesel/CNG/Hybrid,2496,Maruti Suzuki,Suzuki,Japan,Central,IN-CT,State,"Chhattisgarh, India",May,5,Q2,31,False,False
2026-06-01,Chhattisgarh,MARUTI SUZUKI INDIA LTD,Petrol/Diesel/CNG/Hybrid,1016,Maruti Suzuki,Suzuki,Japan,Central,IN-CT,State,"Chhattisgarh, India",Jun,6,Q2,17,True,False
2026-01-01,Chhattisgarh,MERCEDES-BENZ AG,Petrol/Diesel/CNG/Hybrid,3,Mercedes-Benz,Mercedes-Benz,Germany,Central,IN-CT,State,"Chhattisgarh, India",Jan,1,Q1,31,False,False
2026-02-01,Chhattisgarh,MERCEDES-BENZ AG,Petrol/Diesel/CNG/Hybrid,5,Mercedes-Benz,Mercedes-Benz,Germany,Central,IN-CT,State,"Chhattisgarh, India",Feb,2,Q1,28,False,False
2026-05-01,Chhattisgarh,MERCEDES-BENZ AG,Petrol/Diesel/CNG/Hybrid,1,Mercedes-Benz,Mercedes-Benz,Germany,Central,IN-CT,State,"Chhattisgarh, India",May,5,Q2,31,False,False
2026-01-01,Chhattisgarh,MERCEDES-BENZ INDIA PVT LTD,Petrol/Diesel/CNG/Hybrid,26,Mercedes-Benz,Mercedes-Benz,Germany,Central,IN-CT,State,"Chhattisgarh, India",Jan,1,Q1,31,False,False
2026-02-01,Chhattisgarh,MERCEDES-BENZ INDIA PVT LTD,Petrol/Diesel/CNG/Hybrid,39,Mercedes-Benz,Mercedes-Benz,Germany,Central,IN-CT,State,"Chhattisgarh, India",Feb,2,Q1,28,False,False
2026-03-01,Chhattisgarh,MERCEDES-BENZ INDIA PVT LTD,Petrol/Diesel/CNG/Hybrid,9,Mercedes-Benz,Mercedes-Benz,Germany,Central,IN-CT,State,"Chhattisgarh, India",Mar,3,Q1,31,False,False
2026-04-01,Chhattisgarh,MERCEDES-BENZ INDIA PVT LTD,Petrol/Diesel/CNG/Hybrid,13,Mercedes-Benz,Mercedes-Benz,Germany,Central,IN-CT,State,"Chhattisgarh, India",Apr,4,Q2,30,False,False
2026-05-01,Chhattisgarh,MERCEDES-BENZ INDIA PVT LTD,Petrol/Diesel/CNG/Hybrid,10,Mercedes-Benz,Mercedes-Benz,Germany,Central,IN-CT,State,"Chhattisgarh, India",May,5,Q2,31,False,False
2026-06-01,Chhattisgarh,MERCEDES-BENZ INDIA PVT LTD,Petrol/Diesel/CNG/Hybrid,1,Mercedes-Benz,Mercedes-Benz,Germany,Central,IN-CT,State,"Chhattisgarh, India",Jun,6,Q2,17,True,False
2026-01-01,Chhattisgarh,NISSAN MOTOR INDIA PVT LTD,Petrol/Diesel/CNG/Hybrid,35,Nissan,Nissan,Japan,Central,IN-CT,State,"Chhattisgarh, India",Jan,1,Q1,31,False,False
2026-02-01,Chhattisgarh,NISSAN MOTOR INDIA PVT LTD,Petrol/Diesel/CNG/Hybrid,24,Nissan,Nissan,Japan,Central,IN-CT,State,"Chhattisgarh, India",Feb,2,Q1,28,False,False
2026-03-01,Chhattisgarh,NISSAN MOTOR INDIA PVT LTD,Petrol/Diesel/CNG/Hybrid,19,Nissan,Nissan,Japan,Central,IN-CT,State,"Chhattisgarh, India",Mar,3,Q1,31,False,False
2026-04-01,Chhattisgarh,NISSAN MOTOR INDIA PVT LTD,Petrol/Diesel/CNG/Hybrid,29,Nissan,Nissan,Japan,Central,IN-CT,State,"Chhattisgarh, India",Apr,4,Q2,30,False,False
2026-05-01,Chhattisgarh,NISSAN MOTOR INDIA PVT LTD,Petrol/Diesel/CNG/Hybrid,22,Nissan,Nissan,Japan,Central,IN-CT,State,"Chhattisgarh, India",May,5,Q2,31,False,False
2026-06-01,Chhattisgarh,NISSAN MOTOR INDIA PVT LTD,Petrol/Diesel/CNG/Hybrid,6,Nissan,Nissan,Japan,Central,IN-CT,State,"Chhattisgarh, India",Jun,6,Q2,17,True,False
2026-01-01,Chhattisgarh,PORSCHE AG GERMANY,Petrol/Diesel/CNG/Hybrid,1,Porsche,Volkswagen Group,Germany,Central,IN-CT,State,"Chhattisgarh, India",Jan,1,Q1,31,False,False
2026-04-01,Chhattisgarh,PORSCHE AG GERMANY,Petrol/Diesel/CNG/Hybrid,2,Porsche,Volkswagen Group,Germany,Central,IN-CT,State,"Chhattisgarh, India",Apr,4,Q2,30,False,False
2026-01-01,Chhattisgarh,RENAULT INDIA PVT LTD,Petrol/Diesel/CNG/Hybrid,91,Renault,Renault,France,Central,IN-CT,State,"Chhattisgarh, India",Jan,1,Q1,31,False,False
2026-02-01,Chhattisgarh,RENAULT INDIA PVT LTD,Petrol/Diesel/CNG/Hybrid,80,Renault,Renault,France,Central,IN-CT,State,"Chhattisgarh, India",Feb,2,Q1,28,False,False
2026-03-01,Chhattisgarh,RENAULT INDIA PVT LTD,Petrol/Diesel/CNG/Hybrid,53,Renault,Renault,France,Central,IN-CT,State,"Chhattisgarh, India",Mar,3,Q1,31,False,False
2026-04-01,Chhattisgarh,RENAULT INDIA PVT LTD,Petrol/Diesel/CNG/Hybrid,41,Renault,Renault,France,Central,IN-CT,State,"Chhattisgarh, India",Apr,4,Q2,30,False,False
2026-05-01,Chhattisgarh,RENAULT INDIA PVT LTD,Petrol/Diesel/CNG/Hybrid,44,Renault,Renault,France,Central,IN-CT,State,"Chhattisgarh, India",May,5,Q2,31,False,False
2026-06-01,Chhattisgarh,RENAULT INDIA PVT LTD,Petrol/Diesel/CNG/Hybrid,23,Renault,Renault,France,Central,IN-CT,State,"Chhattisgarh, India",Jun,6,Q2,17,True,False
2026-02-01,Chhattisgarh,SKODA AUTO AS,Petrol/Diesel/CNG/Hybrid,1,Skoda-VW,Volkswagen Group,Germany,Central,IN-CT,State,"Chhattisgarh, India",Feb,2,Q1,28,False,False
2026-01-01,Chhattisgarh,SKODA AUTO VOLKSWAGEN INDIA PVT LTD,Petrol/Diesel/CNG/Hybrid,145,Skoda-VW,Volkswagen Group,Germany,Central,IN-CT,State,"Chhattisgarh, India",Jan,1,Q1,31,False,False
2026-02-01,Chhattisgarh,SKODA AUTO VOLKSWAGEN INDIA PVT LTD,Petrol/Diesel/CNG/Hybrid,134,Skoda-VW,Volkswagen Group,Germany,Central,IN-CT,State,"Chhattisgarh, India",Feb,2,Q1,28,False,False
2026-03-01,Chhattisgarh,SKODA AUTO VOLKSWAGEN INDIA PVT LTD,Petrol/Diesel/CNG/Hybrid,48,Skoda-VW,Volkswagen Group,Germany,Central,IN-CT,State,"Chhattisgarh, India",Mar,3,Q1,31,False,False
2026-04-01,Chhattisgarh,SKODA AUTO VOLKSWAGEN INDIA PVT LTD,Petrol/Diesel/CNG/Hybrid,63,Skoda-VW,Volkswagen Group,Germany,Central,IN-CT,State,"Chhattisgarh, India",Apr,4,Q2,30,False,False
2026-05-01,Chhattisgarh,SKODA AUTO VOLKSWAGEN INDIA PVT LTD,Petrol/Diesel/CNG/Hybrid,68,Skoda-VW,Volkswagen Group,Germany,Central,IN-CT,State,"Chhattisgarh, India",May,5,Q2,31,False,False
2026-06-01,Chhattisgarh,SKODA AUTO VOLKSWAGEN INDIA PVT LTD,Petrol/Diesel/CNG/Hybrid,17,Skoda-VW,Volkswagen Group,Germany,Central,IN-CT,State,"Chhattisgarh, India",Jun,6,Q2,17,True,False
2026-01-01,Chhattisgarh,STELLANTIS AUTOMOBILES INDIA PVT LTD,Petrol/Diesel/CNG/Hybrid,8,Stellantis (Jeep/Citroen),Stellantis,Netherlands,Central,IN-CT,State,"Chhattisgarh, India",Jan,1,Q1,31,False,False
2026-02-01,Chhattisgarh,STELLANTIS AUTOMOBILES INDIA PVT LTD,Petrol/Diesel/CNG/Hybrid,15,Stellantis (Jeep/Citroen),Stellantis,Netherlands,Central,IN-CT,State,"Chhattisgarh, India",Feb,2,Q1,28,False,False
2026-03-01,Chhattisgarh,STELLANTIS AUTOMOBILES INDIA PVT LTD,Petrol/Diesel/CNG/Hybrid,2,Stellantis (Jeep/Citroen),Stellantis,Netherlands,Central,IN-CT,State,"Chhattisgarh, India",Mar,3,Q1,31,False,False
2026-04-01,Chhattisgarh,STELLANTIS AUTOMOBILES INDIA PVT LTD,Petrol/Diesel/CNG/Hybrid,9,Stellantis (Jeep/Citroen),Stellantis,Netherlands,Central,IN-CT,State,"Chhattisgarh, India",Apr,4,Q2,30,False,False
2026-05-01,Chhattisgarh,STELLANTIS AUTOMOBILES INDIA PVT LTD,Petrol/Diesel/CNG/Hybrid,7,Stellantis (Jeep/Citroen),Stellantis,Netherlands,Central,IN-CT,State,"Chhattisgarh, India",May,5,Q2,31,False,False
2026-06-01,Chhattisgarh,STELLANTIS AUTOMOBILES INDIA PVT LTD,Petrol/Diesel/CNG/Hybrid,1,Stellantis (Jeep/Citroen),Stellantis,Netherlands,Central,IN-CT,State,"Chhattisgarh, India",Jun,6,Q2,17,True,False
2026-01-01,Chhattisgarh,STELLANTIS INDIA PVT LTD,Petrol/Diesel/CNG/Hybrid,5,Stellantis (Jeep/Citroen),Stellantis,Netherlands,Central,IN-CT,State,"Chhattisgarh, India",Jan,1,Q1,31,False,False
2026-02-01,Chhattisgarh,STELLANTIS INDIA PVT LTD,Petrol/Diesel/CNG/Hybrid,7,Stellantis (Jeep/Citroen),Stellantis,Netherlands,Central,IN-CT,State,"Chhattisgarh, India",Feb,2,Q1,28,False,False
2026-03-01,Chhattisgarh,STELLANTIS INDIA PVT LTD,Petrol/Diesel/CNG/Hybrid,1,Stellantis (Jeep/Citroen),Stellantis,Netherlands,Central,IN-CT,State,"Chhattisgarh, India",Mar,3,Q1,31,False,False
2026-04-01,Chhattisgarh,STELLANTIS INDIA PVT LTD,Petrol/Diesel/CNG/Hybrid,2,Stellantis (Jeep/Citroen),Stellantis,Netherlands,Central,IN-CT,State,"Chhattisgarh, India",Apr,4,Q2,30,False,False
2026-05-01,Chhattisgarh,STELLANTIS INDIA PVT LTD,Petrol/Diesel/CNG/Hybrid,3,Stellantis (Jeep/Citroen),Stellantis,Netherlands,Central,IN-CT,State,"Chhattisgarh, India",May,5,Q2,31,False,False
2026-01-01,Chhattisgarh,TATA MOTORS LTD,Petrol/Diesel/CNG/Hybrid,10,Tata,Tata Motors,India,Central,IN-CT,State,"Chhattisgarh, India",Jan,1,Q1,31,False,False
2026-02-01,Chhattisgarh,TATA MOTORS LTD,Petrol/Diesel/CNG/Hybrid,16,Tata,Tata Motors,India,Central,IN-CT,State,"Chhattisgarh, India",Feb,2,Q1,28,False,False
2026-03-01,Chhattisgarh,TATA MOTORS LTD,Petrol/Diesel/CNG/Hybrid,8,Tata,Tata Motors,India,Central,IN-CT,State,"Chhattisgarh, India",Mar,3,Q1,31,False,False
2026-04-01,Chhattisgarh,TATA MOTORS LTD,Petrol/Diesel/CNG/Hybrid,8,Tata,Tata Motors,India,Central,IN-CT,State,"Chhattisgarh, India",Apr,4,Q2,30,False,False
2026-05-01,Chhattisgarh,TATA MOTORS LTD,Petrol/Diesel/CNG/Hybrid,6,Tata,Tata Motors,India,Central,IN-CT,State,"Chhattisgarh, India",May,5,Q2,31,False,False
2026-06-01,Chhattisgarh,TATA MOTORS LTD,Petrol/Diesel/CNG/Hybrid,4,Tata,Tata Motors,India,Central,IN-CT,State,"Chhattisgarh, India",Jun,6,Q2,17,True,False
2026-01-01,Chhattisgarh,TATA MOTORS PASSENGER VEHICLES LTD,Petrol/Diesel/CNG/Hybrid,1505,Tata,Tata Motors,India,Central,IN-CT,State,"Chhattisgarh, India",Jan,1,Q1,31,False,False
2026-02-01,Chhattisgarh,TATA MOTORS PASSENGER VEHICLES LTD,Petrol/Diesel/CNG/Hybrid,1190,Tata,Tata Motors,India,Central,IN-CT,State,"Chhattisgarh, India",Feb,2,Q1,28,False,False
2026-03-01,Chhattisgarh,TATA MOTORS PASSENGER VEHICLES LTD,Petrol/Diesel/CNG/Hybrid,654,Tata,Tata Motors,India,Central,IN-CT,State,"Chhattisgarh, India",Mar,3,Q1,31,False,False
2026-04-01,Chhattisgarh,TATA MOTORS PASSENGER VEHICLES LTD,Petrol/Diesel/CNG/Hybrid,603,Tata,Tata Motors,India,Central,IN-CT,State,"Chhattisgarh, India",Apr,4,Q2,30,False,False
2026-05-01,Chhattisgarh,TATA MOTORS PASSENGER VEHICLES LTD,Petrol/Diesel/CNG/Hybrid,633,Tata,Tata Motors,India,Central,IN-CT,State,"Chhattisgarh, India",May,5,Q2,31,False,False
2026-06-01,Chhattisgarh,TATA MOTORS PASSENGER VEHICLES LTD,Petrol/Diesel/CNG/Hybrid,189,Tata,Tata Motors,India,Central,IN-CT,State,"Chhattisgarh, India",Jun,6,Q2,17,True,False
2026-01-01,Chhattisgarh,TATA PASSENGER ELECTRIC MOBILITY LTD,Petrol/Diesel/CNG/Hybrid,1,Tata,Tata Motors,India,Central,IN-CT,State,"Chhattisgarh, India",Jan,1,Q1,31,False,False
2026-05-01,Chhattisgarh,TATA PASSENGER ELECTRIC MOBILITY LTD,Petrol/Diesel/CNG/Hybrid,1,Tata,Tata Motors,India,Central,IN-CT,State,"Chhattisgarh, India",May,5,Q2,31,False,False
2026-01-01,Chhattisgarh,TOYOTA KIRLOSKAR MOTOR PVT LTD,Petrol/Diesel/CNG/Hybrid,650,Toyota,Toyota,Japan,Central,IN-CT,State,"Chhattisgarh, India",Jan,1,Q1,31,False,False
2026-02-01,Chhattisgarh,TOYOTA KIRLOSKAR MOTOR PVT LTD,Petrol/Diesel/CNG/Hybrid,461,Toyota,Toyota,Japan,Central,IN-CT,State,"Chhattisgarh, India",Feb,2,Q1,28,False,False
2026-03-01,Chhattisgarh,TOYOTA KIRLOSKAR MOTOR PVT LTD,Petrol/Diesel/CNG/Hybrid,262,Toyota,Toyota,Japan,Central,IN-CT,State,"Chhattisgarh, India",Mar,3,Q1,31,False,False
2026-04-01,Chhattisgarh,TOYOTA KIRLOSKAR MOTOR PVT LTD,Petrol/Diesel/CNG/Hybrid,283,Toyota,Toyota,Japan,Central,IN-CT,State,"Chhattisgarh, India",Apr,4,Q2,30,False,False
2026-05-01,Chhattisgarh,TOYOTA KIRLOSKAR MOTOR PVT LTD,Petrol/Diesel/CNG/Hybrid,272,Toyota,Toyota,Japan,Central,IN-CT,State,"Chhattisgarh, India",May,5,Q2,31,False,False
2026-06-01,Chhattisgarh,TOYOTA KIRLOSKAR MOTOR PVT LTD,Petrol/Diesel/CNG/Hybrid,84,Toyota,Toyota,Japan,Central,IN-CT,State,"Chhattisgarh, India",Jun,6,Q2,17,True,False
2026-01-01,Chhattisgarh,VOLKSWAGEN AG,Petrol/Diesel/CNG/Hybrid,1,Skoda-VW,Volkswagen Group,Germany,Central,IN-CT,State,"Chhattisgarh, India",Jan,1,Q1,31,False,False
2026-01-01,Chhattisgarh,VOLVO AUTO INDIA PVT LTD,Petrol/Diesel/CNG/Hybrid,7,Volvo,Geely,Sweden,Central,IN-CT,State,"Chhattisgarh, India",Jan,1,Q1,31,False,False
2026-02-01,Chhattisgarh,VOLVO AUTO INDIA PVT LTD,Petrol/Diesel/CNG/Hybrid,10,Volvo,Geely,Sweden,Central,IN-CT,State,"Chhattisgarh, India",Feb,2,Q1,28,False,False
2026-03-01,Chhattisgarh,VOLVO AUTO INDIA PVT LTD,Petrol/Diesel/CNG/Hybrid,3,Volvo,Geely,Sweden,Central,IN-CT,State,"Chhattisgarh, India",Mar,3,Q1,31,False,False
2026-04-01,Chhattisgarh,VOLVO AUTO INDIA PVT LTD,Petrol/Diesel/CNG/Hybrid,2,Volvo,Geely,Sweden,Central,IN-CT,State,"Chhattisgarh, India",Apr,4,Q2,30,False,False
2026-05-01,Chhattisgarh,VOLVO AUTO INDIA PVT LTD,Petrol/Diesel/CNG/Hybrid,3,Volvo,Geely,Sweden,Central,IN-CT,State,"Chhattisgarh, India",May,5,Q2,31,False,False
2026-02-01,Dadra and Nagar Haveli and Daman and Diu,AUDI AG,Petrol/Diesel/CNG/Hybrid,1,Audi,Volkswagen Group,Germany,West,IN-DH,Union Territory,"Dadra and Nagar Haveli and Daman and Diu, India",Feb,2,Q1,28,False,False
2026-03-01,Dadra and Nagar Haveli and Daman and Diu,AUDI AG,Petrol/Diesel/CNG/Hybrid,1,Audi,Volkswagen Group,Germany,West,IN-DH,Union Territory,"Dadra and Nagar Haveli and Daman and Diu, India",Mar,3,Q1,31,False,False
2026-01-01,Dadra and Nagar Haveli and Daman and Diu,BMW INDIA PVT LTD,Petrol/Diesel/CNG/Hybrid,150,BMW,BMW Group,Germany,West,IN-DH,Union Territory,"Dadra and Nagar Haveli and Daman and Diu, India",Jan,1,Q1,31,False,False
2026-02-01,Dadra and Nagar Haveli and Daman and Diu,BMW INDIA PVT LTD,Petrol/Diesel/CNG/Hybrid,98,BMW,BMW Group,Germany,West,IN-DH,Union Territory,"Dadra and Nagar Haveli and Daman and Diu, India",Feb,2,Q1,28,False,False
2026-03-01,Dadra and Nagar Haveli and Daman and Diu,BMW INDIA PVT LTD,Petrol/Diesel/CNG/Hybrid,80,BMW,BMW Group,Germany,West,IN-DH,Union Territory,"Dadra and Nagar Haveli and Daman and Diu, India",Mar,3,Q1,31,False,False
2026-04-01,Dadra and Nagar Haveli and Daman and Diu,BMW INDIA PVT LTD,Petrol/Diesel/CNG/Hybrid,81,BMW,BMW Group,Germany,West,IN-DH,Union Territory,"Dadra and Nagar Haveli and Daman and Diu, India",Apr,4,Q2,30,False,False
2026-05-01,Dadra and Nagar Haveli and Daman and Diu,BMW INDIA PVT LTD,Petrol/Diesel/CNG/Hybrid,84,BMW,BMW Group,Germany,West,IN-DH,Union Territory,"Dadra and Nagar Haveli and Daman and Diu, India",May,5,Q2,31,False,False
2026-06-01,Dadra and Nagar Haveli and Daman and Diu,BMW INDIA PVT LTD,Petrol/Diesel/CNG/Hybrid,34,BMW,BMW Group,Germany,West,IN-DH,Union Territory,"Dadra and Nagar Haveli and Daman and Diu, India",Jun,6,Q2,17,True,False
2026-01-01,Dadra and Nagar Haveli and Daman and Diu,FORCE MOTORS LIMITED,Petrol/Diesel/CNG/Hybrid,1,Force,Force Motors,India,West,IN-DH,Union Territory,"Dadra and Nagar Haveli and Daman and Diu, India",Jan,1,Q1,31,False,False
2026-02-01,Dadra and Nagar Haveli and Daman and Diu,FORCE MOTORS LIMITED,Petrol/Diesel/CNG/Hybrid,1,Force,Force Motors,India,West,IN-DH,Union Territory,"Dadra and Nagar Haveli and Daman and Diu, India",Feb,2,Q1,28,False,False
2026-05-01,Dadra and Nagar Haveli and Daman and Diu,FORCE MOTORS LIMITED,Petrol/Diesel/CNG/Hybrid,3,Force,Force Motors,India,West,IN-DH,Union Territory,"Dadra and Nagar Haveli and Daman and Diu, India",May,5,Q2,31,False,False
2026-06-01,Dadra and Nagar Haveli and Daman and Diu,FORCE MOTORS LIMITED,Petrol/Diesel/CNG/Hybrid,1,Force,Force Motors,India,West,IN-DH,Union Territory,"Dadra and Nagar Haveli and Daman and Diu, India",Jun,6,Q2,17,True,False
2026-01-01,Dadra and Nagar Haveli and Daman and Diu,HONDA CARS INDIA LTD,Petrol/Diesel/CNG/Hybrid,6,Honda,Honda,Japan,West,IN-DH,Union Territory,"Dadra and Nagar Haveli and Daman and Diu, India",Jan,1,Q1,31,False,False
2026-02-01,Dadra and Nagar Haveli and Daman and Diu,HONDA CARS INDIA LTD,Petrol/Diesel/CNG/Hybrid,3,Honda,Honda,Japan,West,IN-DH,Union Territory,"Dadra and Nagar Haveli and Daman and Diu, India",Feb,2,Q1,28,False,False
2026-03-01,Dadra and Nagar Haveli and Daman and Diu,HONDA CARS INDIA LTD,Petrol/Diesel/CNG/Hybrid,2,Honda,Honda,Japan,West,IN-DH,Union Territory,"Dadra and Nagar Haveli and Daman and Diu, India",Mar,3,Q1,31,False,False
2026-04-01,Dadra and Nagar Haveli and Daman and Diu,HONDA CARS INDIA LTD,Petrol/Diesel/CNG/Hybrid,4,Honda,Honda,Japan,West,IN-DH,Union Territory,"Dadra and Nagar Haveli and Daman and Diu, India",Apr,4,Q2,30,False,False
2026-05-01,Dadra and Nagar Haveli and Daman and Diu,HONDA CARS INDIA LTD,Petrol/Diesel/CNG/Hybrid,5,Honda,Honda,Japan,West,IN-DH,Union Territory,"Dadra and Nagar Haveli and Daman and Diu, India",May,5,Q2,31,False,False
2026-06-01,Dadra and Nagar Haveli and Daman and Diu,HONDA CARS INDIA LTD,Petrol/Diesel/CNG/Hybrid,2,Honda,Honda,Japan,West,IN-DH,Union Territory,"Dadra and Nagar Haveli and Daman and Diu, India",Jun,6,Q2,17,True,False
2026-01-01,Dadra and Nagar Haveli and Daman and Diu,HYUNDAI MOTOR INDIA LTD,Petrol/Diesel/CNG/Hybrid,62,Hyundai,Hyundai,South Korea,West,IN-DH,Union Territory,"Dadra and Nagar Haveli and Daman and Diu, India",Jan,1,Q1,31,False,False
2026-02-01,Dadra and Nagar Haveli and Daman and Diu,HYUNDAI MOTOR INDIA LTD,Petrol/Diesel/CNG/Hybrid,60,Hyundai,Hyundai,South Korea,West,IN-DH,Union Territory,"Dadra and Nagar Haveli and Daman and Diu, India",Feb,2,Q1,28,False,False
2026-03-01,Dadra and Nagar Haveli and Daman and Diu,HYUNDAI MOTOR INDIA LTD,Petrol/Diesel/CNG/Hybrid,56,Hyundai,Hyundai,South Korea,West,IN-DH,Union Territory,"Dadra and Nagar Haveli and Daman and Diu, India",Mar,3,Q1,31,False,False
2026-04-01,Dadra and Nagar Haveli and Daman and Diu,HYUNDAI MOTOR INDIA LTD,Petrol/Diesel/CNG/Hybrid,24,Hyundai,Hyundai,South Korea,West,IN-DH,Union Territory,"Dadra and Nagar Haveli and Daman and Diu, India",Apr,4,Q2,30,False,False
2026-05-01,Dadra and Nagar Haveli and Daman and Diu,HYUNDAI MOTOR INDIA LTD,Petrol/Diesel/CNG/Hybrid,57,Hyundai,Hyundai,South Korea,West,IN-DH,Union Territory,"Dadra and Nagar Haveli and Daman and Diu, India",May,5,Q2,31,False,False
2026-06-01,Dadra and Nagar Haveli and Daman and Diu,HYUNDAI MOTOR INDIA LTD,Petrol/Diesel/CNG/Hybrid,27,Hyundai,Hyundai,South Korea,West,IN-DH,Union Territory,"Dadra and Nagar Haveli and Daman and Diu, India",Jun,6,Q2,17,True,False
2026-01-01,Dadra and Nagar Haveli and Daman and Diu,JAGUAR LAND ROVER INDIA LIMITED,Petrol/Diesel/CNG/Hybrid,16,Jaguar Land Rover,Tata Motors,UK,West,IN-DH,Union Territory,"Dadra and Nagar Haveli and Daman and Diu, India",Jan,1,Q1,31,False,False
2026-02-01,Dadra and Nagar Haveli and Daman and Diu,JAGUAR LAND ROVER INDIA LIMITED,Petrol/Diesel/CNG/Hybrid,25,Jaguar Land Rover,Tata Motors,UK,West,IN-DH,Union Territory,"Dadra and Nagar Haveli and Daman and Diu, India",Feb,2,Q1,28,False,False
2026-03-01,Dadra and Nagar Haveli and Daman and Diu,JAGUAR LAND ROVER INDIA LIMITED,Petrol/Diesel/CNG/Hybrid,12,Jaguar Land Rover,Tata Motors,UK,West,IN-DH,Union Territory,"Dadra and Nagar Haveli and Daman and Diu, India",Mar,3,Q1,31,False,False
2026-04-01,Dadra and Nagar Haveli and Daman and Diu,JAGUAR LAND ROVER INDIA LIMITED,Petrol/Diesel/CNG/Hybrid,15,Jaguar Land Rover,Tata Motors,UK,West,IN-DH,Union Territory,"Dadra and Nagar Haveli and Daman and Diu, India",Apr,4,Q2,30,False,False
2026-05-01,Dadra and Nagar Haveli and Daman and Diu,JAGUAR LAND ROVER INDIA LIMITED,Petrol/Diesel/CNG/Hybrid,8,Jaguar Land Rover,Tata Motors,UK,West,IN-DH,Union Territory,"Dadra and Nagar Haveli and Daman and Diu, India",May,5,Q2,31,False,False
2026-06-01,Dadra and Nagar Haveli and Daman and Diu,JAGUAR LAND ROVER INDIA LIMITED,Petrol/Diesel/CNG/Hybrid,7,Jaguar Land Rover,Tata Motors,UK,West,IN-DH,Union Territory,"Dadra and Nagar Haveli and Daman and Diu, India",Jun,6,Q2,17,True,False
2026-01-01,Dadra and Nagar Haveli and Daman and Diu,JSW MG MOTOR INDIA PVT LTD,Petrol/Diesel/CNG/Hybrid,1,MG,JSW-SAIC,India / China,West,IN-DH,Union Territory,"Dadra and Nagar Haveli and Daman and Diu, India",Jan,1,Q1,31,False,False
2026-02-01,Dadra and Nagar Haveli and Daman and Diu,JSW MG MOTOR INDIA PVT LTD,Petrol/Diesel/CNG/Hybrid,4,MG,JSW-SAIC,India / China,West,IN-DH,Union Territory,"Dadra and Nagar Haveli and Daman and Diu, India",Feb,2,Q1,28,False,False
2026-03-01,Dadra and Nagar Haveli and Daman and Diu,JSW MG MOTOR INDIA PVT LTD,Petrol/Diesel/CNG/Hybrid,4,MG,JSW-SAIC,India / China,West,IN-DH,Union Territory,"Dadra and Nagar Haveli and Daman and Diu, India",Mar,3,Q1,31,False,False
2026-04-01,Dadra and Nagar Haveli and Daman and Diu,JSW MG MOTOR INDIA PVT LTD,Petrol/Diesel/CNG/Hybrid,1,MG,JSW-SAIC,India / China,West,IN-DH,Union Territory,"Dadra and Nagar Haveli and Daman and Diu, India",Apr,4,Q2,30,False,False
2026-05-01,Dadra and Nagar Haveli and Daman and Diu,JSW MG MOTOR INDIA PVT LTD,Petrol/Diesel/CNG/Hybrid,1,MG,JSW-SAIC,India / China,West,IN-DH,Union Territory,"Dadra and Nagar Haveli and Daman and Diu, India",May,5,Q2,31,False,False
2026-01-01,Dadra and Nagar Haveli and Daman and Diu,KIA INDIA PRIVATE LIMITED,Petrol/Diesel/CNG/Hybrid,29,Kia,Hyundai,South Korea,West,IN-DH,Union Territory,"Dadra and Nagar Haveli and Daman and Diu, India",Jan,1,Q1,31,False,False
2026-02-01,Dadra and Nagar Haveli and Daman and Diu,KIA INDIA PRIVATE LIMITED,Petrol/Diesel/CNG/Hybrid,35,Kia,Hyundai,South Korea,West,IN-DH,Union Territory,"Dadra and Nagar Haveli and Daman and Diu, India",Feb,2,Q1,28,False,False
2026-03-01,Dadra and Nagar Haveli and Daman and Diu,KIA INDIA PRIVATE LIMITED,Petrol/Diesel/CNG/Hybrid,42,Kia,Hyundai,South Korea,West,IN-DH,Union Territory,"Dadra and Nagar Haveli and Daman and Diu, India",Mar,3,Q1,31,False,False
2026-04-01,Dadra and Nagar Haveli and Daman and Diu,KIA INDIA PRIVATE LIMITED,Petrol/Diesel/CNG/Hybrid,29,Kia,Hyundai,South Korea,West,IN-DH,Union Territory,"Dadra and Nagar Haveli and Daman and Diu, India",Apr,4,Q2,30,False,False
2026-05-01,Dadra and Nagar Haveli and Daman and Diu,KIA INDIA PRIVATE LIMITED,Petrol/Diesel/CNG/Hybrid,34,Kia,Hyundai,South Korea,West,IN-DH,Union Territory,"Dadra and Nagar Haveli and Daman and Diu, India",May,5,Q2,31,False,False
2026-06-01,Dadra and Nagar Haveli and Daman and Diu,KIA INDIA PRIVATE LIMITED,Petrol/Diesel/CNG/Hybrid,24,Kia,Hyundai,South Korea,West,IN-DH,Union Territory,"Dadra and Nagar Haveli and Daman and Diu, India",Jun,6,Q2,17,True,False
2026-01-01,Dadra and Nagar Haveli and Daman and Diu,MAHINDRA & MAHINDRA LIMITED,Petrol/Diesel/CNG/Hybrid,39,Mahindra,Mahindra,India,West,IN-DH,Union Territory,"Dadra and Nagar Haveli and Daman and Diu, India",Jan,1,Q1,31,False,False
2026-02-01,Dadra and Nagar Haveli and Daman and Diu,MAHINDRA & MAHINDRA LIMITED,Petrol/Diesel/CNG/Hybrid,32,Mahindra,Mahindra,India,West,IN-DH,Union Territory,"Dadra and Nagar Haveli and Daman and Diu, India",Feb,2,Q1,28,False,False
2026-03-01,Dadra and Nagar Haveli and Daman and Diu,MAHINDRA & MAHINDRA LIMITED,Petrol/Diesel/CNG/Hybrid,35,Mahindra,Mahindra,India,West,IN-DH,Union Territory,"Dadra and Nagar Haveli and Daman and Diu, India",Mar,3,Q1,31,False,False
2026-04-01,Dadra and Nagar Haveli and Daman and Diu,MAHINDRA & MAHINDRA LIMITED,Petrol/Diesel/CNG/Hybrid,34,Mahindra,Mahindra,India,West,IN-DH,Union Territory,"Dadra and Nagar Haveli and Daman and Diu, India",Apr,4,Q2,30,False,False
2026-05-01,Dadra and Nagar Haveli and Daman and Diu,MAHINDRA & MAHINDRA LIMITED,Petrol/Diesel/CNG/Hybrid,33,Mahindra,Mahindra,India,West,IN-DH,Union Territory,"Dadra and Nagar Haveli and Daman and Diu, India",May,5,Q2,31,False,False
2026-06-01,Dadra and Nagar Haveli and Daman and Diu,MAHINDRA & MAHINDRA LIMITED,Petrol/Diesel/CNG/Hybrid,28,Mahindra,Mahindra,India,West,IN-DH,Union Territory,"Dadra and Nagar Haveli and Daman and Diu, India",Jun,6,Q2,17,True,False
2026-01-01,Dadra and Nagar Haveli and Daman and Diu,MARUTI SUZUKI INDIA LTD,Petrol/Diesel/CNG/Hybrid,250,Maruti Suzuki,Suzuki,Japan,West,IN-DH,Union Territory,"Dadra and Nagar Haveli and Daman and Diu, India",Jan,1,Q1,31,False,False
2026-02-01,Dadra and Nagar Haveli and Daman and Diu,MARUTI SUZUKI INDIA LTD,Petrol/Diesel/CNG/Hybrid,174,Maruti Suzuki,Suzuki,Japan,West,IN-DH,Union Territory,"Dadra and Nagar Haveli and Daman and Diu, India",Feb,2,Q1,28,False,False
2026-03-01,Dadra and Nagar Haveli and Daman and Diu,MARUTI SUZUKI INDIA LTD,Petrol/Diesel/CNG/Hybrid,196,Maruti Suzuki,Suzuki,Japan,West,IN-DH,Union Territory,"Dadra and Nagar Haveli and Daman and Diu, India",Mar,3,Q1,31,False,False
2026-04-01,Dadra and Nagar Haveli and Daman and Diu,MARUTI SUZUKI INDIA LTD,Petrol/Diesel/CNG/Hybrid,136,Maruti Suzuki,Suzuki,Japan,West,IN-DH,Union Territory,"Dadra and Nagar Haveli and Daman and Diu, India",Apr,4,Q2,30,False,False
2026-05-01,Dadra and Nagar Haveli and Daman and Diu,MARUTI SUZUKI INDIA LTD,Petrol/Diesel/CNG/Hybrid,145,Maruti Suzuki,Suzuki,Japan,West,IN-DH,Union Territory,"Dadra and Nagar Haveli and Daman and Diu, India",May,5,Q2,31,False,False
2026-06-01,Dadra and Nagar Haveli and Daman and Diu,MARUTI SUZUKI INDIA LTD,Petrol/Diesel/CNG/Hybrid,67,Maruti Suzuki,Suzuki,Japan,West,IN-DH,Union Territory,"Dadra and Nagar Haveli and Daman and Diu, India",Jun,6,Q2,17,True,False
2026-01-01,Dadra and Nagar Haveli and Daman and Diu,MASERATI S.P.A,Petrol/Diesel/CNG/Hybrid,1,Maserati,Stellantis,Italy,West,IN-DH,Union Territory,"Dadra and Nagar Haveli and Daman and Diu, India",Jan,1,Q1,31,False,False
2026-01-01,Dadra and Nagar Haveli and Daman and Diu,MERCEDES-BENZ AG,Petrol/Diesel/CNG/Hybrid,3,Mercedes-Benz,Mercedes-Benz,Germany,West,IN-DH,Union Territory,"Dadra and Nagar Haveli and Daman and Diu, India",Jan,1,Q1,31,False,False
2026-02-01,Dadra and Nagar Haveli and Daman and Diu,MERCEDES-BENZ AG,Petrol/Diesel/CNG/Hybrid,2,Mercedes-Benz,Mercedes-Benz,Germany,West,IN-DH,Union Territory,"Dadra and Nagar Haveli and Daman and Diu, India",Feb,2,Q1,28,False,False
2026-03-01,Dadra and Nagar Haveli and Daman and Diu,MERCEDES-BENZ AG,Petrol/Diesel/CNG/Hybrid,2,Mercedes-Benz,Mercedes-Benz,Germany,West,IN-DH,Union Territory,"Dadra and Nagar Haveli and Daman and Diu, India",Mar,3,Q1,31,False,False
2026-04-01,Dadra and Nagar Haveli and Daman and Diu,MERCEDES-BENZ AG,Petrol/Diesel/CNG/Hybrid,2,Mercedes-Benz,Mercedes-Benz,Germany,West,IN-DH,Union Territory,"Dadra and Nagar Haveli and Daman and Diu, India",Apr,4,Q2,30,False,False
2026-05-01,Dadra and Nagar Haveli and Daman and Diu,MERCEDES-BENZ AG,Petrol/Diesel/CNG/Hybrid,4,Mercedes-Benz,Mercedes-Benz,Germany,West,IN-DH,Union Territory,"Dadra and Nagar Haveli and Daman and Diu, India",May,5,Q2,31,False,False
2026-06-01,Dadra and Nagar Haveli and Daman and Diu,MERCEDES-BENZ AG,Petrol/Diesel/CNG/Hybrid,3,Mercedes-Benz,Mercedes-Benz,Germany,West,IN-DH,Union Territory,"Dadra and Nagar Haveli and Daman and Diu, India",Jun,6,Q2,17,True,False
2026-01-01,Dadra and Nagar Haveli and Daman and Diu,MERCEDES-BENZ INDIA PVT LTD,Petrol/Diesel/CNG/Hybrid,69,Mercedes-Benz,Mercedes-Benz,Germany,West,IN-DH,Union Territory,"Dadra and Nagar Haveli and Daman and Diu, India",Jan,1,Q1,31,False,False
2026-02-01,Dadra and Nagar Haveli and Daman and Diu,MERCEDES-BENZ INDIA PVT LTD,Petrol/Diesel/CNG/Hybrid,49,Mercedes-Benz,Mercedes-Benz,Germany,West,IN-DH,Union Territory,"Dadra and Nagar Haveli and Daman and Diu, India",Feb,2,Q1,28,False,False
2026-03-01,Dadra and Nagar Haveli and Daman and Diu,MERCEDES-BENZ INDIA PVT LTD,Petrol/Diesel/CNG/Hybrid,50,Mercedes-Benz,Mercedes-Benz,Germany,West,IN-DH,Union Territory,"Dadra and Nagar Haveli and Daman and Diu, India",Mar,3,Q1,31,False,False
2026-04-01,Dadra and Nagar Haveli and Daman and Diu,MERCEDES-BENZ INDIA PVT LTD,Petrol/Diesel/CNG/Hybrid,41,Mercedes-Benz,Mercedes-Benz,Germany,West,IN-DH,Union Territory,"Dadra and Nagar Haveli and Daman and Diu, India",Apr,4,Q2,30,False,False
2026-05-01,Dadra and Nagar Haveli and Daman and Diu,MERCEDES-BENZ INDIA PVT LTD,Petrol/Diesel/CNG/Hybrid,33,Mercedes-Benz,Mercedes-Benz,Germany,West,IN-DH,Union Territory,"Dadra and Nagar Haveli and Daman and Diu, India",May,5,Q2,31,False,False
2026-06-01,Dadra and Nagar Haveli and Daman and Diu,MERCEDES-BENZ INDIA PVT LTD,Petrol/Diesel/CNG/Hybrid,31,Mercedes-Benz,Mercedes-Benz,Germany,West,IN-DH,Union Territory,"Dadra and Nagar Haveli and Daman and Diu, India",Jun,6,Q2,17,True,False
2026-01-01,Dadra and Nagar Haveli and Daman and Diu,NISSAN MOTOR INDIA PVT LTD,Petrol/Diesel/CNG/Hybrid,1,Nissan,Nissan,Japan,West,IN-DH,Union Territory,"Dadra and Nagar Haveli and Daman and Diu, India",Jan,1,Q1,31,False,False
2026-02-01,Dadra and Nagar Haveli and Daman and Diu,NISSAN MOTOR INDIA PVT LTD,Petrol/Diesel/CNG/Hybrid,4,Nissan,Nissan,Japan,West,IN-DH,Union Territory,"Dadra and Nagar Haveli and Daman and Diu, India",Feb,2,Q1,28,False,False
2026-03-01,Dadra and Nagar Haveli and Daman and Diu,NISSAN MOTOR INDIA PVT LTD,Petrol/Diesel/CNG/Hybrid,2,Nissan,Nissan,Japan,West,IN-DH,Union Territory,"Dadra and Nagar Haveli and Daman and Diu, India",Mar,3,Q1,31,False,False
2026-04-01,Dadra and Nagar Haveli and Daman and Diu,NISSAN MOTOR INDIA PVT LTD,Petrol/Diesel/CNG/Hybrid,5,Nissan,Nissan,Japan,West,IN-DH,Union Territory,"Dadra and Nagar Haveli and Daman and Diu, India",Apr,4,Q2,30,False,False
2026-05-01,Dadra and Nagar Haveli and Daman and Diu,NISSAN MOTOR INDIA PVT LTD,Petrol/Diesel/CNG/Hybrid,7,Nissan,Nissan,Japan,West,IN-DH,Union Territory,"Dadra and Nagar Haveli and Daman and Diu, India",May,5,Q2,31,False,False
2026-01-01,Dadra and Nagar Haveli and Daman and Diu,PORSCHE AG GERMANY,Petrol/Diesel/CNG/Hybrid,5,Porsche,Volkswagen Group,Germany,West,IN-DH,Union Territory,"Dadra and Nagar Haveli and Daman and Diu, India",Jan,1,Q1,31,False,False
2026-02-01,Dadra and Nagar Haveli and Daman and Diu,PORSCHE AG GERMANY,Petrol/Diesel/CNG/Hybrid,2,Porsche,Volkswagen Group,Germany,West,IN-DH,Union Territory,"Dadra and Nagar Haveli and Daman and Diu, India",Feb,2,Q1,28,False,False
2026-03-01,Dadra and Nagar Haveli and Daman and Diu,PORSCHE AG GERMANY,Petrol/Diesel/CNG/Hybrid,4,Porsche,Volkswagen Group,Germany,West,IN-DH,Union Territory,"Dadra and Nagar Haveli and Daman and Diu, India",Mar,3,Q1,31,False,False
2026-04-01,Dadra and Nagar Haveli and Daman and Diu,PORSCHE AG GERMANY,Petrol/Diesel/CNG/Hybrid,3,Porsche,Volkswagen Group,Germany,West,IN-DH,Union Territory,"Dadra and Nagar Haveli and Daman and Diu, India",Apr,4,Q2,30,False,False
2026-05-01,Dadra and Nagar Haveli and Daman and Diu,PORSCHE AG GERMANY,Petrol/Diesel/CNG/Hybrid,1,Porsche,Volkswagen Group,Germany,West,IN-DH,Union Territory,"Dadra and Nagar Haveli and Daman and Diu, India",May,5,Q2,31,False,False
2026-01-01,Dadra and Nagar Haveli and Daman and Diu,RENAULT INDIA PVT LTD,Petrol/Diesel/CNG/Hybrid,3,Renault,Renault,France,West,IN-DH,Union Territory,"Dadra and Nagar Haveli and Daman and Diu, India",Jan,1,Q1,31,False,False
2026-02-01,Dadra and Nagar Haveli and Daman and Diu,RENAULT INDIA PVT LTD,Petrol/Diesel/CNG/Hybrid,2,Renault,Renault,France,West,IN-DH,Union Territory,"Dadra and Nagar Haveli and Daman and Diu, India",Feb,2,Q1,28,False,False
2026-03-01,Dadra and Nagar Haveli and Daman and Diu,RENAULT INDIA PVT LTD,Petrol/Diesel/CNG/Hybrid,3,Renault,Renault,France,West,IN-DH,Union Territory,"Dadra and Nagar Haveli and Daman and Diu, India",Mar,3,Q1,31,False,False
2026-04-01,Dadra and Nagar Haveli and Daman and Diu,RENAULT INDIA PVT LTD,Petrol/Diesel/CNG/Hybrid,3,Renault,Renault,France,West,IN-DH,Union Territory,"Dadra and Nagar Haveli and Daman and Diu, India",Apr,4,Q2,30,False,False
2026-05-01,Dadra and Nagar Haveli and Daman and Diu,RENAULT INDIA PVT LTD,Petrol/Diesel/CNG/Hybrid,1,Renault,Renault,France,West,IN-DH,Union Territory,"Dadra and Nagar Haveli and Daman and Diu, India",May,5,Q2,31,False,False
2026-06-01,Dadra and Nagar Haveli and Daman and Diu,RENAULT INDIA PVT LTD,Petrol/Diesel/CNG/Hybrid,3,Renault,Renault,France,West,IN-DH,Union Territory,"Dadra and Nagar Haveli and Daman and Diu, India",Jun,6,Q2,17,True,False
2026-01-01,Dadra and Nagar Haveli and Daman and Diu,SKODA AUTO VOLKSWAGEN INDIA PVT LTD,Petrol/Diesel/CNG/Hybrid,31,Skoda-VW,Volkswagen Group,Germany,West,IN-DH,Union Territory,"Dadra and Nagar Haveli and Daman and Diu, India",Jan,1,Q1,31,False,False
2026-02-01,Dadra and Nagar Haveli and Daman and Diu,SKODA AUTO VOLKSWAGEN INDIA PVT LTD,Petrol/Diesel/CNG/Hybrid,19,Skoda-VW,Volkswagen Group,Germany,West,IN-DH,Union Territory,"Dadra and Nagar Haveli and Daman and Diu, India",Feb,2,Q1,28,False,False
2026-03-01,Dadra and Nagar Haveli and Daman and Diu,SKODA AUTO VOLKSWAGEN INDIA PVT LTD,Petrol/Diesel/CNG/Hybrid,20,Skoda-VW,Volkswagen Group,Germany,West,IN-DH,Union Territory,"Dadra and Nagar Haveli and Daman and Diu, India",Mar,3,Q1,31,False,False
2026-04-01,Dadra and Nagar Haveli and Daman and Diu,SKODA AUTO VOLKSWAGEN INDIA PVT LTD,Petrol/Diesel/CNG/Hybrid,24,Skoda-VW,Volkswagen Group,Germany,West,IN-DH,Union Territory,"Dadra and Nagar Haveli and Daman and Diu, India",Apr,4,Q2,30,False,False
2026-05-01,Dadra and Nagar Haveli and Daman and Diu,SKODA AUTO VOLKSWAGEN INDIA PVT LTD,Petrol/Diesel/CNG/Hybrid,33,Skoda-VW,Volkswagen Group,Germany,West,IN-DH,Union Territory,"Dadra and Nagar Haveli and Daman and Diu, India",May,5,Q2,31,False,False
2026-06-01,Dadra and Nagar Haveli and Daman and Diu,SKODA AUTO VOLKSWAGEN INDIA PVT LTD,Petrol/Diesel/CNG/Hybrid,15,Skoda-VW,Volkswagen Group,Germany,West,IN-DH,Union Territory,"Dadra and Nagar Haveli and Daman and Diu, India",Jun,6,Q2,17,True,False
2026-01-01,Dadra and Nagar Haveli and Daman and Diu,STELLANTIS AUTOMOBILES INDIA PVT LTD,Petrol/Diesel/CNG/Hybrid,1,Stellantis (Jeep/Citroen),Stellantis,Netherlands,West,IN-DH,Union Territory,"Dadra and Nagar Haveli and Daman and Diu, India",Jan,1,Q1,31,False,False
2026-01-01,Dadra and Nagar Haveli and Daman and Diu,STELLANTIS INDIA PVT LTD,Petrol/Diesel/CNG/Hybrid,3,Stellantis (Jeep/Citroen),Stellantis,Netherlands,West,IN-DH,Union Territory,"Dadra and Nagar Haveli and Daman and Diu, India",Jan,1,Q1,31,False,False
2026-02-01,Dadra and Nagar Haveli and Daman and Diu,STELLANTIS INDIA PVT LTD,Petrol/Diesel/CNG/Hybrid,4,Stellantis (Jeep/Citroen),Stellantis,Netherlands,West,IN-DH,Union Territory,"Dadra and Nagar Haveli and Daman and Diu, India",Feb,2,Q1,28,False,False
2026-03-01,Dadra and Nagar Haveli and Daman and Diu,STELLANTIS INDIA PVT LTD,Petrol/Diesel/CNG/Hybrid,3,Stellantis (Jeep/Citroen),Stellantis,Netherlands,West,IN-DH,Union Territory,"Dadra and Nagar Haveli and Daman and Diu, India",Mar,3,Q1,31,False,False
2026-04-01,Dadra and Nagar Haveli and Daman and Diu,STELLANTIS INDIA PVT LTD,Petrol/Diesel/CNG/Hybrid,1,Stellantis (Jeep/Citroen),Stellantis,Netherlands,West,IN-DH,Union Territory,"Dadra and Nagar Haveli and Daman and Diu, India",Apr,4,Q2,30,False,False
2026-05-01,Dadra and Nagar Haveli and Daman and Diu,STELLANTIS INDIA PVT LTD,Petrol/Diesel/CNG/Hybrid,5,Stellantis (Jeep/Citroen),Stellantis,Netherlands,West,IN-DH,Union Territory,"Dadra and Nagar Haveli and Daman and Diu, India",May,5,Q2,31,False,False
2026-06-01,Dadra and Nagar Haveli and Daman and Diu,STELLANTIS INDIA PVT LTD,Petrol/Diesel/CNG/Hybrid,4,Stellantis (Jeep/Citroen),Stellantis,Netherlands,West,IN-DH,Union Territory,"Dadra and Nagar Haveli and Daman and Diu, India",Jun,6,Q2,17,True,False
2026-01-01,Dadra and Nagar Haveli and Daman and Diu,TATA MOTORS LTD,Petrol/Diesel/CNG/Hybrid,1,Tata,Tata Motors,India,West,IN-DH,Union Territory,"Dadra and Nagar Haveli and Daman and Diu, India",Jan,1,Q1,31,False,False
2026-01-01,Dadra and Nagar Haveli and Daman and Diu,TATA MOTORS PASSENGER VEHICLES LTD,Petrol/Diesel/CNG/Hybrid,41,Tata,Tata Motors,India,West,IN-DH,Union Territory,"Dadra and Nagar Haveli and Daman and Diu, India",Jan,1,Q1,31,False,False
2026-02-01,Dadra and Nagar Haveli and Daman and Diu,TATA MOTORS PASSENGER VEHICLES LTD,Petrol/Diesel/CNG/Hybrid,35,Tata,Tata Motors,India,West,IN-DH,Union Territory,"Dadra and Nagar Haveli and Daman and Diu, India",Feb,2,Q1,28,False,False
2026-03-01,Dadra and Nagar Haveli and Daman and Diu,TATA MOTORS PASSENGER VEHICLES LTD,Petrol/Diesel/CNG/Hybrid,32,Tata,Tata Motors,India,West,IN-DH,Union Territory,"Dadra and Nagar Haveli and Daman and Diu, India",Mar,3,Q1,31,False,False
2026-04-01,Dadra and Nagar Haveli and Daman and Diu,TATA MOTORS PASSENGER VEHICLES LTD,Petrol/Diesel/CNG/Hybrid,40,Tata,Tata Motors,India,West,IN-DH,Union Territory,"Dadra and Nagar Haveli and Daman and Diu, India",Apr,4,Q2,30,False,False
2026-05-01,Dadra and Nagar Haveli and Daman and Diu,TATA MOTORS PASSENGER VEHICLES LTD,Petrol/Diesel/CNG/Hybrid,28,Tata,Tata Motors,India,West,IN-DH,Union Territory,"Dadra and Nagar Haveli and Daman and Diu, India",May,5,Q2,31,False,False
2026-06-01,Dadra and Nagar Haveli and Daman and Diu,TATA MOTORS PASSENGER VEHICLES LTD,Petrol/Diesel/CNG/Hybrid,24,Tata,Tata Motors,India,West,IN-DH,Union Territory,"Dadra and Nagar Haveli and Daman and Diu, India",Jun,6,Q2,17,True,False
2026-01-01,Dadra and Nagar Haveli and Daman and Diu,TOYOTA KIRLOSKAR MOTOR PVT LTD,Petrol/Diesel/CNG/Hybrid,75,Toyota,Toyota,Japan,West,IN-DH,Union Territory,"Dadra and Nagar Haveli and Daman and Diu, India",Jan,1,Q1,31,False,False
2026-02-01,Dadra and Nagar Haveli and Daman and Diu,TOYOTA KIRLOSKAR MOTOR PVT LTD,Petrol/Diesel/CNG/Hybrid,58,Toyota,Toyota,Japan,West,IN-DH,Union Territory,"Dadra and Nagar Haveli and Daman and Diu, India",Feb,2,Q1,28,False,False
2026-03-01,Dadra and Nagar Haveli and Daman and Diu,TOYOTA KIRLOSKAR MOTOR PVT LTD,Petrol/Diesel/CNG/Hybrid,51,Toyota,Toyota,Japan,West,IN-DH,Union Territory,"Dadra and Nagar Haveli and Daman and Diu, India",Mar,3,Q1,31,False,False
2026-04-01,Dadra and Nagar Haveli and Daman and Diu,TOYOTA KIRLOSKAR MOTOR PVT LTD,Petrol/Diesel/CNG/Hybrid,43,Toyota,Toyota,Japan,West,IN-DH,Union Territory,"Dadra and Nagar Haveli and Daman and Diu, India",Apr,4,Q2,30,False,False
2026-05-01,Dadra and Nagar Haveli and Daman and Diu,TOYOTA KIRLOSKAR MOTOR PVT LTD,Petrol/Diesel/CNG/Hybrid,50,Toyota,Toyota,Japan,West,IN-DH,Union Territory,"Dadra and Nagar Haveli and Daman and Diu, India",May,5,Q2,31,False,False
2026-06-01,Dadra and Nagar Haveli and Daman and Diu,TOYOTA KIRLOSKAR MOTOR PVT LTD,Petrol/Diesel/CNG/Hybrid,39,Toyota,Toyota,Japan,West,IN-DH,Union Territory,"Dadra and Nagar Haveli and Daman and Diu, India",Jun,6,Q2,17,True,False
2026-03-01,Dadra and Nagar Haveli and Daman and Diu,VOLKSWAGEN AG,Petrol/Diesel/CNG/Hybrid,1,Skoda-VW,Volkswagen Group,Germany,West,IN-DH,Union Territory,"Dadra and Nagar Haveli and Daman and Diu, India",Mar,3,Q1,31,False,False
2026-05-01,Dadra and Nagar Haveli and Daman and Diu,VOLKSWAGEN AG,Petrol/Diesel/CNG/Hybrid,1,Skoda-VW,Volkswagen Group,Germany,West,IN-DH,Union Territory,"Dadra and Nagar Haveli and Daman and Diu, India",May,5,Q2,31,False,False
2026-01-01,Dadra and Nagar Haveli and Daman and Diu,VOLVO AUTO INDIA PVT LTD,Petrol/Diesel/CNG/Hybrid,7,Volvo,Geely,Sweden,West,IN-DH,Union Territory,"Dadra and Nagar Haveli and Daman and Diu, India",Jan,1,Q1,31,False,False
2026-02-01,Dadra and Nagar Haveli and Daman and Diu,VOLVO AUTO INDIA PVT LTD,Petrol/Diesel/CNG/Hybrid,2,Volvo,Geely,Sweden,West,IN-DH,Union Territory,"Dadra and Nagar Haveli and Daman and Diu, India",Feb,2,Q1,28,False,False
2026-03-01,Dadra and Nagar Haveli and Daman and Diu,VOLVO AUTO INDIA PVT LTD,Petrol/Diesel/CNG/Hybrid,4,Volvo,Geely,Sweden,West,IN-DH,Union Territory,"Dadra and Nagar Haveli and Daman and Diu, India",Mar,3,Q1,31,False,False
2026-04-01,Dadra and Nagar Haveli and Daman and Diu,VOLVO AUTO INDIA PVT LTD,Petrol/Diesel/CNG/Hybrid,2,Volvo,Geely,Sweden,West,IN-DH,Union Territory,"Dadra and Nagar Haveli and Daman and Diu, India",Apr,4,Q2,30,False,False
2026-05-01,Dadra and Nagar Haveli and Daman and Diu,VOLVO AUTO INDIA PVT LTD,Petrol/Diesel/CNG/Hybrid,6,Volvo,Geely,Sweden,West,IN-DH,Union Territory,"Dadra and Nagar Haveli and Daman and Diu, India",May,5,Q2,31,False,False
2026-06-01,Dadra and Nagar Haveli and Daman and Diu,VOLVO AUTO INDIA PVT LTD,Petrol/Diesel/CNG/Hybrid,4,Volvo,Geely,Sweden,West,IN-DH,Union Territory,"Dadra and Nagar Haveli and Daman and Diu, India",Jun,6,Q2,17,True,False
2026-04-01,Delhi,AUDI AG,Petrol/Diesel/CNG/Hybrid,1,Audi,Volkswagen Group,Germany,North,IN-DL,Union Territory,"Delhi, India",Apr,4,Q2,30,False,False
2026-01-01,Delhi,AUTOMOBILI LAMBORGHINI S.P.A,Petrol/Diesel/CNG/Hybrid,1,Lamborghini,Volkswagen Group,Italy,North,IN-DL,Union Territory,"Delhi, India",Jan,1,Q1,31,False,False
2026-05-01,Delhi,AUTOMOBILI LAMBORGHINI S.P.A,Petrol/Diesel/CNG/Hybrid,1,Lamborghini,Volkswagen Group,Italy,North,IN-DL,Union Territory,"Delhi, India",May,5,Q2,31,False,False
2026-02-01,Delhi,BENTLEY MOTORS LTD (SAVWIPL),Petrol/Diesel/CNG/Hybrid,1,Bentley,Volkswagen Group,UK,North,IN-DL,Union Territory,"Delhi, India",Feb,2,Q1,28,False,False
2026-06-01,Delhi,BENTLEY MOTORS LTD (SAVWIPL),Petrol/Diesel/CNG/Hybrid,1,Bentley,Volkswagen Group,UK,North,IN-DL,Union Territory,"Delhi, India",Jun,6,Q2,17,True,False
2026-01-01,Delhi,BMW INDIA PVT LTD,Petrol/Diesel/CNG/Hybrid,110,BMW,BMW Group,Germany,North,IN-DL,Union Territory,"Delhi, India",Jan,1,Q1,31,False,False
2026-02-01,Delhi,BMW INDIA PVT LTD,Petrol/Diesel/CNG/Hybrid,52,BMW,BMW Group,Germany,North,IN-DL,Union Territory,"Delhi, India",Feb,2,Q1,28,False,False
2026-03-01,Delhi,BMW INDIA PVT LTD,Petrol/Diesel/CNG/Hybrid,75,BMW,BMW Group,Germany,North,IN-DL,Union Territory,"Delhi, India",Mar,3,Q1,31,False,False
2026-04-01,Delhi,BMW INDIA PVT LTD,Petrol/Diesel/CNG/Hybrid,78,BMW,BMW Group,Germany,North,IN-DL,Union Territory,"Delhi, India",Apr,4,Q2,30,False,False
2026-05-01,Delhi,BMW INDIA PVT LTD,Petrol/Diesel/CNG/Hybrid,71,BMW,BMW Group,Germany,North,IN-DL,Union Territory,"Delhi, India",May,5,Q2,31,False,False
2026-06-01,Delhi,BMW INDIA PVT LTD,Petrol/Diesel/CNG/Hybrid,48,BMW,BMW Group,Germany,North,IN-DL,Union Territory,"Delhi, India",Jun,6,Q2,17,True,False
2026-01-01,Delhi,FORCE MOTORS LIMITED,Petrol/Diesel/CNG/Hybrid,2,Force,Force Motors,India,North,IN-DL,Union Territory,"Delhi, India",Jan,1,Q1,31,False,False
2026-02-01,Delhi,FORCE MOTORS LIMITED,Petrol/Diesel/CNG/Hybrid,1,Force,Force Motors,India,North,IN-DL,Union Territory,"Delhi, India",Feb,2,Q1,28,False,False
2026-03-01,Delhi,FORCE MOTORS LIMITED,Petrol/Diesel/CNG/Hybrid,1,Force,Force Motors,India,North,IN-DL,Union Territory,"Delhi, India",Mar,3,Q1,31,False,False
2026-04-01,Delhi,FORCE MOTORS LIMITED,Petrol/Diesel/CNG/Hybrid,3,Force,Force Motors,India,North,IN-DL,Union Territory,"Delhi, India",Apr,4,Q2,30,False,False
2026-05-01,Delhi,FORCE MOTORS LIMITED,Petrol/Diesel/CNG/Hybrid,2,Force,Force Motors,India,North,IN-DL,Union Territory,"Delhi, India",May,5,Q2,31,False,False
2026-01-01,Delhi,HONDA CARS INDIA LTD,Petrol/Diesel/CNG/Hybrid,635,Honda,Honda,Japan,North,IN-DL,Union Territory,"Delhi, India",Jan,1,Q1,31,False,False
2026-02-01,Delhi,HONDA CARS INDIA LTD,Petrol/Diesel/CNG/Hybrid,387,Honda,Honda,Japan,North,IN-DL,Union Territory,"Delhi, India",Feb,2,Q1,28,False,False
2026-03-01,Delhi,HONDA CARS INDIA LTD,Petrol/Diesel/CNG/Hybrid,525,Honda,Honda,Japan,North,IN-DL,Union Territory,"Delhi, India",Mar,3,Q1,31,False,False
2026-04-01,Delhi,HONDA CARS INDIA LTD,Petrol/Diesel/CNG/Hybrid,456,Honda,Honda,Japan,North,IN-DL,Union Territory,"Delhi, India",Apr,4,Q2,30,False,False
2026-05-01,Delhi,HONDA CARS INDIA LTD,Petrol/Diesel/CNG/Hybrid,388,Honda,Honda,Japan,North,IN-DL,Union Territory,"Delhi, India",May,5,Q2,31,False,False
2026-06-01,Delhi,HONDA CARS INDIA LTD,Petrol/Diesel/CNG/Hybrid,180,Honda,Honda,Japan,North,IN-DL,Union Territory,"Delhi, India",Jun,6,Q2,17,True,False
2026-01-01,Delhi,HYUNDAI MOTOR INDIA LTD,Petrol/Diesel/CNG/Hybrid,2622,Hyundai,Hyundai,South Korea,North,IN-DL,Union Territory,"Delhi, India",Jan,1,Q1,31,False,False
2026-02-01,Delhi,HYUNDAI MOTOR INDIA LTD,Petrol/Diesel/CNG/Hybrid,1406,Hyundai,Hyundai,South Korea,North,IN-DL,Union Territory,"Delhi, India",Feb,2,Q1,28,False,False
2026-03-01,Delhi,HYUNDAI MOTOR INDIA LTD,Petrol/Diesel/CNG/Hybrid,1779,Hyundai,Hyundai,South Korea,North,IN-DL,Union Territory,"Delhi, India",Mar,3,Q1,31,False,False
2026-04-01,Delhi,HYUNDAI MOTOR INDIA LTD,Petrol/Diesel/CNG/Hybrid,1555,Hyundai,Hyundai,South Korea,North,IN-DL,Union Territory,"Delhi, India",Apr,4,Q2,30,False,False
2026-05-01,Delhi,HYUNDAI MOTOR INDIA LTD,Petrol/Diesel/CNG/Hybrid,1577,Hyundai,Hyundai,South Korea,North,IN-DL,Union Territory,"Delhi, India",May,5,Q2,31,False,False
2026-06-01,Delhi,HYUNDAI MOTOR INDIA LTD,Petrol/Diesel/CNG/Hybrid,744,Hyundai,Hyundai,South Korea,North,IN-DL,Union Territory,"Delhi, India",Jun,6,Q2,17,True,False
2026-04-01,Delhi,ISUZU MOTORS INDIA PVT LTD,Petrol/Diesel/CNG/Hybrid,1,Isuzu,Isuzu,Japan,North,IN-DL,Union Territory,"Delhi, India",Apr,4,Q2,30,False,False
2026-05-01,Delhi,ISUZU MOTORS INDIA PVT LTD,Petrol/Diesel/CNG/Hybrid,1,Isuzu,Isuzu,Japan,North,IN-DL,Union Territory,"Delhi, India",May,5,Q2,31,False,False
2026-01-01,Delhi,JAGUAR LAND ROVER INDIA LIMITED,Petrol/Diesel/CNG/Hybrid,35,Jaguar Land Rover,Tata Motors,UK,North,IN-DL,Union Territory,"Delhi, India",Jan,1,Q1,31,False,False
2026-02-01,Delhi,JAGUAR LAND ROVER INDIA LIMITED,Petrol/Diesel/CNG/Hybrid,30,Jaguar Land Rover,Tata Motors,UK,North,IN-DL,Union Territory,"Delhi, India",Feb,2,Q1,28,False,False
2026-03-01,Delhi,JAGUAR LAND ROVER INDIA LIMITED,Petrol/Diesel/CNG/Hybrid,19,Jaguar Land Rover,Tata Motors,UK,North,IN-DL,Union Territory,"Delhi, India",Mar,3,Q1,31,False,False
2026-04-01,Delhi,JAGUAR LAND ROVER INDIA LIMITED,Petrol/Diesel/CNG/Hybrid,25,Jaguar Land Rover,Tata Motors,UK,North,IN-DL,Union Territory,"Delhi, India",Apr,4,Q2,30,False,False
2026-05-01,Delhi,JAGUAR LAND ROVER INDIA LIMITED,Petrol/Diesel/CNG/Hybrid,31,Jaguar Land Rover,Tata Motors,UK,North,IN-DL,Union Territory,"Delhi, India",May,5,Q2,31,False,False
2026-06-01,Delhi,JAGUAR LAND ROVER INDIA LIMITED,Petrol/Diesel/CNG/Hybrid,27,Jaguar Land Rover,Tata Motors,UK,North,IN-DL,Union Territory,"Delhi, India",Jun,6,Q2,17,True,False
2026-01-01,Delhi,JSW MG MOTOR INDIA PVT LTD,Petrol/Diesel/CNG/Hybrid,158,MG,JSW-SAIC,India / China,North,IN-DL,Union Territory,"Delhi, India",Jan,1,Q1,31,False,False
2026-02-01,Delhi,JSW MG MOTOR INDIA PVT LTD,Petrol/Diesel/CNG/Hybrid,140,MG,JSW-SAIC,India / China,North,IN-DL,Union Territory,"Delhi, India",Feb,2,Q1,28,False,False
2026-03-01,Delhi,JSW MG MOTOR INDIA PVT LTD,Petrol/Diesel/CNG/Hybrid,136,MG,JSW-SAIC,India / China,North,IN-DL,Union Territory,"Delhi, India",Mar,3,Q1,31,False,False
2026-04-01,Delhi,JSW MG MOTOR INDIA PVT LTD,Petrol/Diesel/CNG/Hybrid,143,MG,JSW-SAIC,India / China,North,IN-DL,Union Territory,"Delhi, India",Apr,4,Q2,30,False,False
2026-05-01,Delhi,JSW MG MOTOR INDIA PVT LTD,Petrol/Diesel/CNG/Hybrid,125,MG,JSW-SAIC,India / China,North,IN-DL,Union Territory,"Delhi, India",May,5,Q2,31,False,False
2026-06-01,Delhi,JSW MG MOTOR INDIA PVT LTD,Petrol/Diesel/CNG/Hybrid,70,MG,JSW-SAIC,India / China,North,IN-DL,Union Territory,"Delhi, India",Jun,6,Q2,17,True,False
2026-01-01,Delhi,KIA INDIA PRIVATE LIMITED,Petrol/Diesel/CNG/Hybrid,1605,Kia,Hyundai,South Korea,North,IN-DL,Union Territory,"Delhi, India",Jan,1,Q1,31,False,False
2026-02-01,Delhi,KIA INDIA PRIVATE LIMITED,Petrol/Diesel/CNG/Hybrid,1161,Kia,Hyundai,South Korea,North,IN-DL,Union Territory,"Delhi, India",Feb,2,Q1,28,False,False
2026-03-01,Delhi,KIA INDIA PRIVATE LIMITED,Petrol/Diesel/CNG/Hybrid,1272,Kia,Hyundai,South Korea,North,IN-DL,Union Territory,"Delhi, India",Mar,3,Q1,31,False,False
2026-04-01,Delhi,KIA INDIA PRIVATE LIMITED,Petrol/Diesel/CNG/Hybrid,1261,Kia,Hyundai,South Korea,North,IN-DL,Union Territory,"Delhi, India",Apr,4,Q2,30,False,False
2026-05-01,Delhi,KIA INDIA PRIVATE LIMITED,Petrol/Diesel/CNG/Hybrid,1211,Kia,Hyundai,South Korea,North,IN-DL,Union Territory,"Delhi, India",May,5,Q2,31,False,False
2026-06-01,Delhi,KIA INDIA PRIVATE LIMITED,Petrol/Diesel/CNG/Hybrid,511,Kia,Hyundai,South Korea,North,IN-DL,Union Territory,"Delhi, India",Jun,6,Q2,17,True,False
2026-01-01,Delhi,MAHINDRA & MAHINDRA LIMITED,Petrol/Diesel/CNG/Hybrid,1733,Mahindra,Mahindra,India,North,IN-DL,Union Territory,"Delhi, India",Jan,1,Q1,31,False,False
2026-02-01,Delhi,MAHINDRA & MAHINDRA LIMITED,Petrol/Diesel/CNG/Hybrid,1270,Mahindra,Mahindra,India,North,IN-DL,Union Territory,"Delhi, India",Feb,2,Q1,28,False,False
2026-03-01,Delhi,MAHINDRA & MAHINDRA LIMITED,Petrol/Diesel/CNG/Hybrid,1588,Mahindra,Mahindra,India,North,IN-DL,Union Territory,"Delhi, India",Mar,3,Q1,31,False,False
2026-04-01,Delhi,MAHINDRA & MAHINDRA LIMITED,Petrol/Diesel/CNG/Hybrid,1249,Mahindra,Mahindra,India,North,IN-DL,Union Territory,"Delhi, India",Apr,4,Q2,30,False,False
2026-05-01,Delhi,MAHINDRA & MAHINDRA LIMITED,Petrol/Diesel/CNG/Hybrid,1316,Mahindra,Mahindra,India,North,IN-DL,Union Territory,"Delhi, India",May,5,Q2,31,False,False
2026-06-01,Delhi,MAHINDRA & MAHINDRA LIMITED,Petrol/Diesel/CNG/Hybrid,628,Mahindra,Mahindra,India,North,IN-DL,Union Territory,"Delhi, India",Jun,6,Q2,17,True,False
2026-01-01,Delhi,MARUTI SUZUKI INDIA LTD,Petrol/Diesel/CNG/Hybrid,9510,Maruti Suzuki,Suzuki,Japan,North,IN-DL,Union Territory,"Delhi, India",Jan,1,Q1,31,False,False
2026-02-01,Delhi,MARUTI SUZUKI INDIA LTD,Petrol/Diesel/CNG/Hybrid,5059,Maruti Suzuki,Suzuki,Japan,North,IN-DL,Union Territory,"Delhi, India",Feb,2,Q1,28,False,False
2026-03-01,Delhi,MARUTI SUZUKI INDIA LTD,Petrol/Diesel/CNG/Hybrid,6561,Maruti Suzuki,Suzuki,Japan,North,IN-DL,Union Territory,"Delhi, India",Mar,3,Q1,31,False,False
2026-04-01,Delhi,MARUTI SUZUKI INDIA LTD,Petrol/Diesel/CNG/Hybrid,6124,Maruti Suzuki,Suzuki,Japan,North,IN-DL,Union Territory,"Delhi, India",Apr,4,Q2,30,False,False
2026-05-01,Delhi,MARUTI SUZUKI INDIA LTD,Petrol/Diesel/CNG/Hybrid,6622,Maruti Suzuki,Suzuki,Japan,North,IN-DL,Union Territory,"Delhi, India",May,5,Q2,31,False,False
2026-06-01,Delhi,MARUTI SUZUKI INDIA LTD,Petrol/Diesel/CNG/Hybrid,3422,Maruti Suzuki,Suzuki,Japan,North,IN-DL,Union Territory,"Delhi, India",Jun,6,Q2,17,True,False
2026-03-01,Delhi,MASERATI S.P.A,Petrol/Diesel/CNG/Hybrid,1,Maserati,Stellantis,Italy,North,IN-DL,Union Territory,"Delhi, India",Mar,3,Q1,31,False,False
2026-01-01,Delhi,MERCEDES-BENZ AG,Petrol/Diesel/CNG/Hybrid,7,Mercedes-Benz,Mercedes-Benz,Germany,North,IN-DL,Union Territory,"Delhi, India",Jan,1,Q1,31,False,False
2026-02-01,Delhi,MERCEDES-BENZ AG,Petrol/Diesel/CNG/Hybrid,3,Mercedes-Benz,Mercedes-Benz,Germany,North,IN-DL,Union Territory,"Delhi, India",Feb,2,Q1,28,False,False
2026-03-01,Delhi,MERCEDES-BENZ AG,Petrol/Diesel/CNG/Hybrid,6,Mercedes-Benz,Mercedes-Benz,Germany,North,IN-DL,Union Territory,"Delhi, India",Mar,3,Q1,31,False,False
2026-04-01,Delhi,MERCEDES-BENZ AG,Petrol/Diesel/CNG/Hybrid,10,Mercedes-Benz,Mercedes-Benz,Germany,North,IN-DL,Union Territory,"Delhi, India",Apr,4,Q2,30,False,False
2026-05-01,Delhi,MERCEDES-BENZ AG,Petrol/Diesel/CNG/Hybrid,8,Mercedes-Benz,Mercedes-Benz,Germany,North,IN-DL,Union Territory,"Delhi, India",May,5,Q2,31,False,False
2026-06-01,Delhi,MERCEDES-BENZ AG,Petrol/Diesel/CNG/Hybrid,7,Mercedes-Benz,Mercedes-Benz,Germany,North,IN-DL,Union Territory,"Delhi, India",Jun,6,Q2,17,True,False
2026-01-01,Delhi,MERCEDES-BENZ INDIA PVT LTD,Petrol/Diesel/CNG/Hybrid,207,Mercedes-Benz,Mercedes-Benz,Germany,North,IN-DL,Union Territory,"Delhi, India",Jan,1,Q1,31,False,False
2026-02-01,Delhi,MERCEDES-BENZ INDIA PVT LTD,Petrol/Diesel/CNG/Hybrid,136,Mercedes-Benz,Mercedes-Benz,Germany,North,IN-DL,Union Territory,"Delhi, India",Feb,2,Q1,28,False,False
2026-03-01,Delhi,MERCEDES-BENZ INDIA PVT LTD,Petrol/Diesel/CNG/Hybrid,102,Mercedes-Benz,Mercedes-Benz,Germany,North,IN-DL,Union Territory,"Delhi, India",Mar,3,Q1,31,False,False
2026-04-01,Delhi,MERCEDES-BENZ INDIA PVT LTD,Petrol/Diesel/CNG/Hybrid,95,Mercedes-Benz,Mercedes-Benz,Germany,North,IN-DL,Union Territory,"Delhi, India",Apr,4,Q2,30,False,False
2026-05-01,Delhi,MERCEDES-BENZ INDIA PVT LTD,Petrol/Diesel/CNG/Hybrid,76,Mercedes-Benz,Mercedes-Benz,Germany,North,IN-DL,Union Territory,"Delhi, India",May,5,Q2,31,False,False
2026-06-01,Delhi,MERCEDES-BENZ INDIA PVT LTD,Petrol/Diesel/CNG/Hybrid,71,Mercedes-Benz,Mercedes-Benz,Germany,North,IN-DL,Union Territory,"Delhi, India",Jun,6,Q2,17,True,False
2026-01-01,Delhi,NISSAN MOTOR INDIA PVT LTD,Petrol/Diesel/CNG/Hybrid,59,Nissan,Nissan,Japan,North,IN-DL,Union Territory,"Delhi, India",Jan,1,Q1,31,False,False
2026-02-01,Delhi,NISSAN MOTOR INDIA PVT LTD,Petrol/Diesel/CNG/Hybrid,55,Nissan,Nissan,Japan,North,IN-DL,Union Territory,"Delhi, India",Feb,2,Q1,28,False,False
2026-03-01,Delhi,NISSAN MOTOR INDIA PVT LTD,Petrol/Diesel/CNG/Hybrid,47,Nissan,Nissan,Japan,North,IN-DL,Union Territory,"Delhi, India",Mar,3,Q1,31,False,False
2026-04-01,Delhi,NISSAN MOTOR INDIA PVT LTD,Petrol/Diesel/CNG/Hybrid,83,Nissan,Nissan,Japan,North,IN-DL,Union Territory,"Delhi, India",Apr,4,Q2,30,False,False
2026-05-01,Delhi,NISSAN MOTOR INDIA PVT LTD,Petrol/Diesel/CNG/Hybrid,114,Nissan,Nissan,Japan,North,IN-DL,Union Territory,"Delhi, India",May,5,Q2,31,False,False
2026-06-01,Delhi,NISSAN MOTOR INDIA PVT LTD,Petrol/Diesel/CNG/Hybrid,49,Nissan,Nissan,Japan,North,IN-DL,Union Territory,"Delhi, India",Jun,6,Q2,17,True,False
2026-01-01,Delhi,PORSCHE AG GERMANY,Petrol/Diesel/CNG/Hybrid,6,Porsche,Volkswagen Group,Germany,North,IN-DL,Union Territory,"Delhi, India",Jan,1,Q1,31,False,False
2026-02-01,Delhi,PORSCHE AG GERMANY,Petrol/Diesel/CNG/Hybrid,4,Porsche,Volkswagen Group,Germany,North,IN-DL,Union Territory,"Delhi, India",Feb,2,Q1,28,False,False
2026-03-01,Delhi,PORSCHE AG GERMANY,Petrol/Diesel/CNG/Hybrid,2,Porsche,Volkswagen Group,Germany,North,IN-DL,Union Territory,"Delhi, India",Mar,3,Q1,31,False,False
2026-05-01,Delhi,PORSCHE AG GERMANY,Petrol/Diesel/CNG/Hybrid,3,Porsche,Volkswagen Group,Germany,North,IN-DL,Union Territory,"Delhi, India",May,5,Q2,31,False,False
2026-06-01,Delhi,PORSCHE AG GERMANY,Petrol/Diesel/CNG/Hybrid,3,Porsche,Volkswagen Group,Germany,North,IN-DL,Union Territory,"Delhi, India",Jun,6,Q2,17,True,False
2026-01-01,Delhi,RENAULT INDIA PVT LTD,Petrol/Diesel/CNG/Hybrid,161,Renault,Renault,France,North,IN-DL,Union Territory,"Delhi, India",Jan,1,Q1,31,False,False
2026-02-01,Delhi,RENAULT INDIA PVT LTD,Petrol/Diesel/CNG/Hybrid,86,Renault,Renault,France,North,IN-DL,Union Territory,"Delhi, India",Feb,2,Q1,28,False,False
2026-03-01,Delhi,RENAULT INDIA PVT LTD,Petrol/Diesel/CNG/Hybrid,122,Renault,Renault,France,North,IN-DL,Union Territory,"Delhi, India",Mar,3,Q1,31,False,False
2026-04-01,Delhi,RENAULT INDIA PVT LTD,Petrol/Diesel/CNG/Hybrid,139,Renault,Renault,France,North,IN-DL,Union Territory,"Delhi, India",Apr,4,Q2,30,False,False
2026-05-01,Delhi,RENAULT INDIA PVT LTD,Petrol/Diesel/CNG/Hybrid,152,Renault,Renault,France,North,IN-DL,Union Territory,"Delhi, India",May,5,Q2,31,False,False
2026-06-01,Delhi,RENAULT INDIA PVT LTD,Petrol/Diesel/CNG/Hybrid,74,Renault,Renault,France,North,IN-DL,Union Territory,"Delhi, India",Jun,6,Q2,17,True,False
2026-02-01,Delhi,ROLLS-ROYCE MOTOR CARS(IMPORTER:SELECT CARS P LTD),Petrol/Diesel/CNG/Hybrid,1,Rolls-Royce,BMW Group,UK,North,IN-DL,Union Territory,"Delhi, India",Feb,2,Q1,28,False,False
2026-01-01,Delhi,SKODA AUTO AS,Petrol/Diesel/CNG/Hybrid,2,Skoda-VW,Volkswagen Group,Germany,North,IN-DL,Union Territory,"Delhi, India",Jan,1,Q1,31,False,False
2026-04-01,Delhi,SKODA AUTO AS,Petrol/Diesel/CNG/Hybrid,1,Skoda-VW,Volkswagen Group,Germany,North,IN-DL,Union Territory,"Delhi, India",Apr,4,Q2,30,False,False
2026-06-01,Delhi,SKODA AUTO AS,Petrol/Diesel/CNG/Hybrid,1,Skoda-VW,Volkswagen Group,Germany,North,IN-DL,Union Territory,"Delhi, India",Jun,6,Q2,17,True,False
2026-05-01,Delhi,SKODA AUTO INDIA PVT LTD,Petrol/Diesel/CNG/Hybrid,1,Skoda-VW,Volkswagen Group,Germany,North,IN-DL,Union Territory,"Delhi, India",May,5,Q2,31,False,False
2026-01-01,Delhi,SKODA AUTO VOLKSWAGEN INDIA PVT LTD,Petrol/Diesel/CNG/Hybrid,637,Skoda-VW,Volkswagen Group,Germany,North,IN-DL,Union Territory,"Delhi, India",Jan,1,Q1,31,False,False
2026-02-01,Delhi,SKODA AUTO VOLKSWAGEN INDIA PVT LTD,Petrol/Diesel/CNG/Hybrid,370,Skoda-VW,Volkswagen Group,Germany,North,IN-DL,Union Territory,"Delhi, India",Feb,2,Q1,28,False,False
2026-03-01,Delhi,SKODA AUTO VOLKSWAGEN INDIA PVT LTD,Petrol/Diesel/CNG/Hybrid,499,Skoda-VW,Volkswagen Group,Germany,North,IN-DL,Union Territory,"Delhi, India",Mar,3,Q1,31,False,False
2026-04-01,Delhi,SKODA AUTO VOLKSWAGEN INDIA PVT LTD,Petrol/Diesel/CNG/Hybrid,466,Skoda-VW,Volkswagen Group,Germany,North,IN-DL,Union Territory,"Delhi, India",Apr,4,Q2,30,False,False
2026-05-01,Delhi,SKODA AUTO VOLKSWAGEN INDIA PVT LTD,Petrol/Diesel/CNG/Hybrid,446,Skoda-VW,Volkswagen Group,Germany,North,IN-DL,Union Territory,"Delhi, India",May,5,Q2,31,False,False
2026-06-01,Delhi,SKODA AUTO VOLKSWAGEN INDIA PVT LTD,Petrol/Diesel/CNG/Hybrid,175,Skoda-VW,Volkswagen Group,Germany,North,IN-DL,Union Territory,"Delhi, India",Jun,6,Q2,17,True,False
2026-01-01,Delhi,STELLANTIS AUTOMOBILES INDIA PVT LTD,Petrol/Diesel/CNG/Hybrid,72,Stellantis (Jeep/Citroen),Stellantis,Netherlands,North,IN-DL,Union Territory,"Delhi, India",Jan,1,Q1,31,False,False
2026-02-01,Delhi,STELLANTIS AUTOMOBILES INDIA PVT LTD,Petrol/Diesel/CNG/Hybrid,40,Stellantis (Jeep/Citroen),Stellantis,Netherlands,North,IN-DL,Union Territory,"Delhi, India",Feb,2,Q1,28,False,False
2026-03-01,Delhi,STELLANTIS AUTOMOBILES INDIA PVT LTD,Petrol/Diesel/CNG/Hybrid,32,Stellantis (Jeep/Citroen),Stellantis,Netherlands,North,IN-DL,Union Territory,"Delhi, India",Mar,3,Q1,31,False,False
2026-04-01,Delhi,STELLANTIS AUTOMOBILES INDIA PVT LTD,Petrol/Diesel/CNG/Hybrid,40,Stellantis (Jeep/Citroen),Stellantis,Netherlands,North,IN-DL,Union Territory,"Delhi, India",Apr,4,Q2,30,False,False
2026-05-01,Delhi,STELLANTIS AUTOMOBILES INDIA PVT LTD,Petrol/Diesel/CNG/Hybrid,33,Stellantis (Jeep/Citroen),Stellantis,Netherlands,North,IN-DL,Union Territory,"Delhi, India",May,5,Q2,31,False,False
2026-06-01,Delhi,STELLANTIS AUTOMOBILES INDIA PVT LTD,Petrol/Diesel/CNG/Hybrid,12,Stellantis (Jeep/Citroen),Stellantis,Netherlands,North,IN-DL,Union Territory,"Delhi, India",Jun,6,Q2,17,True,False
2026-01-01,Delhi,STELLANTIS INDIA PVT LTD,Petrol/Diesel/CNG/Hybrid,15,Stellantis (Jeep/Citroen),Stellantis,Netherlands,North,IN-DL,Union Territory,"Delhi, India",Jan,1,Q1,31,False,False
2026-02-01,Delhi,STELLANTIS INDIA PVT LTD,Petrol/Diesel/CNG/Hybrid,6,Stellantis (Jeep/Citroen),Stellantis,Netherlands,North,IN-DL,Union Territory,"Delhi, India",Feb,2,Q1,28,False,False
2026-03-01,Delhi,STELLANTIS INDIA PVT LTD,Petrol/Diesel/CNG/Hybrid,1,Stellantis (Jeep/Citroen),Stellantis,Netherlands,North,IN-DL,Union Territory,"Delhi, India",Mar,3,Q1,31,False,False
2026-04-01,Delhi,STELLANTIS INDIA PVT LTD,Petrol/Diesel/CNG/Hybrid,6,Stellantis (Jeep/Citroen),Stellantis,Netherlands,North,IN-DL,Union Territory,"Delhi, India",Apr,4,Q2,30,False,False
2026-05-01,Delhi,STELLANTIS INDIA PVT LTD,Petrol/Diesel/CNG/Hybrid,5,Stellantis (Jeep/Citroen),Stellantis,Netherlands,North,IN-DL,Union Territory,"Delhi, India",May,5,Q2,31,False,False
2026-06-01,Delhi,STELLANTIS INDIA PVT LTD,Petrol/Diesel/CNG/Hybrid,3,Stellantis (Jeep/Citroen),Stellantis,Netherlands,North,IN-DL,Union Territory,"Delhi, India",Jun,6,Q2,17,True,False
2026-02-01,Delhi,TATA MOTORS LTD,Petrol/Diesel/CNG/Hybrid,1,Tata,Tata Motors,India,North,IN-DL,Union Territory,"Delhi, India",Feb,2,Q1,28,False,False
2026-01-01,Delhi,TATA MOTORS PASSENGER VEHICLES LTD,Petrol/Diesel/CNG/Hybrid,2902,Tata,Tata Motors,India,North,IN-DL,Union Territory,"Delhi, India",Jan,1,Q1,31,False,False
2026-02-01,Delhi,TATA MOTORS PASSENGER VEHICLES LTD,Petrol/Diesel/CNG/Hybrid,2278,Tata,Tata Motors,India,North,IN-DL,Union Territory,"Delhi, India",Feb,2,Q1,28,False,False
2026-03-01,Delhi,TATA MOTORS PASSENGER VEHICLES LTD,Petrol/Diesel/CNG/Hybrid,2474,Tata,Tata Motors,India,North,IN-DL,Union Territory,"Delhi, India",Mar,3,Q1,31,False,False
2026-04-01,Delhi,TATA MOTORS PASSENGER VEHICLES LTD,Petrol/Diesel/CNG/Hybrid,2106,Tata,Tata Motors,India,North,IN-DL,Union Territory,"Delhi, India",Apr,4,Q2,30,False,False
2026-05-01,Delhi,TATA MOTORS PASSENGER VEHICLES LTD,Petrol/Diesel/CNG/Hybrid,1931,Tata,Tata Motors,India,North,IN-DL,Union Territory,"Delhi, India",May,5,Q2,31,False,False
2026-06-01,Delhi,TATA MOTORS PASSENGER VEHICLES LTD,Petrol/Diesel/CNG/Hybrid,781,Tata,Tata Motors,India,North,IN-DL,Union Territory,"Delhi, India",Jun,6,Q2,17,True,False
2026-01-01,Delhi,TATA PASSENGER ELECTRIC MOBILITY LTD,Petrol/Diesel/CNG/Hybrid,5,Tata,Tata Motors,India,North,IN-DL,Union Territory,"Delhi, India",Jan,1,Q1,31,False,False
2026-02-01,Delhi,TATA PASSENGER ELECTRIC MOBILITY LTD,Petrol/Diesel/CNG/Hybrid,1,Tata,Tata Motors,India,North,IN-DL,Union Territory,"Delhi, India",Feb,2,Q1,28,False,False
2026-03-01,Delhi,TATA PASSENGER ELECTRIC MOBILITY LTD,Petrol/Diesel/CNG/Hybrid,6,Tata,Tata Motors,India,North,IN-DL,Union Territory,"Delhi, India",Mar,3,Q1,31,False,False
2026-01-01,Delhi,TOYOTA KIRLOSKAR MOTOR PVT LTD,Petrol/Diesel/CNG/Hybrid,2387,Toyota,Toyota,Japan,North,IN-DL,Union Territory,"Delhi, India",Jan,1,Q1,31,False,False
2026-02-01,Delhi,TOYOTA KIRLOSKAR MOTOR PVT LTD,Petrol/Diesel/CNG/Hybrid,1498,Toyota,Toyota,Japan,North,IN-DL,Union Territory,"Delhi, India",Feb,2,Q1,28,False,False
2026-03-01,Delhi,TOYOTA KIRLOSKAR MOTOR PVT LTD,Petrol/Diesel/CNG/Hybrid,1481,Toyota,Toyota,Japan,North,IN-DL,Union Territory,"Delhi, India",Mar,3,Q1,31,False,False
2026-04-01,Delhi,TOYOTA KIRLOSKAR MOTOR PVT LTD,Petrol/Diesel/CNG/Hybrid,1459,Toyota,Toyota,Japan,North,IN-DL,Union Territory,"Delhi, India",Apr,4,Q2,30,False,False
2026-05-01,Delhi,TOYOTA KIRLOSKAR MOTOR PVT LTD,Petrol/Diesel/CNG/Hybrid,1561,Toyota,Toyota,Japan,North,IN-DL,Union Territory,"Delhi, India",May,5,Q2,31,False,False
2026-06-01,Delhi,TOYOTA KIRLOSKAR MOTOR PVT LTD,Petrol/Diesel/CNG/Hybrid,856,Toyota,Toyota,Japan,North,IN-DL,Union Territory,"Delhi, India",Jun,6,Q2,17,True,False
2026-01-01,Delhi,VOLKSWAGEN AG,Petrol/Diesel/CNG/Hybrid,6,Skoda-VW,Volkswagen Group,Germany,North,IN-DL,Union Territory,"Delhi, India",Jan,1,Q1,31,False,False
2026-02-01,Delhi,VOLKSWAGEN AG,Petrol/Diesel/CNG/Hybrid,2,Skoda-VW,Volkswagen Group,Germany,North,IN-DL,Union Territory,"Delhi, India",Feb,2,Q1,28,False,False
2026-03-01,Delhi,VOLKSWAGEN AG,Petrol/Diesel/CNG/Hybrid,1,Skoda-VW,Volkswagen Group,Germany,North,IN-DL,Union Territory,"Delhi, India",Mar,3,Q1,31,False,False
2026-04-01,Delhi,VOLKSWAGEN AG,Petrol/Diesel/CNG/Hybrid,1,Skoda-VW,Volkswagen Group,Germany,North,IN-DL,Union Territory,"Delhi, India",Apr,4,Q2,30,False,False
2026-05-01,Delhi,VOLKSWAGEN AG,Petrol/Diesel/CNG/Hybrid,6,Skoda-VW,Volkswagen Group,Germany,North,IN-DL,Union Territory,"Delhi, India",May,5,Q2,31,False,False
2026-06-01,Delhi,VOLKSWAGEN AG,Petrol/Diesel/CNG/Hybrid,1,Skoda-VW,Volkswagen Group,Germany,North,IN-DL,Union Territory,"Delhi, India",Jun,6,Q2,17,True,False
2026-05-01,Delhi,VOLVO,Petrol/Diesel/CNG/Hybrid,1,Volvo,Geely,Sweden,North,IN-DL,Union Territory,"Delhi, India",May,5,Q2,31,False,False
2026-01-01,Delhi,VOLVO AUTO INDIA PVT LTD,Petrol/Diesel/CNG/Hybrid,15,Volvo,Geely,Sweden,North,IN-DL,Union Territory,"Delhi, India",Jan,1,Q1,31,False,False
2026-02-01,Delhi,VOLVO AUTO INDIA PVT LTD,Petrol/Diesel/CNG/Hybrid,5,Volvo,Geely,Sweden,North,IN-DL,Union Territory,"Delhi, India",Feb,2,Q1,28,False,False
2026-03-01,Delhi,VOLVO AUTO INDIA PVT LTD,Petrol/Diesel/CNG/Hybrid,7,Volvo,Geely,Sweden,North,IN-DL,Union Territory,"Delhi, India",Mar,3,Q1,31,False,False
2026-04-01,Delhi,VOLVO AUTO INDIA PVT LTD,Petrol/Diesel/CNG/Hybrid,4,Volvo,Geely,Sweden,North,IN-DL,Union Territory,"Delhi, India",Apr,4,Q2,30,False,False
2026-05-01,Delhi,VOLVO AUTO INDIA PVT LTD,Petrol/Diesel/CNG/Hybrid,6,Volvo,Geely,Sweden,North,IN-DL,Union Territory,"Delhi, India",May,5,Q2,31,False,False
2026-06-01,Delhi,VOLVO AUTO INDIA PVT LTD,Petrol/Diesel/CNG/Hybrid,5,Volvo,Geely,Sweden,North,IN-DL,Union Territory,"Delhi, India",Jun,6,Q2,17,True,False
2026-04-01,Goa,AUDI AG,Petrol/Diesel/CNG/Hybrid,2,Audi,Volkswagen Group,Germany,West,IN-GA,State,"Goa, India",Apr,4,Q2,30,False,False
2026-05-01,Goa,AUDI AG,Petrol/Diesel/CNG/Hybrid,1,Audi,Volkswagen Group,Germany,West,IN-GA,State,"Goa, India",May,5,Q2,31,False,False
2026-02-01,Goa,BENTLEY MOTORS LTD (SAVWIPL),Petrol/Diesel/CNG/Hybrid,1,Bentley,Volkswagen Group,UK,West,IN-GA,State,"Goa, India",Feb,2,Q1,28,False,False
2026-06-01,Goa,BENTLEY MOTORS LTD (SAVWIPL),Petrol/Diesel/CNG/Hybrid,1,Bentley,Volkswagen Group,UK,West,IN-GA,State,"Goa, India",Jun,6,Q2,17,True,False
2026-01-01,Goa,BMW INDIA PVT LTD,Petrol/Diesel/CNG/Hybrid,10,BMW,BMW Group,Germany,West,IN-GA,State,"Goa, India",Jan,1,Q1,31,False,False
2026-02-01,Goa,BMW INDIA PVT LTD,Petrol/Diesel/CNG/Hybrid,8,BMW,BMW Group,Germany,West,IN-GA,State,"Goa, India",Feb,2,Q1,28,False,False
2026-03-01,Goa,BMW INDIA PVT LTD,Petrol/Diesel/CNG/Hybrid,13,BMW,BMW Group,Germany,West,IN-GA,State,"Goa, India",Mar,3,Q1,31,False,False
2026-04-01,Goa,BMW INDIA PVT LTD,Petrol/Diesel/CNG/Hybrid,10,BMW,BMW Group,Germany,West,IN-GA,State,"Goa, India",Apr,4,Q2,30,False,False
2026-05-01,Goa,BMW INDIA PVT LTD,Petrol/Diesel/CNG/Hybrid,4,BMW,BMW Group,Germany,West,IN-GA,State,"Goa, India",May,5,Q2,31,False,False
2026-06-01,Goa,BMW INDIA PVT LTD,Petrol/Diesel/CNG/Hybrid,2,BMW,BMW Group,Germany,West,IN-GA,State,"Goa, India",Jun,6,Q2,17,True,False
2026-01-01,Goa,FERRARI SPA (IMPORTER:SELECT CARS P LTD),Petrol/Diesel/CNG/Hybrid,1,Ferrari,Ferrari,Italy,West,IN-GA,State,"Goa, India",Jan,1,Q1,31,False,False
2026-03-01,Goa,FORCE MOTORS LIMITED,Petrol/Diesel/CNG/Hybrid,2,Force,Force Motors,India,West,IN-GA,State,"Goa, India",Mar,3,Q1,31,False,False
2026-01-01,Goa,HONDA CARS INDIA LTD,Petrol/Diesel/CNG/Hybrid,21,Honda,Honda,Japan,West,IN-GA,State,"Goa, India",Jan,1,Q1,31,False,False
2026-02-01,Goa,HONDA CARS INDIA LTD,Petrol/Diesel/CNG/Hybrid,16,Honda,Honda,Japan,West,IN-GA,State,"Goa, India",Feb,2,Q1,28,False,False
2026-03-01,Goa,HONDA CARS INDIA LTD,Petrol/Diesel/CNG/Hybrid,28,Honda,Honda,Japan,West,IN-GA,State,"Goa, India",Mar,3,Q1,31,False,False
2026-04-01,Goa,HONDA CARS INDIA LTD,Petrol/Diesel/CNG/Hybrid,17,Honda,Honda,Japan,West,IN-GA,State,"Goa, India",Apr,4,Q2,30,False,False
2026-05-01,Goa,HONDA CARS INDIA LTD,Petrol/Diesel/CNG/Hybrid,21,Honda,Honda,Japan,West,IN-GA,State,"Goa, India",May,5,Q2,31,False,False
2026-06-01,Goa,HONDA CARS INDIA LTD,Petrol/Diesel/CNG/Hybrid,17,Honda,Honda,Japan,West,IN-GA,State,"Goa, India",Jun,6,Q2,17,True,False
2026-01-01,Goa,HYUNDAI MOTOR INDIA LTD,Petrol/Diesel/CNG/Hybrid,273,Hyundai,Hyundai,South Korea,West,IN-GA,State,"Goa, India",Jan,1,Q1,31,False,False
2026-02-01,Goa,HYUNDAI MOTOR INDIA LTD,Petrol/Diesel/CNG/Hybrid,217,Hyundai,Hyundai,South Korea,West,IN-GA,State,"Goa, India",Feb,2,Q1,28,False,False
2026-03-01,Goa,HYUNDAI MOTOR INDIA LTD,Petrol/Diesel/CNG/Hybrid,232,Hyundai,Hyundai,South Korea,West,IN-GA,State,"Goa, India",Mar,3,Q1,31,False,False
2026-04-01,Goa,HYUNDAI MOTOR INDIA LTD,Petrol/Diesel/CNG/Hybrid,226,Hyundai,Hyundai,South Korea,West,IN-GA,State,"Goa, India",Apr,4,Q2,30,False,False
2026-05-01,Goa,HYUNDAI MOTOR INDIA LTD,Petrol/Diesel/CNG/Hybrid,192,Hyundai,Hyundai,South Korea,West,IN-GA,State,"Goa, India",May,5,Q2,31,False,False
2026-06-01,Goa,HYUNDAI MOTOR INDIA LTD,Petrol/Diesel/CNG/Hybrid,115,Hyundai,Hyundai,South Korea,West,IN-GA,State,"Goa, India",Jun,6,Q2,17,True,False
2026-05-01,Goa,ISUZU MOTORS INDIA PVT LTD,Petrol/Diesel/CNG/Hybrid,1,Isuzu,Isuzu,Japan,West,IN-GA,State,"Goa, India",May,5,Q2,31,False,False
2026-01-01,Goa,JAGUAR LAND ROVER INDIA LIMITED,Petrol/Diesel/CNG/Hybrid,2,Jaguar Land Rover,Tata Motors,UK,West,IN-GA,State,"Goa, India",Jan,1,Q1,31,False,False
2026-02-01,Goa,JAGUAR LAND ROVER INDIA LIMITED,Petrol/Diesel/CNG/Hybrid,2,Jaguar Land Rover,Tata Motors,UK,West,IN-GA,State,"Goa, India",Feb,2,Q1,28,False,False
2026-03-01,Goa,JAGUAR LAND ROVER INDIA LIMITED,Petrol/Diesel/CNG/Hybrid,1,Jaguar Land Rover,Tata Motors,UK,West,IN-GA,State,"Goa, India",Mar,3,Q1,31,False,False
2026-04-01,Goa,JAGUAR LAND ROVER INDIA LIMITED,Petrol/Diesel/CNG/Hybrid,4,Jaguar Land Rover,Tata Motors,UK,West,IN-GA,State,"Goa, India",Apr,4,Q2,30,False,False
2026-05-01,Goa,JAGUAR LAND ROVER INDIA LIMITED,Petrol/Diesel/CNG/Hybrid,5,Jaguar Land Rover,Tata Motors,UK,West,IN-GA,State,"Goa, India",May,5,Q2,31,False,False
2026-06-01,Goa,JAGUAR LAND ROVER INDIA LIMITED,Petrol/Diesel/CNG/Hybrid,2,Jaguar Land Rover,Tata Motors,UK,West,IN-GA,State,"Goa, India",Jun,6,Q2,17,True,False
2026-01-01,Goa,JSW MG MOTOR INDIA PVT LTD,Petrol/Diesel/CNG/Hybrid,16,MG,JSW-SAIC,India / China,West,IN-GA,State,"Goa, India",Jan,1,Q1,31,False,False
2026-02-01,Goa,JSW MG MOTOR INDIA PVT LTD,Petrol/Diesel/CNG/Hybrid,7,MG,JSW-SAIC,India / China,West,IN-GA,State,"Goa, India",Feb,2,Q1,28,False,False
2026-03-01,Goa,JSW MG MOTOR INDIA PVT LTD,Petrol/Diesel/CNG/Hybrid,14,MG,JSW-SAIC,India / China,West,IN-GA,State,"Goa, India",Mar,3,Q1,31,False,False
2026-04-01,Goa,JSW MG MOTOR INDIA PVT LTD,Petrol/Diesel/CNG/Hybrid,11,MG,JSW-SAIC,India / China,West,IN-GA,State,"Goa, India",Apr,4,Q2,30,False,False
2026-05-01,Goa,JSW MG MOTOR INDIA PVT LTD,Petrol/Diesel/CNG/Hybrid,12,MG,JSW-SAIC,India / China,West,IN-GA,State,"Goa, India",May,5,Q2,31,False,False
2026-06-01,Goa,JSW MG MOTOR INDIA PVT LTD,Petrol/Diesel/CNG/Hybrid,2,MG,JSW-SAIC,India / China,West,IN-GA,State,"Goa, India",Jun,6,Q2,17,True,False
2026-01-01,Goa,KIA INDIA PRIVATE LIMITED,Petrol/Diesel/CNG/Hybrid,133,Kia,Hyundai,South Korea,West,IN-GA,State,"Goa, India",Jan,1,Q1,31,False,False
2026-02-01,Goa,KIA INDIA PRIVATE LIMITED,Petrol/Diesel/CNG/Hybrid,131,Kia,Hyundai,South Korea,West,IN-GA,State,"Goa, India",Feb,2,Q1,28,False,False
2026-03-01,Goa,KIA INDIA PRIVATE LIMITED,Petrol/Diesel/CNG/Hybrid,160,Kia,Hyundai,South Korea,West,IN-GA,State,"Goa, India",Mar,3,Q1,31,False,False
2026-04-01,Goa,KIA INDIA PRIVATE LIMITED,Petrol/Diesel/CNG/Hybrid,133,Kia,Hyundai,South Korea,West,IN-GA,State,"Goa, India",Apr,4,Q2,30,False,False
2026-05-01,Goa,KIA INDIA PRIVATE LIMITED,Petrol/Diesel/CNG/Hybrid,140,Kia,Hyundai,South Korea,West,IN-GA,State,"Goa, India",May,5,Q2,31,False,False
2026-06-01,Goa,KIA INDIA PRIVATE LIMITED,Petrol/Diesel/CNG/Hybrid,51,Kia,Hyundai,South Korea,West,IN-GA,State,"Goa, India",Jun,6,Q2,17,True,False
2026-01-01,Goa,MAHINDRA & MAHINDRA LIMITED,Petrol/Diesel/CNG/Hybrid,128,Mahindra,Mahindra,India,West,IN-GA,State,"Goa, India",Jan,1,Q1,31,False,False
2026-02-01,Goa,MAHINDRA & MAHINDRA LIMITED,Petrol/Diesel/CNG/Hybrid,123,Mahindra,Mahindra,India,West,IN-GA,State,"Goa, India",Feb,2,Q1,28,False,False
2026-03-01,Goa,MAHINDRA & MAHINDRA LIMITED,Petrol/Diesel/CNG/Hybrid,144,Mahindra,Mahindra,India,West,IN-GA,State,"Goa, India",Mar,3,Q1,31,False,False
2026-04-01,Goa,MAHINDRA & MAHINDRA LIMITED,Petrol/Diesel/CNG/Hybrid,111,Mahindra,Mahindra,India,West,IN-GA,State,"Goa, India",Apr,4,Q2,30,False,False
2026-05-01,Goa,MAHINDRA & MAHINDRA LIMITED,Petrol/Diesel/CNG/Hybrid,91,Mahindra,Mahindra,India,West,IN-GA,State,"Goa, India",May,5,Q2,31,False,False
2026-06-01,Goa,MAHINDRA & MAHINDRA LIMITED,Petrol/Diesel/CNG/Hybrid,44,Mahindra,Mahindra,India,West,IN-GA,State,"Goa, India",Jun,6,Q2,17,True,False
2026-01-01,Goa,MARUTI SUZUKI INDIA LTD,Petrol/Diesel/CNG/Hybrid,1148,Maruti Suzuki,Suzuki,Japan,West,IN-GA,State,"Goa, India",Jan,1,Q1,31,False,False
2026-02-01,Goa,MARUTI SUZUKI INDIA LTD,Petrol/Diesel/CNG/Hybrid,705,Maruti Suzuki,Suzuki,Japan,West,IN-GA,State,"Goa, India",Feb,2,Q1,28,False,False
2026-03-01,Goa,MARUTI SUZUKI INDIA LTD,Petrol/Diesel/CNG/Hybrid,888,Maruti Suzuki,Suzuki,Japan,West,IN-GA,State,"Goa, India",Mar,3,Q1,31,False,False
2026-04-01,Goa,MARUTI SUZUKI INDIA LTD,Petrol/Diesel/CNG/Hybrid,796,Maruti Suzuki,Suzuki,Japan,West,IN-GA,State,"Goa, India",Apr,4,Q2,30,False,False
2026-05-01,Goa,MARUTI SUZUKI INDIA LTD,Petrol/Diesel/CNG/Hybrid,798,Maruti Suzuki,Suzuki,Japan,West,IN-GA,State,"Goa, India",May,5,Q2,31,False,False
2026-06-01,Goa,MARUTI SUZUKI INDIA LTD,Petrol/Diesel/CNG/Hybrid,351,Maruti Suzuki,Suzuki,Japan,West,IN-GA,State,"Goa, India",Jun,6,Q2,17,True,False
2026-01-01,Goa,MERCEDES-BENZ AG,Petrol/Diesel/CNG/Hybrid,4,Mercedes-Benz,Mercedes-Benz,Germany,West,IN-GA,State,"Goa, India",Jan,1,Q1,31,False,False
2026-02-01,Goa,MERCEDES-BENZ AG,Petrol/Diesel/CNG/Hybrid,1,Mercedes-Benz,Mercedes-Benz,Germany,West,IN-GA,State,"Goa, India",Feb,2,Q1,28,False,False
2026-04-01,Goa,MERCEDES-BENZ AG,Petrol/Diesel/CNG/Hybrid,2,Mercedes-Benz,Mercedes-Benz,Germany,West,IN-GA,State,"Goa, India",Apr,4,Q2,30,False,False
2026-05-01,Goa,MERCEDES-BENZ AG,Petrol/Diesel/CNG/Hybrid,1,Mercedes-Benz,Mercedes-Benz,Germany,West,IN-GA,State,"Goa, India",May,5,Q2,31,False,False
2026-06-01,Goa,MERCEDES-BENZ AG,Petrol/Diesel/CNG/Hybrid,2,Mercedes-Benz,Mercedes-Benz,Germany,West,IN-GA,State,"Goa, India",Jun,6,Q2,17,True,False
2026-01-01,Goa,MERCEDES-BENZ INDIA PVT LTD,Petrol/Diesel/CNG/Hybrid,10,Mercedes-Benz,Mercedes-Benz,Germany,West,IN-GA,State,"Goa, India",Jan,1,Q1,31,False,False
2026-02-01,Goa,MERCEDES-BENZ INDIA PVT LTD,Petrol/Diesel/CNG/Hybrid,8,Mercedes-Benz,Mercedes-Benz,Germany,West,IN-GA,State,"Goa, India",Feb,2,Q1,28,False,False
2026-03-01,Goa,MERCEDES-BENZ INDIA PVT LTD,Petrol/Diesel/CNG/Hybrid,7,Mercedes-Benz,Mercedes-Benz,Germany,West,IN-GA,State,"Goa, India",Mar,3,Q1,31,False,False
2026-04-01,Goa,MERCEDES-BENZ INDIA PVT LTD,Petrol/Diesel/CNG/Hybrid,4,Mercedes-Benz,Mercedes-Benz,Germany,West,IN-GA,State,"Goa, India",Apr,4,Q2,30,False,False
2026-05-01,Goa,MERCEDES-BENZ INDIA PVT LTD,Petrol/Diesel/CNG/Hybrid,11,Mercedes-Benz,Mercedes-Benz,Germany,West,IN-GA,State,"Goa, India",May,5,Q2,31,False,False
2026-06-01,Goa,MERCEDES-BENZ INDIA PVT LTD,Petrol/Diesel/CNG/Hybrid,4,Mercedes-Benz,Mercedes-Benz,Germany,West,IN-GA,State,"Goa, India",Jun,6,Q2,17,True,False
2026-01-01,Goa,NISSAN MOTOR INDIA PVT LTD,Petrol/Diesel/CNG/Hybrid,3,Nissan,Nissan,Japan,West,IN-GA,State,"Goa, India",Jan,1,Q1,31,False,False
2026-02-01,Goa,NISSAN MOTOR INDIA PVT LTD,Petrol/Diesel/CNG/Hybrid,2,Nissan,Nissan,Japan,West,IN-GA,State,"Goa, India",Feb,2,Q1,28,False,False
2026-03-01,Goa,NISSAN MOTOR INDIA PVT LTD,Petrol/Diesel/CNG/Hybrid,6,Nissan,Nissan,Japan,West,IN-GA,State,"Goa, India",Mar,3,Q1,31,False,False
2026-04-01,Goa,NISSAN MOTOR INDIA PVT LTD,Petrol/Diesel/CNG/Hybrid,10,Nissan,Nissan,Japan,West,IN-GA,State,"Goa, India",Apr,4,Q2,30,False,False
2026-05-01,Goa,NISSAN MOTOR INDIA PVT LTD,Petrol/Diesel/CNG/Hybrid,11,Nissan,Nissan,Japan,West,IN-GA,State,"Goa, India",May,5,Q2,31,False,False
2026-06-01,Goa,NISSAN MOTOR INDIA PVT LTD,Petrol/Diesel/CNG/Hybrid,6,Nissan,Nissan,Japan,West,IN-GA,State,"Goa, India",Jun,6,Q2,17,True,False
2026-01-01,Goa,PORSCHE AG GERMANY,Petrol/Diesel/CNG/Hybrid,1,Porsche,Volkswagen Group,Germany,West,IN-GA,State,"Goa, India",Jan,1,Q1,31,False,False
2026-01-01,Goa,RENAULT INDIA PVT LTD,Petrol/Diesel/CNG/Hybrid,24,Renault,Renault,France,West,IN-GA,State,"Goa, India",Jan,1,Q1,31,False,False
2026-02-01,Goa,RENAULT INDIA PVT LTD,Petrol/Diesel/CNG/Hybrid,9,Renault,Renault,France,West,IN-GA,State,"Goa, India",Feb,2,Q1,28,False,False
2026-03-01,Goa,RENAULT INDIA PVT LTD,Petrol/Diesel/CNG/Hybrid,17,Renault,Renault,France,West,IN-GA,State,"Goa, India",Mar,3,Q1,31,False,False
2026-04-01,Goa,RENAULT INDIA PVT LTD,Petrol/Diesel/CNG/Hybrid,26,Renault,Renault,France,West,IN-GA,State,"Goa, India",Apr,4,Q2,30,False,False
2026-05-01,Goa,RENAULT INDIA PVT LTD,Petrol/Diesel/CNG/Hybrid,25,Renault,Renault,France,West,IN-GA,State,"Goa, India",May,5,Q2,31,False,False
2026-06-01,Goa,RENAULT INDIA PVT LTD,Petrol/Diesel/CNG/Hybrid,13,Renault,Renault,France,West,IN-GA,State,"Goa, India",Jun,6,Q2,17,True,False
2026-01-01,Goa,SKODA AUTO VOLKSWAGEN INDIA PVT LTD,Petrol/Diesel/CNG/Hybrid,78,Skoda-VW,Volkswagen Group,Germany,West,IN-GA,State,"Goa, India",Jan,1,Q1,31,False,False
2026-02-01,Goa,SKODA AUTO VOLKSWAGEN INDIA PVT LTD,Petrol/Diesel/CNG/Hybrid,53,Skoda-VW,Volkswagen Group,Germany,West,IN-GA,State,"Goa, India",Feb,2,Q1,28,False,False
2026-03-01,Goa,SKODA AUTO VOLKSWAGEN INDIA PVT LTD,Petrol/Diesel/CNG/Hybrid,82,Skoda-VW,Volkswagen Group,Germany,West,IN-GA,State,"Goa, India",Mar,3,Q1,31,False,False
2026-04-01,Goa,SKODA AUTO VOLKSWAGEN INDIA PVT LTD,Petrol/Diesel/CNG/Hybrid,81,Skoda-VW,Volkswagen Group,Germany,West,IN-GA,State,"Goa, India",Apr,4,Q2,30,False,False
2026-05-01,Goa,SKODA AUTO VOLKSWAGEN INDIA PVT LTD,Petrol/Diesel/CNG/Hybrid,69,Skoda-VW,Volkswagen Group,Germany,West,IN-GA,State,"Goa, India",May,5,Q2,31,False,False
2026-06-01,Goa,SKODA AUTO VOLKSWAGEN INDIA PVT LTD,Petrol/Diesel/CNG/Hybrid,35,Skoda-VW,Volkswagen Group,Germany,West,IN-GA,State,"Goa, India",Jun,6,Q2,17,True,False
2026-03-01,Goa,STELLANTIS AUTOMOBILES INDIA PVT LTD,Petrol/Diesel/CNG/Hybrid,6,Stellantis (Jeep/Citroen),Stellantis,Netherlands,West,IN-GA,State,"Goa, India",Mar,3,Q1,31,False,False
2026-04-01,Goa,STELLANTIS AUTOMOBILES INDIA PVT LTD,Petrol/Diesel/CNG/Hybrid,4,Stellantis (Jeep/Citroen),Stellantis,Netherlands,West,IN-GA,State,"Goa, India",Apr,4,Q2,30,False,False
2026-05-01,Goa,STELLANTIS AUTOMOBILES INDIA PVT LTD,Petrol/Diesel/CNG/Hybrid,5,Stellantis (Jeep/Citroen),Stellantis,Netherlands,West,IN-GA,State,"Goa, India",May,5,Q2,31,False,False
2026-06-01,Goa,STELLANTIS AUTOMOBILES INDIA PVT LTD,Petrol/Diesel/CNG/Hybrid,1,Stellantis (Jeep/Citroen),Stellantis,Netherlands,West,IN-GA,State,"Goa, India",Jun,6,Q2,17,True,False
2026-01-01,Goa,STELLANTIS INDIA PVT LTD,Petrol/Diesel/CNG/Hybrid,2,Stellantis (Jeep/Citroen),Stellantis,Netherlands,West,IN-GA,State,"Goa, India",Jan,1,Q1,31,False,False
2026-03-01,Goa,STELLANTIS INDIA PVT LTD,Petrol/Diesel/CNG/Hybrid,3,Stellantis (Jeep/Citroen),Stellantis,Netherlands,West,IN-GA,State,"Goa, India",Mar,3,Q1,31,False,False
2026-05-01,Goa,STELLANTIS INDIA PVT LTD,Petrol/Diesel/CNG/Hybrid,3,Stellantis (Jeep/Citroen),Stellantis,Netherlands,West,IN-GA,State,"Goa, India",May,5,Q2,31,False,False
2026-06-01,Goa,STELLANTIS INDIA PVT LTD,Petrol/Diesel/CNG/Hybrid,1,Stellantis (Jeep/Citroen),Stellantis,Netherlands,West,IN-GA,State,"Goa, India",Jun,6,Q2,17,True,False
2026-02-01,Goa,TATA MOTORS LTD,Petrol/Diesel/CNG/Hybrid,1,Tata,Tata Motors,India,West,IN-GA,State,"Goa, India",Feb,2,Q1,28,False,False
2026-01-01,Goa,TATA MOTORS PASSENGER VEHICLES LTD,Petrol/Diesel/CNG/Hybrid,112,Tata,Tata Motors,India,West,IN-GA,State,"Goa, India",Jan,1,Q1,31,False,False
2026-02-01,Goa,TATA MOTORS PASSENGER VEHICLES LTD,Petrol/Diesel/CNG/Hybrid,131,Tata,Tata Motors,India,West,IN-GA,State,"Goa, India",Feb,2,Q1,28,False,False
2026-03-01,Goa,TATA MOTORS PASSENGER VEHICLES LTD,Petrol/Diesel/CNG/Hybrid,216,Tata,Tata Motors,India,West,IN-GA,State,"Goa, India",Mar,3,Q1,31,False,False
2026-04-01,Goa,TATA MOTORS PASSENGER VEHICLES LTD,Petrol/Diesel/CNG/Hybrid,163,Tata,Tata Motors,India,West,IN-GA,State,"Goa, India",Apr,4,Q2,30,False,False
2026-05-01,Goa,TATA MOTORS PASSENGER VEHICLES LTD,Petrol/Diesel/CNG/Hybrid,112,Tata,Tata Motors,India,West,IN-GA,State,"Goa, India",May,5,Q2,31,False,False
2026-06-01,Goa,TATA MOTORS PASSENGER VEHICLES LTD,Petrol/Diesel/CNG/Hybrid,51,Tata,Tata Motors,India,West,IN-GA,State,"Goa, India",Jun,6,Q2,17,True,False
2026-05-01,Goa,TATA PASSENGER ELECTRIC MOBILITY LTD,Petrol/Diesel/CNG/Hybrid,1,Tata,Tata Motors,India,West,IN-GA,State,"Goa, India",May,5,Q2,31,False,False
2026-01-01,Goa,TOYOTA KIRLOSKAR MOTOR PVT LTD,Petrol/Diesel/CNG/Hybrid,105,Toyota,Toyota,Japan,West,IN-GA,State,"Goa, India",Jan,1,Q1,31,False,False
2026-02-01,Goa,TOYOTA KIRLOSKAR MOTOR PVT LTD,Petrol/Diesel/CNG/Hybrid,86,Toyota,Toyota,Japan,West,IN-GA,State,"Goa, India",Feb,2,Q1,28,False,False
2026-03-01,Goa,TOYOTA KIRLOSKAR MOTOR PVT LTD,Petrol/Diesel/CNG/Hybrid,97,Toyota,Toyota,Japan,West,IN-GA,State,"Goa, India",Mar,3,Q1,31,False,False
2026-04-01,Goa,TOYOTA KIRLOSKAR MOTOR PVT LTD,Petrol/Diesel/CNG/Hybrid,85,Toyota,Toyota,Japan,West,IN-GA,State,"Goa, India",Apr,4,Q2,30,False,False
2026-05-01,Goa,TOYOTA KIRLOSKAR MOTOR PVT LTD,Petrol/Diesel/CNG/Hybrid,71,Toyota,Toyota,Japan,West,IN-GA,State,"Goa, India",May,5,Q2,31,False,False
2026-06-01,Goa,TOYOTA KIRLOSKAR MOTOR PVT LTD,Petrol/Diesel/CNG/Hybrid,50,Toyota,Toyota,Japan,West,IN-GA,State,"Goa, India",Jun,6,Q2,17,True,False
2026-01-01,Goa,VOLVO AUTO INDIA PVT LTD,Petrol/Diesel/CNG/Hybrid,1,Volvo,Geely,Sweden,West,IN-GA,State,"Goa, India",Jan,1,Q1,31,False,False
2026-01-01,Gujarat,AUDI AG,Petrol/Diesel/CNG/Hybrid,6,Audi,Volkswagen Group,Germany,West,IN-GJ,State,"Gujarat, India",Jan,1,Q1,31,False,False
2026-02-01,Gujarat,AUDI AG,Petrol/Diesel/CNG/Hybrid,2,Audi,Volkswagen Group,Germany,West,IN-GJ,State,"Gujarat, India",Feb,2,Q1,28,False,False
2026-06-01,Gujarat,AUDI AG,Petrol/Diesel/CNG/Hybrid,1,Audi,Volkswagen Group,Germany,West,IN-GJ,State,"Gujarat, India",Jun,6,Q2,17,True,False
2026-03-01,Gujarat,AUTOMOBILI LAMBORGHINI S.P.A,Petrol/Diesel/CNG/Hybrid,2,Lamborghini,Volkswagen Group,Italy,West,IN-GJ,State,"Gujarat, India",Mar,3,Q1,31,False,False
2026-04-01,Gujarat,BENTLEY MOTORS LTD (SAVWIPL),Petrol/Diesel/CNG/Hybrid,1,Bentley,Volkswagen Group,UK,West,IN-GJ,State,"Gujarat, India",Apr,4,Q2,30,False,False
2026-01-01,Gujarat,BMW INDIA PVT LTD,Petrol/Diesel/CNG/Hybrid,183,BMW,BMW Group,Germany,West,IN-GJ,State,"Gujarat, India",Jan,1,Q1,31,False,False
2026-02-01,Gujarat,BMW INDIA PVT LTD,Petrol/Diesel/CNG/Hybrid,112,BMW,BMW Group,Germany,West,IN-GJ,State,"Gujarat, India",Feb,2,Q1,28,False,False
2026-03-01,Gujarat,BMW INDIA PVT LTD,Petrol/Diesel/CNG/Hybrid,155,BMW,BMW Group,Germany,West,IN-GJ,State,"Gujarat, India",Mar,3,Q1,31,False,False
2026-04-01,Gujarat,BMW INDIA PVT LTD,Petrol/Diesel/CNG/Hybrid,108,BMW,BMW Group,Germany,West,IN-GJ,State,"Gujarat, India",Apr,4,Q2,30,False,False
2026-05-01,Gujarat,BMW INDIA PVT LTD,Petrol/Diesel/CNG/Hybrid,85,BMW,BMW Group,Germany,West,IN-GJ,State,"Gujarat, India",May,5,Q2,31,False,False
2026-06-01,Gujarat,BMW INDIA PVT LTD,Petrol/Diesel/CNG/Hybrid,80,BMW,BMW Group,Germany,West,IN-GJ,State,"Gujarat, India",Jun,6,Q2,17,True,False
2026-01-01,Gujarat,FORCE MOTORS LIMITED,Petrol/Diesel/CNG/Hybrid,10,Force,Force Motors,India,West,IN-GJ,State,"Gujarat, India",Jan,1,Q1,31,False,False
2026-02-01,Gujarat,FORCE MOTORS LIMITED,Petrol/Diesel/CNG/Hybrid,10,Force,Force Motors,India,West,IN-GJ,State,"Gujarat, India",Feb,2,Q1,28,False,False
2026-03-01,Gujarat,FORCE MOTORS LIMITED,Petrol/Diesel/CNG/Hybrid,11,Force,Force Motors,India,West,IN-GJ,State,"Gujarat, India",Mar,3,Q1,31,False,False
2026-04-01,Gujarat,FORCE MOTORS LIMITED,Petrol/Diesel/CNG/Hybrid,8,Force,Force Motors,India,West,IN-GJ,State,"Gujarat, India",Apr,4,Q2,30,False,False
2026-05-01,Gujarat,FORCE MOTORS LIMITED,Petrol/Diesel/CNG/Hybrid,10,Force,Force Motors,India,West,IN-GJ,State,"Gujarat, India",May,5,Q2,31,False,False
2026-06-01,Gujarat,FORCE MOTORS LIMITED,Petrol/Diesel/CNG/Hybrid,8,Force,Force Motors,India,West,IN-GJ,State,"Gujarat, India",Jun,6,Q2,17,True,False
2026-01-01,Gujarat,HONDA CARS INDIA LTD,Petrol/Diesel/CNG/Hybrid,478,Honda,Honda,Japan,West,IN-GJ,State,"Gujarat, India",Jan,1,Q1,31,False,False
2026-02-01,Gujarat,HONDA CARS INDIA LTD,Petrol/Diesel/CNG/Hybrid,385,Honda,Honda,Japan,West,IN-GJ,State,"Gujarat, India",Feb,2,Q1,28,False,False
2026-03-01,Gujarat,HONDA CARS INDIA LTD,Petrol/Diesel/CNG/Hybrid,486,Honda,Honda,Japan,West,IN-GJ,State,"Gujarat, India",Mar,3,Q1,31,False,False
2026-04-01,Gujarat,HONDA CARS INDIA LTD,Petrol/Diesel/CNG/Hybrid,393,Honda,Honda,Japan,West,IN-GJ,State,"Gujarat, India",Apr,4,Q2,30,False,False
2026-05-01,Gujarat,HONDA CARS INDIA LTD,Petrol/Diesel/CNG/Hybrid,345,Honda,Honda,Japan,West,IN-GJ,State,"Gujarat, India",May,5,Q2,31,False,False
2026-06-01,Gujarat,HONDA CARS INDIA LTD,Petrol/Diesel/CNG/Hybrid,209,Honda,Honda,Japan,West,IN-GJ,State,"Gujarat, India",Jun,6,Q2,17,True,False
2026-01-01,Gujarat,HYUNDAI MOTOR INDIA LTD,Petrol/Diesel/CNG/Hybrid,7270,Hyundai,Hyundai,South Korea,West,IN-GJ,State,"Gujarat, India",Jan,1,Q1,31,False,False
2026-02-01,Gujarat,HYUNDAI MOTOR INDIA LTD,Petrol/Diesel/CNG/Hybrid,4583,Hyundai,Hyundai,South Korea,West,IN-GJ,State,"Gujarat, India",Feb,2,Q1,28,False,False
2026-03-01,Gujarat,HYUNDAI MOTOR INDIA LTD,Petrol/Diesel/CNG/Hybrid,5199,Hyundai,Hyundai,South Korea,West,IN-GJ,State,"Gujarat, India",Mar,3,Q1,31,False,False
2026-04-01,Gujarat,HYUNDAI MOTOR INDIA LTD,Petrol/Diesel/CNG/Hybrid,5394,Hyundai,Hyundai,South Korea,West,IN-GJ,State,"Gujarat, India",Apr,4,Q2,30,False,False
2026-05-01,Gujarat,HYUNDAI MOTOR INDIA LTD,Petrol/Diesel/CNG/Hybrid,4906,Hyundai,Hyundai,South Korea,West,IN-GJ,State,"Gujarat, India",May,5,Q2,31,False,False
2026-06-01,Gujarat,HYUNDAI MOTOR INDIA LTD,Petrol/Diesel/CNG/Hybrid,2682,Hyundai,Hyundai,South Korea,West,IN-GJ,State,"Gujarat, India",Jun,6,Q2,17,True,False
2026-06-01,Gujarat,ISUZU MOTORS INDIA PVT LTD,Petrol/Diesel/CNG/Hybrid,1,Isuzu,Isuzu,Japan,West,IN-GJ,State,"Gujarat, India",Jun,6,Q2,17,True,False
2026-01-01,Gujarat,JAGUAR LAND ROVER INDIA LIMITED,Petrol/Diesel/CNG/Hybrid,42,Jaguar Land Rover,Tata Motors,UK,West,IN-GJ,State,"Gujarat, India",Jan,1,Q1,31,False,False
2026-02-01,Gujarat,JAGUAR LAND ROVER INDIA LIMITED,Petrol/Diesel/CNG/Hybrid,35,Jaguar Land Rover,Tata Motors,UK,West,IN-GJ,State,"Gujarat, India",Feb,2,Q1,28,False,False
2026-03-01,Gujarat,JAGUAR LAND ROVER INDIA LIMITED,Petrol/Diesel/CNG/Hybrid,43,Jaguar Land Rover,Tata Motors,UK,West,IN-GJ,State,"Gujarat, India",Mar,3,Q1,31,False,False
2026-04-01,Gujarat,JAGUAR LAND ROVER INDIA LIMITED,Petrol/Diesel/CNG/Hybrid,51,Jaguar Land Rover,Tata Motors,UK,West,IN-GJ,State,"Gujarat, India",Apr,4,Q2,30,False,False
2026-05-01,Gujarat,JAGUAR LAND ROVER INDIA LIMITED,Petrol/Diesel/CNG/Hybrid,31,Jaguar Land Rover,Tata Motors,UK,West,IN-GJ,State,"Gujarat, India",May,5,Q2,31,False,False
2026-06-01,Gujarat,JAGUAR LAND ROVER INDIA LIMITED,Petrol/Diesel/CNG/Hybrid,43,Jaguar Land Rover,Tata Motors,UK,West,IN-GJ,State,"Gujarat, India",Jun,6,Q2,17,True,False
2026-01-01,Gujarat,JSW MG MOTOR INDIA PVT LTD,Petrol/Diesel/CNG/Hybrid,123,MG,JSW-SAIC,India / China,West,IN-GJ,State,"Gujarat, India",Jan,1,Q1,31,False,False
2026-02-01,Gujarat,JSW MG MOTOR INDIA PVT LTD,Petrol/Diesel/CNG/Hybrid,97,MG,JSW-SAIC,India / China,West,IN-GJ,State,"Gujarat, India",Feb,2,Q1,28,False,False
2026-03-01,Gujarat,JSW MG MOTOR INDIA PVT LTD,Petrol/Diesel/CNG/Hybrid,93,MG,JSW-SAIC,India / China,West,IN-GJ,State,"Gujarat, India",Mar,3,Q1,31,False,False
2026-04-01,Gujarat,JSW MG MOTOR INDIA PVT LTD,Petrol/Diesel/CNG/Hybrid,78,MG,JSW-SAIC,India / China,West,IN-GJ,State,"Gujarat, India",Apr,4,Q2,30,False,False
2026-05-01,Gujarat,JSW MG MOTOR INDIA PVT LTD,Petrol/Diesel/CNG/Hybrid,60,MG,JSW-SAIC,India / China,West,IN-GJ,State,"Gujarat, India",May,5,Q2,31,False,False
2026-06-01,Gujarat,JSW MG MOTOR INDIA PVT LTD,Petrol/Diesel/CNG/Hybrid,101,MG,JSW-SAIC,India / China,West,IN-GJ,State,"Gujarat, India",Jun,6,Q2,17,True,False
2026-01-01,Gujarat,KIA INDIA PRIVATE LIMITED,Petrol/Diesel/CNG/Hybrid,3376,Kia,Hyundai,South Korea,West,IN-GJ,State,"Gujarat, India",Jan,1,Q1,31,False,False
2026-02-01,Gujarat,KIA INDIA PRIVATE LIMITED,Petrol/Diesel/CNG/Hybrid,2587,Kia,Hyundai,South Korea,West,IN-GJ,State,"Gujarat, India",Feb,2,Q1,28,False,False
2026-03-01,Gujarat,KIA INDIA PRIVATE LIMITED,Petrol/Diesel/CNG/Hybrid,3209,Kia,Hyundai,South Korea,West,IN-GJ,State,"Gujarat, India",Mar,3,Q1,31,False,False
2026-04-01,Gujarat,KIA INDIA PRIVATE LIMITED,Petrol/Diesel/CNG/Hybrid,2985,Kia,Hyundai,South Korea,West,IN-GJ,State,"Gujarat, India",Apr,4,Q2,30,False,False
2026-05-01,Gujarat,KIA INDIA PRIVATE LIMITED,Petrol/Diesel/CNG/Hybrid,2418,Kia,Hyundai,South Korea,West,IN-GJ,State,"Gujarat, India",May,5,Q2,31,False,False
2026-06-01,Gujarat,KIA INDIA PRIVATE LIMITED,Petrol/Diesel/CNG/Hybrid,1497,Kia,Hyundai,South Korea,West,IN-GJ,State,"Gujarat, India",Jun,6,Q2,17,True,False
2026-01-01,Gujarat,MAHINDRA & MAHINDRA LIMITED,Petrol/Diesel/CNG/Hybrid,3133,Mahindra,Mahindra,India,West,IN-GJ,State,"Gujarat, India",Jan,1,Q1,31,False,False
2026-02-01,Gujarat,MAHINDRA & MAHINDRA LIMITED,Petrol/Diesel/CNG/Hybrid,2796,Mahindra,Mahindra,India,West,IN-GJ,State,"Gujarat, India",Feb,2,Q1,28,False,False
2026-03-01,Gujarat,MAHINDRA & MAHINDRA LIMITED,Petrol/Diesel/CNG/Hybrid,3353,Mahindra,Mahindra,India,West,IN-GJ,State,"Gujarat, India",Mar,3,Q1,31,False,False
2026-04-01,Gujarat,MAHINDRA & MAHINDRA LIMITED,Petrol/Diesel/CNG/Hybrid,3179,Mahindra,Mahindra,India,West,IN-GJ,State,"Gujarat, India",Apr,4,Q2,30,False,False
2026-05-01,Gujarat,MAHINDRA & MAHINDRA LIMITED,Petrol/Diesel/CNG/Hybrid,2490,Mahindra,Mahindra,India,West,IN-GJ,State,"Gujarat, India",May,5,Q2,31,False,False
2026-06-01,Gujarat,MAHINDRA & MAHINDRA LIMITED,Petrol/Diesel/CNG/Hybrid,1745,Mahindra,Mahindra,India,West,IN-GJ,State,"Gujarat, India",Jun,6,Q2,17,True,False
2026-02-01,Gujarat,MARUTI AGRO INDUSTRIES,Petrol/Diesel/CNG/Hybrid,2,Maruti Suzuki,Suzuki,Japan,West,IN-GJ,State,"Gujarat, India",Feb,2,Q1,28,False,False
2026-04-01,Gujarat,MARUTI AGRO INDUSTRIES,Petrol/Diesel/CNG/Hybrid,1,Maruti Suzuki,Suzuki,Japan,West,IN-GJ,State,"Gujarat, India",Apr,4,Q2,30,False,False
2026-05-01,Gujarat,MARUTI MECHANICAL WORKS,Petrol/Diesel/CNG/Hybrid,1,Maruti Suzuki,Suzuki,Japan,West,IN-GJ,State,"Gujarat, India",May,5,Q2,31,False,False
2026-01-01,Gujarat,MARUTI SUZUKI INDIA LTD,Petrol/Diesel/CNG/Hybrid,15448,Maruti Suzuki,Suzuki,Japan,West,IN-GJ,State,"Gujarat, India",Jan,1,Q1,31,False,False
2026-02-01,Gujarat,MARUTI SUZUKI INDIA LTD,Petrol/Diesel/CNG/Hybrid,11061,Maruti Suzuki,Suzuki,Japan,West,IN-GJ,State,"Gujarat, India",Feb,2,Q1,28,False,False
2026-03-01,Gujarat,MARUTI SUZUKI INDIA LTD,Petrol/Diesel/CNG/Hybrid,12782,Maruti Suzuki,Suzuki,Japan,West,IN-GJ,State,"Gujarat, India",Mar,3,Q1,31,False,False
2026-04-01,Gujarat,MARUTI SUZUKI INDIA LTD,Petrol/Diesel/CNG/Hybrid,11555,Maruti Suzuki,Suzuki,Japan,West,IN-GJ,State,"Gujarat, India",Apr,4,Q2,30,False,False
2026-05-01,Gujarat,MARUTI SUZUKI INDIA LTD,Petrol/Diesel/CNG/Hybrid,11868,Maruti Suzuki,Suzuki,Japan,West,IN-GJ,State,"Gujarat, India",May,5,Q2,31,False,False
2026-06-01,Gujarat,MARUTI SUZUKI INDIA LTD,Petrol/Diesel/CNG/Hybrid,6049,Maruti Suzuki,Suzuki,Japan,West,IN-GJ,State,"Gujarat, India",Jun,6,Q2,17,True,False
2026-02-01,Gujarat,MASERATI S.P.A,Petrol/Diesel/CNG/Hybrid,1,Maserati,Stellantis,Italy,West,IN-GJ,State,"Gujarat, India",Feb,2,Q1,28,False,False
2026-03-01,Gujarat,MASERATI S.P.A,Petrol/Diesel/CNG/Hybrid,2,Maserati,Stellantis,Italy,West,IN-GJ,State,"Gujarat, India",Mar,3,Q1,31,False,False
2026-06-01,Gujarat,MASERATI S.P.A,Petrol/Diesel/CNG/Hybrid,1,Maserati,Stellantis,Italy,West,IN-GJ,State,"Gujarat, India",Jun,6,Q2,17,True,False
2026-01-01,Gujarat,MERCEDES-BENZ AG,Petrol/Diesel/CNG/Hybrid,4,Mercedes-Benz,Mercedes-Benz,Germany,West,IN-GJ,State,"Gujarat, India",Jan,1,Q1,31,False,False
2026-02-01,Gujarat,MERCEDES-BENZ AG,Petrol/Diesel/CNG/Hybrid,6,Mercedes-Benz,Mercedes-Benz,Germany,West,IN-GJ,State,"Gujarat, India",Feb,2,Q1,28,False,False
2026-03-01,Gujarat,MERCEDES-BENZ AG,Petrol/Diesel/CNG/Hybrid,9,Mercedes-Benz,Mercedes-Benz,Germany,West,IN-GJ,State,"Gujarat, India",Mar,3,Q1,31,False,False
2026-04-01,Gujarat,MERCEDES-BENZ AG,Petrol/Diesel/CNG/Hybrid,10,Mercedes-Benz,Mercedes-Benz,Germany,West,IN-GJ,State,"Gujarat, India",Apr,4,Q2,30,False,False
2026-05-01,Gujarat,MERCEDES-BENZ AG,Petrol/Diesel/CNG/Hybrid,3,Mercedes-Benz,Mercedes-Benz,Germany,West,IN-GJ,State,"Gujarat, India",May,5,Q2,31,False,False
2026-06-01,Gujarat,MERCEDES-BENZ AG,Petrol/Diesel/CNG/Hybrid,7,Mercedes-Benz,Mercedes-Benz,Germany,West,IN-GJ,State,"Gujarat, India",Jun,6,Q2,17,True,False
2026-01-01,Gujarat,MERCEDES-BENZ INDIA PVT LTD,Petrol/Diesel/CNG/Hybrid,142,Mercedes-Benz,Mercedes-Benz,Germany,West,IN-GJ,State,"Gujarat, India",Jan,1,Q1,31,False,False
2026-02-01,Gujarat,MERCEDES-BENZ INDIA PVT LTD,Petrol/Diesel/CNG/Hybrid,122,Mercedes-Benz,Mercedes-Benz,Germany,West,IN-GJ,State,"Gujarat, India",Feb,2,Q1,28,False,False
2026-03-01,Gujarat,MERCEDES-BENZ INDIA PVT LTD,Petrol/Diesel/CNG/Hybrid,147,Mercedes-Benz,Mercedes-Benz,Germany,West,IN-GJ,State,"Gujarat, India",Mar,3,Q1,31,False,False
2026-04-01,Gujarat,MERCEDES-BENZ INDIA PVT LTD,Petrol/Diesel/CNG/Hybrid,119,Mercedes-Benz,Mercedes-Benz,Germany,West,IN-GJ,State,"Gujarat, India",Apr,4,Q2,30,False,False
2026-05-01,Gujarat,MERCEDES-BENZ INDIA PVT LTD,Petrol/Diesel/CNG/Hybrid,82,Mercedes-Benz,Mercedes-Benz,Germany,West,IN-GJ,State,"Gujarat, India",May,5,Q2,31,False,False
2026-06-01,Gujarat,MERCEDES-BENZ INDIA PVT LTD,Petrol/Diesel/CNG/Hybrid,88,Mercedes-Benz,Mercedes-Benz,Germany,West,IN-GJ,State,"Gujarat, India",Jun,6,Q2,17,True,False
2026-01-01,Gujarat,NISSAN MOTOR INDIA PVT LTD,Petrol/Diesel/CNG/Hybrid,158,Nissan,Nissan,Japan,West,IN-GJ,State,"Gujarat, India",Jan,1,Q1,31,False,False
2026-02-01,Gujarat,NISSAN MOTOR INDIA PVT LTD,Petrol/Diesel/CNG/Hybrid,97,Nissan,Nissan,Japan,West,IN-GJ,State,"Gujarat, India",Feb,2,Q1,28,False,False
2026-03-01,Gujarat,NISSAN MOTOR INDIA PVT LTD,Petrol/Diesel/CNG/Hybrid,177,Nissan,Nissan,Japan,West,IN-GJ,State,"Gujarat, India",Mar,3,Q1,31,False,False
2026-04-01,Gujarat,NISSAN MOTOR INDIA PVT LTD,Petrol/Diesel/CNG/Hybrid,160,Nissan,Nissan,Japan,West,IN-GJ,State,"Gujarat, India",Apr,4,Q2,30,False,False
2026-05-01,Gujarat,NISSAN MOTOR INDIA PVT LTD,Petrol/Diesel/CNG/Hybrid,155,Nissan,Nissan,Japan,West,IN-GJ,State,"Gujarat, India",May,5,Q2,31,False,False
2026-06-01,Gujarat,NISSAN MOTOR INDIA PVT LTD,Petrol/Diesel/CNG/Hybrid,79,Nissan,Nissan,Japan,West,IN-GJ,State,"Gujarat, India",Jun,6,Q2,17,True,False
2026-01-01,Gujarat,PORSCHE AG GERMANY,Petrol/Diesel/CNG/Hybrid,6,Porsche,Volkswagen Group,Germany,West,IN-GJ,State,"Gujarat, India",Jan,1,Q1,31,False,False
2026-02-01,Gujarat,PORSCHE AG GERMANY,Petrol/Diesel/CNG/Hybrid,5,Porsche,Volkswagen Group,Germany,West,IN-GJ,State,"Gujarat, India",Feb,2,Q1,28,False,False
2026-03-01,Gujarat,PORSCHE AG GERMANY,Petrol/Diesel/CNG/Hybrid,4,Porsche,Volkswagen Group,Germany,West,IN-GJ,State,"Gujarat, India",Mar,3,Q1,31,False,False
2026-04-01,Gujarat,PORSCHE AG GERMANY,Petrol/Diesel/CNG/Hybrid,3,Porsche,Volkswagen Group,Germany,West,IN-GJ,State,"Gujarat, India",Apr,4,Q2,30,False,False
2026-05-01,Gujarat,PORSCHE AG GERMANY,Petrol/Diesel/CNG/Hybrid,1,Porsche,Volkswagen Group,Germany,West,IN-GJ,State,"Gujarat, India",May,5,Q2,31,False,False
2026-06-01,Gujarat,PORSCHE AG GERMANY,Petrol/Diesel/CNG/Hybrid,2,Porsche,Volkswagen Group,Germany,West,IN-GJ,State,"Gujarat, India",Jun,6,Q2,17,True,False
2026-01-01,Gujarat,RENAULT INDIA PVT LTD,Petrol/Diesel/CNG/Hybrid,148,Renault,Renault,France,West,IN-GJ,State,"Gujarat, India",Jan,1,Q1,31,False,False
2026-02-01,Gujarat,RENAULT INDIA PVT LTD,Petrol/Diesel/CNG/Hybrid,101,Renault,Renault,France,West,IN-GJ,State,"Gujarat, India",Feb,2,Q1,28,False,False
2026-03-01,Gujarat,RENAULT INDIA PVT LTD,Petrol/Diesel/CNG/Hybrid,122,Renault,Renault,France,West,IN-GJ,State,"Gujarat, India",Mar,3,Q1,31,False,False
2026-04-01,Gujarat,RENAULT INDIA PVT LTD,Petrol/Diesel/CNG/Hybrid,169,Renault,Renault,France,West,IN-GJ,State,"Gujarat, India",Apr,4,Q2,30,False,False
2026-05-01,Gujarat,RENAULT INDIA PVT LTD,Petrol/Diesel/CNG/Hybrid,132,Renault,Renault,France,West,IN-GJ,State,"Gujarat, India",May,5,Q2,31,False,False
2026-06-01,Gujarat,RENAULT INDIA PVT LTD,Petrol/Diesel/CNG/Hybrid,85,Renault,Renault,France,West,IN-GJ,State,"Gujarat, India",Jun,6,Q2,17,True,False
2026-04-01,Gujarat,SHREE MARUTI AGRO EQUIPMENT,Petrol/Diesel/CNG/Hybrid,2,Maruti Suzuki,Suzuki,Japan,West,IN-GJ,State,"Gujarat, India",Apr,4,Q2,30,False,False
2026-02-01,Gujarat,SKODA AUTO AS,Petrol/Diesel/CNG/Hybrid,2,Skoda-VW,Volkswagen Group,Germany,West,IN-GJ,State,"Gujarat, India",Feb,2,Q1,28,False,False
2026-01-01,Gujarat,SKODA AUTO VOLKSWAGEN INDIA PVT LTD,Petrol/Diesel/CNG/Hybrid,781,Skoda-VW,Volkswagen Group,Germany,West,IN-GJ,State,"Gujarat, India",Jan,1,Q1,31,False,False
2026-02-01,Gujarat,SKODA AUTO VOLKSWAGEN INDIA PVT LTD,Petrol/Diesel/CNG/Hybrid,590,Skoda-VW,Volkswagen Group,Germany,West,IN-GJ,State,"Gujarat, India",Feb,2,Q1,28,False,False
2026-03-01,Gujarat,SKODA AUTO VOLKSWAGEN INDIA PVT LTD,Petrol/Diesel/CNG/Hybrid,749,Skoda-VW,Volkswagen Group,Germany,West,IN-GJ,State,"Gujarat, India",Mar,3,Q1,31,False,False
2026-04-01,Gujarat,SKODA AUTO VOLKSWAGEN INDIA PVT LTD,Petrol/Diesel/CNG/Hybrid,665,Skoda-VW,Volkswagen Group,Germany,West,IN-GJ,State,"Gujarat, India",Apr,4,Q2,30,False,False
2026-05-01,Gujarat,SKODA AUTO VOLKSWAGEN INDIA PVT LTD,Petrol/Diesel/CNG/Hybrid,535,Skoda-VW,Volkswagen Group,Germany,West,IN-GJ,State,"Gujarat, India",May,5,Q2,31,False,False
2026-06-01,Gujarat,SKODA AUTO VOLKSWAGEN INDIA PVT LTD,Petrol/Diesel/CNG/Hybrid,335,Skoda-VW,Volkswagen Group,Germany,West,IN-GJ,State,"Gujarat, India",Jun,6,Q2,17,True,False
2026-01-01,Gujarat,STELLANTIS AUTOMOBILES INDIA PVT LTD,Petrol/Diesel/CNG/Hybrid,50,Stellantis (Jeep/Citroen),Stellantis,Netherlands,West,IN-GJ,State,"Gujarat, India",Jan,1,Q1,31,False,False
2026-02-01,Gujarat,STELLANTIS AUTOMOBILES INDIA PVT LTD,Petrol/Diesel/CNG/Hybrid,41,Stellantis (Jeep/Citroen),Stellantis,Netherlands,West,IN-GJ,State,"Gujarat, India",Feb,2,Q1,28,False,False
2026-03-01,Gujarat,STELLANTIS AUTOMOBILES INDIA PVT LTD,Petrol/Diesel/CNG/Hybrid,42,Stellantis (Jeep/Citroen),Stellantis,Netherlands,West,IN-GJ,State,"Gujarat, India",Mar,3,Q1,31,False,False
2026-04-01,Gujarat,STELLANTIS AUTOMOBILES INDIA PVT LTD,Petrol/Diesel/CNG/Hybrid,53,Stellantis (Jeep/Citroen),Stellantis,Netherlands,West,IN-GJ,State,"Gujarat, India",Apr,4,Q2,30,False,False
2026-05-01,Gujarat,STELLANTIS AUTOMOBILES INDIA PVT LTD,Petrol/Diesel/CNG/Hybrid,36,Stellantis (Jeep/Citroen),Stellantis,Netherlands,West,IN-GJ,State,"Gujarat, India",May,5,Q2,31,False,False
2026-06-01,Gujarat,STELLANTIS AUTOMOBILES INDIA PVT LTD,Petrol/Diesel/CNG/Hybrid,18,Stellantis (Jeep/Citroen),Stellantis,Netherlands,West,IN-GJ,State,"Gujarat, India",Jun,6,Q2,17,True,False
2026-01-01,Gujarat,STELLANTIS INDIA PVT LTD,Petrol/Diesel/CNG/Hybrid,32,Stellantis (Jeep/Citroen),Stellantis,Netherlands,West,IN-GJ,State,"Gujarat, India",Jan,1,Q1,31,False,False
2026-02-01,Gujarat,STELLANTIS INDIA PVT LTD,Petrol/Diesel/CNG/Hybrid,14,Stellantis (Jeep/Citroen),Stellantis,Netherlands,West,IN-GJ,State,"Gujarat, India",Feb,2,Q1,28,False,False
2026-03-01,Gujarat,STELLANTIS INDIA PVT LTD,Petrol/Diesel/CNG/Hybrid,25,Stellantis (Jeep/Citroen),Stellantis,Netherlands,West,IN-GJ,State,"Gujarat, India",Mar,3,Q1,31,False,False
2026-04-01,Gujarat,STELLANTIS INDIA PVT LTD,Petrol/Diesel/CNG/Hybrid,26,Stellantis (Jeep/Citroen),Stellantis,Netherlands,West,IN-GJ,State,"Gujarat, India",Apr,4,Q2,30,False,False
2026-05-01,Gujarat,STELLANTIS INDIA PVT LTD,Petrol/Diesel/CNG/Hybrid,15,Stellantis (Jeep/Citroen),Stellantis,Netherlands,West,IN-GJ,State,"Gujarat, India",May,5,Q2,31,False,False
2026-06-01,Gujarat,STELLANTIS INDIA PVT LTD,Petrol/Diesel/CNG/Hybrid,13,Stellantis (Jeep/Citroen),Stellantis,Netherlands,West,IN-GJ,State,"Gujarat, India",Jun,6,Q2,17,True,False
2026-01-01,Gujarat,TATA MOTORS LTD,Petrol/Diesel/CNG/Hybrid,6,Tata,Tata Motors,India,West,IN-GJ,State,"Gujarat, India",Jan,1,Q1,31,False,False
2026-02-01,Gujarat,TATA MOTORS LTD,Petrol/Diesel/CNG/Hybrid,9,Tata,Tata Motors,India,West,IN-GJ,State,"Gujarat, India",Feb,2,Q1,28,False,False
2026-03-01,Gujarat,TATA MOTORS LTD,Petrol/Diesel/CNG/Hybrid,3,Tata,Tata Motors,India,West,IN-GJ,State,"Gujarat, India",Mar,3,Q1,31,False,False
2026-04-01,Gujarat,TATA MOTORS LTD,Petrol/Diesel/CNG/Hybrid,4,Tata,Tata Motors,India,West,IN-GJ,State,"Gujarat, India",Apr,4,Q2,30,False,False
2026-05-01,Gujarat,TATA MOTORS LTD,Petrol/Diesel/CNG/Hybrid,4,Tata,Tata Motors,India,West,IN-GJ,State,"Gujarat, India",May,5,Q2,31,False,False
2026-06-01,Gujarat,TATA MOTORS LTD,Petrol/Diesel/CNG/Hybrid,2,Tata,Tata Motors,India,West,IN-GJ,State,"Gujarat, India",Jun,6,Q2,17,True,False
2026-01-01,Gujarat,TATA MOTORS PASSENGER VEHICLES LTD,Petrol/Diesel/CNG/Hybrid,3885,Tata,Tata Motors,India,West,IN-GJ,State,"Gujarat, India",Jan,1,Q1,31,False,False
2026-02-01,Gujarat,TATA MOTORS PASSENGER VEHICLES LTD,Petrol/Diesel/CNG/Hybrid,4104,Tata,Tata Motors,India,West,IN-GJ,State,"Gujarat, India",Feb,2,Q1,28,False,False
2026-03-01,Gujarat,TATA MOTORS PASSENGER VEHICLES LTD,Petrol/Diesel/CNG/Hybrid,4512,Tata,Tata Motors,India,West,IN-GJ,State,"Gujarat, India",Mar,3,Q1,31,False,False
2026-04-01,Gujarat,TATA MOTORS PASSENGER VEHICLES LTD,Petrol/Diesel/CNG/Hybrid,3999,Tata,Tata Motors,India,West,IN-GJ,State,"Gujarat, India",Apr,4,Q2,30,False,False
2026-05-01,Gujarat,TATA MOTORS PASSENGER VEHICLES LTD,Petrol/Diesel/CNG/Hybrid,3096,Tata,Tata Motors,India,West,IN-GJ,State,"Gujarat, India",May,5,Q2,31,False,False
2026-06-01,Gujarat,TATA MOTORS PASSENGER VEHICLES LTD,Petrol/Diesel/CNG/Hybrid,1386,Tata,Tata Motors,India,West,IN-GJ,State,"Gujarat, India",Jun,6,Q2,17,True,False
2026-01-01,Gujarat,TATA PASSENGER ELECTRIC MOBILITY LTD,Petrol/Diesel/CNG/Hybrid,2,Tata,Tata Motors,India,West,IN-GJ,State,"Gujarat, India",Jan,1,Q1,31,False,False
2026-02-01,Gujarat,TATA PASSENGER ELECTRIC MOBILITY LTD,Petrol/Diesel/CNG/Hybrid,1,Tata,Tata Motors,India,West,IN-GJ,State,"Gujarat, India",Feb,2,Q1,28,False,False
2026-01-01,Gujarat,TOYOTA KIRLOSKAR MOTOR PVT LTD,Petrol/Diesel/CNG/Hybrid,2796,Toyota,Toyota,Japan,West,IN-GJ,State,"Gujarat, India",Jan,1,Q1,31,False,False
2026-02-01,Gujarat,TOYOTA KIRLOSKAR MOTOR PVT LTD,Petrol/Diesel/CNG/Hybrid,2224,Toyota,Toyota,Japan,West,IN-GJ,State,"Gujarat, India",Feb,2,Q1,28,False,False
2026-03-01,Gujarat,TOYOTA KIRLOSKAR MOTOR PVT LTD,Petrol/Diesel/CNG/Hybrid,2346,Toyota,Toyota,Japan,West,IN-GJ,State,"Gujarat, India",Mar,3,Q1,31,False,False
2026-04-01,Gujarat,TOYOTA KIRLOSKAR MOTOR PVT LTD,Petrol/Diesel/CNG/Hybrid,2134,Toyota,Toyota,Japan,West,IN-GJ,State,"Gujarat, India",Apr,4,Q2,30,False,False
2026-05-01,Gujarat,TOYOTA KIRLOSKAR MOTOR PVT LTD,Petrol/Diesel/CNG/Hybrid,1824,Toyota,Toyota,Japan,West,IN-GJ,State,"Gujarat, India",May,5,Q2,31,False,False
2026-06-01,Gujarat,TOYOTA KIRLOSKAR MOTOR PVT LTD,Petrol/Diesel/CNG/Hybrid,1453,Toyota,Toyota,Japan,West,IN-GJ,State,"Gujarat, India",Jun,6,Q2,17,True,False
2026-01-01,Gujarat,VOLKSWAGEN AG,Petrol/Diesel/CNG/Hybrid,6,Skoda-VW,Volkswagen Group,Germany,West,IN-GJ,State,"Gujarat, India",Jan,1,Q1,31,False,False
2026-02-01,Gujarat,VOLKSWAGEN AG,Petrol/Diesel/CNG/Hybrid,3,Skoda-VW,Volkswagen Group,Germany,West,IN-GJ,State,"Gujarat, India",Feb,2,Q1,28,False,False
2026-03-01,Gujarat,VOLKSWAGEN AG,Petrol/Diesel/CNG/Hybrid,2,Skoda-VW,Volkswagen Group,Germany,West,IN-GJ,State,"Gujarat, India",Mar,3,Q1,31,False,False
2026-04-01,Gujarat,VOLKSWAGEN AG,Petrol/Diesel/CNG/Hybrid,7,Skoda-VW,Volkswagen Group,Germany,West,IN-GJ,State,"Gujarat, India",Apr,4,Q2,30,False,False
2026-05-01,Gujarat,VOLKSWAGEN AG,Petrol/Diesel/CNG/Hybrid,2,Skoda-VW,Volkswagen Group,Germany,West,IN-GJ,State,"Gujarat, India",May,5,Q2,31,False,False
2026-01-01,Gujarat,VOLVO AUTO INDIA PVT LTD,Petrol/Diesel/CNG/Hybrid,12,Volvo,Geely,Sweden,West,IN-GJ,State,"Gujarat, India",Jan,1,Q1,31,False,False
2026-02-01,Gujarat,VOLVO AUTO INDIA PVT LTD,Petrol/Diesel/CNG/Hybrid,16,Volvo,Geely,Sweden,West,IN-GJ,State,"Gujarat, India",Feb,2,Q1,28,False,False
2026-03-01,Gujarat,VOLVO AUTO INDIA PVT LTD,Petrol/Diesel/CNG/Hybrid,19,Volvo,Geely,Sweden,West,IN-GJ,State,"Gujarat, India",Mar,3,Q1,31,False,False
2026-04-01,Gujarat,VOLVO AUTO INDIA PVT LTD,Petrol/Diesel/CNG/Hybrid,23,Volvo,Geely,Sweden,West,IN-GJ,State,"Gujarat, India",Apr,4,Q2,30,False,False
2026-05-01,Gujarat,VOLVO AUTO INDIA PVT LTD,Petrol/Diesel/CNG/Hybrid,5,Volvo,Geely,Sweden,West,IN-GJ,State,"Gujarat, India",May,5,Q2,31,False,False
2026-06-01,Gujarat,VOLVO AUTO INDIA PVT LTD,Petrol/Diesel/CNG/Hybrid,7,Volvo,Geely,Sweden,West,IN-GJ,State,"Gujarat, India",Jun,6,Q2,17,True,False
2026-01-01,Haryana,AUDI AG,Petrol/Diesel/CNG/Hybrid,5,Audi,Volkswagen Group,Germany,North,IN-HR,State,"Haryana, India",Jan,1,Q1,31,False,False
2026-02-01,Haryana,AUDI AG,Petrol/Diesel/CNG/Hybrid,1,Audi,Volkswagen Group,Germany,North,IN-HR,State,"Haryana, India",Feb,2,Q1,28,False,False
2026-03-01,Haryana,AUDI AG,Petrol/Diesel/CNG/Hybrid,1,Audi,Volkswagen Group,Germany,North,IN-HR,State,"Haryana, India",Mar,3,Q1,31,False,False
2026-04-01,Haryana,AUDI AG,Petrol/Diesel/CNG/Hybrid,1,Audi,Volkswagen Group,Germany,North,IN-HR,State,"Haryana, India",Apr,4,Q2,30,False,False
2026-05-01,Haryana,AUTOMOBILI LAMBORGHINI S.P.A,Petrol/Diesel/CNG/Hybrid,2,Lamborghini,Volkswagen Group,Italy,North,IN-HR,State,"Haryana, India",May,5,Q2,31,False,False
2026-01-01,Haryana,BMW INDIA PVT LTD,Petrol/Diesel/CNG/Hybrid,125,BMW,BMW Group,Germany,North,IN-HR,State,"Haryana, India",Jan,1,Q1,31,False,False
2026-02-01,Haryana,BMW INDIA PVT LTD,Petrol/Diesel/CNG/Hybrid,101,BMW,BMW Group,Germany,North,IN-HR,State,"Haryana, India",Feb,2,Q1,28,False,False
2026-03-01,Haryana,BMW INDIA PVT LTD,Petrol/Diesel/CNG/Hybrid,75,BMW,BMW Group,Germany,North,IN-HR,State,"Haryana, India",Mar,3,Q1,31,False,False
2026-04-01,Haryana,BMW INDIA PVT LTD,Petrol/Diesel/CNG/Hybrid,113,BMW,BMW Group,Germany,North,IN-HR,State,"Haryana, India",Apr,4,Q2,30,False,False
2026-05-01,Haryana,BMW INDIA PVT LTD,Petrol/Diesel/CNG/Hybrid,92,BMW,BMW Group,Germany,North,IN-HR,State,"Haryana, India",May,5,Q2,31,False,False
2026-06-01,Haryana,BMW INDIA PVT LTD,Petrol/Diesel/CNG/Hybrid,53,BMW,BMW Group,Germany,North,IN-HR,State,"Haryana, India",Jun,6,Q2,17,True,False
2026-01-01,Haryana,FORCE MOTORS LIMITED,Petrol/Diesel/CNG/Hybrid,8,Force,Force Motors,India,North,IN-HR,State,"Haryana, India",Jan,1,Q1,31,False,False
2026-02-01,Haryana,FORCE MOTORS LIMITED,Petrol/Diesel/CNG/Hybrid,5,Force,Force Motors,India,North,IN-HR,State,"Haryana, India",Feb,2,Q1,28,False,False
2026-03-01,Haryana,FORCE MOTORS LIMITED,Petrol/Diesel/CNG/Hybrid,6,Force,Force Motors,India,North,IN-HR,State,"Haryana, India",Mar,3,Q1,31,False,False
2026-04-01,Haryana,FORCE MOTORS LIMITED,Petrol/Diesel/CNG/Hybrid,8,Force,Force Motors,India,North,IN-HR,State,"Haryana, India",Apr,4,Q2,30,False,False
2026-05-01,Haryana,FORCE MOTORS LIMITED,Petrol/Diesel/CNG/Hybrid,7,Force,Force Motors,India,North,IN-HR,State,"Haryana, India",May,5,Q2,31,False,False
2026-06-01,Haryana,FORCE MOTORS LIMITED,Petrol/Diesel/CNG/Hybrid,5,Force,Force Motors,India,North,IN-HR,State,"Haryana, India",Jun,6,Q2,17,True,False
2026-01-01,Haryana,HONDA CARS INDIA LTD,Petrol/Diesel/CNG/Hybrid,531,Honda,Honda,Japan,North,IN-HR,State,"Haryana, India",Jan,1,Q1,31,False,False
2026-02-01,Haryana,HONDA CARS INDIA LTD,Petrol/Diesel/CNG/Hybrid,351,Honda,Honda,Japan,North,IN-HR,State,"Haryana, India",Feb,2,Q1,28,False,False
2026-03-01,Haryana,HONDA CARS INDIA LTD,Petrol/Diesel/CNG/Hybrid,424,Honda,Honda,Japan,North,IN-HR,State,"Haryana, India",Mar,3,Q1,31,False,False
2026-04-01,Haryana,HONDA CARS INDIA LTD,Petrol/Diesel/CNG/Hybrid,439,Honda,Honda,Japan,North,IN-HR,State,"Haryana, India",Apr,4,Q2,30,False,False
2026-05-01,Haryana,HONDA CARS INDIA LTD,Petrol/Diesel/CNG/Hybrid,358,Honda,Honda,Japan,North,IN-HR,State,"Haryana, India",May,5,Q2,31,False,False
2026-06-01,Haryana,HONDA CARS INDIA LTD,Petrol/Diesel/CNG/Hybrid,152,Honda,Honda,Japan,North,IN-HR,State,"Haryana, India",Jun,6,Q2,17,True,False
2026-01-01,Haryana,HYUNDAI MOTOR INDIA LTD,Petrol/Diesel/CNG/Hybrid,4234,Hyundai,Hyundai,South Korea,North,IN-HR,State,"Haryana, India",Jan,1,Q1,31,False,False
2026-02-01,Haryana,HYUNDAI MOTOR INDIA LTD,Petrol/Diesel/CNG/Hybrid,3070,Hyundai,Hyundai,South Korea,North,IN-HR,State,"Haryana, India",Feb,2,Q1,28,False,False
2026-03-01,Haryana,HYUNDAI MOTOR INDIA LTD,Petrol/Diesel/CNG/Hybrid,3076,Hyundai,Hyundai,South Korea,North,IN-HR,State,"Haryana, India",Mar,3,Q1,31,False,False
2026-04-01,Haryana,HYUNDAI MOTOR INDIA LTD,Petrol/Diesel/CNG/Hybrid,2956,Hyundai,Hyundai,South Korea,North,IN-HR,State,"Haryana, India",Apr,4,Q2,30,False,False
2026-05-01,Haryana,HYUNDAI MOTOR INDIA LTD,Petrol/Diesel/CNG/Hybrid,2798,Hyundai,Hyundai,South Korea,North,IN-HR,State,"Haryana, India",May,5,Q2,31,False,False
2026-06-01,Haryana,HYUNDAI MOTOR INDIA LTD,Petrol/Diesel/CNG/Hybrid,1304,Hyundai,Hyundai,South Korea,North,IN-HR,State,"Haryana, India",Jun,6,Q2,17,True,False
2026-01-01,Haryana,ISUZU MOTORS INDIA PVT LTD,Petrol/Diesel/CNG/Hybrid,9,Isuzu,Isuzu,Japan,North,IN-HR,State,"Haryana, India",Jan,1,Q1,31,False,False
2026-02-01,Haryana,ISUZU MOTORS INDIA PVT LTD,Petrol/Diesel/CNG/Hybrid,15,Isuzu,Isuzu,Japan,North,IN-HR,State,"Haryana, India",Feb,2,Q1,28,False,False
2026-03-01,Haryana,ISUZU MOTORS INDIA PVT LTD,Petrol/Diesel/CNG/Hybrid,6,Isuzu,Isuzu,Japan,North,IN-HR,State,"Haryana, India",Mar,3,Q1,31,False,False
2026-04-01,Haryana,ISUZU MOTORS INDIA PVT LTD,Petrol/Diesel/CNG/Hybrid,10,Isuzu,Isuzu,Japan,North,IN-HR,State,"Haryana, India",Apr,4,Q2,30,False,False
2026-05-01,Haryana,ISUZU MOTORS INDIA PVT LTD,Petrol/Diesel/CNG/Hybrid,2,Isuzu,Isuzu,Japan,North,IN-HR,State,"Haryana, India",May,5,Q2,31,False,False
2026-06-01,Haryana,ISUZU MOTORS INDIA PVT LTD,Petrol/Diesel/CNG/Hybrid,5,Isuzu,Isuzu,Japan,North,IN-HR,State,"Haryana, India",Jun,6,Q2,17,True,False
2026-01-01,Haryana,JAGUAR LAND ROVER INDIA LIMITED,Petrol/Diesel/CNG/Hybrid,42,Jaguar Land Rover,Tata Motors,UK,North,IN-HR,State,"Haryana, India",Jan,1,Q1,31,False,False
2026-02-01,Haryana,JAGUAR LAND ROVER INDIA LIMITED,Petrol/Diesel/CNG/Hybrid,47,Jaguar Land Rover,Tata Motors,UK,North,IN-HR,State,"Haryana, India",Feb,2,Q1,28,False,False
2026-03-01,Haryana,JAGUAR LAND ROVER INDIA LIMITED,Petrol/Diesel/CNG/Hybrid,42,Jaguar Land Rover,Tata Motors,UK,North,IN-HR,State,"Haryana, India",Mar,3,Q1,31,False,False
2026-04-01,Haryana,JAGUAR LAND ROVER INDIA LIMITED,Petrol/Diesel/CNG/Hybrid,42,Jaguar Land Rover,Tata Motors,UK,North,IN-HR,State,"Haryana, India",Apr,4,Q2,30,False,False
2026-05-01,Haryana,JAGUAR LAND ROVER INDIA LIMITED,Petrol/Diesel/CNG/Hybrid,31,Jaguar Land Rover,Tata Motors,UK,North,IN-HR,State,"Haryana, India",May,5,Q2,31,False,False
2026-06-01,Haryana,JAGUAR LAND ROVER INDIA LIMITED,Petrol/Diesel/CNG/Hybrid,14,Jaguar Land Rover,Tata Motors,UK,North,IN-HR,State,"Haryana, India",Jun,6,Q2,17,True,False
2026-01-01,Haryana,JSW MG MOTOR INDIA PVT LTD,Petrol/Diesel/CNG/Hybrid,142,MG,JSW-SAIC,India / China,North,IN-HR,State,"Haryana, India",Jan,1,Q1,31,False,False
2026-02-01,Haryana,JSW MG MOTOR INDIA PVT LTD,Petrol/Diesel/CNG/Hybrid,122,MG,JSW-SAIC,India / China,North,IN-HR,State,"Haryana, India",Feb,2,Q1,28,False,False
2026-03-01,Haryana,JSW MG MOTOR INDIA PVT LTD,Petrol/Diesel/CNG/Hybrid,126,MG,JSW-SAIC,India / China,North,IN-HR,State,"Haryana, India",Mar,3,Q1,31,False,False
2026-04-01,Haryana,JSW MG MOTOR INDIA PVT LTD,Petrol/Diesel/CNG/Hybrid,113,MG,JSW-SAIC,India / China,North,IN-HR,State,"Haryana, India",Apr,4,Q2,30,False,False
2026-05-01,Haryana,JSW MG MOTOR INDIA PVT LTD,Petrol/Diesel/CNG/Hybrid,84,MG,JSW-SAIC,India / China,North,IN-HR,State,"Haryana, India",May,5,Q2,31,False,False
2026-06-01,Haryana,JSW MG MOTOR INDIA PVT LTD,Petrol/Diesel/CNG/Hybrid,40,MG,JSW-SAIC,India / China,North,IN-HR,State,"Haryana, India",Jun,6,Q2,17,True,False
2026-01-01,Haryana,KIA INDIA PRIVATE LIMITED,Petrol/Diesel/CNG/Hybrid,2006,Kia,Hyundai,South Korea,North,IN-HR,State,"Haryana, India",Jan,1,Q1,31,False,False
2026-02-01,Haryana,KIA INDIA PRIVATE LIMITED,Petrol/Diesel/CNG/Hybrid,1715,Kia,Hyundai,South Korea,North,IN-HR,State,"Haryana, India",Feb,2,Q1,28,False,False
2026-03-01,Haryana,KIA INDIA PRIVATE LIMITED,Petrol/Diesel/CNG/Hybrid,1708,Kia,Hyundai,South Korea,North,IN-HR,State,"Haryana, India",Mar,3,Q1,31,False,False
2026-04-01,Haryana,KIA INDIA PRIVATE LIMITED,Petrol/Diesel/CNG/Hybrid,1658,Kia,Hyundai,South Korea,North,IN-HR,State,"Haryana, India",Apr,4,Q2,30,False,False
2026-05-01,Haryana,KIA INDIA PRIVATE LIMITED,Petrol/Diesel/CNG/Hybrid,1669,Kia,Hyundai,South Korea,North,IN-HR,State,"Haryana, India",May,5,Q2,31,False,False
2026-06-01,Haryana,KIA INDIA PRIVATE LIMITED,Petrol/Diesel/CNG/Hybrid,634,Kia,Hyundai,South Korea,North,IN-HR,State,"Haryana, India",Jun,6,Q2,17,True,False
2026-01-01,Haryana,MAHINDRA & MAHINDRA LIMITED,Petrol/Diesel/CNG/Hybrid,4737,Mahindra,Mahindra,India,North,IN-HR,State,"Haryana, India",Jan,1,Q1,31,False,False
2026-02-01,Haryana,MAHINDRA & MAHINDRA LIMITED,Petrol/Diesel/CNG/Hybrid,4017,Mahindra,Mahindra,India,North,IN-HR,State,"Haryana, India",Feb,2,Q1,28,False,False
2026-03-01,Haryana,MAHINDRA & MAHINDRA LIMITED,Petrol/Diesel/CNG/Hybrid,3897,Mahindra,Mahindra,India,North,IN-HR,State,"Haryana, India",Mar,3,Q1,31,False,False
2026-04-01,Haryana,MAHINDRA & MAHINDRA LIMITED,Petrol/Diesel/CNG/Hybrid,3772,Mahindra,Mahindra,India,North,IN-HR,State,"Haryana, India",Apr,4,Q2,30,False,False
2026-05-01,Haryana,MAHINDRA & MAHINDRA LIMITED,Petrol/Diesel/CNG/Hybrid,3800,Mahindra,Mahindra,India,North,IN-HR,State,"Haryana, India",May,5,Q2,31,False,False
2026-06-01,Haryana,MAHINDRA & MAHINDRA LIMITED,Petrol/Diesel/CNG/Hybrid,1850,Mahindra,Mahindra,India,North,IN-HR,State,"Haryana, India",Jun,6,Q2,17,True,False
2026-01-01,Haryana,MARUTI SUZUKI INDIA LTD,Petrol/Diesel/CNG/Hybrid,12680,Maruti Suzuki,Suzuki,Japan,North,IN-HR,State,"Haryana, India",Jan,1,Q1,31,False,False
2026-02-01,Haryana,MARUTI SUZUKI INDIA LTD,Petrol/Diesel/CNG/Hybrid,9401,Maruti Suzuki,Suzuki,Japan,North,IN-HR,State,"Haryana, India",Feb,2,Q1,28,False,False
2026-03-01,Haryana,MARUTI SUZUKI INDIA LTD,Petrol/Diesel/CNG/Hybrid,10361,Maruti Suzuki,Suzuki,Japan,North,IN-HR,State,"Haryana, India",Mar,3,Q1,31,False,False
2026-04-01,Haryana,MARUTI SUZUKI INDIA LTD,Petrol/Diesel/CNG/Hybrid,9479,Maruti Suzuki,Suzuki,Japan,North,IN-HR,State,"Haryana, India",Apr,4,Q2,30,False,False
2026-05-01,Haryana,MARUTI SUZUKI INDIA LTD,Petrol/Diesel/CNG/Hybrid,10525,Maruti Suzuki,Suzuki,Japan,North,IN-HR,State,"Haryana, India",May,5,Q2,31,False,False
2026-06-01,Haryana,MARUTI SUZUKI INDIA LTD,Petrol/Diesel/CNG/Hybrid,5345,Maruti Suzuki,Suzuki,Japan,North,IN-HR,State,"Haryana, India",Jun,6,Q2,17,True,False
2026-05-01,Haryana,MASERATI S.P.A,Petrol/Diesel/CNG/Hybrid,2,Maserati,Stellantis,Italy,North,IN-HR,State,"Haryana, India",May,5,Q2,31,False,False
2026-01-01,Haryana,MERCEDES-BENZ AG,Petrol/Diesel/CNG/Hybrid,5,Mercedes-Benz,Mercedes-Benz,Germany,North,IN-HR,State,"Haryana, India",Jan,1,Q1,31,False,False
2026-02-01,Haryana,MERCEDES-BENZ AG,Petrol/Diesel/CNG/Hybrid,13,Mercedes-Benz,Mercedes-Benz,Germany,North,IN-HR,State,"Haryana, India",Feb,2,Q1,28,False,False
2026-03-01,Haryana,MERCEDES-BENZ AG,Petrol/Diesel/CNG/Hybrid,11,Mercedes-Benz,Mercedes-Benz,Germany,North,IN-HR,State,"Haryana, India",Mar,3,Q1,31,False,False
2026-04-01,Haryana,MERCEDES-BENZ AG,Petrol/Diesel/CNG/Hybrid,9,Mercedes-Benz,Mercedes-Benz,Germany,North,IN-HR,State,"Haryana, India",Apr,4,Q2,30,False,False
2026-05-01,Haryana,MERCEDES-BENZ AG,Petrol/Diesel/CNG/Hybrid,8,Mercedes-Benz,Mercedes-Benz,Germany,North,IN-HR,State,"Haryana, India",May,5,Q2,31,False,False
2026-06-01,Haryana,MERCEDES-BENZ AG,Petrol/Diesel/CNG/Hybrid,4,Mercedes-Benz,Mercedes-Benz,Germany,North,IN-HR,State,"Haryana, India",Jun,6,Q2,17,True,False
2026-01-01,Haryana,MERCEDES-BENZ INDIA PVT LTD,Petrol/Diesel/CNG/Hybrid,178,Mercedes-Benz,Mercedes-Benz,Germany,North,IN-HR,State,"Haryana, India",Jan,1,Q1,31,False,False
2026-02-01,Haryana,MERCEDES-BENZ INDIA PVT LTD,Petrol/Diesel/CNG/Hybrid,170,Mercedes-Benz,Mercedes-Benz,Germany,North,IN-HR,State,"Haryana, India",Feb,2,Q1,28,False,False
2026-03-01,Haryana,MERCEDES-BENZ INDIA PVT LTD,Petrol/Diesel/CNG/Hybrid,105,Mercedes-Benz,Mercedes-Benz,Germany,North,IN-HR,State,"Haryana, India",Mar,3,Q1,31,False,False
2026-04-01,Haryana,MERCEDES-BENZ INDIA PVT LTD,Petrol/Diesel/CNG/Hybrid,132,Mercedes-Benz,Mercedes-Benz,Germany,North,IN-HR,State,"Haryana, India",Apr,4,Q2,30,False,False
2026-05-01,Haryana,MERCEDES-BENZ INDIA PVT LTD,Petrol/Diesel/CNG/Hybrid,130,Mercedes-Benz,Mercedes-Benz,Germany,North,IN-HR,State,"Haryana, India",May,5,Q2,31,False,False
2026-06-01,Haryana,MERCEDES-BENZ INDIA PVT LTD,Petrol/Diesel/CNG/Hybrid,56,Mercedes-Benz,Mercedes-Benz,Germany,North,IN-HR,State,"Haryana, India",Jun,6,Q2,17,True,False
2026-01-01,Haryana,NISSAN MOTOR INDIA PVT LTD,Petrol/Diesel/CNG/Hybrid,157,Nissan,Nissan,Japan,North,IN-HR,State,"Haryana, India",Jan,1,Q1,31,False,False
2026-02-01,Haryana,NISSAN MOTOR INDIA PVT LTD,Petrol/Diesel/CNG/Hybrid,78,Nissan,Nissan,Japan,North,IN-HR,State,"Haryana, India",Feb,2,Q1,28,False,False
2026-03-01,Haryana,NISSAN MOTOR INDIA PVT LTD,Petrol/Diesel/CNG/Hybrid,112,Nissan,Nissan,Japan,North,IN-HR,State,"Haryana, India",Mar,3,Q1,31,False,False
2026-04-01,Haryana,NISSAN MOTOR INDIA PVT LTD,Petrol/Diesel/CNG/Hybrid,148,Nissan,Nissan,Japan,North,IN-HR,State,"Haryana, India",Apr,4,Q2,30,False,False
2026-05-01,Haryana,NISSAN MOTOR INDIA PVT LTD,Petrol/Diesel/CNG/Hybrid,92,Nissan,Nissan,Japan,North,IN-HR,State,"Haryana, India",May,5,Q2,31,False,False
2026-06-01,Haryana,NISSAN MOTOR INDIA PVT LTD,Petrol/Diesel/CNG/Hybrid,55,Nissan,Nissan,Japan,North,IN-HR,State,"Haryana, India",Jun,6,Q2,17,True,False
2026-01-01,Haryana,PORSCHE AG GERMANY,Petrol/Diesel/CNG/Hybrid,3,Porsche,Volkswagen Group,Germany,North,IN-HR,State,"Haryana, India",Jan,1,Q1,31,False,False
2026-02-01,Haryana,PORSCHE AG GERMANY,Petrol/Diesel/CNG/Hybrid,1,Porsche,Volkswagen Group,Germany,North,IN-HR,State,"Haryana, India",Feb,2,Q1,28,False,False
2026-03-01,Haryana,PORSCHE AG GERMANY,Petrol/Diesel/CNG/Hybrid,1,Porsche,Volkswagen Group,Germany,North,IN-HR,State,"Haryana, India",Mar,3,Q1,31,False,False
2026-04-01,Haryana,PORSCHE AG GERMANY,Petrol/Diesel/CNG/Hybrid,4,Porsche,Volkswagen Group,Germany,North,IN-HR,State,"Haryana, India",Apr,4,Q2,30,False,False
2026-05-01,Haryana,PORSCHE AG GERMANY,Petrol/Diesel/CNG/Hybrid,6,Porsche,Volkswagen Group,Germany,North,IN-HR,State,"Haryana, India",May,5,Q2,31,False,False
2026-06-01,Haryana,PORSCHE AG GERMANY,Petrol/Diesel/CNG/Hybrid,3,Porsche,Volkswagen Group,Germany,North,IN-HR,State,"Haryana, India",Jun,6,Q2,17,True,False
2026-01-01,Haryana,RENAULT INDIA PVT LTD,Petrol/Diesel/CNG/Hybrid,193,Renault,Renault,France,North,IN-HR,State,"Haryana, India",Jan,1,Q1,31,False,False
2026-02-01,Haryana,RENAULT INDIA PVT LTD,Petrol/Diesel/CNG/Hybrid,115,Renault,Renault,France,North,IN-HR,State,"Haryana, India",Feb,2,Q1,28,False,False
2026-03-01,Haryana,RENAULT INDIA PVT LTD,Petrol/Diesel/CNG/Hybrid,132,Renault,Renault,France,North,IN-HR,State,"Haryana, India",Mar,3,Q1,31,False,False
2026-04-01,Haryana,RENAULT INDIA PVT LTD,Petrol/Diesel/CNG/Hybrid,164,Renault,Renault,France,North,IN-HR,State,"Haryana, India",Apr,4,Q2,30,False,False
2026-05-01,Haryana,RENAULT INDIA PVT LTD,Petrol/Diesel/CNG/Hybrid,166,Renault,Renault,France,North,IN-HR,State,"Haryana, India",May,5,Q2,31,False,False
2026-06-01,Haryana,RENAULT INDIA PVT LTD,Petrol/Diesel/CNG/Hybrid,83,Renault,Renault,France,North,IN-HR,State,"Haryana, India",Jun,6,Q2,17,True,False
2026-01-01,Haryana,SKODA AUTO VOLKSWAGEN INDIA PVT LTD,Petrol/Diesel/CNG/Hybrid,827,Skoda-VW,Volkswagen Group,Germany,North,IN-HR,State,"Haryana, India",Jan,1,Q1,31,False,False
2026-02-01,Haryana,SKODA AUTO VOLKSWAGEN INDIA PVT LTD,Petrol/Diesel/CNG/Hybrid,570,Skoda-VW,Volkswagen Group,Germany,North,IN-HR,State,"Haryana, India",Feb,2,Q1,28,False,False
2026-03-01,Haryana,SKODA AUTO VOLKSWAGEN INDIA PVT LTD,Petrol/Diesel/CNG/Hybrid,605,Skoda-VW,Volkswagen Group,Germany,North,IN-HR,State,"Haryana, India",Mar,3,Q1,31,False,False
2026-04-01,Haryana,SKODA AUTO VOLKSWAGEN INDIA PVT LTD,Petrol/Diesel/CNG/Hybrid,629,Skoda-VW,Volkswagen Group,Germany,North,IN-HR,State,"Haryana, India",Apr,4,Q2,30,False,False
2026-05-01,Haryana,SKODA AUTO VOLKSWAGEN INDIA PVT LTD,Petrol/Diesel/CNG/Hybrid,547,Skoda-VW,Volkswagen Group,Germany,North,IN-HR,State,"Haryana, India",May,5,Q2,31,False,False
2026-06-01,Haryana,SKODA AUTO VOLKSWAGEN INDIA PVT LTD,Petrol/Diesel/CNG/Hybrid,248,Skoda-VW,Volkswagen Group,Germany,North,IN-HR,State,"Haryana, India",Jun,6,Q2,17,True,False
2026-01-01,Haryana,STELLANTIS AUTOMOBILES INDIA PVT LTD,Petrol/Diesel/CNG/Hybrid,111,Stellantis (Jeep/Citroen),Stellantis,Netherlands,North,IN-HR,State,"Haryana, India",Jan,1,Q1,31,False,False
2026-02-01,Haryana,STELLANTIS AUTOMOBILES INDIA PVT LTD,Petrol/Diesel/CNG/Hybrid,61,Stellantis (Jeep/Citroen),Stellantis,Netherlands,North,IN-HR,State,"Haryana, India",Feb,2,Q1,28,False,False
2026-03-01,Haryana,STELLANTIS AUTOMOBILES INDIA PVT LTD,Petrol/Diesel/CNG/Hybrid,63,Stellantis (Jeep/Citroen),Stellantis,Netherlands,North,IN-HR,State,"Haryana, India",Mar,3,Q1,31,False,False
2026-04-01,Haryana,STELLANTIS AUTOMOBILES INDIA PVT LTD,Petrol/Diesel/CNG/Hybrid,50,Stellantis (Jeep/Citroen),Stellantis,Netherlands,North,IN-HR,State,"Haryana, India",Apr,4,Q2,30,False,False
2026-05-01,Haryana,STELLANTIS AUTOMOBILES INDIA PVT LTD,Petrol/Diesel/CNG/Hybrid,25,Stellantis (Jeep/Citroen),Stellantis,Netherlands,North,IN-HR,State,"Haryana, India",May,5,Q2,31,False,False
2026-06-01,Haryana,STELLANTIS AUTOMOBILES INDIA PVT LTD,Petrol/Diesel/CNG/Hybrid,22,Stellantis (Jeep/Citroen),Stellantis,Netherlands,North,IN-HR,State,"Haryana, India",Jun,6,Q2,17,True,False
2026-01-01,Haryana,STELLANTIS INDIA PVT LTD,Petrol/Diesel/CNG/Hybrid,24,Stellantis (Jeep/Citroen),Stellantis,Netherlands,North,IN-HR,State,"Haryana, India",Jan,1,Q1,31,False,False
2026-02-01,Haryana,STELLANTIS INDIA PVT LTD,Petrol/Diesel/CNG/Hybrid,16,Stellantis (Jeep/Citroen),Stellantis,Netherlands,North,IN-HR,State,"Haryana, India",Feb,2,Q1,28,False,False
2026-03-01,Haryana,STELLANTIS INDIA PVT LTD,Petrol/Diesel/CNG/Hybrid,15,Stellantis (Jeep/Citroen),Stellantis,Netherlands,North,IN-HR,State,"Haryana, India",Mar,3,Q1,31,False,False
2026-04-01,Haryana,STELLANTIS INDIA PVT LTD,Petrol/Diesel/CNG/Hybrid,14,Stellantis (Jeep/Citroen),Stellantis,Netherlands,North,IN-HR,State,"Haryana, India",Apr,4,Q2,30,False,False
2026-05-01,Haryana,STELLANTIS INDIA PVT LTD,Petrol/Diesel/CNG/Hybrid,16,Stellantis (Jeep/Citroen),Stellantis,Netherlands,North,IN-HR,State,"Haryana, India",May,5,Q2,31,False,False
2026-06-01,Haryana,STELLANTIS INDIA PVT LTD,Petrol/Diesel/CNG/Hybrid,15,Stellantis (Jeep/Citroen),Stellantis,Netherlands,North,IN-HR,State,"Haryana, India",Jun,6,Q2,17,True,False
2026-01-01,Haryana,TATA MOTORS LTD,Petrol/Diesel/CNG/Hybrid,2,Tata,Tata Motors,India,North,IN-HR,State,"Haryana, India",Jan,1,Q1,31,False,False
2026-02-01,Haryana,TATA MOTORS LTD,Petrol/Diesel/CNG/Hybrid,4,Tata,Tata Motors,India,North,IN-HR,State,"Haryana, India",Feb,2,Q1,28,False,False
2026-03-01,Haryana,TATA MOTORS LTD,Petrol/Diesel/CNG/Hybrid,2,Tata,Tata Motors,India,North,IN-HR,State,"Haryana, India",Mar,3,Q1,31,False,False
2026-05-01,Haryana,TATA MOTORS LTD,Petrol/Diesel/CNG/Hybrid,1,Tata,Tata Motors,India,North,IN-HR,State,"Haryana, India",May,5,Q2,31,False,False
2026-06-01,Haryana,TATA MOTORS LTD,Petrol/Diesel/CNG/Hybrid,2,Tata,Tata Motors,India,North,IN-HR,State,"Haryana, India",Jun,6,Q2,17,True,False
2026-01-01,Haryana,TATA MOTORS PASSENGER VEHICLES LTD,Petrol/Diesel/CNG/Hybrid,3638,Tata,Tata Motors,India,North,IN-HR,State,"Haryana, India",Jan,1,Q1,31,False,False
2026-02-01,Haryana,TATA MOTORS PASSENGER VEHICLES LTD,Petrol/Diesel/CNG/Hybrid,3179,Tata,Tata Motors,India,North,IN-HR,State,"Haryana, India",Feb,2,Q1,28,False,False
2026-03-01,Haryana,TATA MOTORS PASSENGER VEHICLES LTD,Petrol/Diesel/CNG/Hybrid,3185,Tata,Tata Motors,India,North,IN-HR,State,"Haryana, India",Mar,3,Q1,31,False,False
2026-04-01,Haryana,TATA MOTORS PASSENGER VEHICLES LTD,Petrol/Diesel/CNG/Hybrid,2552,Tata,Tata Motors,India,North,IN-HR,State,"Haryana, India",Apr,4,Q2,30,False,False
2026-05-01,Haryana,TATA MOTORS PASSENGER VEHICLES LTD,Petrol/Diesel/CNG/Hybrid,2273,Tata,Tata Motors,India,North,IN-HR,State,"Haryana, India",May,5,Q2,31,False,False
2026-06-01,Haryana,TATA MOTORS PASSENGER VEHICLES LTD,Petrol/Diesel/CNG/Hybrid,994,Tata,Tata Motors,India,North,IN-HR,State,"Haryana, India",Jun,6,Q2,17,True,False
2026-01-01,Haryana,TATA PASSENGER ELECTRIC MOBILITY LTD,Petrol/Diesel/CNG/Hybrid,2,Tata,Tata Motors,India,North,IN-HR,State,"Haryana, India",Jan,1,Q1,31,False,False
2026-02-01,Haryana,TATA PASSENGER ELECTRIC MOBILITY LTD,Petrol/Diesel/CNG/Hybrid,1,Tata,Tata Motors,India,North,IN-HR,State,"Haryana, India",Feb,2,Q1,28,False,False
2026-04-01,Haryana,TATA PASSENGER ELECTRIC MOBILITY LTD,Petrol/Diesel/CNG/Hybrid,2,Tata,Tata Motors,India,North,IN-HR,State,"Haryana, India",Apr,4,Q2,30,False,False
2026-06-01,Haryana,TATA PASSENGER ELECTRIC MOBILITY LTD,Petrol/Diesel/CNG/Hybrid,1,Tata,Tata Motors,India,North,IN-HR,State,"Haryana, India",Jun,6,Q2,17,True,False
2026-01-01,Haryana,TOYOTA KIRLOSKAR MOTOR PVT LTD,Petrol/Diesel/CNG/Hybrid,2692,Toyota,Toyota,Japan,North,IN-HR,State,"Haryana, India",Jan,1,Q1,31,False,False
2026-02-01,Haryana,TOYOTA KIRLOSKAR MOTOR PVT LTD,Petrol/Diesel/CNG/Hybrid,2042,Toyota,Toyota,Japan,North,IN-HR,State,"Haryana, India",Feb,2,Q1,28,False,False
2026-03-01,Haryana,TOYOTA KIRLOSKAR MOTOR PVT LTD,Petrol/Diesel/CNG/Hybrid,1918,Toyota,Toyota,Japan,North,IN-HR,State,"Haryana, India",Mar,3,Q1,31,False,False
2026-04-01,Haryana,TOYOTA KIRLOSKAR MOTOR PVT LTD,Petrol/Diesel/CNG/Hybrid,2092,Toyota,Toyota,Japan,North,IN-HR,State,"Haryana, India",Apr,4,Q2,30,False,False
2026-05-01,Haryana,TOYOTA KIRLOSKAR MOTOR PVT LTD,Petrol/Diesel/CNG/Hybrid,2209,Toyota,Toyota,Japan,North,IN-HR,State,"Haryana, India",May,5,Q2,31,False,False
2026-06-01,Haryana,TOYOTA KIRLOSKAR MOTOR PVT LTD,Petrol/Diesel/CNG/Hybrid,1149,Toyota,Toyota,Japan,North,IN-HR,State,"Haryana, India",Jun,6,Q2,17,True,False
2026-01-01,Haryana,VOLKSWAGEN AG,Petrol/Diesel/CNG/Hybrid,3,Skoda-VW,Volkswagen Group,Germany,North,IN-HR,State,"Haryana, India",Jan,1,Q1,31,False,False
2026-02-01,Haryana,VOLKSWAGEN AG,Petrol/Diesel/CNG/Hybrid,3,Skoda-VW,Volkswagen Group,Germany,North,IN-HR,State,"Haryana, India",Feb,2,Q1,28,False,False
2026-03-01,Haryana,VOLKSWAGEN AG,Petrol/Diesel/CNG/Hybrid,1,Skoda-VW,Volkswagen Group,Germany,North,IN-HR,State,"Haryana, India",Mar,3,Q1,31,False,False
2026-04-01,Haryana,VOLKSWAGEN AG,Petrol/Diesel/CNG/Hybrid,1,Skoda-VW,Volkswagen Group,Germany,North,IN-HR,State,"Haryana, India",Apr,4,Q2,30,False,False
2026-05-01,Haryana,VOLKSWAGEN AG,Petrol/Diesel/CNG/Hybrid,2,Skoda-VW,Volkswagen Group,Germany,North,IN-HR,State,"Haryana, India",May,5,Q2,31,False,False
2026-06-01,Haryana,VOLKSWAGEN AG,Petrol/Diesel/CNG/Hybrid,1,Skoda-VW,Volkswagen Group,Germany,North,IN-HR,State,"Haryana, India",Jun,6,Q2,17,True,False
2026-01-01,Haryana,VOLVO AUTO INDIA PVT LTD,Petrol/Diesel/CNG/Hybrid,20,Volvo,Geely,Sweden,North,IN-HR,State,"Haryana, India",Jan,1,Q1,31,False,False
2026-02-01,Haryana,VOLVO AUTO INDIA PVT LTD,Petrol/Diesel/CNG/Hybrid,9,Volvo,Geely,Sweden,North,IN-HR,State,"Haryana, India",Feb,2,Q1,28,False,False
2026-03-01,Haryana,VOLVO AUTO INDIA PVT LTD,Petrol/Diesel/CNG/Hybrid,9,Volvo,Geely,Sweden,North,IN-HR,State,"Haryana, India",Mar,3,Q1,31,False,False
2026-04-01,Haryana,VOLVO AUTO INDIA PVT LTD,Petrol/Diesel/CNG/Hybrid,8,Volvo,Geely,Sweden,North,IN-HR,State,"Haryana, India",Apr,4,Q2,30,False,False
2026-05-01,Haryana,VOLVO AUTO INDIA PVT LTD,Petrol/Diesel/CNG/Hybrid,9,Volvo,Geely,Sweden,North,IN-HR,State,"Haryana, India",May,5,Q2,31,False,False
2026-06-01,Haryana,VOLVO AUTO INDIA PVT LTD,Petrol/Diesel/CNG/Hybrid,5,Volvo,Geely,Sweden,North,IN-HR,State,"Haryana, India",Jun,6,Q2,17,True,False
2026-03-01,Himachal Pradesh,AUDI AG,Petrol/Diesel/CNG/Hybrid,1,Audi,Volkswagen Group,Germany,North,IN-HP,State,"Himachal Pradesh, India",Mar,3,Q1,31,False,False
2026-01-01,Himachal Pradesh,AUTOMOBILI LAMBORGHINI S.P.A,Petrol/Diesel/CNG/Hybrid,1,Lamborghini,Volkswagen Group,Italy,North,IN-HP,State,"Himachal Pradesh, India",Jan,1,Q1,31,False,False
2026-02-01,Himachal Pradesh,AUTOMOBILI LAMBORGHINI S.P.A,Petrol/Diesel/CNG/Hybrid,1,Lamborghini,Volkswagen Group,Italy,North,IN-HP,State,"Himachal Pradesh, India",Feb,2,Q1,28,False,False
2026-01-01,Himachal Pradesh,BMW INDIA PVT LTD,Petrol/Diesel/CNG/Hybrid,20,BMW,BMW Group,Germany,North,IN-HP,State,"Himachal Pradesh, India",Jan,1,Q1,31,False,False
2026-02-01,Himachal Pradesh,BMW INDIA PVT LTD,Petrol/Diesel/CNG/Hybrid,14,BMW,BMW Group,Germany,North,IN-HP,State,"Himachal Pradesh, India",Feb,2,Q1,28,False,False
2026-03-01,Himachal Pradesh,BMW INDIA PVT LTD,Petrol/Diesel/CNG/Hybrid,3,BMW,BMW Group,Germany,North,IN-HP,State,"Himachal Pradesh, India",Mar,3,Q1,31,False,False
2026-04-01,Himachal Pradesh,BMW INDIA PVT LTD,Petrol/Diesel/CNG/Hybrid,5,BMW,BMW Group,Germany,North,IN-HP,State,"Himachal Pradesh, India",Apr,4,Q2,30,False,False
2026-05-01,Himachal Pradesh,BMW INDIA PVT LTD,Petrol/Diesel/CNG/Hybrid,4,BMW,BMW Group,Germany,North,IN-HP,State,"Himachal Pradesh, India",May,5,Q2,31,False,False
2026-06-01,Himachal Pradesh,BMW INDIA PVT LTD,Petrol/Diesel/CNG/Hybrid,8,BMW,BMW Group,Germany,North,IN-HP,State,"Himachal Pradesh, India",Jun,6,Q2,17,True,False
2026-01-01,Himachal Pradesh,FORCE MOTORS LIMITED,Petrol/Diesel/CNG/Hybrid,2,Force,Force Motors,India,North,IN-HP,State,"Himachal Pradesh, India",Jan,1,Q1,31,False,False
2026-02-01,Himachal Pradesh,FORCE MOTORS LIMITED,Petrol/Diesel/CNG/Hybrid,1,Force,Force Motors,India,North,IN-HP,State,"Himachal Pradesh, India",Feb,2,Q1,28,False,False
2026-03-01,Himachal Pradesh,FORCE MOTORS LIMITED,Petrol/Diesel/CNG/Hybrid,3,Force,Force Motors,India,North,IN-HP,State,"Himachal Pradesh, India",Mar,3,Q1,31,False,False
2026-04-01,Himachal Pradesh,FORCE MOTORS LIMITED,Petrol/Diesel/CNG/Hybrid,2,Force,Force Motors,India,North,IN-HP,State,"Himachal Pradesh, India",Apr,4,Q2,30,False,False
2026-05-01,Himachal Pradesh,FORCE MOTORS LIMITED,Petrol/Diesel/CNG/Hybrid,2,Force,Force Motors,India,North,IN-HP,State,"Himachal Pradesh, India",May,5,Q2,31,False,False
2026-06-01,Himachal Pradesh,FORCE MOTORS LIMITED,Petrol/Diesel/CNG/Hybrid,1,Force,Force Motors,India,North,IN-HP,State,"Himachal Pradesh, India",Jun,6,Q2,17,True,False
2026-01-01,Himachal Pradesh,HONDA CARS INDIA LTD,Petrol/Diesel/CNG/Hybrid,69,Honda,Honda,Japan,North,IN-HP,State,"Himachal Pradesh, India",Jan,1,Q1,31,False,False
2026-02-01,Himachal Pradesh,HONDA CARS INDIA LTD,Petrol/Diesel/CNG/Hybrid,60,Honda,Honda,Japan,North,IN-HP,State,"Himachal Pradesh, India",Feb,2,Q1,28,False,False
2026-03-01,Himachal Pradesh,HONDA CARS INDIA LTD,Petrol/Diesel/CNG/Hybrid,42,Honda,Honda,Japan,North,IN-HP,State,"Himachal Pradesh, India",Mar,3,Q1,31,False,False
2026-04-01,Himachal Pradesh,HONDA CARS INDIA LTD,Petrol/Diesel/CNG/Hybrid,66,Honda,Honda,Japan,North,IN-HP,State,"Himachal Pradesh, India",Apr,4,Q2,30,False,False
2026-05-01,Himachal Pradesh,HONDA CARS INDIA LTD,Petrol/Diesel/CNG/Hybrid,58,Honda,Honda,Japan,North,IN-HP,State,"Himachal Pradesh, India",May,5,Q2,31,False,False
2026-06-01,Himachal Pradesh,HONDA CARS INDIA LTD,Petrol/Diesel/CNG/Hybrid,23,Honda,Honda,Japan,North,IN-HP,State,"Himachal Pradesh, India",Jun,6,Q2,17,True,False
2026-01-01,Himachal Pradesh,HYUNDAI MOTOR INDIA LTD,Petrol/Diesel/CNG/Hybrid,813,Hyundai,Hyundai,South Korea,North,IN-HP,State,"Himachal Pradesh, India",Jan,1,Q1,31,False,False
2026-02-01,Himachal Pradesh,HYUNDAI MOTOR INDIA LTD,Petrol/Diesel/CNG/Hybrid,659,Hyundai,Hyundai,South Korea,North,IN-HP,State,"Himachal Pradesh, India",Feb,2,Q1,28,False,False
2026-03-01,Himachal Pradesh,HYUNDAI MOTOR INDIA LTD,Petrol/Diesel/CNG/Hybrid,557,Hyundai,Hyundai,South Korea,North,IN-HP,State,"Himachal Pradesh, India",Mar,3,Q1,31,False,False
2026-04-01,Himachal Pradesh,HYUNDAI MOTOR INDIA LTD,Petrol/Diesel/CNG/Hybrid,623,Hyundai,Hyundai,South Korea,North,IN-HP,State,"Himachal Pradesh, India",Apr,4,Q2,30,False,False
2026-05-01,Himachal Pradesh,HYUNDAI MOTOR INDIA LTD,Petrol/Diesel/CNG/Hybrid,495,Hyundai,Hyundai,South Korea,North,IN-HP,State,"Himachal Pradesh, India",May,5,Q2,31,False,False
2026-06-01,Himachal Pradesh,HYUNDAI MOTOR INDIA LTD,Petrol/Diesel/CNG/Hybrid,247,Hyundai,Hyundai,South Korea,North,IN-HP,State,"Himachal Pradesh, India",Jun,6,Q2,17,True,False
2026-01-01,Himachal Pradesh,ISUZU MOTORS INDIA PVT LTD,Petrol/Diesel/CNG/Hybrid,1,Isuzu,Isuzu,Japan,North,IN-HP,State,"Himachal Pradesh, India",Jan,1,Q1,31,False,False
2026-02-01,Himachal Pradesh,ISUZU MOTORS INDIA PVT LTD,Petrol/Diesel/CNG/Hybrid,1,Isuzu,Isuzu,Japan,North,IN-HP,State,"Himachal Pradesh, India",Feb,2,Q1,28,False,False
2026-03-01,Himachal Pradesh,ISUZU MOTORS INDIA PVT LTD,Petrol/Diesel/CNG/Hybrid,3,Isuzu,Isuzu,Japan,North,IN-HP,State,"Himachal Pradesh, India",Mar,3,Q1,31,False,False
2026-04-01,Himachal Pradesh,ISUZU MOTORS INDIA PVT LTD,Petrol/Diesel/CNG/Hybrid,1,Isuzu,Isuzu,Japan,North,IN-HP,State,"Himachal Pradesh, India",Apr,4,Q2,30,False,False
2026-05-01,Himachal Pradesh,ISUZU MOTORS INDIA PVT LTD,Petrol/Diesel/CNG/Hybrid,1,Isuzu,Isuzu,Japan,North,IN-HP,State,"Himachal Pradesh, India",May,5,Q2,31,False,False
2026-06-01,Himachal Pradesh,ISUZU MOTORS INDIA PVT LTD,Petrol/Diesel/CNG/Hybrid,1,Isuzu,Isuzu,Japan,North,IN-HP,State,"Himachal Pradesh, India",Jun,6,Q2,17,True,False
2026-01-01,Himachal Pradesh,JAGUAR LAND ROVER INDIA LIMITED,Petrol/Diesel/CNG/Hybrid,13,Jaguar Land Rover,Tata Motors,UK,North,IN-HP,State,"Himachal Pradesh, India",Jan,1,Q1,31,False,False
2026-02-01,Himachal Pradesh,JAGUAR LAND ROVER INDIA LIMITED,Petrol/Diesel/CNG/Hybrid,6,Jaguar Land Rover,Tata Motors,UK,North,IN-HP,State,"Himachal Pradesh, India",Feb,2,Q1,28,False,False
2026-03-01,Himachal Pradesh,JAGUAR LAND ROVER INDIA LIMITED,Petrol/Diesel/CNG/Hybrid,14,Jaguar Land Rover,Tata Motors,UK,North,IN-HP,State,"Himachal Pradesh, India",Mar,3,Q1,31,False,False
2026-04-01,Himachal Pradesh,JAGUAR LAND ROVER INDIA LIMITED,Petrol/Diesel/CNG/Hybrid,12,Jaguar Land Rover,Tata Motors,UK,North,IN-HP,State,"Himachal Pradesh, India",Apr,4,Q2,30,False,False
2026-05-01,Himachal Pradesh,JAGUAR LAND ROVER INDIA LIMITED,Petrol/Diesel/CNG/Hybrid,14,Jaguar Land Rover,Tata Motors,UK,North,IN-HP,State,"Himachal Pradesh, India",May,5,Q2,31,False,False
2026-06-01,Himachal Pradesh,JAGUAR LAND ROVER INDIA LIMITED,Petrol/Diesel/CNG/Hybrid,5,Jaguar Land Rover,Tata Motors,UK,North,IN-HP,State,"Himachal Pradesh, India",Jun,6,Q2,17,True,False
2026-01-01,Himachal Pradesh,JSW MG MOTOR INDIA PVT LTD,Petrol/Diesel/CNG/Hybrid,10,MG,JSW-SAIC,India / China,North,IN-HP,State,"Himachal Pradesh, India",Jan,1,Q1,31,False,False
2026-02-01,Himachal Pradesh,JSW MG MOTOR INDIA PVT LTD,Petrol/Diesel/CNG/Hybrid,21,MG,JSW-SAIC,India / China,North,IN-HP,State,"Himachal Pradesh, India",Feb,2,Q1,28,False,False
2026-03-01,Himachal Pradesh,JSW MG MOTOR INDIA PVT LTD,Petrol/Diesel/CNG/Hybrid,12,MG,JSW-SAIC,India / China,North,IN-HP,State,"Himachal Pradesh, India",Mar,3,Q1,31,False,False
2026-04-01,Himachal Pradesh,JSW MG MOTOR INDIA PVT LTD,Petrol/Diesel/CNG/Hybrid,11,MG,JSW-SAIC,India / China,North,IN-HP,State,"Himachal Pradesh, India",Apr,4,Q2,30,False,False
2026-05-01,Himachal Pradesh,JSW MG MOTOR INDIA PVT LTD,Petrol/Diesel/CNG/Hybrid,15,MG,JSW-SAIC,India / China,North,IN-HP,State,"Himachal Pradesh, India",May,5,Q2,31,False,False
2026-06-01,Himachal Pradesh,JSW MG MOTOR INDIA PVT LTD,Petrol/Diesel/CNG/Hybrid,8,MG,JSW-SAIC,India / China,North,IN-HP,State,"Himachal Pradesh, India",Jun,6,Q2,17,True,False
2026-01-01,Himachal Pradesh,KIA INDIA PRIVATE LIMITED,Petrol/Diesel/CNG/Hybrid,198,Kia,Hyundai,South Korea,North,IN-HP,State,"Himachal Pradesh, India",Jan,1,Q1,31,False,False
2026-02-01,Himachal Pradesh,KIA INDIA PRIVATE LIMITED,Petrol/Diesel/CNG/Hybrid,215,Kia,Hyundai,South Korea,North,IN-HP,State,"Himachal Pradesh, India",Feb,2,Q1,28,False,False
2026-03-01,Himachal Pradesh,KIA INDIA PRIVATE LIMITED,Petrol/Diesel/CNG/Hybrid,191,Kia,Hyundai,South Korea,North,IN-HP,State,"Himachal Pradesh, India",Mar,3,Q1,31,False,False
2026-04-01,Himachal Pradesh,KIA INDIA PRIVATE LIMITED,Petrol/Diesel/CNG/Hybrid,230,Kia,Hyundai,South Korea,North,IN-HP,State,"Himachal Pradesh, India",Apr,4,Q2,30,False,False
2026-05-01,Himachal Pradesh,KIA INDIA PRIVATE LIMITED,Petrol/Diesel/CNG/Hybrid,210,Kia,Hyundai,South Korea,North,IN-HP,State,"Himachal Pradesh, India",May,5,Q2,31,False,False
2026-06-01,Himachal Pradesh,KIA INDIA PRIVATE LIMITED,Petrol/Diesel/CNG/Hybrid,102,Kia,Hyundai,South Korea,North,IN-HP,State,"Himachal Pradesh, India",Jun,6,Q2,17,True,False
2026-01-01,Himachal Pradesh,MAHINDRA & MAHINDRA LIMITED,Petrol/Diesel/CNG/Hybrid,753,Mahindra,Mahindra,India,North,IN-HP,State,"Himachal Pradesh, India",Jan,1,Q1,31,False,False
2026-02-01,Himachal Pradesh,MAHINDRA & MAHINDRA LIMITED,Petrol/Diesel/CNG/Hybrid,535,Mahindra,Mahindra,India,North,IN-HP,State,"Himachal Pradesh, India",Feb,2,Q1,28,False,False
2026-03-01,Himachal Pradesh,MAHINDRA & MAHINDRA LIMITED,Petrol/Diesel/CNG/Hybrid,706,Mahindra,Mahindra,India,North,IN-HP,State,"Himachal Pradesh, India",Mar,3,Q1,31,False,False
2026-04-01,Himachal Pradesh,MAHINDRA & MAHINDRA LIMITED,Petrol/Diesel/CNG/Hybrid,644,Mahindra,Mahindra,India,North,IN-HP,State,"Himachal Pradesh, India",Apr,4,Q2,30,False,False
2026-05-01,Himachal Pradesh,MAHINDRA & MAHINDRA LIMITED,Petrol/Diesel/CNG/Hybrid,656,Mahindra,Mahindra,India,North,IN-HP,State,"Himachal Pradesh, India",May,5,Q2,31,False,False
2026-06-01,Himachal Pradesh,MAHINDRA & MAHINDRA LIMITED,Petrol/Diesel/CNG/Hybrid,340,Mahindra,Mahindra,India,North,IN-HP,State,"Himachal Pradesh, India",Jun,6,Q2,17,True,False
2026-01-01,Himachal Pradesh,MARUTI SUZUKI INDIA LTD,Petrol/Diesel/CNG/Hybrid,2950,Maruti Suzuki,Suzuki,Japan,North,IN-HP,State,"Himachal Pradesh, India",Jan,1,Q1,31,False,False
2026-02-01,Himachal Pradesh,MARUTI SUZUKI INDIA LTD,Petrol/Diesel/CNG/Hybrid,2117,Maruti Suzuki,Suzuki,Japan,North,IN-HP,State,"Himachal Pradesh, India",Feb,2,Q1,28,False,False
2026-03-01,Himachal Pradesh,MARUTI SUZUKI INDIA LTD,Petrol/Diesel/CNG/Hybrid,2308,Maruti Suzuki,Suzuki,Japan,North,IN-HP,State,"Himachal Pradesh, India",Mar,3,Q1,31,False,False
2026-04-01,Himachal Pradesh,MARUTI SUZUKI INDIA LTD,Petrol/Diesel/CNG/Hybrid,2117,Maruti Suzuki,Suzuki,Japan,North,IN-HP,State,"Himachal Pradesh, India",Apr,4,Q2,30,False,False
2026-05-01,Himachal Pradesh,MARUTI SUZUKI INDIA LTD,Petrol/Diesel/CNG/Hybrid,1848,Maruti Suzuki,Suzuki,Japan,North,IN-HP,State,"Himachal Pradesh, India",May,5,Q2,31,False,False
2026-06-01,Himachal Pradesh,MARUTI SUZUKI INDIA LTD,Petrol/Diesel/CNG/Hybrid,1000,Maruti Suzuki,Suzuki,Japan,North,IN-HP,State,"Himachal Pradesh, India",Jun,6,Q2,17,True,False
2026-01-01,Himachal Pradesh,MARUTI UDYOG LTD,Petrol/Diesel/CNG/Hybrid,2,Maruti Suzuki,Suzuki,Japan,North,IN-HP,State,"Himachal Pradesh, India",Jan,1,Q1,31,False,False
2026-03-01,Himachal Pradesh,MARUTI UDYOG LTD,Petrol/Diesel/CNG/Hybrid,1,Maruti Suzuki,Suzuki,Japan,North,IN-HP,State,"Himachal Pradesh, India",Mar,3,Q1,31,False,False
2026-05-01,Himachal Pradesh,MARUTI UDYOG LTD,Petrol/Diesel/CNG/Hybrid,2,Maruti Suzuki,Suzuki,Japan,North,IN-HP,State,"Himachal Pradesh, India",May,5,Q2,31,False,False
2026-06-01,Himachal Pradesh,MARUTI UDYOG LTD,Petrol/Diesel/CNG/Hybrid,2,Maruti Suzuki,Suzuki,Japan,North,IN-HP,State,"Himachal Pradesh, India",Jun,6,Q2,17,True,False
2026-01-01,Himachal Pradesh,MASERATI S.P.A,Petrol/Diesel/CNG/Hybrid,1,Maserati,Stellantis,Italy,North,IN-HP,State,"Himachal Pradesh, India",Jan,1,Q1,31,False,False
2026-05-01,Himachal Pradesh,MASERATI S.P.A,Petrol/Diesel/CNG/Hybrid,2,Maserati,Stellantis,Italy,North,IN-HP,State,"Himachal Pradesh, India",May,5,Q2,31,False,False
2026-01-01,Himachal Pradesh,MERCEDES-BENZ AG,Petrol/Diesel/CNG/Hybrid,4,Mercedes-Benz,Mercedes-Benz,Germany,North,IN-HP,State,"Himachal Pradesh, India",Jan,1,Q1,31,False,False
2026-02-01,Himachal Pradesh,MERCEDES-BENZ AG,Petrol/Diesel/CNG/Hybrid,2,Mercedes-Benz,Mercedes-Benz,Germany,North,IN-HP,State,"Himachal Pradesh, India",Feb,2,Q1,28,False,False
2026-03-01,Himachal Pradesh,MERCEDES-BENZ AG,Petrol/Diesel/CNG/Hybrid,4,Mercedes-Benz,Mercedes-Benz,Germany,North,IN-HP,State,"Himachal Pradesh, India",Mar,3,Q1,31,False,False
2026-04-01,Himachal Pradesh,MERCEDES-BENZ AG,Petrol/Diesel/CNG/Hybrid,4,Mercedes-Benz,Mercedes-Benz,Germany,North,IN-HP,State,"Himachal Pradesh, India",Apr,4,Q2,30,False,False
2026-05-01,Himachal Pradesh,MERCEDES-BENZ AG,Petrol/Diesel/CNG/Hybrid,2,Mercedes-Benz,Mercedes-Benz,Germany,North,IN-HP,State,"Himachal Pradesh, India",May,5,Q2,31,False,False
2026-06-01,Himachal Pradesh,MERCEDES-BENZ AG,Petrol/Diesel/CNG/Hybrid,5,Mercedes-Benz,Mercedes-Benz,Germany,North,IN-HP,State,"Himachal Pradesh, India",Jun,6,Q2,17,True,False
2026-01-01,Himachal Pradesh,MERCEDES-BENZ INDIA PVT LTD,Petrol/Diesel/CNG/Hybrid,50,Mercedes-Benz,Mercedes-Benz,Germany,North,IN-HP,State,"Himachal Pradesh, India",Jan,1,Q1,31,False,False
2026-02-01,Himachal Pradesh,MERCEDES-BENZ INDIA PVT LTD,Petrol/Diesel/CNG/Hybrid,26,Mercedes-Benz,Mercedes-Benz,Germany,North,IN-HP,State,"Himachal Pradesh, India",Feb,2,Q1,28,False,False
2026-03-01,Himachal Pradesh,MERCEDES-BENZ INDIA PVT LTD,Petrol/Diesel/CNG/Hybrid,25,Mercedes-Benz,Mercedes-Benz,Germany,North,IN-HP,State,"Himachal Pradesh, India",Mar,3,Q1,31,False,False
2026-04-01,Himachal Pradesh,MERCEDES-BENZ INDIA PVT LTD,Petrol/Diesel/CNG/Hybrid,36,Mercedes-Benz,Mercedes-Benz,Germany,North,IN-HP,State,"Himachal Pradesh, India",Apr,4,Q2,30,False,False
2026-05-01,Himachal Pradesh,MERCEDES-BENZ INDIA PVT LTD,Petrol/Diesel/CNG/Hybrid,29,Mercedes-Benz,Mercedes-Benz,Germany,North,IN-HP,State,"Himachal Pradesh, India",May,5,Q2,31,False,False
2026-06-01,Himachal Pradesh,MERCEDES-BENZ INDIA PVT LTD,Petrol/Diesel/CNG/Hybrid,15,Mercedes-Benz,Mercedes-Benz,Germany,North,IN-HP,State,"Himachal Pradesh, India",Jun,6,Q2,17,True,False
2026-01-01,Himachal Pradesh,NISSAN MOTOR INDIA PVT LTD,Petrol/Diesel/CNG/Hybrid,22,Nissan,Nissan,Japan,North,IN-HP,State,"Himachal Pradesh, India",Jan,1,Q1,31,False,False
2026-02-01,Himachal Pradesh,NISSAN MOTOR INDIA PVT LTD,Petrol/Diesel/CNG/Hybrid,11,Nissan,Nissan,Japan,North,IN-HP,State,"Himachal Pradesh, India",Feb,2,Q1,28,False,False
2026-03-01,Himachal Pradesh,NISSAN MOTOR INDIA PVT LTD,Petrol/Diesel/CNG/Hybrid,12,Nissan,Nissan,Japan,North,IN-HP,State,"Himachal Pradesh, India",Mar,3,Q1,31,False,False
2026-04-01,Himachal Pradesh,NISSAN MOTOR INDIA PVT LTD,Petrol/Diesel/CNG/Hybrid,32,Nissan,Nissan,Japan,North,IN-HP,State,"Himachal Pradesh, India",Apr,4,Q2,30,False,False
2026-05-01,Himachal Pradesh,NISSAN MOTOR INDIA PVT LTD,Petrol/Diesel/CNG/Hybrid,19,Nissan,Nissan,Japan,North,IN-HP,State,"Himachal Pradesh, India",May,5,Q2,31,False,False
2026-06-01,Himachal Pradesh,NISSAN MOTOR INDIA PVT LTD,Petrol/Diesel/CNG/Hybrid,4,Nissan,Nissan,Japan,North,IN-HP,State,"Himachal Pradesh, India",Jun,6,Q2,17,True,False
2026-01-01,Himachal Pradesh,PORSCHE AG GERMANY,Petrol/Diesel/CNG/Hybrid,5,Porsche,Volkswagen Group,Germany,North,IN-HP,State,"Himachal Pradesh, India",Jan,1,Q1,31,False,False
2026-02-01,Himachal Pradesh,PORSCHE AG GERMANY,Petrol/Diesel/CNG/Hybrid,3,Porsche,Volkswagen Group,Germany,North,IN-HP,State,"Himachal Pradesh, India",Feb,2,Q1,28,False,False
2026-03-01,Himachal Pradesh,PORSCHE AG GERMANY,Petrol/Diesel/CNG/Hybrid,5,Porsche,Volkswagen Group,Germany,North,IN-HP,State,"Himachal Pradesh, India",Mar,3,Q1,31,False,False
2026-04-01,Himachal Pradesh,PORSCHE AG GERMANY,Petrol/Diesel/CNG/Hybrid,4,Porsche,Volkswagen Group,Germany,North,IN-HP,State,"Himachal Pradesh, India",Apr,4,Q2,30,False,False
2026-05-01,Himachal Pradesh,PORSCHE AG GERMANY,Petrol/Diesel/CNG/Hybrid,3,Porsche,Volkswagen Group,Germany,North,IN-HP,State,"Himachal Pradesh, India",May,5,Q2,31,False,False
2026-06-01,Himachal Pradesh,PORSCHE AG GERMANY,Petrol/Diesel/CNG/Hybrid,1,Porsche,Volkswagen Group,Germany,North,IN-HP,State,"Himachal Pradesh, India",Jun,6,Q2,17,True,False
2026-01-01,Himachal Pradesh,RENAULT INDIA PVT LTD,Petrol/Diesel/CNG/Hybrid,30,Renault,Renault,France,North,IN-HP,State,"Himachal Pradesh, India",Jan,1,Q1,31,False,False
2026-02-01,Himachal Pradesh,RENAULT INDIA PVT LTD,Petrol/Diesel/CNG/Hybrid,28,Renault,Renault,France,North,IN-HP,State,"Himachal Pradesh, India",Feb,2,Q1,28,False,False
2026-03-01,Himachal Pradesh,RENAULT INDIA PVT LTD,Petrol/Diesel/CNG/Hybrid,15,Renault,Renault,France,North,IN-HP,State,"Himachal Pradesh, India",Mar,3,Q1,31,False,False
2026-04-01,Himachal Pradesh,RENAULT INDIA PVT LTD,Petrol/Diesel/CNG/Hybrid,23,Renault,Renault,France,North,IN-HP,State,"Himachal Pradesh, India",Apr,4,Q2,30,False,False
2026-05-01,Himachal Pradesh,RENAULT INDIA PVT LTD,Petrol/Diesel/CNG/Hybrid,38,Renault,Renault,France,North,IN-HP,State,"Himachal Pradesh, India",May,5,Q2,31,False,False
2026-06-01,Himachal Pradesh,RENAULT INDIA PVT LTD,Petrol/Diesel/CNG/Hybrid,25,Renault,Renault,France,North,IN-HP,State,"Himachal Pradesh, India",Jun,6,Q2,17,True,False
2026-01-01,Himachal Pradesh,SKODA AUTO VOLKSWAGEN INDIA PVT LTD,Petrol/Diesel/CNG/Hybrid,130,Skoda-VW,Volkswagen Group,Germany,North,IN-HP,State,"Himachal Pradesh, India",Jan,1,Q1,31,False,False
2026-02-01,Himachal Pradesh,SKODA AUTO VOLKSWAGEN INDIA PVT LTD,Petrol/Diesel/CNG/Hybrid,86,Skoda-VW,Volkswagen Group,Germany,North,IN-HP,State,"Himachal Pradesh, India",Feb,2,Q1,28,False,False
2026-03-01,Himachal Pradesh,SKODA AUTO VOLKSWAGEN INDIA PVT LTD,Petrol/Diesel/CNG/Hybrid,81,Skoda-VW,Volkswagen Group,Germany,North,IN-HP,State,"Himachal Pradesh, India",Mar,3,Q1,31,False,False
2026-04-01,Himachal Pradesh,SKODA AUTO VOLKSWAGEN INDIA PVT LTD,Petrol/Diesel/CNG/Hybrid,106,Skoda-VW,Volkswagen Group,Germany,North,IN-HP,State,"Himachal Pradesh, India",Apr,4,Q2,30,False,False
2026-05-01,Himachal Pradesh,SKODA AUTO VOLKSWAGEN INDIA PVT LTD,Petrol/Diesel/CNG/Hybrid,111,Skoda-VW,Volkswagen Group,Germany,North,IN-HP,State,"Himachal Pradesh, India",May,5,Q2,31,False,False
2026-06-01,Himachal Pradesh,SKODA AUTO VOLKSWAGEN INDIA PVT LTD,Petrol/Diesel/CNG/Hybrid,50,Skoda-VW,Volkswagen Group,Germany,North,IN-HP,State,"Himachal Pradesh, India",Jun,6,Q2,17,True,False
2026-01-01,Himachal Pradesh,STELLANTIS AUTOMOBILES INDIA PVT LTD,Petrol/Diesel/CNG/Hybrid,20,Stellantis (Jeep/Citroen),Stellantis,Netherlands,North,IN-HP,State,"Himachal Pradesh, India",Jan,1,Q1,31,False,False
2026-02-01,Himachal Pradesh,STELLANTIS AUTOMOBILES INDIA PVT LTD,Petrol/Diesel/CNG/Hybrid,12,Stellantis (Jeep/Citroen),Stellantis,Netherlands,North,IN-HP,State,"Himachal Pradesh, India",Feb,2,Q1,28,False,False
2026-03-01,Himachal Pradesh,STELLANTIS AUTOMOBILES INDIA PVT LTD,Petrol/Diesel/CNG/Hybrid,7,Stellantis (Jeep/Citroen),Stellantis,Netherlands,North,IN-HP,State,"Himachal Pradesh, India",Mar,3,Q1,31,False,False
2026-04-01,Himachal Pradesh,STELLANTIS AUTOMOBILES INDIA PVT LTD,Petrol/Diesel/CNG/Hybrid,4,Stellantis (Jeep/Citroen),Stellantis,Netherlands,North,IN-HP,State,"Himachal Pradesh, India",Apr,4,Q2,30,False,False
2026-05-01,Himachal Pradesh,STELLANTIS AUTOMOBILES INDIA PVT LTD,Petrol/Diesel/CNG/Hybrid,12,Stellantis (Jeep/Citroen),Stellantis,Netherlands,North,IN-HP,State,"Himachal Pradesh, India",May,5,Q2,31,False,False
2026-06-01,Himachal Pradesh,STELLANTIS AUTOMOBILES INDIA PVT LTD,Petrol/Diesel/CNG/Hybrid,10,Stellantis (Jeep/Citroen),Stellantis,Netherlands,North,IN-HP,State,"Himachal Pradesh, India",Jun,6,Q2,17,True,False
2026-01-01,Himachal Pradesh,STELLANTIS INDIA PVT LTD,Petrol/Diesel/CNG/Hybrid,3,Stellantis (Jeep/Citroen),Stellantis,Netherlands,North,IN-HP,State,"Himachal Pradesh, India",Jan,1,Q1,31,False,False
2026-02-01,Himachal Pradesh,STELLANTIS INDIA PVT LTD,Petrol/Diesel/CNG/Hybrid,5,Stellantis (Jeep/Citroen),Stellantis,Netherlands,North,IN-HP,State,"Himachal Pradesh, India",Feb,2,Q1,28,False,False
2026-03-01,Himachal Pradesh,STELLANTIS INDIA PVT LTD,Petrol/Diesel/CNG/Hybrid,3,Stellantis (Jeep/Citroen),Stellantis,Netherlands,North,IN-HP,State,"Himachal Pradesh, India",Mar,3,Q1,31,False,False
2026-04-01,Himachal Pradesh,STELLANTIS INDIA PVT LTD,Petrol/Diesel/CNG/Hybrid,5,Stellantis (Jeep/Citroen),Stellantis,Netherlands,North,IN-HP,State,"Himachal Pradesh, India",Apr,4,Q2,30,False,False
2026-05-01,Himachal Pradesh,STELLANTIS INDIA PVT LTD,Petrol/Diesel/CNG/Hybrid,4,Stellantis (Jeep/Citroen),Stellantis,Netherlands,North,IN-HP,State,"Himachal Pradesh, India",May,5,Q2,31,False,False
2026-06-01,Himachal Pradesh,STELLANTIS INDIA PVT LTD,Petrol/Diesel/CNG/Hybrid,4,Stellantis (Jeep/Citroen),Stellantis,Netherlands,North,IN-HP,State,"Himachal Pradesh, India",Jun,6,Q2,17,True,False
2026-01-01,Himachal Pradesh,TATA MOTORS LTD,Petrol/Diesel/CNG/Hybrid,2,Tata,Tata Motors,India,North,IN-HP,State,"Himachal Pradesh, India",Jan,1,Q1,31,False,False
2026-02-01,Himachal Pradesh,TATA MOTORS LTD,Petrol/Diesel/CNG/Hybrid,1,Tata,Tata Motors,India,North,IN-HP,State,"Himachal Pradesh, India",Feb,2,Q1,28,False,False
2026-03-01,Himachal Pradesh,TATA MOTORS LTD,Petrol/Diesel/CNG/Hybrid,1,Tata,Tata Motors,India,North,IN-HP,State,"Himachal Pradesh, India",Mar,3,Q1,31,False,False
2026-04-01,Himachal Pradesh,TATA MOTORS LTD,Petrol/Diesel/CNG/Hybrid,1,Tata,Tata Motors,India,North,IN-HP,State,"Himachal Pradesh, India",Apr,4,Q2,30,False,False
2026-05-01,Himachal Pradesh,TATA MOTORS LTD,Petrol/Diesel/CNG/Hybrid,3,Tata,Tata Motors,India,North,IN-HP,State,"Himachal Pradesh, India",May,5,Q2,31,False,False
2026-01-01,Himachal Pradesh,TATA MOTORS PASSENGER VEHICLES LTD,Petrol/Diesel/CNG/Hybrid,742,Tata,Tata Motors,India,North,IN-HP,State,"Himachal Pradesh, India",Jan,1,Q1,31,False,False
2026-02-01,Himachal Pradesh,TATA MOTORS PASSENGER VEHICLES LTD,Petrol/Diesel/CNG/Hybrid,640,Tata,Tata Motors,India,North,IN-HP,State,"Himachal Pradesh, India",Feb,2,Q1,28,False,False
2026-03-01,Himachal Pradesh,TATA MOTORS PASSENGER VEHICLES LTD,Petrol/Diesel/CNG/Hybrid,656,Tata,Tata Motors,India,North,IN-HP,State,"Himachal Pradesh, India",Mar,3,Q1,31,False,False
2026-04-01,Himachal Pradesh,TATA MOTORS PASSENGER VEHICLES LTD,Petrol/Diesel/CNG/Hybrid,681,Tata,Tata Motors,India,North,IN-HP,State,"Himachal Pradesh, India",Apr,4,Q2,30,False,False
2026-05-01,Himachal Pradesh,TATA MOTORS PASSENGER VEHICLES LTD,Petrol/Diesel/CNG/Hybrid,621,Tata,Tata Motors,India,North,IN-HP,State,"Himachal Pradesh, India",May,5,Q2,31,False,False
2026-06-01,Himachal Pradesh,TATA MOTORS PASSENGER VEHICLES LTD,Petrol/Diesel/CNG/Hybrid,244,Tata,Tata Motors,India,North,IN-HP,State,"Himachal Pradesh, India",Jun,6,Q2,17,True,False
2026-01-01,Himachal Pradesh,TATA PASSENGER ELECTRIC MOBILITY LTD,Petrol/Diesel/CNG/Hybrid,2,Tata,Tata Motors,India,North,IN-HP,State,"Himachal Pradesh, India",Jan,1,Q1,31,False,False
2026-02-01,Himachal Pradesh,TATA PASSENGER ELECTRIC MOBILITY LTD,Petrol/Diesel/CNG/Hybrid,1,Tata,Tata Motors,India,North,IN-HP,State,"Himachal Pradesh, India",Feb,2,Q1,28,False,False
2026-01-01,Himachal Pradesh,TOYOTA KIRLOSKAR MOTOR PVT LTD,Petrol/Diesel/CNG/Hybrid,334,Toyota,Toyota,Japan,North,IN-HP,State,"Himachal Pradesh, India",Jan,1,Q1,31,False,False
2026-02-01,Himachal Pradesh,TOYOTA KIRLOSKAR MOTOR PVT LTD,Petrol/Diesel/CNG/Hybrid,292,Toyota,Toyota,Japan,North,IN-HP,State,"Himachal Pradesh, India",Feb,2,Q1,28,False,False
2026-03-01,Himachal Pradesh,TOYOTA KIRLOSKAR MOTOR PVT LTD,Petrol/Diesel/CNG/Hybrid,261,Toyota,Toyota,Japan,North,IN-HP,State,"Himachal Pradesh, India",Mar,3,Q1,31,False,False
2026-04-01,Himachal Pradesh,TOYOTA KIRLOSKAR MOTOR PVT LTD,Petrol/Diesel/CNG/Hybrid,279,Toyota,Toyota,Japan,North,IN-HP,State,"Himachal Pradesh, India",Apr,4,Q2,30,False,False
2026-05-01,Himachal Pradesh,TOYOTA KIRLOSKAR MOTOR PVT LTD,Petrol/Diesel/CNG/Hybrid,275,Toyota,Toyota,Japan,North,IN-HP,State,"Himachal Pradesh, India",May,5,Q2,31,False,False
2026-06-01,Himachal Pradesh,TOYOTA KIRLOSKAR MOTOR PVT LTD,Petrol/Diesel/CNG/Hybrid,161,Toyota,Toyota,Japan,North,IN-HP,State,"Himachal Pradesh, India",Jun,6,Q2,17,True,False
2026-01-01,Himachal Pradesh,VOLVO AUTO INDIA PVT LTD,Petrol/Diesel/CNG/Hybrid,3,Volvo,Geely,Sweden,North,IN-HP,State,"Himachal Pradesh, India",Jan,1,Q1,31,False,False
2026-02-01,Himachal Pradesh,VOLVO AUTO INDIA PVT LTD,Petrol/Diesel/CNG/Hybrid,3,Volvo,Geely,Sweden,North,IN-HP,State,"Himachal Pradesh, India",Feb,2,Q1,28,False,False
2026-03-01,Himachal Pradesh,VOLVO AUTO INDIA PVT LTD,Petrol/Diesel/CNG/Hybrid,5,Volvo,Geely,Sweden,North,IN-HP,State,"Himachal Pradesh, India",Mar,3,Q1,31,False,False
2026-04-01,Himachal Pradesh,VOLVO AUTO INDIA PVT LTD,Petrol/Diesel/CNG/Hybrid,2,Volvo,Geely,Sweden,North,IN-HP,State,"Himachal Pradesh, India",Apr,4,Q2,30,False,False
2026-05-01,Himachal Pradesh,VOLVO AUTO INDIA PVT LTD,Petrol/Diesel/CNG/Hybrid,2,Volvo,Geely,Sweden,North,IN-HP,State,"Himachal Pradesh, India",May,5,Q2,31,False,False
2026-06-01,Himachal Pradesh,VOLVO AUTO INDIA PVT LTD,Petrol/Diesel/CNG/Hybrid,1,Volvo,Geely,Sweden,North,IN-HP,State,"Himachal Pradesh, India",Jun,6,Q2,17,True,False
2026-01-01,Jammu and Kashmir,BMW INDIA PVT LTD,Petrol/Diesel/CNG/Hybrid,2,BMW,BMW Group,Germany,North,IN-JK,Union Territory,"Jammu and Kashmir, India",Jan,1,Q1,31,False,False
2026-02-01,Jammu and Kashmir,BMW INDIA PVT LTD,Petrol/Diesel/CNG/Hybrid,1,BMW,BMW Group,Germany,North,IN-JK,Union Territory,"Jammu and Kashmir, India",Feb,2,Q1,28,False,False
2026-03-01,Jammu and Kashmir,BMW INDIA PVT LTD,Petrol/Diesel/CNG/Hybrid,3,BMW,BMW Group,Germany,North,IN-JK,Union Territory,"Jammu and Kashmir, India",Mar,3,Q1,31,False,False
2026-04-01,Jammu and Kashmir,BMW INDIA PVT LTD,Petrol/Diesel/CNG/Hybrid,2,BMW,BMW Group,Germany,North,IN-JK,Union Territory,"Jammu and Kashmir, India",Apr,4,Q2,30,False,False
2026-05-01,Jammu and Kashmir,BMW INDIA PVT LTD,Petrol/Diesel/CNG/Hybrid,2,BMW,BMW Group,Germany,North,IN-JK,Union Territory,"Jammu and Kashmir, India",May,5,Q2,31,False,False
2026-01-01,Jammu and Kashmir,FORCE MOTORS LIMITED,Petrol/Diesel/CNG/Hybrid,14,Force,Force Motors,India,North,IN-JK,Union Territory,"Jammu and Kashmir, India",Jan,1,Q1,31,False,False
2026-02-01,Jammu and Kashmir,FORCE MOTORS LIMITED,Petrol/Diesel/CNG/Hybrid,4,Force,Force Motors,India,North,IN-JK,Union Territory,"Jammu and Kashmir, India",Feb,2,Q1,28,False,False
2026-03-01,Jammu and Kashmir,FORCE MOTORS LIMITED,Petrol/Diesel/CNG/Hybrid,3,Force,Force Motors,India,North,IN-JK,Union Territory,"Jammu and Kashmir, India",Mar,3,Q1,31,False,False
2026-04-01,Jammu and Kashmir,FORCE MOTORS LIMITED,Petrol/Diesel/CNG/Hybrid,49,Force,Force Motors,India,North,IN-JK,Union Territory,"Jammu and Kashmir, India",Apr,4,Q2,30,False,False
2026-05-01,Jammu and Kashmir,FORCE MOTORS LIMITED,Petrol/Diesel/CNG/Hybrid,1,Force,Force Motors,India,North,IN-JK,Union Territory,"Jammu and Kashmir, India",May,5,Q2,31,False,False
2026-06-01,Jammu and Kashmir,FORCE MOTORS LIMITED,Petrol/Diesel/CNG/Hybrid,1,Force,Force Motors,India,North,IN-JK,Union Territory,"Jammu and Kashmir, India",Jun,6,Q2,17,True,False
2026-01-01,Jammu and Kashmir,HONDA CARS INDIA LTD,Petrol/Diesel/CNG/Hybrid,19,Honda,Honda,Japan,North,IN-JK,Union Territory,"Jammu and Kashmir, India",Jan,1,Q1,31,False,False
2026-02-01,Jammu and Kashmir,HONDA CARS INDIA LTD,Petrol/Diesel/CNG/Hybrid,7,Honda,Honda,Japan,North,IN-JK,Union Territory,"Jammu and Kashmir, India",Feb,2,Q1,28,False,False
2026-03-01,Jammu and Kashmir,HONDA CARS INDIA LTD,Petrol/Diesel/CNG/Hybrid,25,Honda,Honda,Japan,North,IN-JK,Union Territory,"Jammu and Kashmir, India",Mar,3,Q1,31,False,False
2026-04-01,Jammu and Kashmir,HONDA CARS INDIA LTD,Petrol/Diesel/CNG/Hybrid,13,Honda,Honda,Japan,North,IN-JK,Union Territory,"Jammu and Kashmir, India",Apr,4,Q2,30,False,False
2026-05-01,Jammu and Kashmir,HONDA CARS INDIA LTD,Petrol/Diesel/CNG/Hybrid,16,Honda,Honda,Japan,North,IN-JK,Union Territory,"Jammu and Kashmir, India",May,5,Q2,31,False,False
2026-06-01,Jammu and Kashmir,HONDA CARS INDIA LTD,Petrol/Diesel/CNG/Hybrid,11,Honda,Honda,Japan,North,IN-JK,Union Territory,"Jammu and Kashmir, India",Jun,6,Q2,17,True,False
2026-01-01,Jammu and Kashmir,HYUNDAI MOTOR INDIA LTD,Petrol/Diesel/CNG/Hybrid,1045,Hyundai,Hyundai,South Korea,North,IN-JK,Union Territory,"Jammu and Kashmir, India",Jan,1,Q1,31,False,False
2026-02-01,Jammu and Kashmir,HYUNDAI MOTOR INDIA LTD,Petrol/Diesel/CNG/Hybrid,960,Hyundai,Hyundai,South Korea,North,IN-JK,Union Territory,"Jammu and Kashmir, India",Feb,2,Q1,28,False,False
2026-03-01,Jammu and Kashmir,HYUNDAI MOTOR INDIA LTD,Petrol/Diesel/CNG/Hybrid,982,Hyundai,Hyundai,South Korea,North,IN-JK,Union Territory,"Jammu and Kashmir, India",Mar,3,Q1,31,False,False
2026-04-01,Jammu and Kashmir,HYUNDAI MOTOR INDIA LTD,Petrol/Diesel/CNG/Hybrid,950,Hyundai,Hyundai,South Korea,North,IN-JK,Union Territory,"Jammu and Kashmir, India",Apr,4,Q2,30,False,False
2026-05-01,Jammu and Kashmir,HYUNDAI MOTOR INDIA LTD,Petrol/Diesel/CNG/Hybrid,964,Hyundai,Hyundai,South Korea,North,IN-JK,Union Territory,"Jammu and Kashmir, India",May,5,Q2,31,False,False
2026-06-01,Jammu and Kashmir,HYUNDAI MOTOR INDIA LTD,Petrol/Diesel/CNG/Hybrid,455,Hyundai,Hyundai,South Korea,North,IN-JK,Union Territory,"Jammu and Kashmir, India",Jun,6,Q2,17,True,False
2026-01-01,Jammu and Kashmir,ISUZU MOTORS INDIA PVT LTD,Petrol/Diesel/CNG/Hybrid,1,Isuzu,Isuzu,Japan,North,IN-JK,Union Territory,"Jammu and Kashmir, India",Jan,1,Q1,31,False,False
2026-05-01,Jammu and Kashmir,ISUZU MOTORS INDIA PVT LTD,Petrol/Diesel/CNG/Hybrid,1,Isuzu,Isuzu,Japan,North,IN-JK,Union Territory,"Jammu and Kashmir, India",May,5,Q2,31,False,False
2026-01-01,Jammu and Kashmir,JAGUAR LAND ROVER INDIA LIMITED,Petrol/Diesel/CNG/Hybrid,1,Jaguar Land Rover,Tata Motors,UK,North,IN-JK,Union Territory,"Jammu and Kashmir, India",Jan,1,Q1,31,False,False
2026-02-01,Jammu and Kashmir,JAGUAR LAND ROVER INDIA LIMITED,Petrol/Diesel/CNG/Hybrid,1,Jaguar Land Rover,Tata Motors,UK,North,IN-JK,Union Territory,"Jammu and Kashmir, India",Feb,2,Q1,28,False,False
2026-04-01,Jammu and Kashmir,JAGUAR LAND ROVER INDIA LIMITED,Petrol/Diesel/CNG/Hybrid,1,Jaguar Land Rover,Tata Motors,UK,North,IN-JK,Union Territory,"Jammu and Kashmir, India",Apr,4,Q2,30,False,False
2026-05-01,Jammu and Kashmir,JAGUAR LAND ROVER INDIA LIMITED,Petrol/Diesel/CNG/Hybrid,1,Jaguar Land Rover,Tata Motors,UK,North,IN-JK,Union Territory,"Jammu and Kashmir, India",May,5,Q2,31,False,False
2026-01-01,Jammu and Kashmir,JSW MG MOTOR INDIA PVT LTD,Petrol/Diesel/CNG/Hybrid,10,MG,JSW-SAIC,India / China,North,IN-JK,Union Territory,"Jammu and Kashmir, India",Jan,1,Q1,31,False,False
2026-02-01,Jammu and Kashmir,JSW MG MOTOR INDIA PVT LTD,Petrol/Diesel/CNG/Hybrid,7,MG,JSW-SAIC,India / China,North,IN-JK,Union Territory,"Jammu and Kashmir, India",Feb,2,Q1,28,False,False
2026-03-01,Jammu and Kashmir,JSW MG MOTOR INDIA PVT LTD,Petrol/Diesel/CNG/Hybrid,7,MG,JSW-SAIC,India / China,North,IN-JK,Union Territory,"Jammu and Kashmir, India",Mar,3,Q1,31,False,False
2026-04-01,Jammu and Kashmir,JSW MG MOTOR INDIA PVT LTD,Petrol/Diesel/CNG/Hybrid,5,MG,JSW-SAIC,India / China,North,IN-JK,Union Territory,"Jammu and Kashmir, India",Apr,4,Q2,30,False,False
2026-05-01,Jammu and Kashmir,JSW MG MOTOR INDIA PVT LTD,Petrol/Diesel/CNG/Hybrid,5,MG,JSW-SAIC,India / China,North,IN-JK,Union Territory,"Jammu and Kashmir, India",May,5,Q2,31,False,False
2026-06-01,Jammu and Kashmir,JSW MG MOTOR INDIA PVT LTD,Petrol/Diesel/CNG/Hybrid,4,MG,JSW-SAIC,India / China,North,IN-JK,Union Territory,"Jammu and Kashmir, India",Jun,6,Q2,17,True,False
2026-01-01,Jammu and Kashmir,KIA INDIA PRIVATE LIMITED,Petrol/Diesel/CNG/Hybrid,195,Kia,Hyundai,South Korea,North,IN-JK,Union Territory,"Jammu and Kashmir, India",Jan,1,Q1,31,False,False
2026-02-01,Jammu and Kashmir,KIA INDIA PRIVATE LIMITED,Petrol/Diesel/CNG/Hybrid,164,Kia,Hyundai,South Korea,North,IN-JK,Union Territory,"Jammu and Kashmir, India",Feb,2,Q1,28,False,False
2026-03-01,Jammu and Kashmir,KIA INDIA PRIVATE LIMITED,Petrol/Diesel/CNG/Hybrid,194,Kia,Hyundai,South Korea,North,IN-JK,Union Territory,"Jammu and Kashmir, India",Mar,3,Q1,31,False,False
2026-04-01,Jammu and Kashmir,KIA INDIA PRIVATE LIMITED,Petrol/Diesel/CNG/Hybrid,182,Kia,Hyundai,South Korea,North,IN-JK,Union Territory,"Jammu and Kashmir, India",Apr,4,Q2,30,False,False
2026-05-01,Jammu and Kashmir,KIA INDIA PRIVATE LIMITED,Petrol/Diesel/CNG/Hybrid,182,Kia,Hyundai,South Korea,North,IN-JK,Union Territory,"Jammu and Kashmir, India",May,5,Q2,31,False,False
2026-06-01,Jammu and Kashmir,KIA INDIA PRIVATE LIMITED,Petrol/Diesel/CNG/Hybrid,61,Kia,Hyundai,South Korea,North,IN-JK,Union Territory,"Jammu and Kashmir, India",Jun,6,Q2,17,True,False
2026-01-01,Jammu and Kashmir,MAHINDRA & MAHINDRA LIMITED,Petrol/Diesel/CNG/Hybrid,835,Mahindra,Mahindra,India,North,IN-JK,Union Territory,"Jammu and Kashmir, India",Jan,1,Q1,31,False,False
2026-02-01,Jammu and Kashmir,MAHINDRA & MAHINDRA LIMITED,Petrol/Diesel/CNG/Hybrid,750,Mahindra,Mahindra,India,North,IN-JK,Union Territory,"Jammu and Kashmir, India",Feb,2,Q1,28,False,False
2026-03-01,Jammu and Kashmir,MAHINDRA & MAHINDRA LIMITED,Petrol/Diesel/CNG/Hybrid,1058,Mahindra,Mahindra,India,North,IN-JK,Union Territory,"Jammu and Kashmir, India",Mar,3,Q1,31,False,False
2026-04-01,Jammu and Kashmir,MAHINDRA & MAHINDRA LIMITED,Petrol/Diesel/CNG/Hybrid,747,Mahindra,Mahindra,India,North,IN-JK,Union Territory,"Jammu and Kashmir, India",Apr,4,Q2,30,False,False
2026-05-01,Jammu and Kashmir,MAHINDRA & MAHINDRA LIMITED,Petrol/Diesel/CNG/Hybrid,706,Mahindra,Mahindra,India,North,IN-JK,Union Territory,"Jammu and Kashmir, India",May,5,Q2,31,False,False
2026-06-01,Jammu and Kashmir,MAHINDRA & MAHINDRA LIMITED,Petrol/Diesel/CNG/Hybrid,362,Mahindra,Mahindra,India,North,IN-JK,Union Territory,"Jammu and Kashmir, India",Jun,6,Q2,17,True,False
2026-01-01,Jammu and Kashmir,MARUTI SUZUKI INDIA LTD,Petrol/Diesel/CNG/Hybrid,4181,Maruti Suzuki,Suzuki,Japan,North,IN-JK,Union Territory,"Jammu and Kashmir, India",Jan,1,Q1,31,False,False
2026-02-01,Jammu and Kashmir,MARUTI SUZUKI INDIA LTD,Petrol/Diesel/CNG/Hybrid,3094,Maruti Suzuki,Suzuki,Japan,North,IN-JK,Union Territory,"Jammu and Kashmir, India",Feb,2,Q1,28,False,False
2026-03-01,Jammu and Kashmir,MARUTI SUZUKI INDIA LTD,Petrol/Diesel/CNG/Hybrid,3383,Maruti Suzuki,Suzuki,Japan,North,IN-JK,Union Territory,"Jammu and Kashmir, India",Mar,3,Q1,31,False,False
2026-04-01,Jammu and Kashmir,MARUTI SUZUKI INDIA LTD,Petrol/Diesel/CNG/Hybrid,3223,Maruti Suzuki,Suzuki,Japan,North,IN-JK,Union Territory,"Jammu and Kashmir, India",Apr,4,Q2,30,False,False
2026-05-01,Jammu and Kashmir,MARUTI SUZUKI INDIA LTD,Petrol/Diesel/CNG/Hybrid,3606,Maruti Suzuki,Suzuki,Japan,North,IN-JK,Union Territory,"Jammu and Kashmir, India",May,5,Q2,31,False,False
2026-06-01,Jammu and Kashmir,MARUTI SUZUKI INDIA LTD,Petrol/Diesel/CNG/Hybrid,1964,Maruti Suzuki,Suzuki,Japan,North,IN-JK,Union Territory,"Jammu and Kashmir, India",Jun,6,Q2,17,True,False
2026-03-01,Jammu and Kashmir,MERCEDES-BENZ AG,Petrol/Diesel/CNG/Hybrid,1,Mercedes-Benz,Mercedes-Benz,Germany,North,IN-JK,Union Territory,"Jammu and Kashmir, India",Mar,3,Q1,31,False,False
2026-01-01,Jammu and Kashmir,MERCEDES-BENZ INDIA PVT LTD,Petrol/Diesel/CNG/Hybrid,2,Mercedes-Benz,Mercedes-Benz,Germany,North,IN-JK,Union Territory,"Jammu and Kashmir, India",Jan,1,Q1,31,False,False
2026-02-01,Jammu and Kashmir,MERCEDES-BENZ INDIA PVT LTD,Petrol/Diesel/CNG/Hybrid,4,Mercedes-Benz,Mercedes-Benz,Germany,North,IN-JK,Union Territory,"Jammu and Kashmir, India",Feb,2,Q1,28,False,False
2026-03-01,Jammu and Kashmir,MERCEDES-BENZ INDIA PVT LTD,Petrol/Diesel/CNG/Hybrid,3,Mercedes-Benz,Mercedes-Benz,Germany,North,IN-JK,Union Territory,"Jammu and Kashmir, India",Mar,3,Q1,31,False,False
2026-04-01,Jammu and Kashmir,MERCEDES-BENZ INDIA PVT LTD,Petrol/Diesel/CNG/Hybrid,5,Mercedes-Benz,Mercedes-Benz,Germany,North,IN-JK,Union Territory,"Jammu and Kashmir, India",Apr,4,Q2,30,False,False
2026-05-01,Jammu and Kashmir,MERCEDES-BENZ INDIA PVT LTD,Petrol/Diesel/CNG/Hybrid,1,Mercedes-Benz,Mercedes-Benz,Germany,North,IN-JK,Union Territory,"Jammu and Kashmir, India",May,5,Q2,31,False,False
2026-01-01,Jammu and Kashmir,NISSAN MOTOR INDIA PVT LTD,Petrol/Diesel/CNG/Hybrid,18,Nissan,Nissan,Japan,North,IN-JK,Union Territory,"Jammu and Kashmir, India",Jan,1,Q1,31,False,False
2026-02-01,Jammu and Kashmir,NISSAN MOTOR INDIA PVT LTD,Petrol/Diesel/CNG/Hybrid,11,Nissan,Nissan,Japan,North,IN-JK,Union Territory,"Jammu and Kashmir, India",Feb,2,Q1,28,False,False
2026-03-01,Jammu and Kashmir,NISSAN MOTOR INDIA PVT LTD,Petrol/Diesel/CNG/Hybrid,15,Nissan,Nissan,Japan,North,IN-JK,Union Territory,"Jammu and Kashmir, India",Mar,3,Q1,31,False,False
2026-04-01,Jammu and Kashmir,NISSAN MOTOR INDIA PVT LTD,Petrol/Diesel/CNG/Hybrid,11,Nissan,Nissan,Japan,North,IN-JK,Union Territory,"Jammu and Kashmir, India",Apr,4,Q2,30,False,False
2026-05-01,Jammu and Kashmir,NISSAN MOTOR INDIA PVT LTD,Petrol/Diesel/CNG/Hybrid,11,Nissan,Nissan,Japan,North,IN-JK,Union Territory,"Jammu and Kashmir, India",May,5,Q2,31,False,False
2026-06-01,Jammu and Kashmir,NISSAN MOTOR INDIA PVT LTD,Petrol/Diesel/CNG/Hybrid,10,Nissan,Nissan,Japan,North,IN-JK,Union Territory,"Jammu and Kashmir, India",Jun,6,Q2,17,True,False
2026-01-01,Jammu and Kashmir,RENAULT INDIA PVT LTD,Petrol/Diesel/CNG/Hybrid,8,Renault,Renault,France,North,IN-JK,Union Territory,"Jammu and Kashmir, India",Jan,1,Q1,31,False,False
2026-02-01,Jammu and Kashmir,RENAULT INDIA PVT LTD,Petrol/Diesel/CNG/Hybrid,19,Renault,Renault,France,North,IN-JK,Union Territory,"Jammu and Kashmir, India",Feb,2,Q1,28,False,False
2026-03-01,Jammu and Kashmir,RENAULT INDIA PVT LTD,Petrol/Diesel/CNG/Hybrid,14,Renault,Renault,France,North,IN-JK,Union Territory,"Jammu and Kashmir, India",Mar,3,Q1,31,False,False
2026-04-01,Jammu and Kashmir,RENAULT INDIA PVT LTD,Petrol/Diesel/CNG/Hybrid,18,Renault,Renault,France,North,IN-JK,Union Territory,"Jammu and Kashmir, India",Apr,4,Q2,30,False,False
2026-05-01,Jammu and Kashmir,RENAULT INDIA PVT LTD,Petrol/Diesel/CNG/Hybrid,31,Renault,Renault,France,North,IN-JK,Union Territory,"Jammu and Kashmir, India",May,5,Q2,31,False,False
2026-06-01,Jammu and Kashmir,RENAULT INDIA PVT LTD,Petrol/Diesel/CNG/Hybrid,7,Renault,Renault,France,North,IN-JK,Union Territory,"Jammu and Kashmir, India",Jun,6,Q2,17,True,False
2026-01-01,Jammu and Kashmir,SKODA AUTO VOLKSWAGEN INDIA PVT LTD,Petrol/Diesel/CNG/Hybrid,62,Skoda-VW,Volkswagen Group,Germany,North,IN-JK,Union Territory,"Jammu and Kashmir, India",Jan,1,Q1,31,False,False
2026-02-01,Jammu and Kashmir,SKODA AUTO VOLKSWAGEN INDIA PVT LTD,Petrol/Diesel/CNG/Hybrid,47,Skoda-VW,Volkswagen Group,Germany,North,IN-JK,Union Territory,"Jammu and Kashmir, India",Feb,2,Q1,28,False,False
2026-03-01,Jammu and Kashmir,SKODA AUTO VOLKSWAGEN INDIA PVT LTD,Petrol/Diesel/CNG/Hybrid,68,Skoda-VW,Volkswagen Group,Germany,North,IN-JK,Union Territory,"Jammu and Kashmir, India",Mar,3,Q1,31,False,False
2026-04-01,Jammu and Kashmir,SKODA AUTO VOLKSWAGEN INDIA PVT LTD,Petrol/Diesel/CNG/Hybrid,54,Skoda-VW,Volkswagen Group,Germany,North,IN-JK,Union Territory,"Jammu and Kashmir, India",Apr,4,Q2,30,False,False
2026-05-01,Jammu and Kashmir,SKODA AUTO VOLKSWAGEN INDIA PVT LTD,Petrol/Diesel/CNG/Hybrid,49,Skoda-VW,Volkswagen Group,Germany,North,IN-JK,Union Territory,"Jammu and Kashmir, India",May,5,Q2,31,False,False
2026-06-01,Jammu and Kashmir,SKODA AUTO VOLKSWAGEN INDIA PVT LTD,Petrol/Diesel/CNG/Hybrid,19,Skoda-VW,Volkswagen Group,Germany,North,IN-JK,Union Territory,"Jammu and Kashmir, India",Jun,6,Q2,17,True,False
2026-01-01,Jammu and Kashmir,STELLANTIS AUTOMOBILES INDIA PVT LTD,Petrol/Diesel/CNG/Hybrid,20,Stellantis (Jeep/Citroen),Stellantis,Netherlands,North,IN-JK,Union Territory,"Jammu and Kashmir, India",Jan,1,Q1,31,False,False
2026-02-01,Jammu and Kashmir,STELLANTIS AUTOMOBILES INDIA PVT LTD,Petrol/Diesel/CNG/Hybrid,22,Stellantis (Jeep/Citroen),Stellantis,Netherlands,North,IN-JK,Union Territory,"Jammu and Kashmir, India",Feb,2,Q1,28,False,False
2026-03-01,Jammu and Kashmir,STELLANTIS AUTOMOBILES INDIA PVT LTD,Petrol/Diesel/CNG/Hybrid,18,Stellantis (Jeep/Citroen),Stellantis,Netherlands,North,IN-JK,Union Territory,"Jammu and Kashmir, India",Mar,3,Q1,31,False,False
2026-04-01,Jammu and Kashmir,STELLANTIS AUTOMOBILES INDIA PVT LTD,Petrol/Diesel/CNG/Hybrid,23,Stellantis (Jeep/Citroen),Stellantis,Netherlands,North,IN-JK,Union Territory,"Jammu and Kashmir, India",Apr,4,Q2,30,False,False
2026-05-01,Jammu and Kashmir,STELLANTIS AUTOMOBILES INDIA PVT LTD,Petrol/Diesel/CNG/Hybrid,24,Stellantis (Jeep/Citroen),Stellantis,Netherlands,North,IN-JK,Union Territory,"Jammu and Kashmir, India",May,5,Q2,31,False,False
2026-06-01,Jammu and Kashmir,STELLANTIS AUTOMOBILES INDIA PVT LTD,Petrol/Diesel/CNG/Hybrid,18,Stellantis (Jeep/Citroen),Stellantis,Netherlands,North,IN-JK,Union Territory,"Jammu and Kashmir, India",Jun,6,Q2,17,True,False
2026-01-01,Jammu and Kashmir,STELLANTIS INDIA PVT LTD,Petrol/Diesel/CNG/Hybrid,1,Stellantis (Jeep/Citroen),Stellantis,Netherlands,North,IN-JK,Union Territory,"Jammu and Kashmir, India",Jan,1,Q1,31,False,False
2026-02-01,Jammu and Kashmir,STELLANTIS INDIA PVT LTD,Petrol/Diesel/CNG/Hybrid,1,Stellantis (Jeep/Citroen),Stellantis,Netherlands,North,IN-JK,Union Territory,"Jammu and Kashmir, India",Feb,2,Q1,28,False,False
2026-03-01,Jammu and Kashmir,STELLANTIS INDIA PVT LTD,Petrol/Diesel/CNG/Hybrid,3,Stellantis (Jeep/Citroen),Stellantis,Netherlands,North,IN-JK,Union Territory,"Jammu and Kashmir, India",Mar,3,Q1,31,False,False
2026-06-01,Jammu and Kashmir,STELLANTIS INDIA PVT LTD,Petrol/Diesel/CNG/Hybrid,1,Stellantis (Jeep/Citroen),Stellantis,Netherlands,North,IN-JK,Union Territory,"Jammu and Kashmir, India",Jun,6,Q2,17,True,False
2026-01-01,Jammu and Kashmir,TATA MOTORS LTD,Petrol/Diesel/CNG/Hybrid,1,Tata,Tata Motors,India,North,IN-JK,Union Territory,"Jammu and Kashmir, India",Jan,1,Q1,31,False,False
2026-01-01,Jammu and Kashmir,TATA MOTORS PASSENGER VEHICLES LTD,Petrol/Diesel/CNG/Hybrid,233,Tata,Tata Motors,India,North,IN-JK,Union Territory,"Jammu and Kashmir, India",Jan,1,Q1,31,False,False
2026-02-01,Jammu and Kashmir,TATA MOTORS PASSENGER VEHICLES LTD,Petrol/Diesel/CNG/Hybrid,396,Tata,Tata Motors,India,North,IN-JK,Union Territory,"Jammu and Kashmir, India",Feb,2,Q1,28,False,False
2026-03-01,Jammu and Kashmir,TATA MOTORS PASSENGER VEHICLES LTD,Petrol/Diesel/CNG/Hybrid,391,Tata,Tata Motors,India,North,IN-JK,Union Territory,"Jammu and Kashmir, India",Mar,3,Q1,31,False,False
2026-04-01,Jammu and Kashmir,TATA MOTORS PASSENGER VEHICLES LTD,Petrol/Diesel/CNG/Hybrid,325,Tata,Tata Motors,India,North,IN-JK,Union Territory,"Jammu and Kashmir, India",Apr,4,Q2,30,False,False
2026-05-01,Jammu and Kashmir,TATA MOTORS PASSENGER VEHICLES LTD,Petrol/Diesel/CNG/Hybrid,239,Tata,Tata Motors,India,North,IN-JK,Union Territory,"Jammu and Kashmir, India",May,5,Q2,31,False,False
2026-06-01,Jammu and Kashmir,TATA MOTORS PASSENGER VEHICLES LTD,Petrol/Diesel/CNG/Hybrid,98,Tata,Tata Motors,India,North,IN-JK,Union Territory,"Jammu and Kashmir, India",Jun,6,Q2,17,True,False
2026-01-01,Jammu and Kashmir,TOYOTA KIRLOSKAR MOTOR PVT LTD,Petrol/Diesel/CNG/Hybrid,103,Toyota,Toyota,Japan,North,IN-JK,Union Territory,"Jammu and Kashmir, India",Jan,1,Q1,31,False,False
2026-02-01,Jammu and Kashmir,TOYOTA KIRLOSKAR MOTOR PVT LTD,Petrol/Diesel/CNG/Hybrid,115,Toyota,Toyota,Japan,North,IN-JK,Union Territory,"Jammu and Kashmir, India",Feb,2,Q1,28,False,False
2026-03-01,Jammu and Kashmir,TOYOTA KIRLOSKAR MOTOR PVT LTD,Petrol/Diesel/CNG/Hybrid,154,Toyota,Toyota,Japan,North,IN-JK,Union Territory,"Jammu and Kashmir, India",Mar,3,Q1,31,False,False
2026-04-01,Jammu and Kashmir,TOYOTA KIRLOSKAR MOTOR PVT LTD,Petrol/Diesel/CNG/Hybrid,133,Toyota,Toyota,Japan,North,IN-JK,Union Territory,"Jammu and Kashmir, India",Apr,4,Q2,30,False,False
2026-05-01,Jammu and Kashmir,TOYOTA KIRLOSKAR MOTOR PVT LTD,Petrol/Diesel/CNG/Hybrid,146,Toyota,Toyota,Japan,North,IN-JK,Union Territory,"Jammu and Kashmir, India",May,5,Q2,31,False,False
2026-06-01,Jammu and Kashmir,TOYOTA KIRLOSKAR MOTOR PVT LTD,Petrol/Diesel/CNG/Hybrid,85,Toyota,Toyota,Japan,North,IN-JK,Union Territory,"Jammu and Kashmir, India",Jun,6,Q2,17,True,False
2026-05-01,Jammu and Kashmir,VOLKSWAGEN AG,Petrol/Diesel/CNG/Hybrid,1,Skoda-VW,Volkswagen Group,Germany,North,IN-JK,Union Territory,"Jammu and Kashmir, India",May,5,Q2,31,False,False
2026-03-01,Jharkhand,AUDI AG,Petrol/Diesel/CNG/Hybrid,2,Audi,Volkswagen Group,Germany,East,IN-JH,State,"Jharkhand, India",Mar,3,Q1,31,False,False
2026-06-01,Jharkhand,AUDI AG,Petrol/Diesel/CNG/Hybrid,1,Audi,Volkswagen Group,Germany,East,IN-JH,State,"Jharkhand, India",Jun,6,Q2,17,True,False
2026-01-01,Jharkhand,BMW INDIA PVT LTD,Petrol/Diesel/CNG/Hybrid,10,BMW,BMW Group,Germany,East,IN-JH,State,"Jharkhand, India",Jan,1,Q1,31,False,False
2026-02-01,Jharkhand,BMW INDIA PVT LTD,Petrol/Diesel/CNG/Hybrid,18,BMW,BMW Group,Germany,East,IN-JH,State,"Jharkhand, India",Feb,2,Q1,28,False,False
2026-03-01,Jharkhand,BMW INDIA PVT LTD,Petrol/Diesel/CNG/Hybrid,12,BMW,BMW Group,Germany,East,IN-JH,State,"Jharkhand, India",Mar,3,Q1,31,False,False
2026-04-01,Jharkhand,BMW INDIA PVT LTD,Petrol/Diesel/CNG/Hybrid,14,BMW,BMW Group,Germany,East,IN-JH,State,"Jharkhand, India",Apr,4,Q2,30,False,False
2026-05-01,Jharkhand,BMW INDIA PVT LTD,Petrol/Diesel/CNG/Hybrid,15,BMW,BMW Group,Germany,East,IN-JH,State,"Jharkhand, India",May,5,Q2,31,False,False
2026-06-01,Jharkhand,BMW INDIA PVT LTD,Petrol/Diesel/CNG/Hybrid,6,BMW,BMW Group,Germany,East,IN-JH,State,"Jharkhand, India",Jun,6,Q2,17,True,False
2026-01-01,Jharkhand,FORCE MOTORS LIMITED,Petrol/Diesel/CNG/Hybrid,1,Force,Force Motors,India,East,IN-JH,State,"Jharkhand, India",Jan,1,Q1,31,False,False
2026-02-01,Jharkhand,FORCE MOTORS LIMITED,Petrol/Diesel/CNG/Hybrid,1,Force,Force Motors,India,East,IN-JH,State,"Jharkhand, India",Feb,2,Q1,28,False,False
2026-03-01,Jharkhand,FORCE MOTORS LIMITED,Petrol/Diesel/CNG/Hybrid,1,Force,Force Motors,India,East,IN-JH,State,"Jharkhand, India",Mar,3,Q1,31,False,False
2026-06-01,Jharkhand,FORCE MOTORS LIMITED,Petrol/Diesel/CNG/Hybrid,1,Force,Force Motors,India,East,IN-JH,State,"Jharkhand, India",Jun,6,Q2,17,True,False
2026-01-01,Jharkhand,HONDA CARS INDIA LTD,Petrol/Diesel/CNG/Hybrid,40,Honda,Honda,Japan,East,IN-JH,State,"Jharkhand, India",Jan,1,Q1,31,False,False
2026-02-01,Jharkhand,HONDA CARS INDIA LTD,Petrol/Diesel/CNG/Hybrid,30,Honda,Honda,Japan,East,IN-JH,State,"Jharkhand, India",Feb,2,Q1,28,False,False
2026-03-01,Jharkhand,HONDA CARS INDIA LTD,Petrol/Diesel/CNG/Hybrid,33,Honda,Honda,Japan,East,IN-JH,State,"Jharkhand, India",Mar,3,Q1,31,False,False
2026-04-01,Jharkhand,HONDA CARS INDIA LTD,Petrol/Diesel/CNG/Hybrid,49,Honda,Honda,Japan,East,IN-JH,State,"Jharkhand, India",Apr,4,Q2,30,False,False
2026-05-01,Jharkhand,HONDA CARS INDIA LTD,Petrol/Diesel/CNG/Hybrid,26,Honda,Honda,Japan,East,IN-JH,State,"Jharkhand, India",May,5,Q2,31,False,False
2026-06-01,Jharkhand,HONDA CARS INDIA LTD,Petrol/Diesel/CNG/Hybrid,10,Honda,Honda,Japan,East,IN-JH,State,"Jharkhand, India",Jun,6,Q2,17,True,False
2026-01-01,Jharkhand,HYUNDAI MOTOR INDIA LTD,Petrol/Diesel/CNG/Hybrid,719,Hyundai,Hyundai,South Korea,East,IN-JH,State,"Jharkhand, India",Jan,1,Q1,31,False,False
2026-02-01,Jharkhand,HYUNDAI MOTOR INDIA LTD,Petrol/Diesel/CNG/Hybrid,590,Hyundai,Hyundai,South Korea,East,IN-JH,State,"Jharkhand, India",Feb,2,Q1,28,False,False
2026-03-01,Jharkhand,HYUNDAI MOTOR INDIA LTD,Petrol/Diesel/CNG/Hybrid,637,Hyundai,Hyundai,South Korea,East,IN-JH,State,"Jharkhand, India",Mar,3,Q1,31,False,False
2026-04-01,Jharkhand,HYUNDAI MOTOR INDIA LTD,Petrol/Diesel/CNG/Hybrid,734,Hyundai,Hyundai,South Korea,East,IN-JH,State,"Jharkhand, India",Apr,4,Q2,30,False,False
2026-05-01,Jharkhand,HYUNDAI MOTOR INDIA LTD,Petrol/Diesel/CNG/Hybrid,561,Hyundai,Hyundai,South Korea,East,IN-JH,State,"Jharkhand, India",May,5,Q2,31,False,False
2026-06-01,Jharkhand,HYUNDAI MOTOR INDIA LTD,Petrol/Diesel/CNG/Hybrid,244,Hyundai,Hyundai,South Korea,East,IN-JH,State,"Jharkhand, India",Jun,6,Q2,17,True,False
2026-01-01,Jharkhand,ISUZU MOTORS INDIA PVT LTD,Petrol/Diesel/CNG/Hybrid,1,Isuzu,Isuzu,Japan,East,IN-JH,State,"Jharkhand, India",Jan,1,Q1,31,False,False
2026-04-01,Jharkhand,ISUZU MOTORS INDIA PVT LTD,Petrol/Diesel/CNG/Hybrid,1,Isuzu,Isuzu,Japan,East,IN-JH,State,"Jharkhand, India",Apr,4,Q2,30,False,False
2026-01-01,Jharkhand,JAGUAR LAND ROVER INDIA LIMITED,Petrol/Diesel/CNG/Hybrid,6,Jaguar Land Rover,Tata Motors,UK,East,IN-JH,State,"Jharkhand, India",Jan,1,Q1,31,False,False
2026-02-01,Jharkhand,JAGUAR LAND ROVER INDIA LIMITED,Petrol/Diesel/CNG/Hybrid,8,Jaguar Land Rover,Tata Motors,UK,East,IN-JH,State,"Jharkhand, India",Feb,2,Q1,28,False,False
2026-03-01,Jharkhand,JAGUAR LAND ROVER INDIA LIMITED,Petrol/Diesel/CNG/Hybrid,7,Jaguar Land Rover,Tata Motors,UK,East,IN-JH,State,"Jharkhand, India",Mar,3,Q1,31,False,False
2026-04-01,Jharkhand,JAGUAR LAND ROVER INDIA LIMITED,Petrol/Diesel/CNG/Hybrid,7,Jaguar Land Rover,Tata Motors,UK,East,IN-JH,State,"Jharkhand, India",Apr,4,Q2,30,False,False
2026-05-01,Jharkhand,JAGUAR LAND ROVER INDIA LIMITED,Petrol/Diesel/CNG/Hybrid,3,Jaguar Land Rover,Tata Motors,UK,East,IN-JH,State,"Jharkhand, India",May,5,Q2,31,False,False
2026-06-01,Jharkhand,JAGUAR LAND ROVER INDIA LIMITED,Petrol/Diesel/CNG/Hybrid,5,Jaguar Land Rover,Tata Motors,UK,East,IN-JH,State,"Jharkhand, India",Jun,6,Q2,17,True,False
2026-01-01,Jharkhand,JSW MG MOTOR INDIA PVT LTD,Petrol/Diesel/CNG/Hybrid,9,MG,JSW-SAIC,India / China,East,IN-JH,State,"Jharkhand, India",Jan,1,Q1,31,False,False
2026-02-01,Jharkhand,JSW MG MOTOR INDIA PVT LTD,Petrol/Diesel/CNG/Hybrid,8,MG,JSW-SAIC,India / China,East,IN-JH,State,"Jharkhand, India",Feb,2,Q1,28,False,False
2026-03-01,Jharkhand,JSW MG MOTOR INDIA PVT LTD,Petrol/Diesel/CNG/Hybrid,7,MG,JSW-SAIC,India / China,East,IN-JH,State,"Jharkhand, India",Mar,3,Q1,31,False,False
2026-04-01,Jharkhand,JSW MG MOTOR INDIA PVT LTD,Petrol/Diesel/CNG/Hybrid,12,MG,JSW-SAIC,India / China,East,IN-JH,State,"Jharkhand, India",Apr,4,Q2,30,False,False
2026-05-01,Jharkhand,JSW MG MOTOR INDIA PVT LTD,Petrol/Diesel/CNG/Hybrid,14,MG,JSW-SAIC,India / China,East,IN-JH,State,"Jharkhand, India",May,5,Q2,31,False,False
2026-06-01,Jharkhand,JSW MG MOTOR INDIA PVT LTD,Petrol/Diesel/CNG/Hybrid,3,MG,JSW-SAIC,India / China,East,IN-JH,State,"Jharkhand, India",Jun,6,Q2,17,True,False
2026-01-01,Jharkhand,KIA INDIA PRIVATE LIMITED,Petrol/Diesel/CNG/Hybrid,378,Kia,Hyundai,South Korea,East,IN-JH,State,"Jharkhand, India",Jan,1,Q1,31,False,False
2026-02-01,Jharkhand,KIA INDIA PRIVATE LIMITED,Petrol/Diesel/CNG/Hybrid,383,Kia,Hyundai,South Korea,East,IN-JH,State,"Jharkhand, India",Feb,2,Q1,28,False,False
2026-03-01,Jharkhand,KIA INDIA PRIVATE LIMITED,Petrol/Diesel/CNG/Hybrid,394,Kia,Hyundai,South Korea,East,IN-JH,State,"Jharkhand, India",Mar,3,Q1,31,False,False
2026-04-01,Jharkhand,KIA INDIA PRIVATE LIMITED,Petrol/Diesel/CNG/Hybrid,370,Kia,Hyundai,South Korea,East,IN-JH,State,"Jharkhand, India",Apr,4,Q2,30,False,False
2026-05-01,Jharkhand,KIA INDIA PRIVATE LIMITED,Petrol/Diesel/CNG/Hybrid,370,Kia,Hyundai,South Korea,East,IN-JH,State,"Jharkhand, India",May,5,Q2,31,False,False
2026-06-01,Jharkhand,KIA INDIA PRIVATE LIMITED,Petrol/Diesel/CNG/Hybrid,165,Kia,Hyundai,South Korea,East,IN-JH,State,"Jharkhand, India",Jun,6,Q2,17,True,False
2026-01-01,Jharkhand,MAHINDRA & MAHINDRA LIMITED,Petrol/Diesel/CNG/Hybrid,1313,Mahindra,Mahindra,India,East,IN-JH,State,"Jharkhand, India",Jan,1,Q1,31,False,False
2026-02-01,Jharkhand,MAHINDRA & MAHINDRA LIMITED,Petrol/Diesel/CNG/Hybrid,1126,Mahindra,Mahindra,India,East,IN-JH,State,"Jharkhand, India",Feb,2,Q1,28,False,False
2026-03-01,Jharkhand,MAHINDRA & MAHINDRA LIMITED,Petrol/Diesel/CNG/Hybrid,1130,Mahindra,Mahindra,India,East,IN-JH,State,"Jharkhand, India",Mar,3,Q1,31,False,False
2026-04-01,Jharkhand,MAHINDRA & MAHINDRA LIMITED,Petrol/Diesel/CNG/Hybrid,1295,Mahindra,Mahindra,India,East,IN-JH,State,"Jharkhand, India",Apr,4,Q2,30,False,False
2026-05-01,Jharkhand,MAHINDRA & MAHINDRA LIMITED,Petrol/Diesel/CNG/Hybrid,1429,Mahindra,Mahindra,India,East,IN-JH,State,"Jharkhand, India",May,5,Q2,31,False,False
2026-06-01,Jharkhand,MAHINDRA & MAHINDRA LIMITED,Petrol/Diesel/CNG/Hybrid,599,Mahindra,Mahindra,India,East,IN-JH,State,"Jharkhand, India",Jun,6,Q2,17,True,False
2026-01-01,Jharkhand,MARUTI SUZUKI INDIA LTD,Petrol/Diesel/CNG/Hybrid,3522,Maruti Suzuki,Suzuki,Japan,East,IN-JH,State,"Jharkhand, India",Jan,1,Q1,31,False,False
2026-02-01,Jharkhand,MARUTI SUZUKI INDIA LTD,Petrol/Diesel/CNG/Hybrid,2574,Maruti Suzuki,Suzuki,Japan,East,IN-JH,State,"Jharkhand, India",Feb,2,Q1,28,False,False
2026-03-01,Jharkhand,MARUTI SUZUKI INDIA LTD,Petrol/Diesel/CNG/Hybrid,2652,Maruti Suzuki,Suzuki,Japan,East,IN-JH,State,"Jharkhand, India",Mar,3,Q1,31,False,False
2026-04-01,Jharkhand,MARUTI SUZUKI INDIA LTD,Petrol/Diesel/CNG/Hybrid,3062,Maruti Suzuki,Suzuki,Japan,East,IN-JH,State,"Jharkhand, India",Apr,4,Q2,30,False,False
2026-05-01,Jharkhand,MARUTI SUZUKI INDIA LTD,Petrol/Diesel/CNG/Hybrid,2589,Maruti Suzuki,Suzuki,Japan,East,IN-JH,State,"Jharkhand, India",May,5,Q2,31,False,False
2026-06-01,Jharkhand,MARUTI SUZUKI INDIA LTD,Petrol/Diesel/CNG/Hybrid,1223,Maruti Suzuki,Suzuki,Japan,East,IN-JH,State,"Jharkhand, India",Jun,6,Q2,17,True,False
2026-02-01,Jharkhand,MERCEDES-BENZ AG,Petrol/Diesel/CNG/Hybrid,1,Mercedes-Benz,Mercedes-Benz,Germany,East,IN-JH,State,"Jharkhand, India",Feb,2,Q1,28,False,False
2026-03-01,Jharkhand,MERCEDES-BENZ AG,Petrol/Diesel/CNG/Hybrid,1,Mercedes-Benz,Mercedes-Benz,Germany,East,IN-JH,State,"Jharkhand, India",Mar,3,Q1,31,False,False
2026-04-01,Jharkhand,MERCEDES-BENZ AG,Petrol/Diesel/CNG/Hybrid,1,Mercedes-Benz,Mercedes-Benz,Germany,East,IN-JH,State,"Jharkhand, India",Apr,4,Q2,30,False,False
2026-06-01,Jharkhand,MERCEDES-BENZ AG,Petrol/Diesel/CNG/Hybrid,1,Mercedes-Benz,Mercedes-Benz,Germany,East,IN-JH,State,"Jharkhand, India",Jun,6,Q2,17,True,False
2026-01-01,Jharkhand,MERCEDES-BENZ INDIA PVT LTD,Petrol/Diesel/CNG/Hybrid,9,Mercedes-Benz,Mercedes-Benz,Germany,East,IN-JH,State,"Jharkhand, India",Jan,1,Q1,31,False,False
2026-02-01,Jharkhand,MERCEDES-BENZ INDIA PVT LTD,Petrol/Diesel/CNG/Hybrid,14,Mercedes-Benz,Mercedes-Benz,Germany,East,IN-JH,State,"Jharkhand, India",Feb,2,Q1,28,False,False
2026-03-01,Jharkhand,MERCEDES-BENZ INDIA PVT LTD,Petrol/Diesel/CNG/Hybrid,13,Mercedes-Benz,Mercedes-Benz,Germany,East,IN-JH,State,"Jharkhand, India",Mar,3,Q1,31,False,False
2026-04-01,Jharkhand,MERCEDES-BENZ INDIA PVT LTD,Petrol/Diesel/CNG/Hybrid,14,Mercedes-Benz,Mercedes-Benz,Germany,East,IN-JH,State,"Jharkhand, India",Apr,4,Q2,30,False,False
2026-05-01,Jharkhand,MERCEDES-BENZ INDIA PVT LTD,Petrol/Diesel/CNG/Hybrid,5,Mercedes-Benz,Mercedes-Benz,Germany,East,IN-JH,State,"Jharkhand, India",May,5,Q2,31,False,False
2026-06-01,Jharkhand,MERCEDES-BENZ INDIA PVT LTD,Petrol/Diesel/CNG/Hybrid,5,Mercedes-Benz,Mercedes-Benz,Germany,East,IN-JH,State,"Jharkhand, India",Jun,6,Q2,17,True,False
2026-01-01,Jharkhand,NISSAN MOTOR INDIA PVT LTD,Petrol/Diesel/CNG/Hybrid,39,Nissan,Nissan,Japan,East,IN-JH,State,"Jharkhand, India",Jan,1,Q1,31,False,False
2026-02-01,Jharkhand,NISSAN MOTOR INDIA PVT LTD,Petrol/Diesel/CNG/Hybrid,18,Nissan,Nissan,Japan,East,IN-JH,State,"Jharkhand, India",Feb,2,Q1,28,False,False
2026-03-01,Jharkhand,NISSAN MOTOR INDIA PVT LTD,Petrol/Diesel/CNG/Hybrid,53,Nissan,Nissan,Japan,East,IN-JH,State,"Jharkhand, India",Mar,3,Q1,31,False,False
2026-04-01,Jharkhand,NISSAN MOTOR INDIA PVT LTD,Petrol/Diesel/CNG/Hybrid,69,Nissan,Nissan,Japan,East,IN-JH,State,"Jharkhand, India",Apr,4,Q2,30,False,False
2026-05-01,Jharkhand,NISSAN MOTOR INDIA PVT LTD,Petrol/Diesel/CNG/Hybrid,56,Nissan,Nissan,Japan,East,IN-JH,State,"Jharkhand, India",May,5,Q2,31,False,False
2026-06-01,Jharkhand,NISSAN MOTOR INDIA PVT LTD,Petrol/Diesel/CNG/Hybrid,30,Nissan,Nissan,Japan,East,IN-JH,State,"Jharkhand, India",Jun,6,Q2,17,True,False
2026-01-01,Jharkhand,PORSCHE AG GERMANY,Petrol/Diesel/CNG/Hybrid,1,Porsche,Volkswagen Group,Germany,East,IN-JH,State,"Jharkhand, India",Jan,1,Q1,31,False,False
2026-02-01,Jharkhand,PORSCHE AG GERMANY,Petrol/Diesel/CNG/Hybrid,1,Porsche,Volkswagen Group,Germany,East,IN-JH,State,"Jharkhand, India",Feb,2,Q1,28,False,False
2026-01-01,Jharkhand,RENAULT INDIA PVT LTD,Petrol/Diesel/CNG/Hybrid,86,Renault,Renault,France,East,IN-JH,State,"Jharkhand, India",Jan,1,Q1,31,False,False
2026-02-01,Jharkhand,RENAULT INDIA PVT LTD,Petrol/Diesel/CNG/Hybrid,68,Renault,Renault,France,East,IN-JH,State,"Jharkhand, India",Feb,2,Q1,28,False,False
2026-03-01,Jharkhand,RENAULT INDIA PVT LTD,Petrol/Diesel/CNG/Hybrid,69,Renault,Renault,France,East,IN-JH,State,"Jharkhand, India",Mar,3,Q1,31,False,False
2026-04-01,Jharkhand,RENAULT INDIA PVT LTD,Petrol/Diesel/CNG/Hybrid,98,Renault,Renault,France,East,IN-JH,State,"Jharkhand, India",Apr,4,Q2,30,False,False
2026-05-01,Jharkhand,RENAULT INDIA PVT LTD,Petrol/Diesel/CNG/Hybrid,82,Renault,Renault,France,East,IN-JH,State,"Jharkhand, India",May,5,Q2,31,False,False
2026-06-01,Jharkhand,RENAULT INDIA PVT LTD,Petrol/Diesel/CNG/Hybrid,32,Renault,Renault,France,East,IN-JH,State,"Jharkhand, India",Jun,6,Q2,17,True,False
2026-01-01,Jharkhand,SKODA AUTO VOLKSWAGEN INDIA PVT LTD,Petrol/Diesel/CNG/Hybrid,90,Skoda-VW,Volkswagen Group,Germany,East,IN-JH,State,"Jharkhand, India",Jan,1,Q1,31,False,False
2026-02-01,Jharkhand,SKODA AUTO VOLKSWAGEN INDIA PVT LTD,Petrol/Diesel/CNG/Hybrid,111,Skoda-VW,Volkswagen Group,Germany,East,IN-JH,State,"Jharkhand, India",Feb,2,Q1,28,False,False
2026-03-01,Jharkhand,SKODA AUTO VOLKSWAGEN INDIA PVT LTD,Petrol/Diesel/CNG/Hybrid,94,Skoda-VW,Volkswagen Group,Germany,East,IN-JH,State,"Jharkhand, India",Mar,3,Q1,31,False,False
2026-04-01,Jharkhand,SKODA AUTO VOLKSWAGEN INDIA PVT LTD,Petrol/Diesel/CNG/Hybrid,130,Skoda-VW,Volkswagen Group,Germany,East,IN-JH,State,"Jharkhand, India",Apr,4,Q2,30,False,False
2026-05-01,Jharkhand,SKODA AUTO VOLKSWAGEN INDIA PVT LTD,Petrol/Diesel/CNG/Hybrid,121,Skoda-VW,Volkswagen Group,Germany,East,IN-JH,State,"Jharkhand, India",May,5,Q2,31,False,False
2026-06-01,Jharkhand,SKODA AUTO VOLKSWAGEN INDIA PVT LTD,Petrol/Diesel/CNG/Hybrid,39,Skoda-VW,Volkswagen Group,Germany,East,IN-JH,State,"Jharkhand, India",Jun,6,Q2,17,True,False
2026-01-01,Jharkhand,STELLANTIS AUTOMOBILES INDIA PVT LTD,Petrol/Diesel/CNG/Hybrid,13,Stellantis (Jeep/Citroen),Stellantis,Netherlands,East,IN-JH,State,"Jharkhand, India",Jan,1,Q1,31,False,False
2026-02-01,Jharkhand,STELLANTIS AUTOMOBILES INDIA PVT LTD,Petrol/Diesel/CNG/Hybrid,7,Stellantis (Jeep/Citroen),Stellantis,Netherlands,East,IN-JH,State,"Jharkhand, India",Feb,2,Q1,28,False,False
2026-03-01,Jharkhand,STELLANTIS AUTOMOBILES INDIA PVT LTD,Petrol/Diesel/CNG/Hybrid,13,Stellantis (Jeep/Citroen),Stellantis,Netherlands,East,IN-JH,State,"Jharkhand, India",Mar,3,Q1,31,False,False
2026-04-01,Jharkhand,STELLANTIS AUTOMOBILES INDIA PVT LTD,Petrol/Diesel/CNG/Hybrid,12,Stellantis (Jeep/Citroen),Stellantis,Netherlands,East,IN-JH,State,"Jharkhand, India",Apr,4,Q2,30,False,False
2026-05-01,Jharkhand,STELLANTIS AUTOMOBILES INDIA PVT LTD,Petrol/Diesel/CNG/Hybrid,4,Stellantis (Jeep/Citroen),Stellantis,Netherlands,East,IN-JH,State,"Jharkhand, India",May,5,Q2,31,False,False
2026-06-01,Jharkhand,STELLANTIS AUTOMOBILES INDIA PVT LTD,Petrol/Diesel/CNG/Hybrid,5,Stellantis (Jeep/Citroen),Stellantis,Netherlands,East,IN-JH,State,"Jharkhand, India",Jun,6,Q2,17,True,False
2026-01-01,Jharkhand,STELLANTIS INDIA PVT LTD,Petrol/Diesel/CNG/Hybrid,3,Stellantis (Jeep/Citroen),Stellantis,Netherlands,East,IN-JH,State,"Jharkhand, India",Jan,1,Q1,31,False,False
2026-02-01,Jharkhand,STELLANTIS INDIA PVT LTD,Petrol/Diesel/CNG/Hybrid,6,Stellantis (Jeep/Citroen),Stellantis,Netherlands,East,IN-JH,State,"Jharkhand, India",Feb,2,Q1,28,False,False
2026-03-01,Jharkhand,STELLANTIS INDIA PVT LTD,Petrol/Diesel/CNG/Hybrid,4,Stellantis (Jeep/Citroen),Stellantis,Netherlands,East,IN-JH,State,"Jharkhand, India",Mar,3,Q1,31,False,False
2026-04-01,Jharkhand,STELLANTIS INDIA PVT LTD,Petrol/Diesel/CNG/Hybrid,9,Stellantis (Jeep/Citroen),Stellantis,Netherlands,East,IN-JH,State,"Jharkhand, India",Apr,4,Q2,30,False,False
2026-05-01,Jharkhand,STELLANTIS INDIA PVT LTD,Petrol/Diesel/CNG/Hybrid,2,Stellantis (Jeep/Citroen),Stellantis,Netherlands,East,IN-JH,State,"Jharkhand, India",May,5,Q2,31,False,False
2026-06-01,Jharkhand,STELLANTIS INDIA PVT LTD,Petrol/Diesel/CNG/Hybrid,3,Stellantis (Jeep/Citroen),Stellantis,Netherlands,East,IN-JH,State,"Jharkhand, India",Jun,6,Q2,17,True,False
2026-03-01,Jharkhand,TATA MOTORS LTD,Petrol/Diesel/CNG/Hybrid,1,Tata,Tata Motors,India,East,IN-JH,State,"Jharkhand, India",Mar,3,Q1,31,False,False
2026-04-01,Jharkhand,TATA MOTORS LTD,Petrol/Diesel/CNG/Hybrid,2,Tata,Tata Motors,India,East,IN-JH,State,"Jharkhand, India",Apr,4,Q2,30,False,False
2026-05-01,Jharkhand,TATA MOTORS LTD,Petrol/Diesel/CNG/Hybrid,1,Tata,Tata Motors,India,East,IN-JH,State,"Jharkhand, India",May,5,Q2,31,False,False
2026-06-01,Jharkhand,TATA MOTORS LTD,Petrol/Diesel/CNG/Hybrid,2,Tata,Tata Motors,India,East,IN-JH,State,"Jharkhand, India",Jun,6,Q2,17,True,False
2026-01-01,Jharkhand,TATA MOTORS PASSENGER VEHICLES LTD,Petrol/Diesel/CNG/Hybrid,938,Tata,Tata Motors,India,East,IN-JH,State,"Jharkhand, India",Jan,1,Q1,31,False,False
2026-02-01,Jharkhand,TATA MOTORS PASSENGER VEHICLES LTD,Petrol/Diesel/CNG/Hybrid,1000,Tata,Tata Motors,India,East,IN-JH,State,"Jharkhand, India",Feb,2,Q1,28,False,False
2026-03-01,Jharkhand,TATA MOTORS PASSENGER VEHICLES LTD,Petrol/Diesel/CNG/Hybrid,1054,Tata,Tata Motors,India,East,IN-JH,State,"Jharkhand, India",Mar,3,Q1,31,False,False
2026-04-01,Jharkhand,TATA MOTORS PASSENGER VEHICLES LTD,Petrol/Diesel/CNG/Hybrid,1085,Tata,Tata Motors,India,East,IN-JH,State,"Jharkhand, India",Apr,4,Q2,30,False,False
2026-05-01,Jharkhand,TATA MOTORS PASSENGER VEHICLES LTD,Petrol/Diesel/CNG/Hybrid,901,Tata,Tata Motors,India,East,IN-JH,State,"Jharkhand, India",May,5,Q2,31,False,False
2026-06-01,Jharkhand,TATA MOTORS PASSENGER VEHICLES LTD,Petrol/Diesel/CNG/Hybrid,333,Tata,Tata Motors,India,East,IN-JH,State,"Jharkhand, India",Jun,6,Q2,17,True,False
2026-02-01,Jharkhand,TATA PASSENGER ELECTRIC MOBILITY LTD,Petrol/Diesel/CNG/Hybrid,1,Tata,Tata Motors,India,East,IN-JH,State,"Jharkhand, India",Feb,2,Q1,28,False,False
2026-04-01,Jharkhand,TATA PASSENGER ELECTRIC MOBILITY LTD,Petrol/Diesel/CNG/Hybrid,1,Tata,Tata Motors,India,East,IN-JH,State,"Jharkhand, India",Apr,4,Q2,30,False,False
2026-01-01,Jharkhand,TOYOTA KIRLOSKAR MOTOR PVT LTD,Petrol/Diesel/CNG/Hybrid,333,Toyota,Toyota,Japan,East,IN-JH,State,"Jharkhand, India",Jan,1,Q1,31,False,False
2026-02-01,Jharkhand,TOYOTA KIRLOSKAR MOTOR PVT LTD,Petrol/Diesel/CNG/Hybrid,286,Toyota,Toyota,Japan,East,IN-JH,State,"Jharkhand, India",Feb,2,Q1,28,False,False
2026-03-01,Jharkhand,TOYOTA KIRLOSKAR MOTOR PVT LTD,Petrol/Diesel/CNG/Hybrid,309,Toyota,Toyota,Japan,East,IN-JH,State,"Jharkhand, India",Mar,3,Q1,31,False,False
2026-04-01,Jharkhand,TOYOTA KIRLOSKAR MOTOR PVT LTD,Petrol/Diesel/CNG/Hybrid,351,Toyota,Toyota,Japan,East,IN-JH,State,"Jharkhand, India",Apr,4,Q2,30,False,False
2026-05-01,Jharkhand,TOYOTA KIRLOSKAR MOTOR PVT LTD,Petrol/Diesel/CNG/Hybrid,270,Toyota,Toyota,Japan,East,IN-JH,State,"Jharkhand, India",May,5,Q2,31,False,False
2026-06-01,Jharkhand,TOYOTA KIRLOSKAR MOTOR PVT LTD,Petrol/Diesel/CNG/Hybrid,139,Toyota,Toyota,Japan,East,IN-JH,State,"Jharkhand, India",Jun,6,Q2,17,True,False
2026-03-01,Jharkhand,VOLVO AUTO INDIA PVT LTD,Petrol/Diesel/CNG/Hybrid,2,Volvo,Geely,Sweden,East,IN-JH,State,"Jharkhand, India",Mar,3,Q1,31,False,False
2026-06-01,Jharkhand,VOLVO AUTO INDIA PVT LTD,Petrol/Diesel/CNG/Hybrid,3,Volvo,Geely,Sweden,East,IN-JH,State,"Jharkhand, India",Jun,6,Q2,17,True,False
2026-01-01,Karnataka,AUDI AG,Petrol/Diesel/CNG/Hybrid,5,Audi,Volkswagen Group,Germany,South,IN-KA,State,"Karnataka, India",Jan,1,Q1,31,False,False
2026-02-01,Karnataka,AUDI AG,Petrol/Diesel/CNG/Hybrid,2,Audi,Volkswagen Group,Germany,South,IN-KA,State,"Karnataka, India",Feb,2,Q1,28,False,False
2026-04-01,Karnataka,AUDI AG,Petrol/Diesel/CNG/Hybrid,1,Audi,Volkswagen Group,Germany,South,IN-KA,State,"Karnataka, India",Apr,4,Q2,30,False,False
2026-05-01,Karnataka,AUDI AG,Petrol/Diesel/CNG/Hybrid,1,Audi,Volkswagen Group,Germany,South,IN-KA,State,"Karnataka, India",May,5,Q2,31,False,False
2026-01-01,Karnataka,AUTOMOBILI LAMBORGHINI S.P.A,Petrol/Diesel/CNG/Hybrid,1,Lamborghini,Volkswagen Group,Italy,South,IN-KA,State,"Karnataka, India",Jan,1,Q1,31,False,False
2026-02-01,Karnataka,AUTOMOBILI LAMBORGHINI S.P.A,Petrol/Diesel/CNG/Hybrid,1,Lamborghini,Volkswagen Group,Italy,South,IN-KA,State,"Karnataka, India",Feb,2,Q1,28,False,False
2026-01-01,Karnataka,BENTLEY MOTORS LTD (SAVWIPL),Petrol/Diesel/CNG/Hybrid,2,Bentley,Volkswagen Group,UK,South,IN-KA,State,"Karnataka, India",Jan,1,Q1,31,False,False
2026-01-01,Karnataka,BMW INDIA PVT LTD,Petrol/Diesel/CNG/Hybrid,213,BMW,BMW Group,Germany,South,IN-KA,State,"Karnataka, India",Jan,1,Q1,31,False,False
2026-02-01,Karnataka,BMW INDIA PVT LTD,Petrol/Diesel/CNG/Hybrid,117,BMW,BMW Group,Germany,South,IN-KA,State,"Karnataka, India",Feb,2,Q1,28,False,False
2026-03-01,Karnataka,BMW INDIA PVT LTD,Petrol/Diesel/CNG/Hybrid,157,BMW,BMW Group,Germany,South,IN-KA,State,"Karnataka, India",Mar,3,Q1,31,False,False
2026-04-01,Karnataka,BMW INDIA PVT LTD,Petrol/Diesel/CNG/Hybrid,162,BMW,BMW Group,Germany,South,IN-KA,State,"Karnataka, India",Apr,4,Q2,30,False,False
2026-05-01,Karnataka,BMW INDIA PVT LTD,Petrol/Diesel/CNG/Hybrid,125,BMW,BMW Group,Germany,South,IN-KA,State,"Karnataka, India",May,5,Q2,31,False,False
2026-06-01,Karnataka,BMW INDIA PVT LTD,Petrol/Diesel/CNG/Hybrid,60,BMW,BMW Group,Germany,South,IN-KA,State,"Karnataka, India",Jun,6,Q2,17,True,False
2026-05-01,Karnataka,BYD INDIA PRIVATE LIMITED,Petrol/Diesel/CNG/Hybrid,2,BYD,BYD,China,South,IN-KA,State,"Karnataka, India",May,5,Q2,31,False,False
2026-01-01,Karnataka,FORCE MOTORS LIMITED,Petrol/Diesel/CNG/Hybrid,15,Force,Force Motors,India,South,IN-KA,State,"Karnataka, India",Jan,1,Q1,31,False,False
2026-02-01,Karnataka,FORCE MOTORS LIMITED,Petrol/Diesel/CNG/Hybrid,14,Force,Force Motors,India,South,IN-KA,State,"Karnataka, India",Feb,2,Q1,28,False,False
2026-03-01,Karnataka,FORCE MOTORS LIMITED,Petrol/Diesel/CNG/Hybrid,22,Force,Force Motors,India,South,IN-KA,State,"Karnataka, India",Mar,3,Q1,31,False,False
2026-04-01,Karnataka,FORCE MOTORS LIMITED,Petrol/Diesel/CNG/Hybrid,9,Force,Force Motors,India,South,IN-KA,State,"Karnataka, India",Apr,4,Q2,30,False,False
2026-05-01,Karnataka,FORCE MOTORS LIMITED,Petrol/Diesel/CNG/Hybrid,8,Force,Force Motors,India,South,IN-KA,State,"Karnataka, India",May,5,Q2,31,False,False
2026-06-01,Karnataka,FORCE MOTORS LIMITED,Petrol/Diesel/CNG/Hybrid,7,Force,Force Motors,India,South,IN-KA,State,"Karnataka, India",Jun,6,Q2,17,True,False
2026-01-01,Karnataka,HONDA CARS INDIA LTD,Petrol/Diesel/CNG/Hybrid,310,Honda,Honda,Japan,South,IN-KA,State,"Karnataka, India",Jan,1,Q1,31,False,False
2026-02-01,Karnataka,HONDA CARS INDIA LTD,Petrol/Diesel/CNG/Hybrid,271,Honda,Honda,Japan,South,IN-KA,State,"Karnataka, India",Feb,2,Q1,28,False,False
2026-03-01,Karnataka,HONDA CARS INDIA LTD,Petrol/Diesel/CNG/Hybrid,341,Honda,Honda,Japan,South,IN-KA,State,"Karnataka, India",Mar,3,Q1,31,False,False
2026-04-01,Karnataka,HONDA CARS INDIA LTD,Petrol/Diesel/CNG/Hybrid,354,Honda,Honda,Japan,South,IN-KA,State,"Karnataka, India",Apr,4,Q2,30,False,False
2026-05-01,Karnataka,HONDA CARS INDIA LTD,Petrol/Diesel/CNG/Hybrid,264,Honda,Honda,Japan,South,IN-KA,State,"Karnataka, India",May,5,Q2,31,False,False
2026-06-01,Karnataka,HONDA CARS INDIA LTD,Petrol/Diesel/CNG/Hybrid,181,Honda,Honda,Japan,South,IN-KA,State,"Karnataka, India",Jun,6,Q2,17,True,False
2026-01-01,Karnataka,HYUNDAI MOTOR INDIA LTD,Petrol/Diesel/CNG/Hybrid,4913,Hyundai,Hyundai,South Korea,South,IN-KA,State,"Karnataka, India",Jan,1,Q1,31,False,False
2026-02-01,Karnataka,HYUNDAI MOTOR INDIA LTD,Petrol/Diesel/CNG/Hybrid,3010,Hyundai,Hyundai,South Korea,South,IN-KA,State,"Karnataka, India",Feb,2,Q1,28,False,False
2026-03-01,Karnataka,HYUNDAI MOTOR INDIA LTD,Petrol/Diesel/CNG/Hybrid,3324,Hyundai,Hyundai,South Korea,South,IN-KA,State,"Karnataka, India",Mar,3,Q1,31,False,False
2026-04-01,Karnataka,HYUNDAI MOTOR INDIA LTD,Petrol/Diesel/CNG/Hybrid,3733,Hyundai,Hyundai,South Korea,South,IN-KA,State,"Karnataka, India",Apr,4,Q2,30,False,False
2026-05-01,Karnataka,HYUNDAI MOTOR INDIA LTD,Petrol/Diesel/CNG/Hybrid,3236,Hyundai,Hyundai,South Korea,South,IN-KA,State,"Karnataka, India",May,5,Q2,31,False,False
2026-06-01,Karnataka,HYUNDAI MOTOR INDIA LTD,Petrol/Diesel/CNG/Hybrid,1746,Hyundai,Hyundai,South Korea,South,IN-KA,State,"Karnataka, India",Jun,6,Q2,17,True,False
2026-02-01,Karnataka,ISUZU MOTORS INDIA PVT LTD,Petrol/Diesel/CNG/Hybrid,1,Isuzu,Isuzu,Japan,South,IN-KA,State,"Karnataka, India",Feb,2,Q1,28,False,False
2026-03-01,Karnataka,ISUZU MOTORS INDIA PVT LTD,Petrol/Diesel/CNG/Hybrid,5,Isuzu,Isuzu,Japan,South,IN-KA,State,"Karnataka, India",Mar,3,Q1,31,False,False
2026-04-01,Karnataka,ISUZU MOTORS INDIA PVT LTD,Petrol/Diesel/CNG/Hybrid,3,Isuzu,Isuzu,Japan,South,IN-KA,State,"Karnataka, India",Apr,4,Q2,30,False,False
2026-06-01,Karnataka,ISUZU MOTORS INDIA PVT LTD,Petrol/Diesel/CNG/Hybrid,1,Isuzu,Isuzu,Japan,South,IN-KA,State,"Karnataka, India",Jun,6,Q2,17,True,False
2026-01-01,Karnataka,JAGUAR LAND ROVER INDIA LIMITED,Petrol/Diesel/CNG/Hybrid,41,Jaguar Land Rover,Tata Motors,UK,South,IN-KA,State,"Karnataka, India",Jan,1,Q1,31,False,False
2026-02-01,Karnataka,JAGUAR LAND ROVER INDIA LIMITED,Petrol/Diesel/CNG/Hybrid,42,Jaguar Land Rover,Tata Motors,UK,South,IN-KA,State,"Karnataka, India",Feb,2,Q1,28,False,False
2026-03-01,Karnataka,JAGUAR LAND ROVER INDIA LIMITED,Petrol/Diesel/CNG/Hybrid,46,Jaguar Land Rover,Tata Motors,UK,South,IN-KA,State,"Karnataka, India",Mar,3,Q1,31,False,False
2026-04-01,Karnataka,JAGUAR LAND ROVER INDIA LIMITED,Petrol/Diesel/CNG/Hybrid,43,Jaguar Land Rover,Tata Motors,UK,South,IN-KA,State,"Karnataka, India",Apr,4,Q2,30,False,False
2026-05-01,Karnataka,JAGUAR LAND ROVER INDIA LIMITED,Petrol/Diesel/CNG/Hybrid,24,Jaguar Land Rover,Tata Motors,UK,South,IN-KA,State,"Karnataka, India",May,5,Q2,31,False,False
2026-06-01,Karnataka,JAGUAR LAND ROVER INDIA LIMITED,Petrol/Diesel/CNG/Hybrid,13,Jaguar Land Rover,Tata Motors,UK,South,IN-KA,State,"Karnataka, India",Jun,6,Q2,17,True,False
2026-01-01,Karnataka,JSW MG MOTOR INDIA PVT LTD,Petrol/Diesel/CNG/Hybrid,135,MG,JSW-SAIC,India / China,South,IN-KA,State,"Karnataka, India",Jan,1,Q1,31,False,False
2026-02-01,Karnataka,JSW MG MOTOR INDIA PVT LTD,Petrol/Diesel/CNG/Hybrid,147,MG,JSW-SAIC,India / China,South,IN-KA,State,"Karnataka, India",Feb,2,Q1,28,False,False
2026-03-01,Karnataka,JSW MG MOTOR INDIA PVT LTD,Petrol/Diesel/CNG/Hybrid,144,MG,JSW-SAIC,India / China,South,IN-KA,State,"Karnataka, India",Mar,3,Q1,31,False,False
2026-04-01,Karnataka,JSW MG MOTOR INDIA PVT LTD,Petrol/Diesel/CNG/Hybrid,96,MG,JSW-SAIC,India / China,South,IN-KA,State,"Karnataka, India",Apr,4,Q2,30,False,False
2026-05-01,Karnataka,JSW MG MOTOR INDIA PVT LTD,Petrol/Diesel/CNG/Hybrid,114,MG,JSW-SAIC,India / China,South,IN-KA,State,"Karnataka, India",May,5,Q2,31,False,False
2026-06-01,Karnataka,JSW MG MOTOR INDIA PVT LTD,Petrol/Diesel/CNG/Hybrid,49,MG,JSW-SAIC,India / China,South,IN-KA,State,"Karnataka, India",Jun,6,Q2,17,True,False
2026-01-01,Karnataka,KIA INDIA PRIVATE LIMITED,Petrol/Diesel/CNG/Hybrid,2112,Kia,Hyundai,South Korea,South,IN-KA,State,"Karnataka, India",Jan,1,Q1,31,False,False
2026-02-01,Karnataka,KIA INDIA PRIVATE LIMITED,Petrol/Diesel/CNG/Hybrid,1598,Kia,Hyundai,South Korea,South,IN-KA,State,"Karnataka, India",Feb,2,Q1,28,False,False
2026-03-01,Karnataka,KIA INDIA PRIVATE LIMITED,Petrol/Diesel/CNG/Hybrid,1968,Kia,Hyundai,South Korea,South,IN-KA,State,"Karnataka, India",Mar,3,Q1,31,False,False
2026-04-01,Karnataka,KIA INDIA PRIVATE LIMITED,Petrol/Diesel/CNG/Hybrid,1985,Kia,Hyundai,South Korea,South,IN-KA,State,"Karnataka, India",Apr,4,Q2,30,False,False
2026-05-01,Karnataka,KIA INDIA PRIVATE LIMITED,Petrol/Diesel/CNG/Hybrid,1652,Kia,Hyundai,South Korea,South,IN-KA,State,"Karnataka, India",May,5,Q2,31,False,False
2026-06-01,Karnataka,KIA INDIA PRIVATE LIMITED,Petrol/Diesel/CNG/Hybrid,785,Kia,Hyundai,South Korea,South,IN-KA,State,"Karnataka, India",Jun,6,Q2,17,True,False
2026-01-01,Karnataka,MAHINDRA & MAHINDRA LIMITED,Petrol/Diesel/CNG/Hybrid,3819,Mahindra,Mahindra,India,South,IN-KA,State,"Karnataka, India",Jan,1,Q1,31,False,False
2026-02-01,Karnataka,MAHINDRA & MAHINDRA LIMITED,Petrol/Diesel/CNG/Hybrid,3482,Mahindra,Mahindra,India,South,IN-KA,State,"Karnataka, India",Feb,2,Q1,28,False,False
2026-03-01,Karnataka,MAHINDRA & MAHINDRA LIMITED,Petrol/Diesel/CNG/Hybrid,4039,Mahindra,Mahindra,India,South,IN-KA,State,"Karnataka, India",Mar,3,Q1,31,False,False
2026-04-01,Karnataka,MAHINDRA & MAHINDRA LIMITED,Petrol/Diesel/CNG/Hybrid,3836,Mahindra,Mahindra,India,South,IN-KA,State,"Karnataka, India",Apr,4,Q2,30,False,False
2026-05-01,Karnataka,MAHINDRA & MAHINDRA LIMITED,Petrol/Diesel/CNG/Hybrid,2908,Mahindra,Mahindra,India,South,IN-KA,State,"Karnataka, India",May,5,Q2,31,False,False
2026-06-01,Karnataka,MAHINDRA & MAHINDRA LIMITED,Petrol/Diesel/CNG/Hybrid,1545,Mahindra,Mahindra,India,South,IN-KA,State,"Karnataka, India",Jun,6,Q2,17,True,False
2026-01-01,Karnataka,MARUTI SUZUKI INDIA LTD,Petrol/Diesel/CNG/Hybrid,10995,Maruti Suzuki,Suzuki,Japan,South,IN-KA,State,"Karnataka, India",Jan,1,Q1,31,False,False
2026-02-01,Karnataka,MARUTI SUZUKI INDIA LTD,Petrol/Diesel/CNG/Hybrid,6630,Maruti Suzuki,Suzuki,Japan,South,IN-KA,State,"Karnataka, India",Feb,2,Q1,28,False,False
2026-03-01,Karnataka,MARUTI SUZUKI INDIA LTD,Petrol/Diesel/CNG/Hybrid,7697,Maruti Suzuki,Suzuki,Japan,South,IN-KA,State,"Karnataka, India",Mar,3,Q1,31,False,False
2026-04-01,Karnataka,MARUTI SUZUKI INDIA LTD,Petrol/Diesel/CNG/Hybrid,8071,Maruti Suzuki,Suzuki,Japan,South,IN-KA,State,"Karnataka, India",Apr,4,Q2,30,False,False
2026-05-01,Karnataka,MARUTI SUZUKI INDIA LTD,Petrol/Diesel/CNG/Hybrid,7099,Maruti Suzuki,Suzuki,Japan,South,IN-KA,State,"Karnataka, India",May,5,Q2,31,False,False
2026-06-01,Karnataka,MARUTI SUZUKI INDIA LTD,Petrol/Diesel/CNG/Hybrid,3923,Maruti Suzuki,Suzuki,Japan,South,IN-KA,State,"Karnataka, India",Jun,6,Q2,17,True,False
2026-01-01,Karnataka,MARUTI UDYOG LTD,Petrol/Diesel/CNG/Hybrid,1,Maruti Suzuki,Suzuki,Japan,South,IN-KA,State,"Karnataka, India",Jan,1,Q1,31,False,False
2026-04-01,Karnataka,MARUTI UDYOG LTD,Petrol/Diesel/CNG/Hybrid,1,Maruti Suzuki,Suzuki,Japan,South,IN-KA,State,"Karnataka, India",Apr,4,Q2,30,False,False
2026-02-01,Karnataka,MASERATI S.P.A,Petrol/Diesel/CNG/Hybrid,1,Maserati,Stellantis,Italy,South,IN-KA,State,"Karnataka, India",Feb,2,Q1,28,False,False
2026-05-01,Karnataka,MASERATI S.P.A,Petrol/Diesel/CNG/Hybrid,1,Maserati,Stellantis,Italy,South,IN-KA,State,"Karnataka, India",May,5,Q2,31,False,False
2026-01-01,Karnataka,MERCEDES-BENZ AG,Petrol/Diesel/CNG/Hybrid,5,Mercedes-Benz,Mercedes-Benz,Germany,South,IN-KA,State,"Karnataka, India",Jan,1,Q1,31,False,False
2026-02-01,Karnataka,MERCEDES-BENZ AG,Petrol/Diesel/CNG/Hybrid,9,Mercedes-Benz,Mercedes-Benz,Germany,South,IN-KA,State,"Karnataka, India",Feb,2,Q1,28,False,False
2026-03-01,Karnataka,MERCEDES-BENZ AG,Petrol/Diesel/CNG/Hybrid,18,Mercedes-Benz,Mercedes-Benz,Germany,South,IN-KA,State,"Karnataka, India",Mar,3,Q1,31,False,False
2026-04-01,Karnataka,MERCEDES-BENZ AG,Petrol/Diesel/CNG/Hybrid,9,Mercedes-Benz,Mercedes-Benz,Germany,South,IN-KA,State,"Karnataka, India",Apr,4,Q2,30,False,False
2026-05-01,Karnataka,MERCEDES-BENZ AG,Petrol/Diesel/CNG/Hybrid,7,Mercedes-Benz,Mercedes-Benz,Germany,South,IN-KA,State,"Karnataka, India",May,5,Q2,31,False,False
2026-06-01,Karnataka,MERCEDES-BENZ AG,Petrol/Diesel/CNG/Hybrid,2,Mercedes-Benz,Mercedes-Benz,Germany,South,IN-KA,State,"Karnataka, India",Jun,6,Q2,17,True,False
2026-01-01,Karnataka,MERCEDES-BENZ INDIA PVT LTD,Petrol/Diesel/CNG/Hybrid,176,Mercedes-Benz,Mercedes-Benz,Germany,South,IN-KA,State,"Karnataka, India",Jan,1,Q1,31,False,False
2026-02-01,Karnataka,MERCEDES-BENZ INDIA PVT LTD,Petrol/Diesel/CNG/Hybrid,84,Mercedes-Benz,Mercedes-Benz,Germany,South,IN-KA,State,"Karnataka, India",Feb,2,Q1,28,False,False
2026-03-01,Karnataka,MERCEDES-BENZ INDIA PVT LTD,Petrol/Diesel/CNG/Hybrid,117,Mercedes-Benz,Mercedes-Benz,Germany,South,IN-KA,State,"Karnataka, India",Mar,3,Q1,31,False,False
2026-04-01,Karnataka,MERCEDES-BENZ INDIA PVT LTD,Petrol/Diesel/CNG/Hybrid,102,Mercedes-Benz,Mercedes-Benz,Germany,South,IN-KA,State,"Karnataka, India",Apr,4,Q2,30,False,False
2026-05-01,Karnataka,MERCEDES-BENZ INDIA PVT LTD,Petrol/Diesel/CNG/Hybrid,110,Mercedes-Benz,Mercedes-Benz,Germany,South,IN-KA,State,"Karnataka, India",May,5,Q2,31,False,False
2026-06-01,Karnataka,MERCEDES-BENZ INDIA PVT LTD,Petrol/Diesel/CNG/Hybrid,40,Mercedes-Benz,Mercedes-Benz,Germany,South,IN-KA,State,"Karnataka, India",Jun,6,Q2,17,True,False
2026-01-01,Karnataka,NISSAN MOTOR INDIA PVT LTD,Petrol/Diesel/CNG/Hybrid,129,Nissan,Nissan,Japan,South,IN-KA,State,"Karnataka, India",Jan,1,Q1,31,False,False
2026-02-01,Karnataka,NISSAN MOTOR INDIA PVT LTD,Petrol/Diesel/CNG/Hybrid,101,Nissan,Nissan,Japan,South,IN-KA,State,"Karnataka, India",Feb,2,Q1,28,False,False
2026-03-01,Karnataka,NISSAN MOTOR INDIA PVT LTD,Petrol/Diesel/CNG/Hybrid,114,Nissan,Nissan,Japan,South,IN-KA,State,"Karnataka, India",Mar,3,Q1,31,False,False
2026-04-01,Karnataka,NISSAN MOTOR INDIA PVT LTD,Petrol/Diesel/CNG/Hybrid,128,Nissan,Nissan,Japan,South,IN-KA,State,"Karnataka, India",Apr,4,Q2,30,False,False
2026-05-01,Karnataka,NISSAN MOTOR INDIA PVT LTD,Petrol/Diesel/CNG/Hybrid,129,Nissan,Nissan,Japan,South,IN-KA,State,"Karnataka, India",May,5,Q2,31,False,False
2026-06-01,Karnataka,NISSAN MOTOR INDIA PVT LTD,Petrol/Diesel/CNG/Hybrid,89,Nissan,Nissan,Japan,South,IN-KA,State,"Karnataka, India",Jun,6,Q2,17,True,False
2026-01-01,Karnataka,PORSCHE AG GERMANY,Petrol/Diesel/CNG/Hybrid,9,Porsche,Volkswagen Group,Germany,South,IN-KA,State,"Karnataka, India",Jan,1,Q1,31,False,False
2026-02-01,Karnataka,PORSCHE AG GERMANY,Petrol/Diesel/CNG/Hybrid,4,Porsche,Volkswagen Group,Germany,South,IN-KA,State,"Karnataka, India",Feb,2,Q1,28,False,False
2026-03-01,Karnataka,PORSCHE AG GERMANY,Petrol/Diesel/CNG/Hybrid,3,Porsche,Volkswagen Group,Germany,South,IN-KA,State,"Karnataka, India",Mar,3,Q1,31,False,False
2026-04-01,Karnataka,PORSCHE AG GERMANY,Petrol/Diesel/CNG/Hybrid,8,Porsche,Volkswagen Group,Germany,South,IN-KA,State,"Karnataka, India",Apr,4,Q2,30,False,False
2026-05-01,Karnataka,PORSCHE AG GERMANY,Petrol/Diesel/CNG/Hybrid,3,Porsche,Volkswagen Group,Germany,South,IN-KA,State,"Karnataka, India",May,5,Q2,31,False,False
2026-01-01,Karnataka,RENAULT INDIA PVT LTD,Petrol/Diesel/CNG/Hybrid,646,Renault,Renault,France,South,IN-KA,State,"Karnataka, India",Jan,1,Q1,31,False,False
2026-02-01,Karnataka,RENAULT INDIA PVT LTD,Petrol/Diesel/CNG/Hybrid,361,Renault,Renault,France,South,IN-KA,State,"Karnataka, India",Feb,2,Q1,28,False,False
2026-03-01,Karnataka,RENAULT INDIA PVT LTD,Petrol/Diesel/CNG/Hybrid,442,Renault,Renault,France,South,IN-KA,State,"Karnataka, India",Mar,3,Q1,31,False,False
2026-04-01,Karnataka,RENAULT INDIA PVT LTD,Petrol/Diesel/CNG/Hybrid,613,Renault,Renault,France,South,IN-KA,State,"Karnataka, India",Apr,4,Q2,30,False,False
2026-05-01,Karnataka,RENAULT INDIA PVT LTD,Petrol/Diesel/CNG/Hybrid,556,Renault,Renault,France,South,IN-KA,State,"Karnataka, India",May,5,Q2,31,False,False
2026-06-01,Karnataka,RENAULT INDIA PVT LTD,Petrol/Diesel/CNG/Hybrid,295,Renault,Renault,France,South,IN-KA,State,"Karnataka, India",Jun,6,Q2,17,True,False
2026-01-01,Karnataka,SKODA AUTO AS,Petrol/Diesel/CNG/Hybrid,1,Skoda-VW,Volkswagen Group,Germany,South,IN-KA,State,"Karnataka, India",Jan,1,Q1,31,False,False
2026-03-01,Karnataka,SKODA AUTO AS,Petrol/Diesel/CNG/Hybrid,1,Skoda-VW,Volkswagen Group,Germany,South,IN-KA,State,"Karnataka, India",Mar,3,Q1,31,False,False
2026-01-01,Karnataka,SKODA AUTO VOLKSWAGEN INDIA PVT LTD,Petrol/Diesel/CNG/Hybrid,1082,Skoda-VW,Volkswagen Group,Germany,South,IN-KA,State,"Karnataka, India",Jan,1,Q1,31,False,False
2026-02-01,Karnataka,SKODA AUTO VOLKSWAGEN INDIA PVT LTD,Petrol/Diesel/CNG/Hybrid,888,Skoda-VW,Volkswagen Group,Germany,South,IN-KA,State,"Karnataka, India",Feb,2,Q1,28,False,False
2026-03-01,Karnataka,SKODA AUTO VOLKSWAGEN INDIA PVT LTD,Petrol/Diesel/CNG/Hybrid,1146,Skoda-VW,Volkswagen Group,Germany,South,IN-KA,State,"Karnataka, India",Mar,3,Q1,31,False,False
2026-04-01,Karnataka,SKODA AUTO VOLKSWAGEN INDIA PVT LTD,Petrol/Diesel/CNG/Hybrid,1183,Skoda-VW,Volkswagen Group,Germany,South,IN-KA,State,"Karnataka, India",Apr,4,Q2,30,False,False
2026-05-01,Karnataka,SKODA AUTO VOLKSWAGEN INDIA PVT LTD,Petrol/Diesel/CNG/Hybrid,1013,Skoda-VW,Volkswagen Group,Germany,South,IN-KA,State,"Karnataka, India",May,5,Q2,31,False,False
2026-06-01,Karnataka,SKODA AUTO VOLKSWAGEN INDIA PVT LTD,Petrol/Diesel/CNG/Hybrid,519,Skoda-VW,Volkswagen Group,Germany,South,IN-KA,State,"Karnataka, India",Jun,6,Q2,17,True,False
2026-01-01,Karnataka,STELLANTIS AUTOMOBILES INDIA PVT LTD,Petrol/Diesel/CNG/Hybrid,76,Stellantis (Jeep/Citroen),Stellantis,Netherlands,South,IN-KA,State,"Karnataka, India",Jan,1,Q1,31,False,False
2026-02-01,Karnataka,STELLANTIS AUTOMOBILES INDIA PVT LTD,Petrol/Diesel/CNG/Hybrid,39,Stellantis (Jeep/Citroen),Stellantis,Netherlands,South,IN-KA,State,"Karnataka, India",Feb,2,Q1,28,False,False
2026-03-01,Karnataka,STELLANTIS AUTOMOBILES INDIA PVT LTD,Petrol/Diesel/CNG/Hybrid,50,Stellantis (Jeep/Citroen),Stellantis,Netherlands,South,IN-KA,State,"Karnataka, India",Mar,3,Q1,31,False,False
2026-04-01,Karnataka,STELLANTIS AUTOMOBILES INDIA PVT LTD,Petrol/Diesel/CNG/Hybrid,34,Stellantis (Jeep/Citroen),Stellantis,Netherlands,South,IN-KA,State,"Karnataka, India",Apr,4,Q2,30,False,False
2026-05-01,Karnataka,STELLANTIS AUTOMOBILES INDIA PVT LTD,Petrol/Diesel/CNG/Hybrid,29,Stellantis (Jeep/Citroen),Stellantis,Netherlands,South,IN-KA,State,"Karnataka, India",May,5,Q2,31,False,False
2026-06-01,Karnataka,STELLANTIS AUTOMOBILES INDIA PVT LTD,Petrol/Diesel/CNG/Hybrid,9,Stellantis (Jeep/Citroen),Stellantis,Netherlands,South,IN-KA,State,"Karnataka, India",Jun,6,Q2,17,True,False
2026-01-01,Karnataka,STELLANTIS INDIA PVT LTD,Petrol/Diesel/CNG/Hybrid,40,Stellantis (Jeep/Citroen),Stellantis,Netherlands,South,IN-KA,State,"Karnataka, India",Jan,1,Q1,31,False,False
2026-02-01,Karnataka,STELLANTIS INDIA PVT LTD,Petrol/Diesel/CNG/Hybrid,21,Stellantis (Jeep/Citroen),Stellantis,Netherlands,South,IN-KA,State,"Karnataka, India",Feb,2,Q1,28,False,False
2026-03-01,Karnataka,STELLANTIS INDIA PVT LTD,Petrol/Diesel/CNG/Hybrid,27,Stellantis (Jeep/Citroen),Stellantis,Netherlands,South,IN-KA,State,"Karnataka, India",Mar,3,Q1,31,False,False
2026-04-01,Karnataka,STELLANTIS INDIA PVT LTD,Petrol/Diesel/CNG/Hybrid,38,Stellantis (Jeep/Citroen),Stellantis,Netherlands,South,IN-KA,State,"Karnataka, India",Apr,4,Q2,30,False,False
2026-05-01,Karnataka,STELLANTIS INDIA PVT LTD,Petrol/Diesel/CNG/Hybrid,27,Stellantis (Jeep/Citroen),Stellantis,Netherlands,South,IN-KA,State,"Karnataka, India",May,5,Q2,31,False,False
2026-06-01,Karnataka,STELLANTIS INDIA PVT LTD,Petrol/Diesel/CNG/Hybrid,11,Stellantis (Jeep/Citroen),Stellantis,Netherlands,South,IN-KA,State,"Karnataka, India",Jun,6,Q2,17,True,False
2026-01-01,Karnataka,TATA MOTORS LTD,Petrol/Diesel/CNG/Hybrid,7,Tata,Tata Motors,India,South,IN-KA,State,"Karnataka, India",Jan,1,Q1,31,False,False
2026-02-01,Karnataka,TATA MOTORS LTD,Petrol/Diesel/CNG/Hybrid,3,Tata,Tata Motors,India,South,IN-KA,State,"Karnataka, India",Feb,2,Q1,28,False,False
2026-03-01,Karnataka,TATA MOTORS LTD,Petrol/Diesel/CNG/Hybrid,4,Tata,Tata Motors,India,South,IN-KA,State,"Karnataka, India",Mar,3,Q1,31,False,False
2026-04-01,Karnataka,TATA MOTORS LTD,Petrol/Diesel/CNG/Hybrid,6,Tata,Tata Motors,India,South,IN-KA,State,"Karnataka, India",Apr,4,Q2,30,False,False
2026-05-01,Karnataka,TATA MOTORS LTD,Petrol/Diesel/CNG/Hybrid,10,Tata,Tata Motors,India,South,IN-KA,State,"Karnataka, India",May,5,Q2,31,False,False
2026-06-01,Karnataka,TATA MOTORS LTD,Petrol/Diesel/CNG/Hybrid,6,Tata,Tata Motors,India,South,IN-KA,State,"Karnataka, India",Jun,6,Q2,17,True,False
2026-01-01,Karnataka,TATA MOTORS PASSENGER VEHICLES LTD,Petrol/Diesel/CNG/Hybrid,4202,Tata,Tata Motors,India,South,IN-KA,State,"Karnataka, India",Jan,1,Q1,31,False,False
2026-02-01,Karnataka,TATA MOTORS PASSENGER VEHICLES LTD,Petrol/Diesel/CNG/Hybrid,3739,Tata,Tata Motors,India,South,IN-KA,State,"Karnataka, India",Feb,2,Q1,28,False,False
2026-03-01,Karnataka,TATA MOTORS PASSENGER VEHICLES LTD,Petrol/Diesel/CNG/Hybrid,4447,Tata,Tata Motors,India,South,IN-KA,State,"Karnataka, India",Mar,3,Q1,31,False,False
2026-04-01,Karnataka,TATA MOTORS PASSENGER VEHICLES LTD,Petrol/Diesel/CNG/Hybrid,4485,Tata,Tata Motors,India,South,IN-KA,State,"Karnataka, India",Apr,4,Q2,30,False,False
2026-05-01,Karnataka,TATA MOTORS PASSENGER VEHICLES LTD,Petrol/Diesel/CNG/Hybrid,3467,Tata,Tata Motors,India,South,IN-KA,State,"Karnataka, India",May,5,Q2,31,False,False
2026-06-01,Karnataka,TATA MOTORS PASSENGER VEHICLES LTD,Petrol/Diesel/CNG/Hybrid,1623,Tata,Tata Motors,India,South,IN-KA,State,"Karnataka, India",Jun,6,Q2,17,True,False
2026-01-01,Karnataka,TATA PASSENGER ELECTRIC MOBILITY LTD,Petrol/Diesel/CNG/Hybrid,2,Tata,Tata Motors,India,South,IN-KA,State,"Karnataka, India",Jan,1,Q1,31,False,False
2026-02-01,Karnataka,TATA PASSENGER ELECTRIC MOBILITY LTD,Petrol/Diesel/CNG/Hybrid,2,Tata,Tata Motors,India,South,IN-KA,State,"Karnataka, India",Feb,2,Q1,28,False,False
2026-03-01,Karnataka,TATA PASSENGER ELECTRIC MOBILITY LTD,Petrol/Diesel/CNG/Hybrid,1,Tata,Tata Motors,India,South,IN-KA,State,"Karnataka, India",Mar,3,Q1,31,False,False
2026-01-01,Karnataka,TOYOTA KIRLOSKAR MOTOR PVT LTD,Petrol/Diesel/CNG/Hybrid,4209,Toyota,Toyota,Japan,South,IN-KA,State,"Karnataka, India",Jan,1,Q1,31,False,False
2026-02-01,Karnataka,TOYOTA KIRLOSKAR MOTOR PVT LTD,Petrol/Diesel/CNG/Hybrid,2424,Toyota,Toyota,Japan,South,IN-KA,State,"Karnataka, India",Feb,2,Q1,28,False,False
2026-03-01,Karnataka,TOYOTA KIRLOSKAR MOTOR PVT LTD,Petrol/Diesel/CNG/Hybrid,2861,Toyota,Toyota,Japan,South,IN-KA,State,"Karnataka, India",Mar,3,Q1,31,False,False
2026-04-01,Karnataka,TOYOTA KIRLOSKAR MOTOR PVT LTD,Petrol/Diesel/CNG/Hybrid,3204,Toyota,Toyota,Japan,South,IN-KA,State,"Karnataka, India",Apr,4,Q2,30,False,False
2026-05-01,Karnataka,TOYOTA KIRLOSKAR MOTOR PVT LTD,Petrol/Diesel/CNG/Hybrid,2488,Toyota,Toyota,Japan,South,IN-KA,State,"Karnataka, India",May,5,Q2,31,False,False
2026-06-01,Karnataka,TOYOTA KIRLOSKAR MOTOR PVT LTD,Petrol/Diesel/CNG/Hybrid,1292,Toyota,Toyota,Japan,South,IN-KA,State,"Karnataka, India",Jun,6,Q2,17,True,False
2026-01-01,Karnataka,VOLKSWAGEN AG,Petrol/Diesel/CNG/Hybrid,22,Skoda-VW,Volkswagen Group,Germany,South,IN-KA,State,"Karnataka, India",Jan,1,Q1,31,False,False
2026-02-01,Karnataka,VOLKSWAGEN AG,Petrol/Diesel/CNG/Hybrid,6,Skoda-VW,Volkswagen Group,Germany,South,IN-KA,State,"Karnataka, India",Feb,2,Q1,28,False,False
2026-03-01,Karnataka,VOLKSWAGEN AG,Petrol/Diesel/CNG/Hybrid,5,Skoda-VW,Volkswagen Group,Germany,South,IN-KA,State,"Karnataka, India",Mar,3,Q1,31,False,False
2026-04-01,Karnataka,VOLKSWAGEN AG,Petrol/Diesel/CNG/Hybrid,10,Skoda-VW,Volkswagen Group,Germany,South,IN-KA,State,"Karnataka, India",Apr,4,Q2,30,False,False
2026-05-01,Karnataka,VOLKSWAGEN AG,Petrol/Diesel/CNG/Hybrid,6,Skoda-VW,Volkswagen Group,Germany,South,IN-KA,State,"Karnataka, India",May,5,Q2,31,False,False
2026-06-01,Karnataka,VOLKSWAGEN AG,Petrol/Diesel/CNG/Hybrid,5,Skoda-VW,Volkswagen Group,Germany,South,IN-KA,State,"Karnataka, India",Jun,6,Q2,17,True,False
2026-01-01,Karnataka,VOLVO AUTO INDIA PVT LTD,Petrol/Diesel/CNG/Hybrid,9,Volvo,Geely,Sweden,South,IN-KA,State,"Karnataka, India",Jan,1,Q1,31,False,False
2026-02-01,Karnataka,VOLVO AUTO INDIA PVT LTD,Petrol/Diesel/CNG/Hybrid,8,Volvo,Geely,Sweden,South,IN-KA,State,"Karnataka, India",Feb,2,Q1,28,False,False
2026-03-01,Karnataka,VOLVO AUTO INDIA PVT LTD,Petrol/Diesel/CNG/Hybrid,8,Volvo,Geely,Sweden,South,IN-KA,State,"Karnataka, India",Mar,3,Q1,31,False,False
2026-04-01,Karnataka,VOLVO AUTO INDIA PVT LTD,Petrol/Diesel/CNG/Hybrid,7,Volvo,Geely,Sweden,South,IN-KA,State,"Karnataka, India",Apr,4,Q2,30,False,False
2026-05-01,Karnataka,VOLVO AUTO INDIA PVT LTD,Petrol/Diesel/CNG/Hybrid,2,Volvo,Geely,Sweden,South,IN-KA,State,"Karnataka, India",May,5,Q2,31,False,False
2026-06-01,Karnataka,VOLVO AUTO INDIA PVT LTD,Petrol/Diesel/CNG/Hybrid,5,Volvo,Geely,Sweden,South,IN-KA,State,"Karnataka, India",Jun,6,Q2,17,True,False
2026-02-01,Kerala,AUDI AG,Petrol/Diesel/CNG/Hybrid,2,Audi,Volkswagen Group,Germany,South,IN-KL,State,"Kerala, India",Feb,2,Q1,28,False,False
2026-03-01,Kerala,AUDI AG,Petrol/Diesel/CNG/Hybrid,1,Audi,Volkswagen Group,Germany,South,IN-KL,State,"Kerala, India",Mar,3,Q1,31,False,False
2026-04-01,Kerala,AUDI AG,Petrol/Diesel/CNG/Hybrid,1,Audi,Volkswagen Group,Germany,South,IN-KL,State,"Kerala, India",Apr,4,Q2,30,False,False
2026-01-01,Kerala,AUTOMOBILI LAMBORGHINI S.P.A,Petrol/Diesel/CNG/Hybrid,1,Lamborghini,Volkswagen Group,Italy,South,IN-KL,State,"Kerala, India",Jan,1,Q1,31,False,False
2026-01-01,Kerala,BMW INDIA PVT LTD,Petrol/Diesel/CNG/Hybrid,65,BMW,BMW Group,Germany,South,IN-KL,State,"Kerala, India",Jan,1,Q1,31,False,False
2026-02-01,Kerala,BMW INDIA PVT LTD,Petrol/Diesel/CNG/Hybrid,31,BMW,BMW Group,Germany,South,IN-KL,State,"Kerala, India",Feb,2,Q1,28,False,False
2026-03-01,Kerala,BMW INDIA PVT LTD,Petrol/Diesel/CNG/Hybrid,27,BMW,BMW Group,Germany,South,IN-KL,State,"Kerala, India",Mar,3,Q1,31,False,False
2026-04-01,Kerala,BMW INDIA PVT LTD,Petrol/Diesel/CNG/Hybrid,50,BMW,BMW Group,Germany,South,IN-KL,State,"Kerala, India",Apr,4,Q2,30,False,False
2026-05-01,Kerala,BMW INDIA PVT LTD,Petrol/Diesel/CNG/Hybrid,26,BMW,BMW Group,Germany,South,IN-KL,State,"Kerala, India",May,5,Q2,31,False,False
2026-06-01,Kerala,BMW INDIA PVT LTD,Petrol/Diesel/CNG/Hybrid,20,BMW,BMW Group,Germany,South,IN-KL,State,"Kerala, India",Jun,6,Q2,17,True,False
2026-04-01,Kerala,BYD INDIA PRIVATE LIMITED,Petrol/Diesel/CNG/Hybrid,2,BYD,BYD,China,South,IN-KL,State,"Kerala, India",Apr,4,Q2,30,False,False
2026-01-01,Kerala,FORCE MOTORS LIMITED,Petrol/Diesel/CNG/Hybrid,15,Force,Force Motors,India,South,IN-KL,State,"Kerala, India",Jan,1,Q1,31,False,False
2026-02-01,Kerala,FORCE MOTORS LIMITED,Petrol/Diesel/CNG/Hybrid,48,Force,Force Motors,India,South,IN-KL,State,"Kerala, India",Feb,2,Q1,28,False,False
2026-03-01,Kerala,FORCE MOTORS LIMITED,Petrol/Diesel/CNG/Hybrid,6,Force,Force Motors,India,South,IN-KL,State,"Kerala, India",Mar,3,Q1,31,False,False
2026-04-01,Kerala,FORCE MOTORS LIMITED,Petrol/Diesel/CNG/Hybrid,9,Force,Force Motors,India,South,IN-KL,State,"Kerala, India",Apr,4,Q2,30,False,False
2026-05-01,Kerala,FORCE MOTORS LIMITED,Petrol/Diesel/CNG/Hybrid,5,Force,Force Motors,India,South,IN-KL,State,"Kerala, India",May,5,Q2,31,False,False
2026-06-01,Kerala,FORCE MOTORS LIMITED,Petrol/Diesel/CNG/Hybrid,4,Force,Force Motors,India,South,IN-KL,State,"Kerala, India",Jun,6,Q2,17,True,False
2026-01-01,Kerala,HONDA CARS INDIA LTD,Petrol/Diesel/CNG/Hybrid,433,Honda,Honda,Japan,South,IN-KL,State,"Kerala, India",Jan,1,Q1,31,False,False
2026-02-01,Kerala,HONDA CARS INDIA LTD,Petrol/Diesel/CNG/Hybrid,365,Honda,Honda,Japan,South,IN-KL,State,"Kerala, India",Feb,2,Q1,28,False,False
2026-03-01,Kerala,HONDA CARS INDIA LTD,Petrol/Diesel/CNG/Hybrid,368,Honda,Honda,Japan,South,IN-KL,State,"Kerala, India",Mar,3,Q1,31,False,False
2026-04-01,Kerala,HONDA CARS INDIA LTD,Petrol/Diesel/CNG/Hybrid,379,Honda,Honda,Japan,South,IN-KL,State,"Kerala, India",Apr,4,Q2,30,False,False
2026-05-01,Kerala,HONDA CARS INDIA LTD,Petrol/Diesel/CNG/Hybrid,314,Honda,Honda,Japan,South,IN-KL,State,"Kerala, India",May,5,Q2,31,False,False
2026-06-01,Kerala,HONDA CARS INDIA LTD,Petrol/Diesel/CNG/Hybrid,118,Honda,Honda,Japan,South,IN-KL,State,"Kerala, India",Jun,6,Q2,17,True,False
2026-01-01,Kerala,HYUNDAI MOTOR INDIA LTD,Petrol/Diesel/CNG/Hybrid,2120,Hyundai,Hyundai,South Korea,South,IN-KL,State,"Kerala, India",Jan,1,Q1,31,False,False
2026-02-01,Kerala,HYUNDAI MOTOR INDIA LTD,Petrol/Diesel/CNG/Hybrid,1552,Hyundai,Hyundai,South Korea,South,IN-KL,State,"Kerala, India",Feb,2,Q1,28,False,False
2026-03-01,Kerala,HYUNDAI MOTOR INDIA LTD,Petrol/Diesel/CNG/Hybrid,1525,Hyundai,Hyundai,South Korea,South,IN-KL,State,"Kerala, India",Mar,3,Q1,31,False,False
2026-04-01,Kerala,HYUNDAI MOTOR INDIA LTD,Petrol/Diesel/CNG/Hybrid,1582,Hyundai,Hyundai,South Korea,South,IN-KL,State,"Kerala, India",Apr,4,Q2,30,False,False
2026-05-01,Kerala,HYUNDAI MOTOR INDIA LTD,Petrol/Diesel/CNG/Hybrid,1549,Hyundai,Hyundai,South Korea,South,IN-KL,State,"Kerala, India",May,5,Q2,31,False,False
2026-06-01,Kerala,HYUNDAI MOTOR INDIA LTD,Petrol/Diesel/CNG/Hybrid,646,Hyundai,Hyundai,South Korea,South,IN-KL,State,"Kerala, India",Jun,6,Q2,17,True,False
2026-01-01,Kerala,ISUZU MOTORS INDIA PVT LTD,Petrol/Diesel/CNG/Hybrid,2,Isuzu,Isuzu,Japan,South,IN-KL,State,"Kerala, India",Jan,1,Q1,31,False,False
2026-02-01,Kerala,ISUZU MOTORS INDIA PVT LTD,Petrol/Diesel/CNG/Hybrid,1,Isuzu,Isuzu,Japan,South,IN-KL,State,"Kerala, India",Feb,2,Q1,28,False,False
2026-03-01,Kerala,ISUZU MOTORS INDIA PVT LTD,Petrol/Diesel/CNG/Hybrid,25,Isuzu,Isuzu,Japan,South,IN-KL,State,"Kerala, India",Mar,3,Q1,31,False,False
2026-05-01,Kerala,ISUZU MOTORS INDIA PVT LTD,Petrol/Diesel/CNG/Hybrid,1,Isuzu,Isuzu,Japan,South,IN-KL,State,"Kerala, India",May,5,Q2,31,False,False
2026-01-01,Kerala,JAGUAR LAND ROVER INDIA LIMITED,Petrol/Diesel/CNG/Hybrid,23,Jaguar Land Rover,Tata Motors,UK,South,IN-KL,State,"Kerala, India",Jan,1,Q1,31,False,False
2026-02-01,Kerala,JAGUAR LAND ROVER INDIA LIMITED,Petrol/Diesel/CNG/Hybrid,16,Jaguar Land Rover,Tata Motors,UK,South,IN-KL,State,"Kerala, India",Feb,2,Q1,28,False,False
2026-03-01,Kerala,JAGUAR LAND ROVER INDIA LIMITED,Petrol/Diesel/CNG/Hybrid,30,Jaguar Land Rover,Tata Motors,UK,South,IN-KL,State,"Kerala, India",Mar,3,Q1,31,False,False
2026-04-01,Kerala,JAGUAR LAND ROVER INDIA LIMITED,Petrol/Diesel/CNG/Hybrid,25,Jaguar Land Rover,Tata Motors,UK,South,IN-KL,State,"Kerala, India",Apr,4,Q2,30,False,False
2026-05-01,Kerala,JAGUAR LAND ROVER INDIA LIMITED,Petrol/Diesel/CNG/Hybrid,20,Jaguar Land Rover,Tata Motors,UK,South,IN-KL,State,"Kerala, India",May,5,Q2,31,False,False
2026-06-01,Kerala,JAGUAR LAND ROVER INDIA LIMITED,Petrol/Diesel/CNG/Hybrid,7,Jaguar Land Rover,Tata Motors,UK,South,IN-KL,State,"Kerala, India",Jun,6,Q2,17,True,False
2026-01-01,Kerala,JSW MG MOTOR INDIA PVT LTD,Petrol/Diesel/CNG/Hybrid,30,MG,JSW-SAIC,India / China,South,IN-KL,State,"Kerala, India",Jan,1,Q1,31,False,False
2026-02-01,Kerala,JSW MG MOTOR INDIA PVT LTD,Petrol/Diesel/CNG/Hybrid,27,MG,JSW-SAIC,India / China,South,IN-KL,State,"Kerala, India",Feb,2,Q1,28,False,False
2026-03-01,Kerala,JSW MG MOTOR INDIA PVT LTD,Petrol/Diesel/CNG/Hybrid,27,MG,JSW-SAIC,India / China,South,IN-KL,State,"Kerala, India",Mar,3,Q1,31,False,False
2026-04-01,Kerala,JSW MG MOTOR INDIA PVT LTD,Petrol/Diesel/CNG/Hybrid,28,MG,JSW-SAIC,India / China,South,IN-KL,State,"Kerala, India",Apr,4,Q2,30,False,False
2026-05-01,Kerala,JSW MG MOTOR INDIA PVT LTD,Petrol/Diesel/CNG/Hybrid,26,MG,JSW-SAIC,India / China,South,IN-KL,State,"Kerala, India",May,5,Q2,31,False,False
2026-06-01,Kerala,JSW MG MOTOR INDIA PVT LTD,Petrol/Diesel/CNG/Hybrid,12,MG,JSW-SAIC,India / China,South,IN-KL,State,"Kerala, India",Jun,6,Q2,17,True,False
2026-01-01,Kerala,KIA INDIA PRIVATE LIMITED,Petrol/Diesel/CNG/Hybrid,1257,Kia,Hyundai,South Korea,South,IN-KL,State,"Kerala, India",Jan,1,Q1,31,False,False
2026-02-01,Kerala,KIA INDIA PRIVATE LIMITED,Petrol/Diesel/CNG/Hybrid,1147,Kia,Hyundai,South Korea,South,IN-KL,State,"Kerala, India",Feb,2,Q1,28,False,False
2026-03-01,Kerala,KIA INDIA PRIVATE LIMITED,Petrol/Diesel/CNG/Hybrid,1141,Kia,Hyundai,South Korea,South,IN-KL,State,"Kerala, India",Mar,3,Q1,31,False,False
2026-04-01,Kerala,KIA INDIA PRIVATE LIMITED,Petrol/Diesel/CNG/Hybrid,1175,Kia,Hyundai,South Korea,South,IN-KL,State,"Kerala, India",Apr,4,Q2,30,False,False
2026-05-01,Kerala,KIA INDIA PRIVATE LIMITED,Petrol/Diesel/CNG/Hybrid,1179,Kia,Hyundai,South Korea,South,IN-KL,State,"Kerala, India",May,5,Q2,31,False,False
2026-06-01,Kerala,KIA INDIA PRIVATE LIMITED,Petrol/Diesel/CNG/Hybrid,511,Kia,Hyundai,South Korea,South,IN-KL,State,"Kerala, India",Jun,6,Q2,17,True,False
2026-01-01,Kerala,MAHINDRA & MAHINDRA LIMITED,Petrol/Diesel/CNG/Hybrid,1648,Mahindra,Mahindra,India,South,IN-KL,State,"Kerala, India",Jan,1,Q1,31,False,False
2026-02-01,Kerala,MAHINDRA & MAHINDRA LIMITED,Petrol/Diesel/CNG/Hybrid,1346,Mahindra,Mahindra,India,South,IN-KL,State,"Kerala, India",Feb,2,Q1,28,False,False
2026-03-01,Kerala,MAHINDRA & MAHINDRA LIMITED,Petrol/Diesel/CNG/Hybrid,1405,Mahindra,Mahindra,India,South,IN-KL,State,"Kerala, India",Mar,3,Q1,31,False,False
2026-04-01,Kerala,MAHINDRA & MAHINDRA LIMITED,Petrol/Diesel/CNG/Hybrid,1560,Mahindra,Mahindra,India,South,IN-KL,State,"Kerala, India",Apr,4,Q2,30,False,False
2026-05-01,Kerala,MAHINDRA & MAHINDRA LIMITED,Petrol/Diesel/CNG/Hybrid,1246,Mahindra,Mahindra,India,South,IN-KL,State,"Kerala, India",May,5,Q2,31,False,False
2026-06-01,Kerala,MAHINDRA & MAHINDRA LIMITED,Petrol/Diesel/CNG/Hybrid,534,Mahindra,Mahindra,India,South,IN-KL,State,"Kerala, India",Jun,6,Q2,17,True,False
2026-01-01,Kerala,MARUTI SUZUKI INDIA LTD,Petrol/Diesel/CNG/Hybrid,12914,Maruti Suzuki,Suzuki,Japan,South,IN-KL,State,"Kerala, India",Jan,1,Q1,31,False,False
2026-02-01,Kerala,MARUTI SUZUKI INDIA LTD,Petrol/Diesel/CNG/Hybrid,7868,Maruti Suzuki,Suzuki,Japan,South,IN-KL,State,"Kerala, India",Feb,2,Q1,28,False,False
2026-03-01,Kerala,MARUTI SUZUKI INDIA LTD,Petrol/Diesel/CNG/Hybrid,9561,Maruti Suzuki,Suzuki,Japan,South,IN-KL,State,"Kerala, India",Mar,3,Q1,31,False,False
2026-04-01,Kerala,MARUTI SUZUKI INDIA LTD,Petrol/Diesel/CNG/Hybrid,8563,Maruti Suzuki,Suzuki,Japan,South,IN-KL,State,"Kerala, India",Apr,4,Q2,30,False,False
2026-05-01,Kerala,MARUTI SUZUKI INDIA LTD,Petrol/Diesel/CNG/Hybrid,10079,Maruti Suzuki,Suzuki,Japan,South,IN-KL,State,"Kerala, India",May,5,Q2,31,False,False
2026-06-01,Kerala,MARUTI SUZUKI INDIA LTD,Petrol/Diesel/CNG/Hybrid,5993,Maruti Suzuki,Suzuki,Japan,South,IN-KL,State,"Kerala, India",Jun,6,Q2,17,True,False
2026-05-01,Kerala,MARUTI UDYOG LTD,Petrol/Diesel/CNG/Hybrid,2,Maruti Suzuki,Suzuki,Japan,South,IN-KL,State,"Kerala, India",May,5,Q2,31,False,False
2026-06-01,Kerala,MARUTI UDYOG LTD,Petrol/Diesel/CNG/Hybrid,3,Maruti Suzuki,Suzuki,Japan,South,IN-KL,State,"Kerala, India",Jun,6,Q2,17,True,False
2026-01-01,Kerala,MERCEDES-BENZ AG,Petrol/Diesel/CNG/Hybrid,5,Mercedes-Benz,Mercedes-Benz,Germany,South,IN-KL,State,"Kerala, India",Jan,1,Q1,31,False,False
2026-02-01,Kerala,MERCEDES-BENZ AG,Petrol/Diesel/CNG/Hybrid,5,Mercedes-Benz,Mercedes-Benz,Germany,South,IN-KL,State,"Kerala, India",Feb,2,Q1,28,False,False
2026-03-01,Kerala,MERCEDES-BENZ AG,Petrol/Diesel/CNG/Hybrid,5,Mercedes-Benz,Mercedes-Benz,Germany,South,IN-KL,State,"Kerala, India",Mar,3,Q1,31,False,False
2026-04-01,Kerala,MERCEDES-BENZ AG,Petrol/Diesel/CNG/Hybrid,3,Mercedes-Benz,Mercedes-Benz,Germany,South,IN-KL,State,"Kerala, India",Apr,4,Q2,30,False,False
2026-05-01,Kerala,MERCEDES-BENZ AG,Petrol/Diesel/CNG/Hybrid,1,Mercedes-Benz,Mercedes-Benz,Germany,South,IN-KL,State,"Kerala, India",May,5,Q2,31,False,False
2026-01-01,Kerala,MERCEDES-BENZ INDIA PVT LTD,Petrol/Diesel/CNG/Hybrid,61,Mercedes-Benz,Mercedes-Benz,Germany,South,IN-KL,State,"Kerala, India",Jan,1,Q1,31,False,False
2026-02-01,Kerala,MERCEDES-BENZ INDIA PVT LTD,Petrol/Diesel/CNG/Hybrid,46,Mercedes-Benz,Mercedes-Benz,Germany,South,IN-KL,State,"Kerala, India",Feb,2,Q1,28,False,False
2026-03-01,Kerala,MERCEDES-BENZ INDIA PVT LTD,Petrol/Diesel/CNG/Hybrid,33,Mercedes-Benz,Mercedes-Benz,Germany,South,IN-KL,State,"Kerala, India",Mar,3,Q1,31,False,False
2026-04-01,Kerala,MERCEDES-BENZ INDIA PVT LTD,Petrol/Diesel/CNG/Hybrid,40,Mercedes-Benz,Mercedes-Benz,Germany,South,IN-KL,State,"Kerala, India",Apr,4,Q2,30,False,False
2026-05-01,Kerala,MERCEDES-BENZ INDIA PVT LTD,Petrol/Diesel/CNG/Hybrid,46,Mercedes-Benz,Mercedes-Benz,Germany,South,IN-KL,State,"Kerala, India",May,5,Q2,31,False,False
2026-06-01,Kerala,MERCEDES-BENZ INDIA PVT LTD,Petrol/Diesel/CNG/Hybrid,11,Mercedes-Benz,Mercedes-Benz,Germany,South,IN-KL,State,"Kerala, India",Jun,6,Q2,17,True,False
2026-01-01,Kerala,NISSAN MOTOR INDIA PVT LTD,Petrol/Diesel/CNG/Hybrid,350,Nissan,Nissan,Japan,South,IN-KL,State,"Kerala, India",Jan,1,Q1,31,False,False
2026-02-01,Kerala,NISSAN MOTOR INDIA PVT LTD,Petrol/Diesel/CNG/Hybrid,270,Nissan,Nissan,Japan,South,IN-KL,State,"Kerala, India",Feb,2,Q1,28,False,False
2026-03-01,Kerala,NISSAN MOTOR INDIA PVT LTD,Petrol/Diesel/CNG/Hybrid,292,Nissan,Nissan,Japan,South,IN-KL,State,"Kerala, India",Mar,3,Q1,31,False,False
2026-04-01,Kerala,NISSAN MOTOR INDIA PVT LTD,Petrol/Diesel/CNG/Hybrid,368,Nissan,Nissan,Japan,South,IN-KL,State,"Kerala, India",Apr,4,Q2,30,False,False
2026-05-01,Kerala,NISSAN MOTOR INDIA PVT LTD,Petrol/Diesel/CNG/Hybrid,341,Nissan,Nissan,Japan,South,IN-KL,State,"Kerala, India",May,5,Q2,31,False,False
2026-06-01,Kerala,NISSAN MOTOR INDIA PVT LTD,Petrol/Diesel/CNG/Hybrid,145,Nissan,Nissan,Japan,South,IN-KL,State,"Kerala, India",Jun,6,Q2,17,True,False
2026-01-01,Kerala,PORSCHE AG GERMANY,Petrol/Diesel/CNG/Hybrid,2,Porsche,Volkswagen Group,Germany,South,IN-KL,State,"Kerala, India",Jan,1,Q1,31,False,False
2026-03-01,Kerala,PORSCHE AG GERMANY,Petrol/Diesel/CNG/Hybrid,2,Porsche,Volkswagen Group,Germany,South,IN-KL,State,"Kerala, India",Mar,3,Q1,31,False,False
2026-04-01,Kerala,PORSCHE AG GERMANY,Petrol/Diesel/CNG/Hybrid,4,Porsche,Volkswagen Group,Germany,South,IN-KL,State,"Kerala, India",Apr,4,Q2,30,False,False
2026-05-01,Kerala,PORSCHE AG GERMANY,Petrol/Diesel/CNG/Hybrid,1,Porsche,Volkswagen Group,Germany,South,IN-KL,State,"Kerala, India",May,5,Q2,31,False,False
2026-01-01,Kerala,RENAULT INDIA PVT LTD,Petrol/Diesel/CNG/Hybrid,267,Renault,Renault,France,South,IN-KL,State,"Kerala, India",Jan,1,Q1,31,False,False
2026-02-01,Kerala,RENAULT INDIA PVT LTD,Petrol/Diesel/CNG/Hybrid,193,Renault,Renault,France,South,IN-KL,State,"Kerala, India",Feb,2,Q1,28,False,False
2026-03-01,Kerala,RENAULT INDIA PVT LTD,Petrol/Diesel/CNG/Hybrid,181,Renault,Renault,France,South,IN-KL,State,"Kerala, India",Mar,3,Q1,31,False,False
2026-04-01,Kerala,RENAULT INDIA PVT LTD,Petrol/Diesel/CNG/Hybrid,202,Renault,Renault,France,South,IN-KL,State,"Kerala, India",Apr,4,Q2,30,False,False
2026-05-01,Kerala,RENAULT INDIA PVT LTD,Petrol/Diesel/CNG/Hybrid,285,Renault,Renault,France,South,IN-KL,State,"Kerala, India",May,5,Q2,31,False,False
2026-06-01,Kerala,RENAULT INDIA PVT LTD,Petrol/Diesel/CNG/Hybrid,124,Renault,Renault,France,South,IN-KL,State,"Kerala, India",Jun,6,Q2,17,True,False
2026-01-01,Kerala,SKODA AUTO AS,Petrol/Diesel/CNG/Hybrid,1,Skoda-VW,Volkswagen Group,Germany,South,IN-KL,State,"Kerala, India",Jan,1,Q1,31,False,False
2026-03-01,Kerala,SKODA AUTO AS,Petrol/Diesel/CNG/Hybrid,2,Skoda-VW,Volkswagen Group,Germany,South,IN-KL,State,"Kerala, India",Mar,3,Q1,31,False,False
2026-04-01,Kerala,SKODA AUTO AS,Petrol/Diesel/CNG/Hybrid,1,Skoda-VW,Volkswagen Group,Germany,South,IN-KL,State,"Kerala, India",Apr,4,Q2,30,False,False
2026-01-01,Kerala,SKODA AUTO VOLKSWAGEN INDIA PVT LTD,Petrol/Diesel/CNG/Hybrid,672,Skoda-VW,Volkswagen Group,Germany,South,IN-KL,State,"Kerala, India",Jan,1,Q1,31,False,False
2026-02-01,Kerala,SKODA AUTO VOLKSWAGEN INDIA PVT LTD,Petrol/Diesel/CNG/Hybrid,465,Skoda-VW,Volkswagen Group,Germany,South,IN-KL,State,"Kerala, India",Feb,2,Q1,28,False,False
2026-03-01,Kerala,SKODA AUTO VOLKSWAGEN INDIA PVT LTD,Petrol/Diesel/CNG/Hybrid,567,Skoda-VW,Volkswagen Group,Germany,South,IN-KL,State,"Kerala, India",Mar,3,Q1,31,False,False
2026-04-01,Kerala,SKODA AUTO VOLKSWAGEN INDIA PVT LTD,Petrol/Diesel/CNG/Hybrid,590,Skoda-VW,Volkswagen Group,Germany,South,IN-KL,State,"Kerala, India",Apr,4,Q2,30,False,False
2026-05-01,Kerala,SKODA AUTO VOLKSWAGEN INDIA PVT LTD,Petrol/Diesel/CNG/Hybrid,541,Skoda-VW,Volkswagen Group,Germany,South,IN-KL,State,"Kerala, India",May,5,Q2,31,False,False
2026-06-01,Kerala,SKODA AUTO VOLKSWAGEN INDIA PVT LTD,Petrol/Diesel/CNG/Hybrid,220,Skoda-VW,Volkswagen Group,Germany,South,IN-KL,State,"Kerala, India",Jun,6,Q2,17,True,False
2026-01-01,Kerala,STELLANTIS AUTOMOBILES INDIA PVT LTD,Petrol/Diesel/CNG/Hybrid,101,Stellantis (Jeep/Citroen),Stellantis,Netherlands,South,IN-KL,State,"Kerala, India",Jan,1,Q1,31,False,False
2026-02-01,Kerala,STELLANTIS AUTOMOBILES INDIA PVT LTD,Petrol/Diesel/CNG/Hybrid,73,Stellantis (Jeep/Citroen),Stellantis,Netherlands,South,IN-KL,State,"Kerala, India",Feb,2,Q1,28,False,False
2026-03-01,Kerala,STELLANTIS AUTOMOBILES INDIA PVT LTD,Petrol/Diesel/CNG/Hybrid,66,Stellantis (Jeep/Citroen),Stellantis,Netherlands,South,IN-KL,State,"Kerala, India",Mar,3,Q1,31,False,False
2026-04-01,Kerala,STELLANTIS AUTOMOBILES INDIA PVT LTD,Petrol/Diesel/CNG/Hybrid,53,Stellantis (Jeep/Citroen),Stellantis,Netherlands,South,IN-KL,State,"Kerala, India",Apr,4,Q2,30,False,False
2026-05-01,Kerala,STELLANTIS AUTOMOBILES INDIA PVT LTD,Petrol/Diesel/CNG/Hybrid,51,Stellantis (Jeep/Citroen),Stellantis,Netherlands,South,IN-KL,State,"Kerala, India",May,5,Q2,31,False,False
2026-06-01,Kerala,STELLANTIS AUTOMOBILES INDIA PVT LTD,Petrol/Diesel/CNG/Hybrid,21,Stellantis (Jeep/Citroen),Stellantis,Netherlands,South,IN-KL,State,"Kerala, India",Jun,6,Q2,17,True,False
2026-01-01,Kerala,STELLANTIS INDIA PVT LTD,Petrol/Diesel/CNG/Hybrid,15,Stellantis (Jeep/Citroen),Stellantis,Netherlands,South,IN-KL,State,"Kerala, India",Jan,1,Q1,31,False,False
2026-02-01,Kerala,STELLANTIS INDIA PVT LTD,Petrol/Diesel/CNG/Hybrid,10,Stellantis (Jeep/Citroen),Stellantis,Netherlands,South,IN-KL,State,"Kerala, India",Feb,2,Q1,28,False,False
2026-03-01,Kerala,STELLANTIS INDIA PVT LTD,Petrol/Diesel/CNG/Hybrid,14,Stellantis (Jeep/Citroen),Stellantis,Netherlands,South,IN-KL,State,"Kerala, India",Mar,3,Q1,31,False,False
2026-04-01,Kerala,STELLANTIS INDIA PVT LTD,Petrol/Diesel/CNG/Hybrid,11,Stellantis (Jeep/Citroen),Stellantis,Netherlands,South,IN-KL,State,"Kerala, India",Apr,4,Q2,30,False,False
2026-05-01,Kerala,STELLANTIS INDIA PVT LTD,Petrol/Diesel/CNG/Hybrid,8,Stellantis (Jeep/Citroen),Stellantis,Netherlands,South,IN-KL,State,"Kerala, India",May,5,Q2,31,False,False
2026-06-01,Kerala,STELLANTIS INDIA PVT LTD,Petrol/Diesel/CNG/Hybrid,8,Stellantis (Jeep/Citroen),Stellantis,Netherlands,South,IN-KL,State,"Kerala, India",Jun,6,Q2,17,True,False
2026-01-01,Kerala,TATA MOTORS LTD,Petrol/Diesel/CNG/Hybrid,5,Tata,Tata Motors,India,South,IN-KL,State,"Kerala, India",Jan,1,Q1,31,False,False
2026-02-01,Kerala,TATA MOTORS LTD,Petrol/Diesel/CNG/Hybrid,6,Tata,Tata Motors,India,South,IN-KL,State,"Kerala, India",Feb,2,Q1,28,False,False
2026-03-01,Kerala,TATA MOTORS LTD,Petrol/Diesel/CNG/Hybrid,5,Tata,Tata Motors,India,South,IN-KL,State,"Kerala, India",Mar,3,Q1,31,False,False
2026-04-01,Kerala,TATA MOTORS LTD,Petrol/Diesel/CNG/Hybrid,12,Tata,Tata Motors,India,South,IN-KL,State,"Kerala, India",Apr,4,Q2,30,False,False
2026-05-01,Kerala,TATA MOTORS LTD,Petrol/Diesel/CNG/Hybrid,12,Tata,Tata Motors,India,South,IN-KL,State,"Kerala, India",May,5,Q2,31,False,False
2026-06-01,Kerala,TATA MOTORS LTD,Petrol/Diesel/CNG/Hybrid,3,Tata,Tata Motors,India,South,IN-KL,State,"Kerala, India",Jun,6,Q2,17,True,False
2026-01-01,Kerala,TATA MOTORS PASSENGER VEHICLES LTD,Petrol/Diesel/CNG/Hybrid,1406,Tata,Tata Motors,India,South,IN-KL,State,"Kerala, India",Jan,1,Q1,31,False,False
2026-02-01,Kerala,TATA MOTORS PASSENGER VEHICLES LTD,Petrol/Diesel/CNG/Hybrid,1222,Tata,Tata Motors,India,South,IN-KL,State,"Kerala, India",Feb,2,Q1,28,False,False
2026-03-01,Kerala,TATA MOTORS PASSENGER VEHICLES LTD,Petrol/Diesel/CNG/Hybrid,1512,Tata,Tata Motors,India,South,IN-KL,State,"Kerala, India",Mar,3,Q1,31,False,False
2026-04-01,Kerala,TATA MOTORS PASSENGER VEHICLES LTD,Petrol/Diesel/CNG/Hybrid,1449,Tata,Tata Motors,India,South,IN-KL,State,"Kerala, India",Apr,4,Q2,30,False,False
2026-05-01,Kerala,TATA MOTORS PASSENGER VEHICLES LTD,Petrol/Diesel/CNG/Hybrid,1296,Tata,Tata Motors,India,South,IN-KL,State,"Kerala, India",May,5,Q2,31,False,False
2026-06-01,Kerala,TATA MOTORS PASSENGER VEHICLES LTD,Petrol/Diesel/CNG/Hybrid,542,Tata,Tata Motors,India,South,IN-KL,State,"Kerala, India",Jun,6,Q2,17,True,False
2026-01-01,Kerala,TATA PASSENGER ELECTRIC MOBILITY LTD,Petrol/Diesel/CNG/Hybrid,73,Tata,Tata Motors,India,South,IN-KL,State,"Kerala, India",Jan,1,Q1,31,False,False
2026-02-01,Kerala,TATA PASSENGER ELECTRIC MOBILITY LTD,Petrol/Diesel/CNG/Hybrid,15,Tata,Tata Motors,India,South,IN-KL,State,"Kerala, India",Feb,2,Q1,28,False,False
2026-03-01,Kerala,TATA PASSENGER ELECTRIC MOBILITY LTD,Petrol/Diesel/CNG/Hybrid,6,Tata,Tata Motors,India,South,IN-KL,State,"Kerala, India",Mar,3,Q1,31,False,False
2026-05-01,Kerala,TATA PASSENGER ELECTRIC MOBILITY LTD,Petrol/Diesel/CNG/Hybrid,2,Tata,Tata Motors,India,South,IN-KL,State,"Kerala, India",May,5,Q2,31,False,False
2026-01-01,Kerala,TOYOTA KIRLOSKAR MOTOR PVT LTD,Petrol/Diesel/CNG/Hybrid,2961,Toyota,Toyota,Japan,South,IN-KL,State,"Kerala, India",Jan,1,Q1,31,False,False
2026-02-01,Kerala,TOYOTA KIRLOSKAR MOTOR PVT LTD,Petrol/Diesel/CNG/Hybrid,1868,Toyota,Toyota,Japan,South,IN-KL,State,"Kerala, India",Feb,2,Q1,28,False,False
2026-03-01,Kerala,TOYOTA KIRLOSKAR MOTOR PVT LTD,Petrol/Diesel/CNG/Hybrid,1900,Toyota,Toyota,Japan,South,IN-KL,State,"Kerala, India",Mar,3,Q1,31,False,False
2026-04-01,Kerala,TOYOTA KIRLOSKAR MOTOR PVT LTD,Petrol/Diesel/CNG/Hybrid,1923,Toyota,Toyota,Japan,South,IN-KL,State,"Kerala, India",Apr,4,Q2,30,False,False
2026-05-01,Kerala,TOYOTA KIRLOSKAR MOTOR PVT LTD,Petrol/Diesel/CNG/Hybrid,1782,Toyota,Toyota,Japan,South,IN-KL,State,"Kerala, India",May,5,Q2,31,False,False
2026-06-01,Kerala,TOYOTA KIRLOSKAR MOTOR PVT LTD,Petrol/Diesel/CNG/Hybrid,766,Toyota,Toyota,Japan,South,IN-KL,State,"Kerala, India",Jun,6,Q2,17,True,False
2026-01-01,Kerala,VOLKSWAGEN AG,Petrol/Diesel/CNG/Hybrid,7,Skoda-VW,Volkswagen Group,Germany,South,IN-KL,State,"Kerala, India",Jan,1,Q1,31,False,False
2026-02-01,Kerala,VOLKSWAGEN AG,Petrol/Diesel/CNG/Hybrid,5,Skoda-VW,Volkswagen Group,Germany,South,IN-KL,State,"Kerala, India",Feb,2,Q1,28,False,False
2026-03-01,Kerala,VOLKSWAGEN AG,Petrol/Diesel/CNG/Hybrid,3,Skoda-VW,Volkswagen Group,Germany,South,IN-KL,State,"Kerala, India",Mar,3,Q1,31,False,False
2026-04-01,Kerala,VOLKSWAGEN AG,Petrol/Diesel/CNG/Hybrid,3,Skoda-VW,Volkswagen Group,Germany,South,IN-KL,State,"Kerala, India",Apr,4,Q2,30,False,False
2026-05-01,Kerala,VOLKSWAGEN AG,Petrol/Diesel/CNG/Hybrid,1,Skoda-VW,Volkswagen Group,Germany,South,IN-KL,State,"Kerala, India",May,5,Q2,31,False,False
2026-06-01,Kerala,VOLKSWAGEN AG,Petrol/Diesel/CNG/Hybrid,1,Skoda-VW,Volkswagen Group,Germany,South,IN-KL,State,"Kerala, India",Jun,6,Q2,17,True,False
2026-01-01,Kerala,VOLVO AUTO INDIA PVT LTD,Petrol/Diesel/CNG/Hybrid,6,Volvo,Geely,Sweden,South,IN-KL,State,"Kerala, India",Jan,1,Q1,31,False,False
2026-02-01,Kerala,VOLVO AUTO INDIA PVT LTD,Petrol/Diesel/CNG/Hybrid,2,Volvo,Geely,Sweden,South,IN-KL,State,"Kerala, India",Feb,2,Q1,28,False,False
2026-03-01,Kerala,VOLVO AUTO INDIA PVT LTD,Petrol/Diesel/CNG/Hybrid,6,Volvo,Geely,Sweden,South,IN-KL,State,"Kerala, India",Mar,3,Q1,31,False,False
2026-04-01,Kerala,VOLVO AUTO INDIA PVT LTD,Petrol/Diesel/CNG/Hybrid,4,Volvo,Geely,Sweden,South,IN-KL,State,"Kerala, India",Apr,4,Q2,30,False,False
2026-05-01,Kerala,VOLVO AUTO INDIA PVT LTD,Petrol/Diesel/CNG/Hybrid,3,Volvo,Geely,Sweden,South,IN-KL,State,"Kerala, India",May,5,Q2,31,False,False
2026-06-01,Kerala,VOLVO AUTO INDIA PVT LTD,Petrol/Diesel/CNG/Hybrid,2,Volvo,Geely,Sweden,South,IN-KL,State,"Kerala, India",Jun,6,Q2,17,True,False
2026-03-01,Ladakh,HONDA CARS INDIA LTD,Petrol/Diesel/CNG/Hybrid,1,Honda,Honda,Japan,North,IN-LA,Union Territory,"Ladakh, India",Mar,3,Q1,31,False,False
2026-01-01,Ladakh,HYUNDAI MOTOR INDIA LTD,Petrol/Diesel/CNG/Hybrid,28,Hyundai,Hyundai,South Korea,North,IN-LA,Union Territory,"Ladakh, India",Jan,1,Q1,31,False,False
2026-02-01,Ladakh,HYUNDAI MOTOR INDIA LTD,Petrol/Diesel/CNG/Hybrid,9,Hyundai,Hyundai,South Korea,North,IN-LA,Union Territory,"Ladakh, India",Feb,2,Q1,28,False,False
2026-03-01,Ladakh,HYUNDAI MOTOR INDIA LTD,Petrol/Diesel/CNG/Hybrid,30,Hyundai,Hyundai,South Korea,North,IN-LA,Union Territory,"Ladakh, India",Mar,3,Q1,31,False,False
2026-04-01,Ladakh,HYUNDAI MOTOR INDIA LTD,Petrol/Diesel/CNG/Hybrid,55,Hyundai,Hyundai,South Korea,North,IN-LA,Union Territory,"Ladakh, India",Apr,4,Q2,30,False,False
2026-05-01,Ladakh,HYUNDAI MOTOR INDIA LTD,Petrol/Diesel/CNG/Hybrid,53,Hyundai,Hyundai,South Korea,North,IN-LA,Union Territory,"Ladakh, India",May,5,Q2,31,False,False
2026-06-01,Ladakh,HYUNDAI MOTOR INDIA LTD,Petrol/Diesel/CNG/Hybrid,41,Hyundai,Hyundai,South Korea,North,IN-LA,Union Territory,"Ladakh, India",Jun,6,Q2,17,True,False
2026-04-01,Ladakh,ISUZU MOTORS INDIA PVT LTD,Petrol/Diesel/CNG/Hybrid,4,Isuzu,Isuzu,Japan,North,IN-LA,Union Territory,"Ladakh, India",Apr,4,Q2,30,False,False
2026-05-01,Ladakh,ISUZU MOTORS INDIA PVT LTD,Petrol/Diesel/CNG/Hybrid,2,Isuzu,Isuzu,Japan,North,IN-LA,Union Territory,"Ladakh, India",May,5,Q2,31,False,False
2026-01-01,Ladakh,KIA INDIA PRIVATE LIMITED,Petrol/Diesel/CNG/Hybrid,8,Kia,Hyundai,South Korea,North,IN-LA,Union Territory,"Ladakh, India",Jan,1,Q1,31,False,False
2026-02-01,Ladakh,KIA INDIA PRIVATE LIMITED,Petrol/Diesel/CNG/Hybrid,3,Kia,Hyundai,South Korea,North,IN-LA,Union Territory,"Ladakh, India",Feb,2,Q1,28,False,False
2026-03-01,Ladakh,KIA INDIA PRIVATE LIMITED,Petrol/Diesel/CNG/Hybrid,4,Kia,Hyundai,South Korea,North,IN-LA,Union Territory,"Ladakh, India",Mar,3,Q1,31,False,False
2026-04-01,Ladakh,KIA INDIA PRIVATE LIMITED,Petrol/Diesel/CNG/Hybrid,4,Kia,Hyundai,South Korea,North,IN-LA,Union Territory,"Ladakh, India",Apr,4,Q2,30,False,False
2026-05-01,Ladakh,KIA INDIA PRIVATE LIMITED,Petrol/Diesel/CNG/Hybrid,4,Kia,Hyundai,South Korea,North,IN-LA,Union Territory,"Ladakh, India",May,5,Q2,31,False,False
2026-06-01,Ladakh,KIA INDIA PRIVATE LIMITED,Petrol/Diesel/CNG/Hybrid,7,Kia,Hyundai,South Korea,North,IN-LA,Union Territory,"Ladakh, India",Jun,6,Q2,17,True,False
2026-01-01,Ladakh,MAHINDRA & MAHINDRA LIMITED,Petrol/Diesel/CNG/Hybrid,24,Mahindra,Mahindra,India,North,IN-LA,Union Territory,"Ladakh, India",Jan,1,Q1,31,False,False
2026-02-01,Ladakh,MAHINDRA & MAHINDRA LIMITED,Petrol/Diesel/CNG/Hybrid,25,Mahindra,Mahindra,India,North,IN-LA,Union Territory,"Ladakh, India",Feb,2,Q1,28,False,False
2026-03-01,Ladakh,MAHINDRA & MAHINDRA LIMITED,Petrol/Diesel/CNG/Hybrid,36,Mahindra,Mahindra,India,North,IN-LA,Union Territory,"Ladakh, India",Mar,3,Q1,31,False,False
2026-04-01,Ladakh,MAHINDRA & MAHINDRA LIMITED,Petrol/Diesel/CNG/Hybrid,57,Mahindra,Mahindra,India,North,IN-LA,Union Territory,"Ladakh, India",Apr,4,Q2,30,False,False
2026-05-01,Ladakh,MAHINDRA & MAHINDRA LIMITED,Petrol/Diesel/CNG/Hybrid,63,Mahindra,Mahindra,India,North,IN-LA,Union Territory,"Ladakh, India",May,5,Q2,31,False,False
2026-06-01,Ladakh,MAHINDRA & MAHINDRA LIMITED,Petrol/Diesel/CNG/Hybrid,41,Mahindra,Mahindra,India,North,IN-LA,Union Territory,"Ladakh, India",Jun,6,Q2,17,True,False
2026-01-01,Ladakh,MARUTI SUZUKI INDIA LTD,Petrol/Diesel/CNG/Hybrid,141,Maruti Suzuki,Suzuki,Japan,North,IN-LA,Union Territory,"Ladakh, India",Jan,1,Q1,31,False,False
2026-02-01,Ladakh,MARUTI SUZUKI INDIA LTD,Petrol/Diesel/CNG/Hybrid,25,Maruti Suzuki,Suzuki,Japan,North,IN-LA,Union Territory,"Ladakh, India",Feb,2,Q1,28,False,False
2026-03-01,Ladakh,MARUTI SUZUKI INDIA LTD,Petrol/Diesel/CNG/Hybrid,36,Maruti Suzuki,Suzuki,Japan,North,IN-LA,Union Territory,"Ladakh, India",Mar,3,Q1,31,False,False
2026-04-01,Ladakh,MARUTI SUZUKI INDIA LTD,Petrol/Diesel/CNG/Hybrid,212,Maruti Suzuki,Suzuki,Japan,North,IN-LA,Union Territory,"Ladakh, India",Apr,4,Q2,30,False,False
2026-05-01,Ladakh,MARUTI SUZUKI INDIA LTD,Petrol/Diesel/CNG/Hybrid,248,Maruti Suzuki,Suzuki,Japan,North,IN-LA,Union Territory,"Ladakh, India",May,5,Q2,31,False,False
2026-06-01,Ladakh,MARUTI SUZUKI INDIA LTD,Petrol/Diesel/CNG/Hybrid,150,Maruti Suzuki,Suzuki,Japan,North,IN-LA,Union Territory,"Ladakh, India",Jun,6,Q2,17,True,False
2026-06-01,Ladakh,RENAULT INDIA PVT LTD,Petrol/Diesel/CNG/Hybrid,1,Renault,Renault,France,North,IN-LA,Union Territory,"Ladakh, India",Jun,6,Q2,17,True,False
2026-01-01,Ladakh,SKODA AUTO VOLKSWAGEN INDIA PVT LTD,Petrol/Diesel/CNG/Hybrid,1,Skoda-VW,Volkswagen Group,Germany,North,IN-LA,Union Territory,"Ladakh, India",Jan,1,Q1,31,False,False
2026-06-01,Ladakh,SKODA AUTO VOLKSWAGEN INDIA PVT LTD,Petrol/Diesel/CNG/Hybrid,1,Skoda-VW,Volkswagen Group,Germany,North,IN-LA,Union Territory,"Ladakh, India",Jun,6,Q2,17,True,False
2026-06-01,Ladakh,TATA MOTORS LTD,Petrol/Diesel/CNG/Hybrid,5,Tata,Tata Motors,India,North,IN-LA,Union Territory,"Ladakh, India",Jun,6,Q2,17,True,False
2026-01-01,Ladakh,TATA MOTORS PASSENGER VEHICLES LTD,Petrol/Diesel/CNG/Hybrid,19,Tata,Tata Motors,India,North,IN-LA,Union Territory,"Ladakh, India",Jan,1,Q1,31,False,False
2026-02-01,Ladakh,TATA MOTORS PASSENGER VEHICLES LTD,Petrol/Diesel/CNG/Hybrid,11,Tata,Tata Motors,India,North,IN-LA,Union Territory,"Ladakh, India",Feb,2,Q1,28,False,False
2026-03-01,Ladakh,TATA MOTORS PASSENGER VEHICLES LTD,Petrol/Diesel/CNG/Hybrid,10,Tata,Tata Motors,India,North,IN-LA,Union Territory,"Ladakh, India",Mar,3,Q1,31,False,False
2026-04-01,Ladakh,TATA MOTORS PASSENGER VEHICLES LTD,Petrol/Diesel/CNG/Hybrid,20,Tata,Tata Motors,India,North,IN-LA,Union Territory,"Ladakh, India",Apr,4,Q2,30,False,False
2026-05-01,Ladakh,TATA MOTORS PASSENGER VEHICLES LTD,Petrol/Diesel/CNG/Hybrid,19,Tata,Tata Motors,India,North,IN-LA,Union Territory,"Ladakh, India",May,5,Q2,31,False,False
2026-06-01,Ladakh,TATA MOTORS PASSENGER VEHICLES LTD,Petrol/Diesel/CNG/Hybrid,12,Tata,Tata Motors,India,North,IN-LA,Union Territory,"Ladakh, India",Jun,6,Q2,17,True,False
2026-01-01,Ladakh,TOYOTA KIRLOSKAR MOTOR PVT LTD,Petrol/Diesel/CNG/Hybrid,13,Toyota,Toyota,Japan,North,IN-LA,Union Territory,"Ladakh, India",Jan,1,Q1,31,False,False
2026-02-01,Ladakh,TOYOTA KIRLOSKAR MOTOR PVT LTD,Petrol/Diesel/CNG/Hybrid,6,Toyota,Toyota,Japan,North,IN-LA,Union Territory,"Ladakh, India",Feb,2,Q1,28,False,False
2026-03-01,Ladakh,TOYOTA KIRLOSKAR MOTOR PVT LTD,Petrol/Diesel/CNG/Hybrid,8,Toyota,Toyota,Japan,North,IN-LA,Union Territory,"Ladakh, India",Mar,3,Q1,31,False,False
2026-04-01,Ladakh,TOYOTA KIRLOSKAR MOTOR PVT LTD,Petrol/Diesel/CNG/Hybrid,14,Toyota,Toyota,Japan,North,IN-LA,Union Territory,"Ladakh, India",Apr,4,Q2,30,False,False
2026-05-01,Ladakh,TOYOTA KIRLOSKAR MOTOR PVT LTD,Petrol/Diesel/CNG/Hybrid,18,Toyota,Toyota,Japan,North,IN-LA,Union Territory,"Ladakh, India",May,5,Q2,31,False,False
2026-06-01,Ladakh,TOYOTA KIRLOSKAR MOTOR PVT LTD,Petrol/Diesel/CNG/Hybrid,13,Toyota,Toyota,Japan,North,IN-LA,Union Territory,"Ladakh, India",Jun,6,Q2,17,True,False
2026-01-01,Lakshadweep,HYUNDAI MOTOR INDIA LTD,Petrol/Diesel/CNG/Hybrid,1,Hyundai,Hyundai,South Korea,South,IN-LD,Union Territory,"Lakshadweep, India",Jan,1,Q1,31,False,False
2026-03-01,Lakshadweep,HYUNDAI MOTOR INDIA LTD,Petrol/Diesel/CNG/Hybrid,1,Hyundai,Hyundai,South Korea,South,IN-LD,Union Territory,"Lakshadweep, India",Mar,3,Q1,31,False,False
2026-04-01,Lakshadweep,HYUNDAI MOTOR INDIA LTD,Petrol/Diesel/CNG/Hybrid,1,Hyundai,Hyundai,South Korea,South,IN-LD,Union Territory,"Lakshadweep, India",Apr,4,Q2,30,False,False
2026-01-01,Lakshadweep,KIA INDIA PRIVATE LIMITED,Petrol/Diesel/CNG/Hybrid,1,Kia,Hyundai,South Korea,South,IN-LD,Union Territory,"Lakshadweep, India",Jan,1,Q1,31,False,False
2026-04-01,Lakshadweep,KIA INDIA PRIVATE LIMITED,Petrol/Diesel/CNG/Hybrid,1,Kia,Hyundai,South Korea,South,IN-LD,Union Territory,"Lakshadweep, India",Apr,4,Q2,30,False,False
2026-06-01,Lakshadweep,KIA INDIA PRIVATE LIMITED,Petrol/Diesel/CNG/Hybrid,1,Kia,Hyundai,South Korea,South,IN-LD,Union Territory,"Lakshadweep, India",Jun,6,Q2,17,True,False
2026-02-01,Lakshadweep,MARUTI SUZUKI INDIA LTD,Petrol/Diesel/CNG/Hybrid,1,Maruti Suzuki,Suzuki,Japan,South,IN-LD,Union Territory,"Lakshadweep, India",Feb,2,Q1,28,False,False
2026-03-01,Lakshadweep,MARUTI SUZUKI INDIA LTD,Petrol/Diesel/CNG/Hybrid,2,Maruti Suzuki,Suzuki,Japan,South,IN-LD,Union Territory,"Lakshadweep, India",Mar,3,Q1,31,False,False
2026-04-01,Lakshadweep,MARUTI SUZUKI INDIA LTD,Petrol/Diesel/CNG/Hybrid,2,Maruti Suzuki,Suzuki,Japan,South,IN-LD,Union Territory,"Lakshadweep, India",Apr,4,Q2,30,False,False
2026-06-01,Lakshadweep,MARUTI SUZUKI INDIA LTD,Petrol/Diesel/CNG/Hybrid,9,Maruti Suzuki,Suzuki,Japan,South,IN-LD,Union Territory,"Lakshadweep, India",Jun,6,Q2,17,True,False
2026-05-01,Lakshadweep,RENAULT INDIA PVT LTD,Petrol/Diesel/CNG/Hybrid,1,Renault,Renault,France,South,IN-LD,Union Territory,"Lakshadweep, India",May,5,Q2,31,False,False
2026-06-01,Lakshadweep,RENAULT INDIA PVT LTD,Petrol/Diesel/CNG/Hybrid,4,Renault,Renault,France,South,IN-LD,Union Territory,"Lakshadweep, India",Jun,6,Q2,17,True,False
2026-06-01,Lakshadweep,SKODA AUTO VOLKSWAGEN INDIA PVT LTD,Petrol/Diesel/CNG/Hybrid,1,Skoda-VW,Volkswagen Group,Germany,South,IN-LD,Union Territory,"Lakshadweep, India",Jun,6,Q2,17,True,False
2026-02-01,Lakshadweep,TATA MOTORS PASSENGER VEHICLES LTD,Petrol/Diesel/CNG/Hybrid,1,Tata,Tata Motors,India,South,IN-LD,Union Territory,"Lakshadweep, India",Feb,2,Q1,28,False,False
2026-03-01,Lakshadweep,TOYOTA KIRLOSKAR MOTOR PVT LTD,Petrol/Diesel/CNG/Hybrid,2,Toyota,Toyota,Japan,South,IN-LD,Union Territory,"Lakshadweep, India",Mar,3,Q1,31,False,False
2026-04-01,Lakshadweep,TOYOTA KIRLOSKAR MOTOR PVT LTD,Petrol/Diesel/CNG/Hybrid,1,Toyota,Toyota,Japan,South,IN-LD,Union Territory,"Lakshadweep, India",Apr,4,Q2,30,False,False
2026-05-01,Lakshadweep,TOYOTA KIRLOSKAR MOTOR PVT LTD,Petrol/Diesel/CNG/Hybrid,1,Toyota,Toyota,Japan,South,IN-LD,Union Territory,"Lakshadweep, India",May,5,Q2,31,False,False
2026-04-01,Madhya Pradesh,BENTLEY MOTORS LTD (SAVWIPL),Petrol/Diesel/CNG/Hybrid,1,Bentley,Volkswagen Group,UK,Central,IN-MP,State,"Madhya Pradesh, India",Apr,4,Q2,30,False,False
2026-01-01,Madhya Pradesh,BMW INDIA PVT LTD,Petrol/Diesel/CNG/Hybrid,13,BMW,BMW Group,Germany,Central,IN-MP,State,"Madhya Pradesh, India",Jan,1,Q1,31,False,False
2026-02-01,Madhya Pradesh,BMW INDIA PVT LTD,Petrol/Diesel/CNG/Hybrid,30,BMW,BMW Group,Germany,Central,IN-MP,State,"Madhya Pradesh, India",Feb,2,Q1,28,False,False
2026-03-01,Madhya Pradesh,BMW INDIA PVT LTD,Petrol/Diesel/CNG/Hybrid,26,BMW,BMW Group,Germany,Central,IN-MP,State,"Madhya Pradesh, India",Mar,3,Q1,31,False,False
2026-04-01,Madhya Pradesh,BMW INDIA PVT LTD,Petrol/Diesel/CNG/Hybrid,12,BMW,BMW Group,Germany,Central,IN-MP,State,"Madhya Pradesh, India",Apr,4,Q2,30,False,False
2026-05-01,Madhya Pradesh,BMW INDIA PVT LTD,Petrol/Diesel/CNG/Hybrid,11,BMW,BMW Group,Germany,Central,IN-MP,State,"Madhya Pradesh, India",May,5,Q2,31,False,False
2026-04-01,Madhya Pradesh,FERRARI SPA (IMPORTER:SELECT CARS P LTD),Petrol/Diesel/CNG/Hybrid,1,Ferrari,Ferrari,Italy,Central,IN-MP,State,"Madhya Pradesh, India",Apr,4,Q2,30,False,False
2026-01-01,Madhya Pradesh,FORCE MOTORS LIMITED,Petrol/Diesel/CNG/Hybrid,38,Force,Force Motors,India,Central,IN-MP,State,"Madhya Pradesh, India",Jan,1,Q1,31,False,False
2026-02-01,Madhya Pradesh,FORCE MOTORS LIMITED,Petrol/Diesel/CNG/Hybrid,45,Force,Force Motors,India,Central,IN-MP,State,"Madhya Pradesh, India",Feb,2,Q1,28,False,False
2026-03-01,Madhya Pradesh,FORCE MOTORS LIMITED,Petrol/Diesel/CNG/Hybrid,59,Force,Force Motors,India,Central,IN-MP,State,"Madhya Pradesh, India",Mar,3,Q1,31,False,False
2026-04-01,Madhya Pradesh,FORCE MOTORS LIMITED,Petrol/Diesel/CNG/Hybrid,25,Force,Force Motors,India,Central,IN-MP,State,"Madhya Pradesh, India",Apr,4,Q2,30,False,False
2026-05-01,Madhya Pradesh,FORCE MOTORS LIMITED,Petrol/Diesel/CNG/Hybrid,16,Force,Force Motors,India,Central,IN-MP,State,"Madhya Pradesh, India",May,5,Q2,31,False,False
2026-06-01,Madhya Pradesh,FORCE MOTORS LIMITED,Petrol/Diesel/CNG/Hybrid,13,Force,Force Motors,India,Central,IN-MP,State,"Madhya Pradesh, India",Jun,6,Q2,17,True,False
2026-01-01,Madhya Pradesh,HONDA CARS INDIA LTD,Petrol/Diesel/CNG/Hybrid,157,Honda,Honda,Japan,Central,IN-MP,State,"Madhya Pradesh, India",Jan,1,Q1,31,False,False
2026-02-01,Madhya Pradesh,HONDA CARS INDIA LTD,Petrol/Diesel/CNG/Hybrid,143,Honda,Honda,Japan,Central,IN-MP,State,"Madhya Pradesh, India",Feb,2,Q1,28,False,False
2026-03-01,Madhya Pradesh,HONDA CARS INDIA LTD,Petrol/Diesel/CNG/Hybrid,179,Honda,Honda,Japan,Central,IN-MP,State,"Madhya Pradesh, India",Mar,3,Q1,31,False,False
2026-04-01,Madhya Pradesh,HONDA CARS INDIA LTD,Petrol/Diesel/CNG/Hybrid,61,Honda,Honda,Japan,Central,IN-MP,State,"Madhya Pradesh, India",Apr,4,Q2,30,False,False
2026-05-01,Madhya Pradesh,HONDA CARS INDIA LTD,Petrol/Diesel/CNG/Hybrid,58,Honda,Honda,Japan,Central,IN-MP,State,"Madhya Pradesh, India",May,5,Q2,31,False,False
2026-06-01,Madhya Pradesh,HONDA CARS INDIA LTD,Petrol/Diesel/CNG/Hybrid,33,Honda,Honda,Japan,Central,IN-MP,State,"Madhya Pradesh, India",Jun,6,Q2,17,True,False
2026-01-01,Madhya Pradesh,HYUNDAI MOTOR INDIA LTD,Petrol/Diesel/CNG/Hybrid,3203,Hyundai,Hyundai,South Korea,Central,IN-MP,State,"Madhya Pradesh, India",Jan,1,Q1,31,False,False
2026-02-01,Madhya Pradesh,HYUNDAI MOTOR INDIA LTD,Petrol/Diesel/CNG/Hybrid,2541,Hyundai,Hyundai,South Korea,Central,IN-MP,State,"Madhya Pradesh, India",Feb,2,Q1,28,False,False
2026-03-01,Madhya Pradesh,HYUNDAI MOTOR INDIA LTD,Petrol/Diesel/CNG/Hybrid,3496,Hyundai,Hyundai,South Korea,Central,IN-MP,State,"Madhya Pradesh, India",Mar,3,Q1,31,False,False
2026-04-01,Madhya Pradesh,HYUNDAI MOTOR INDIA LTD,Petrol/Diesel/CNG/Hybrid,1398,Hyundai,Hyundai,South Korea,Central,IN-MP,State,"Madhya Pradesh, India",Apr,4,Q2,30,False,False
2026-05-01,Madhya Pradesh,HYUNDAI MOTOR INDIA LTD,Petrol/Diesel/CNG/Hybrid,1481,Hyundai,Hyundai,South Korea,Central,IN-MP,State,"Madhya Pradesh, India",May,5,Q2,31,False,False
2026-06-01,Madhya Pradesh,HYUNDAI MOTOR INDIA LTD,Petrol/Diesel/CNG/Hybrid,542,Hyundai,Hyundai,South Korea,Central,IN-MP,State,"Madhya Pradesh, India",Jun,6,Q2,17,True,False
2026-01-01,Madhya Pradesh,ISUZU MOTORS INDIA PVT LTD,Petrol/Diesel/CNG/Hybrid,3,Isuzu,Isuzu,Japan,Central,IN-MP,State,"Madhya Pradesh, India",Jan,1,Q1,31,False,False
2026-02-01,Madhya Pradesh,ISUZU MOTORS INDIA PVT LTD,Petrol/Diesel/CNG/Hybrid,2,Isuzu,Isuzu,Japan,Central,IN-MP,State,"Madhya Pradesh, India",Feb,2,Q1,28,False,False
2026-03-01,Madhya Pradesh,ISUZU MOTORS INDIA PVT LTD,Petrol/Diesel/CNG/Hybrid,5,Isuzu,Isuzu,Japan,Central,IN-MP,State,"Madhya Pradesh, India",Mar,3,Q1,31,False,False
2026-06-01,Madhya Pradesh,ISUZU MOTORS INDIA PVT LTD,Petrol/Diesel/CNG/Hybrid,1,Isuzu,Isuzu,Japan,Central,IN-MP,State,"Madhya Pradesh, India",Jun,6,Q2,17,True,False
2026-01-01,Madhya Pradesh,JAGUAR LAND ROVER INDIA LIMITED,Petrol/Diesel/CNG/Hybrid,14,Jaguar Land Rover,Tata Motors,UK,Central,IN-MP,State,"Madhya Pradesh, India",Jan,1,Q1,31,False,False
2026-02-01,Madhya Pradesh,JAGUAR LAND ROVER INDIA LIMITED,Petrol/Diesel/CNG/Hybrid,27,Jaguar Land Rover,Tata Motors,UK,Central,IN-MP,State,"Madhya Pradesh, India",Feb,2,Q1,28,False,False
2026-03-01,Madhya Pradesh,JAGUAR LAND ROVER INDIA LIMITED,Petrol/Diesel/CNG/Hybrid,10,Jaguar Land Rover,Tata Motors,UK,Central,IN-MP,State,"Madhya Pradesh, India",Mar,3,Q1,31,False,False
2026-04-01,Madhya Pradesh,JAGUAR LAND ROVER INDIA LIMITED,Petrol/Diesel/CNG/Hybrid,10,Jaguar Land Rover,Tata Motors,UK,Central,IN-MP,State,"Madhya Pradesh, India",Apr,4,Q2,30,False,False
2026-05-01,Madhya Pradesh,JAGUAR LAND ROVER INDIA LIMITED,Petrol/Diesel/CNG/Hybrid,9,Jaguar Land Rover,Tata Motors,UK,Central,IN-MP,State,"Madhya Pradesh, India",May,5,Q2,31,False,False
2026-06-01,Madhya Pradesh,JAGUAR LAND ROVER INDIA LIMITED,Petrol/Diesel/CNG/Hybrid,1,Jaguar Land Rover,Tata Motors,UK,Central,IN-MP,State,"Madhya Pradesh, India",Jun,6,Q2,17,True,False
2026-01-01,Madhya Pradesh,JSW MG MOTOR INDIA PVT LTD,Petrol/Diesel/CNG/Hybrid,50,MG,JSW-SAIC,India / China,Central,IN-MP,State,"Madhya Pradesh, India",Jan,1,Q1,31,False,False
2026-02-01,Madhya Pradesh,JSW MG MOTOR INDIA PVT LTD,Petrol/Diesel/CNG/Hybrid,71,MG,JSW-SAIC,India / China,Central,IN-MP,State,"Madhya Pradesh, India",Feb,2,Q1,28,False,False
2026-03-01,Madhya Pradesh,JSW MG MOTOR INDIA PVT LTD,Petrol/Diesel/CNG/Hybrid,73,MG,JSW-SAIC,India / China,Central,IN-MP,State,"Madhya Pradesh, India",Mar,3,Q1,31,False,False
2026-04-01,Madhya Pradesh,JSW MG MOTOR INDIA PVT LTD,Petrol/Diesel/CNG/Hybrid,18,MG,JSW-SAIC,India / China,Central,IN-MP,State,"Madhya Pradesh, India",Apr,4,Q2,30,False,False
2026-05-01,Madhya Pradesh,JSW MG MOTOR INDIA PVT LTD,Petrol/Diesel/CNG/Hybrid,16,MG,JSW-SAIC,India / China,Central,IN-MP,State,"Madhya Pradesh, India",May,5,Q2,31,False,False
2026-06-01,Madhya Pradesh,JSW MG MOTOR INDIA PVT LTD,Petrol/Diesel/CNG/Hybrid,12,MG,JSW-SAIC,India / China,Central,IN-MP,State,"Madhya Pradesh, India",Jun,6,Q2,17,True,False
2026-01-01,Madhya Pradesh,KIA INDIA PRIVATE LIMITED,Petrol/Diesel/CNG/Hybrid,1795,Kia,Hyundai,South Korea,Central,IN-MP,State,"Madhya Pradesh, India",Jan,1,Q1,31,False,False
2026-02-01,Madhya Pradesh,KIA INDIA PRIVATE LIMITED,Petrol/Diesel/CNG/Hybrid,2112,Kia,Hyundai,South Korea,Central,IN-MP,State,"Madhya Pradesh, India",Feb,2,Q1,28,False,False
2026-03-01,Madhya Pradesh,KIA INDIA PRIVATE LIMITED,Petrol/Diesel/CNG/Hybrid,2987,Kia,Hyundai,South Korea,Central,IN-MP,State,"Madhya Pradesh, India",Mar,3,Q1,31,False,False
2026-04-01,Madhya Pradesh,KIA INDIA PRIVATE LIMITED,Petrol/Diesel/CNG/Hybrid,904,Kia,Hyundai,South Korea,Central,IN-MP,State,"Madhya Pradesh, India",Apr,4,Q2,30,False,False
2026-05-01,Madhya Pradesh,KIA INDIA PRIVATE LIMITED,Petrol/Diesel/CNG/Hybrid,780,Kia,Hyundai,South Korea,Central,IN-MP,State,"Madhya Pradesh, India",May,5,Q2,31,False,False
2026-06-01,Madhya Pradesh,KIA INDIA PRIVATE LIMITED,Petrol/Diesel/CNG/Hybrid,299,Kia,Hyundai,South Korea,Central,IN-MP,State,"Madhya Pradesh, India",Jun,6,Q2,17,True,False
2026-01-01,Madhya Pradesh,MAHINDRA & MAHINDRA LIMITED,Petrol/Diesel/CNG/Hybrid,3871,Mahindra,Mahindra,India,Central,IN-MP,State,"Madhya Pradesh, India",Jan,1,Q1,31,False,False
2026-02-01,Madhya Pradesh,MAHINDRA & MAHINDRA LIMITED,Petrol/Diesel/CNG/Hybrid,4604,Mahindra,Mahindra,India,Central,IN-MP,State,"Madhya Pradesh, India",Feb,2,Q1,28,False,False
2026-03-01,Madhya Pradesh,MAHINDRA & MAHINDRA LIMITED,Petrol/Diesel/CNG/Hybrid,5687,Mahindra,Mahindra,India,Central,IN-MP,State,"Madhya Pradesh, India",Mar,3,Q1,31,False,False
2026-04-01,Madhya Pradesh,MAHINDRA & MAHINDRA LIMITED,Petrol/Diesel/CNG/Hybrid,1885,Mahindra,Mahindra,India,Central,IN-MP,State,"Madhya Pradesh, India",Apr,4,Q2,30,False,False
2026-05-01,Madhya Pradesh,MAHINDRA & MAHINDRA LIMITED,Petrol/Diesel/CNG/Hybrid,1755,Mahindra,Mahindra,India,Central,IN-MP,State,"Madhya Pradesh, India",May,5,Q2,31,False,False
2026-06-01,Madhya Pradesh,MAHINDRA & MAHINDRA LIMITED,Petrol/Diesel/CNG/Hybrid,758,Mahindra,Mahindra,India,Central,IN-MP,State,"Madhya Pradesh, India",Jun,6,Q2,17,True,False
2026-01-01,Madhya Pradesh,MARUTI SUZUKI INDIA LTD,Petrol/Diesel/CNG/Hybrid,11038,Maruti Suzuki,Suzuki,Japan,Central,IN-MP,State,"Madhya Pradesh, India",Jan,1,Q1,31,False,False
2026-02-01,Madhya Pradesh,MARUTI SUZUKI INDIA LTD,Petrol/Diesel/CNG/Hybrid,9777,Maruti Suzuki,Suzuki,Japan,Central,IN-MP,State,"Madhya Pradesh, India",Feb,2,Q1,28,False,False
2026-03-01,Madhya Pradesh,MARUTI SUZUKI INDIA LTD,Petrol/Diesel/CNG/Hybrid,12179,Maruti Suzuki,Suzuki,Japan,Central,IN-MP,State,"Madhya Pradesh, India",Mar,3,Q1,31,False,False
2026-04-01,Madhya Pradesh,MARUTI SUZUKI INDIA LTD,Petrol/Diesel/CNG/Hybrid,5445,Maruti Suzuki,Suzuki,Japan,Central,IN-MP,State,"Madhya Pradesh, India",Apr,4,Q2,30,False,False
2026-05-01,Madhya Pradesh,MARUTI SUZUKI INDIA LTD,Petrol/Diesel/CNG/Hybrid,5893,Maruti Suzuki,Suzuki,Japan,Central,IN-MP,State,"Madhya Pradesh, India",May,5,Q2,31,False,False
2026-06-01,Madhya Pradesh,MARUTI SUZUKI INDIA LTD,Petrol/Diesel/CNG/Hybrid,3118,Maruti Suzuki,Suzuki,Japan,Central,IN-MP,State,"Madhya Pradesh, India",Jun,6,Q2,17,True,False
2026-02-01,Madhya Pradesh,MARUTI UDYOG LTD,Petrol/Diesel/CNG/Hybrid,2,Maruti Suzuki,Suzuki,Japan,Central,IN-MP,State,"Madhya Pradesh, India",Feb,2,Q1,28,False,False
2026-05-01,Madhya Pradesh,MERCEDES BENZ,Petrol/Diesel/CNG/Hybrid,1,Mercedes-Benz,Mercedes-Benz,Germany,Central,IN-MP,State,"Madhya Pradesh, India",May,5,Q2,31,False,False
2026-06-01,Madhya Pradesh,MERCEDES BENZ,Petrol/Diesel/CNG/Hybrid,1,Mercedes-Benz,Mercedes-Benz,Germany,Central,IN-MP,State,"Madhya Pradesh, India",Jun,6,Q2,17,True,False
2026-01-01,Madhya Pradesh,MERCEDES-BENZ AG,Petrol/Diesel/CNG/Hybrid,2,Mercedes-Benz,Mercedes-Benz,Germany,Central,IN-MP,State,"Madhya Pradesh, India",Jan,1,Q1,31,False,False
2026-02-01,Madhya Pradesh,MERCEDES-BENZ AG,Petrol/Diesel/CNG/Hybrid,3,Mercedes-Benz,Mercedes-Benz,Germany,Central,IN-MP,State,"Madhya Pradesh, India",Feb,2,Q1,28,False,False
2026-03-01,Madhya Pradesh,MERCEDES-BENZ AG,Petrol/Diesel/CNG/Hybrid,4,Mercedes-Benz,Mercedes-Benz,Germany,Central,IN-MP,State,"Madhya Pradesh, India",Mar,3,Q1,31,False,False
2026-04-01,Madhya Pradesh,MERCEDES-BENZ AG,Petrol/Diesel/CNG/Hybrid,3,Mercedes-Benz,Mercedes-Benz,Germany,Central,IN-MP,State,"Madhya Pradesh, India",Apr,4,Q2,30,False,False
2026-05-01,Madhya Pradesh,MERCEDES-BENZ AG,Petrol/Diesel/CNG/Hybrid,5,Mercedes-Benz,Mercedes-Benz,Germany,Central,IN-MP,State,"Madhya Pradesh, India",May,5,Q2,31,False,False
2026-01-01,Madhya Pradesh,MERCEDES-BENZ INDIA PVT LTD,Petrol/Diesel/CNG/Hybrid,30,Mercedes-Benz,Mercedes-Benz,Germany,Central,IN-MP,State,"Madhya Pradesh, India",Jan,1,Q1,31,False,False
2026-02-01,Madhya Pradesh,MERCEDES-BENZ INDIA PVT LTD,Petrol/Diesel/CNG/Hybrid,52,Mercedes-Benz,Mercedes-Benz,Germany,Central,IN-MP,State,"Madhya Pradesh, India",Feb,2,Q1,28,False,False
2026-03-01,Madhya Pradesh,MERCEDES-BENZ INDIA PVT LTD,Petrol/Diesel/CNG/Hybrid,24,Mercedes-Benz,Mercedes-Benz,Germany,Central,IN-MP,State,"Madhya Pradesh, India",Mar,3,Q1,31,False,False
2026-04-01,Madhya Pradesh,MERCEDES-BENZ INDIA PVT LTD,Petrol/Diesel/CNG/Hybrid,15,Mercedes-Benz,Mercedes-Benz,Germany,Central,IN-MP,State,"Madhya Pradesh, India",Apr,4,Q2,30,False,False
2026-05-01,Madhya Pradesh,MERCEDES-BENZ INDIA PVT LTD,Petrol/Diesel/CNG/Hybrid,9,Mercedes-Benz,Mercedes-Benz,Germany,Central,IN-MP,State,"Madhya Pradesh, India",May,5,Q2,31,False,False
2026-06-01,Madhya Pradesh,MERCEDES-BENZ INDIA PVT LTD,Petrol/Diesel/CNG/Hybrid,5,Mercedes-Benz,Mercedes-Benz,Germany,Central,IN-MP,State,"Madhya Pradesh, India",Jun,6,Q2,17,True,False
2026-01-01,Madhya Pradesh,NISSAN MOTOR INDIA PVT LTD,Petrol/Diesel/CNG/Hybrid,102,Nissan,Nissan,Japan,Central,IN-MP,State,"Madhya Pradesh, India",Jan,1,Q1,31,False,False
2026-02-01,Madhya Pradesh,NISSAN MOTOR INDIA PVT LTD,Petrol/Diesel/CNG/Hybrid,101,Nissan,Nissan,Japan,Central,IN-MP,State,"Madhya Pradesh, India",Feb,2,Q1,28,False,False
2026-03-01,Madhya Pradesh,NISSAN MOTOR INDIA PVT LTD,Petrol/Diesel/CNG/Hybrid,138,Nissan,Nissan,Japan,Central,IN-MP,State,"Madhya Pradesh, India",Mar,3,Q1,31,False,False
2026-04-01,Madhya Pradesh,NISSAN MOTOR INDIA PVT LTD,Petrol/Diesel/CNG/Hybrid,97,Nissan,Nissan,Japan,Central,IN-MP,State,"Madhya Pradesh, India",Apr,4,Q2,30,False,False
2026-05-01,Madhya Pradesh,NISSAN MOTOR INDIA PVT LTD,Petrol/Diesel/CNG/Hybrid,96,Nissan,Nissan,Japan,Central,IN-MP,State,"Madhya Pradesh, India",May,5,Q2,31,False,False
2026-06-01,Madhya Pradesh,NISSAN MOTOR INDIA PVT LTD,Petrol/Diesel/CNG/Hybrid,45,Nissan,Nissan,Japan,Central,IN-MP,State,"Madhya Pradesh, India",Jun,6,Q2,17,True,False
2026-01-01,Madhya Pradesh,PORSCHE AG GERMANY,Petrol/Diesel/CNG/Hybrid,2,Porsche,Volkswagen Group,Germany,Central,IN-MP,State,"Madhya Pradesh, India",Jan,1,Q1,31,False,False
2026-01-01,Madhya Pradesh,RENAULT INDIA PVT LTD,Petrol/Diesel/CNG/Hybrid,178,Renault,Renault,France,Central,IN-MP,State,"Madhya Pradesh, India",Jan,1,Q1,31,False,False
2026-02-01,Madhya Pradesh,RENAULT INDIA PVT LTD,Petrol/Diesel/CNG/Hybrid,198,Renault,Renault,France,Central,IN-MP,State,"Madhya Pradesh, India",Feb,2,Q1,28,False,False
2026-03-01,Madhya Pradesh,RENAULT INDIA PVT LTD,Petrol/Diesel/CNG/Hybrid,183,Renault,Renault,France,Central,IN-MP,State,"Madhya Pradesh, India",Mar,3,Q1,31,False,False
2026-04-01,Madhya Pradesh,RENAULT INDIA PVT LTD,Petrol/Diesel/CNG/Hybrid,111,Renault,Renault,France,Central,IN-MP,State,"Madhya Pradesh, India",Apr,4,Q2,30,False,False
2026-05-01,Madhya Pradesh,RENAULT INDIA PVT LTD,Petrol/Diesel/CNG/Hybrid,102,Renault,Renault,France,Central,IN-MP,State,"Madhya Pradesh, India",May,5,Q2,31,False,False
2026-06-01,Madhya Pradesh,RENAULT INDIA PVT LTD,Petrol/Diesel/CNG/Hybrid,39,Renault,Renault,France,Central,IN-MP,State,"Madhya Pradesh, India",Jun,6,Q2,17,True,False
2026-01-01,Madhya Pradesh,SKODA AUTO VOLKSWAGEN INDIA PVT LTD,Petrol/Diesel/CNG/Hybrid,291,Skoda-VW,Volkswagen Group,Germany,Central,IN-MP,State,"Madhya Pradesh, India",Jan,1,Q1,31,False,False
2026-02-01,Madhya Pradesh,SKODA AUTO VOLKSWAGEN INDIA PVT LTD,Petrol/Diesel/CNG/Hybrid,330,Skoda-VW,Volkswagen Group,Germany,Central,IN-MP,State,"Madhya Pradesh, India",Feb,2,Q1,28,False,False
2026-03-01,Madhya Pradesh,SKODA AUTO VOLKSWAGEN INDIA PVT LTD,Petrol/Diesel/CNG/Hybrid,455,Skoda-VW,Volkswagen Group,Germany,Central,IN-MP,State,"Madhya Pradesh, India",Mar,3,Q1,31,False,False
2026-04-01,Madhya Pradesh,SKODA AUTO VOLKSWAGEN INDIA PVT LTD,Petrol/Diesel/CNG/Hybrid,156,Skoda-VW,Volkswagen Group,Germany,Central,IN-MP,State,"Madhya Pradesh, India",Apr,4,Q2,30,False,False
2026-05-01,Madhya Pradesh,SKODA AUTO VOLKSWAGEN INDIA PVT LTD,Petrol/Diesel/CNG/Hybrid,128,Skoda-VW,Volkswagen Group,Germany,Central,IN-MP,State,"Madhya Pradesh, India",May,5,Q2,31,False,False
2026-06-01,Madhya Pradesh,SKODA AUTO VOLKSWAGEN INDIA PVT LTD,Petrol/Diesel/CNG/Hybrid,82,Skoda-VW,Volkswagen Group,Germany,Central,IN-MP,State,"Madhya Pradesh, India",Jun,6,Q2,17,True,False
2026-01-01,Madhya Pradesh,STELLANTIS AUTOMOBILES INDIA PVT LTD,Petrol/Diesel/CNG/Hybrid,87,Stellantis (Jeep/Citroen),Stellantis,Netherlands,Central,IN-MP,State,"Madhya Pradesh, India",Jan,1,Q1,31,False,False
2026-02-01,Madhya Pradesh,STELLANTIS AUTOMOBILES INDIA PVT LTD,Petrol/Diesel/CNG/Hybrid,98,Stellantis (Jeep/Citroen),Stellantis,Netherlands,Central,IN-MP,State,"Madhya Pradesh, India",Feb,2,Q1,28,False,False
2026-03-01,Madhya Pradesh,STELLANTIS AUTOMOBILES INDIA PVT LTD,Petrol/Diesel/CNG/Hybrid,52,Stellantis (Jeep/Citroen),Stellantis,Netherlands,Central,IN-MP,State,"Madhya Pradesh, India",Mar,3,Q1,31,False,False
2026-04-01,Madhya Pradesh,STELLANTIS AUTOMOBILES INDIA PVT LTD,Petrol/Diesel/CNG/Hybrid,32,Stellantis (Jeep/Citroen),Stellantis,Netherlands,Central,IN-MP,State,"Madhya Pradesh, India",Apr,4,Q2,30,False,False
2026-05-01,Madhya Pradesh,STELLANTIS AUTOMOBILES INDIA PVT LTD,Petrol/Diesel/CNG/Hybrid,23,Stellantis (Jeep/Citroen),Stellantis,Netherlands,Central,IN-MP,State,"Madhya Pradesh, India",May,5,Q2,31,False,False
2026-06-01,Madhya Pradesh,STELLANTIS AUTOMOBILES INDIA PVT LTD,Petrol/Diesel/CNG/Hybrid,17,Stellantis (Jeep/Citroen),Stellantis,Netherlands,Central,IN-MP,State,"Madhya Pradesh, India",Jun,6,Q2,17,True,False
2026-01-01,Madhya Pradesh,STELLANTIS INDIA PVT LTD,Petrol/Diesel/CNG/Hybrid,5,Stellantis (Jeep/Citroen),Stellantis,Netherlands,Central,IN-MP,State,"Madhya Pradesh, India",Jan,1,Q1,31,False,False
2026-02-01,Madhya Pradesh,STELLANTIS INDIA PVT LTD,Petrol/Diesel/CNG/Hybrid,6,Stellantis (Jeep/Citroen),Stellantis,Netherlands,Central,IN-MP,State,"Madhya Pradesh, India",Feb,2,Q1,28,False,False
2026-03-01,Madhya Pradesh,STELLANTIS INDIA PVT LTD,Petrol/Diesel/CNG/Hybrid,7,Stellantis (Jeep/Citroen),Stellantis,Netherlands,Central,IN-MP,State,"Madhya Pradesh, India",Mar,3,Q1,31,False,False
2026-04-01,Madhya Pradesh,STELLANTIS INDIA PVT LTD,Petrol/Diesel/CNG/Hybrid,2,Stellantis (Jeep/Citroen),Stellantis,Netherlands,Central,IN-MP,State,"Madhya Pradesh, India",Apr,4,Q2,30,False,False
2026-05-01,Madhya Pradesh,STELLANTIS INDIA PVT LTD,Petrol/Diesel/CNG/Hybrid,2,Stellantis (Jeep/Citroen),Stellantis,Netherlands,Central,IN-MP,State,"Madhya Pradesh, India",May,5,Q2,31,False,False
2026-06-01,Madhya Pradesh,STELLANTIS INDIA PVT LTD,Petrol/Diesel/CNG/Hybrid,1,Stellantis (Jeep/Citroen),Stellantis,Netherlands,Central,IN-MP,State,"Madhya Pradesh, India",Jun,6,Q2,17,True,False
2026-01-01,Madhya Pradesh,TATA MOTORS LTD,Petrol/Diesel/CNG/Hybrid,7,Tata,Tata Motors,India,Central,IN-MP,State,"Madhya Pradesh, India",Jan,1,Q1,31,False,False
2026-02-01,Madhya Pradesh,TATA MOTORS LTD,Petrol/Diesel/CNG/Hybrid,7,Tata,Tata Motors,India,Central,IN-MP,State,"Madhya Pradesh, India",Feb,2,Q1,28,False,False
2026-03-01,Madhya Pradesh,TATA MOTORS LTD,Petrol/Diesel/CNG/Hybrid,10,Tata,Tata Motors,India,Central,IN-MP,State,"Madhya Pradesh, India",Mar,3,Q1,31,False,False
2026-04-01,Madhya Pradesh,TATA MOTORS LTD,Petrol/Diesel/CNG/Hybrid,4,Tata,Tata Motors,India,Central,IN-MP,State,"Madhya Pradesh, India",Apr,4,Q2,30,False,False
2026-05-01,Madhya Pradesh,TATA MOTORS LTD,Petrol/Diesel/CNG/Hybrid,2,Tata,Tata Motors,India,Central,IN-MP,State,"Madhya Pradesh, India",May,5,Q2,31,False,False
2026-06-01,Madhya Pradesh,TATA MOTORS LTD,Petrol/Diesel/CNG/Hybrid,5,Tata,Tata Motors,India,Central,IN-MP,State,"Madhya Pradesh, India",Jun,6,Q2,17,True,False
2026-01-01,Madhya Pradesh,TATA MOTORS PASSENGER VEHICLES LTD,Petrol/Diesel/CNG/Hybrid,3672,Tata,Tata Motors,India,Central,IN-MP,State,"Madhya Pradesh, India",Jan,1,Q1,31,False,False
2026-02-01,Madhya Pradesh,TATA MOTORS PASSENGER VEHICLES LTD,Petrol/Diesel/CNG/Hybrid,4513,Tata,Tata Motors,India,Central,IN-MP,State,"Madhya Pradesh, India",Feb,2,Q1,28,False,False
2026-03-01,Madhya Pradesh,TATA MOTORS PASSENGER VEHICLES LTD,Petrol/Diesel/CNG/Hybrid,5173,Tata,Tata Motors,India,Central,IN-MP,State,"Madhya Pradesh, India",Mar,3,Q1,31,False,False
2026-04-01,Madhya Pradesh,TATA MOTORS PASSENGER VEHICLES LTD,Petrol/Diesel/CNG/Hybrid,2088,Tata,Tata Motors,India,Central,IN-MP,State,"Madhya Pradesh, India",Apr,4,Q2,30,False,False
2026-05-01,Madhya Pradesh,TATA MOTORS PASSENGER VEHICLES LTD,Petrol/Diesel/CNG/Hybrid,1995,Tata,Tata Motors,India,Central,IN-MP,State,"Madhya Pradesh, India",May,5,Q2,31,False,False
2026-06-01,Madhya Pradesh,TATA MOTORS PASSENGER VEHICLES LTD,Petrol/Diesel/CNG/Hybrid,849,Tata,Tata Motors,India,Central,IN-MP,State,"Madhya Pradesh, India",Jun,6,Q2,17,True,False
2026-02-01,Madhya Pradesh,TATA PASSENGER ELECTRIC MOBILITY LTD,Petrol/Diesel/CNG/Hybrid,1,Tata,Tata Motors,India,Central,IN-MP,State,"Madhya Pradesh, India",Feb,2,Q1,28,False,False
2026-03-01,Madhya Pradesh,TATA PASSENGER ELECTRIC MOBILITY LTD,Petrol/Diesel/CNG/Hybrid,2,Tata,Tata Motors,India,Central,IN-MP,State,"Madhya Pradesh, India",Mar,3,Q1,31,False,False
2026-04-01,Madhya Pradesh,TATA PASSENGER ELECTRIC MOBILITY LTD,Petrol/Diesel/CNG/Hybrid,1,Tata,Tata Motors,India,Central,IN-MP,State,"Madhya Pradesh, India",Apr,4,Q2,30,False,False
2026-01-01,Madhya Pradesh,TOYOTA KIRLOSKAR MOTOR PVT LTD,Petrol/Diesel/CNG/Hybrid,1036,Toyota,Toyota,Japan,Central,IN-MP,State,"Madhya Pradesh, India",Jan,1,Q1,31,False,False
2026-02-01,Madhya Pradesh,TOYOTA KIRLOSKAR MOTOR PVT LTD,Petrol/Diesel/CNG/Hybrid,1181,Toyota,Toyota,Japan,Central,IN-MP,State,"Madhya Pradesh, India",Feb,2,Q1,28,False,False
2026-03-01,Madhya Pradesh,TOYOTA KIRLOSKAR MOTOR PVT LTD,Petrol/Diesel/CNG/Hybrid,1502,Toyota,Toyota,Japan,Central,IN-MP,State,"Madhya Pradesh, India",Mar,3,Q1,31,False,False
2026-04-01,Madhya Pradesh,TOYOTA KIRLOSKAR MOTOR PVT LTD,Petrol/Diesel/CNG/Hybrid,474,Toyota,Toyota,Japan,Central,IN-MP,State,"Madhya Pradesh, India",Apr,4,Q2,30,False,False
2026-05-01,Madhya Pradesh,TOYOTA KIRLOSKAR MOTOR PVT LTD,Petrol/Diesel/CNG/Hybrid,562,Toyota,Toyota,Japan,Central,IN-MP,State,"Madhya Pradesh, India",May,5,Q2,31,False,False
2026-06-01,Madhya Pradesh,TOYOTA KIRLOSKAR MOTOR PVT LTD,Petrol/Diesel/CNG/Hybrid,299,Toyota,Toyota,Japan,Central,IN-MP,State,"Madhya Pradesh, India",Jun,6,Q2,17,True,False
2026-05-01,Madhya Pradesh,VOLKSWAGEN AG,Petrol/Diesel/CNG/Hybrid,1,Skoda-VW,Volkswagen Group,Germany,Central,IN-MP,State,"Madhya Pradesh, India",May,5,Q2,31,False,False
2026-06-01,Madhya Pradesh,VOLKSWAGEN AG,Petrol/Diesel/CNG/Hybrid,1,Skoda-VW,Volkswagen Group,Germany,Central,IN-MP,State,"Madhya Pradesh, India",Jun,6,Q2,17,True,False
2026-01-01,Madhya Pradesh,VOLVO AUTO INDIA PVT LTD,Petrol/Diesel/CNG/Hybrid,4,Volvo,Geely,Sweden,Central,IN-MP,State,"Madhya Pradesh, India",Jan,1,Q1,31,False,False
2026-02-01,Madhya Pradesh,VOLVO AUTO INDIA PVT LTD,Petrol/Diesel/CNG/Hybrid,3,Volvo,Geely,Sweden,Central,IN-MP,State,"Madhya Pradesh, India",Feb,2,Q1,28,False,False
2026-03-01,Madhya Pradesh,VOLVO AUTO INDIA PVT LTD,Petrol/Diesel/CNG/Hybrid,1,Volvo,Geely,Sweden,Central,IN-MP,State,"Madhya Pradesh, India",Mar,3,Q1,31,False,False
2026-04-01,Madhya Pradesh,VOLVO AUTO INDIA PVT LTD,Petrol/Diesel/CNG/Hybrid,1,Volvo,Geely,Sweden,Central,IN-MP,State,"Madhya Pradesh, India",Apr,4,Q2,30,False,False
2026-05-01,Madhya Pradesh,VOLVO AUTO INDIA PVT LTD,Petrol/Diesel/CNG/Hybrid,1,Volvo,Geely,Sweden,Central,IN-MP,State,"Madhya Pradesh, India",May,5,Q2,31,False,False
2026-01-01,Maharashtra,AUDI AG,Petrol/Diesel/CNG/Hybrid,5,Audi,Volkswagen Group,Germany,West,IN-MH,State,"Maharashtra, India",Jan,1,Q1,31,False,False
2026-03-01,Maharashtra,AUDI AG,Petrol/Diesel/CNG/Hybrid,2,Audi,Volkswagen Group,Germany,West,IN-MH,State,"Maharashtra, India",Mar,3,Q1,31,False,False
2026-01-01,Maharashtra,AUTOMOBILI LAMBORGHINI S.P.A,Petrol/Diesel/CNG/Hybrid,3,Lamborghini,Volkswagen Group,Italy,West,IN-MH,State,"Maharashtra, India",Jan,1,Q1,31,False,False
2026-02-01,Maharashtra,AUTOMOBILI LAMBORGHINI S.P.A,Petrol/Diesel/CNG/Hybrid,3,Lamborghini,Volkswagen Group,Italy,West,IN-MH,State,"Maharashtra, India",Feb,2,Q1,28,False,False
2026-03-01,Maharashtra,AUTOMOBILI LAMBORGHINI S.P.A,Petrol/Diesel/CNG/Hybrid,2,Lamborghini,Volkswagen Group,Italy,West,IN-MH,State,"Maharashtra, India",Mar,3,Q1,31,False,False
2026-05-01,Maharashtra,AUTOMOBILI LAMBORGHINI S.P.A,Petrol/Diesel/CNG/Hybrid,2,Lamborghini,Volkswagen Group,Italy,West,IN-MH,State,"Maharashtra, India",May,5,Q2,31,False,False
2026-06-01,Maharashtra,AUTOMOBILI LAMBORGHINI S.P.A,Petrol/Diesel/CNG/Hybrid,5,Lamborghini,Volkswagen Group,Italy,West,IN-MH,State,"Maharashtra, India",Jun,6,Q2,17,True,False
2026-04-01,Maharashtra,BENTLEY MOTORS LIMITED,Petrol/Diesel/CNG/Hybrid,1,Bentley,Volkswagen Group,UK,West,IN-MH,State,"Maharashtra, India",Apr,4,Q2,30,False,False
2026-05-01,Maharashtra,BENTLEY MOTORS LIMITED,Petrol/Diesel/CNG/Hybrid,1,Bentley,Volkswagen Group,UK,West,IN-MH,State,"Maharashtra, India",May,5,Q2,31,False,False
2026-06-01,Maharashtra,BENTLEY MOTORS LIMITED,Petrol/Diesel/CNG/Hybrid,1,Bentley,Volkswagen Group,UK,West,IN-MH,State,"Maharashtra, India",Jun,6,Q2,17,True,False
2026-01-01,Maharashtra,BENTLEY MOTORS LTD (SAVWIPL),Petrol/Diesel/CNG/Hybrid,4,Bentley,Volkswagen Group,UK,West,IN-MH,State,"Maharashtra, India",Jan,1,Q1,31,False,False
2026-02-01,Maharashtra,BENTLEY MOTORS LTD (SAVWIPL),Petrol/Diesel/CNG/Hybrid,3,Bentley,Volkswagen Group,UK,West,IN-MH,State,"Maharashtra, India",Feb,2,Q1,28,False,False
2026-03-01,Maharashtra,BENTLEY MOTORS LTD (SAVWIPL),Petrol/Diesel/CNG/Hybrid,2,Bentley,Volkswagen Group,UK,West,IN-MH,State,"Maharashtra, India",Mar,3,Q1,31,False,False
2026-04-01,Maharashtra,BENTLEY MOTORS LTD (SAVWIPL),Petrol/Diesel/CNG/Hybrid,1,Bentley,Volkswagen Group,UK,West,IN-MH,State,"Maharashtra, India",Apr,4,Q2,30,False,False
2026-05-01,Maharashtra,BENTLEY MOTORS LTD (SAVWIPL),Petrol/Diesel/CNG/Hybrid,1,Bentley,Volkswagen Group,UK,West,IN-MH,State,"Maharashtra, India",May,5,Q2,31,False,False
2026-06-01,Maharashtra,BENTLEY MOTORS LTD (SAVWIPL),Petrol/Diesel/CNG/Hybrid,1,Bentley,Volkswagen Group,UK,West,IN-MH,State,"Maharashtra, India",Jun,6,Q2,17,True,False
2026-01-01,Maharashtra,BMW INDIA PVT LTD,Petrol/Diesel/CNG/Hybrid,310,BMW,BMW Group,Germany,West,IN-MH,State,"Maharashtra, India",Jan,1,Q1,31,False,False
2026-02-01,Maharashtra,BMW INDIA PVT LTD,Petrol/Diesel/CNG/Hybrid,116,BMW,BMW Group,Germany,West,IN-MH,State,"Maharashtra, India",Feb,2,Q1,28,False,False
2026-03-01,Maharashtra,BMW INDIA PVT LTD,Petrol/Diesel/CNG/Hybrid,276,BMW,BMW Group,Germany,West,IN-MH,State,"Maharashtra, India",Mar,3,Q1,31,False,False
2026-04-01,Maharashtra,BMW INDIA PVT LTD,Petrol/Diesel/CNG/Hybrid,236,BMW,BMW Group,Germany,West,IN-MH,State,"Maharashtra, India",Apr,4,Q2,30,False,False
2026-05-01,Maharashtra,BMW INDIA PVT LTD,Petrol/Diesel/CNG/Hybrid,191,BMW,BMW Group,Germany,West,IN-MH,State,"Maharashtra, India",May,5,Q2,31,False,False
2026-06-01,Maharashtra,BMW INDIA PVT LTD,Petrol/Diesel/CNG/Hybrid,111,BMW,BMW Group,Germany,West,IN-MH,State,"Maharashtra, India",Jun,6,Q2,17,True,False
2026-01-01,Maharashtra,BYD INDIA PRIVATE LIMITED,Petrol/Diesel/CNG/Hybrid,1,BYD,BYD,China,West,IN-MH,State,"Maharashtra, India",Jan,1,Q1,31,False,False
2026-04-01,Maharashtra,BYD INDIA PRIVATE LIMITED,Petrol/Diesel/CNG/Hybrid,1,BYD,BYD,China,West,IN-MH,State,"Maharashtra, India",Apr,4,Q2,30,False,False
2026-05-01,Maharashtra,BYD INDIA PRIVATE LIMITED,Petrol/Diesel/CNG/Hybrid,1,BYD,BYD,China,West,IN-MH,State,"Maharashtra, India",May,5,Q2,31,False,False
2026-01-01,Maharashtra,FERRARI SPA (IMPORTER:NAVNIT MOTORS PVT LTD),Petrol/Diesel/CNG/Hybrid,1,Ferrari,Ferrari,Italy,West,IN-MH,State,"Maharashtra, India",Jan,1,Q1,31,False,False
2026-02-01,Maharashtra,FERRARI SPA (IMPORTER:NAVNIT MOTORS PVT LTD),Petrol/Diesel/CNG/Hybrid,1,Ferrari,Ferrari,Italy,West,IN-MH,State,"Maharashtra, India",Feb,2,Q1,28,False,False
2026-03-01,Maharashtra,FERRARI SPA (IMPORTER:NAVNIT MOTORS PVT LTD),Petrol/Diesel/CNG/Hybrid,3,Ferrari,Ferrari,Italy,West,IN-MH,State,"Maharashtra, India",Mar,3,Q1,31,False,False
2026-06-01,Maharashtra,FERRARI SPA (IMPORTER:NAVNIT MOTORS PVT LTD),Petrol/Diesel/CNG/Hybrid,1,Ferrari,Ferrari,Italy,West,IN-MH,State,"Maharashtra, India",Jun,6,Q2,17,True,False
2026-01-01,Maharashtra,FERRARI SPA (IMPORTER:SELECT CARS P LTD),Petrol/Diesel/CNG/Hybrid,2,Ferrari,Ferrari,Italy,West,IN-MH,State,"Maharashtra, India",Jan,1,Q1,31,False,False
2026-03-01,Maharashtra,FERRARI SPA (IMPORTER:SELECT CARS P LTD),Petrol/Diesel/CNG/Hybrid,1,Ferrari,Ferrari,Italy,West,IN-MH,State,"Maharashtra, India",Mar,3,Q1,31,False,False
2026-04-01,Maharashtra,FERRARI SPA (IMPORTER:SELECT CARS P LTD),Petrol/Diesel/CNG/Hybrid,3,Ferrari,Ferrari,Italy,West,IN-MH,State,"Maharashtra, India",Apr,4,Q2,30,False,False
2026-05-01,Maharashtra,FERRARI SPA (IMPORTER:SELECT CARS P LTD),Petrol/Diesel/CNG/Hybrid,2,Ferrari,Ferrari,Italy,West,IN-MH,State,"Maharashtra, India",May,5,Q2,31,False,False
2026-06-01,Maharashtra,FERRARI SPA (IMPORTER:SELECT CARS P LTD),Petrol/Diesel/CNG/Hybrid,2,Ferrari,Ferrari,Italy,West,IN-MH,State,"Maharashtra, India",Jun,6,Q2,17,True,False
2026-01-01,Maharashtra,FORCE MOTORS LIMITED,Petrol/Diesel/CNG/Hybrid,312,Force,Force Motors,India,West,IN-MH,State,"Maharashtra, India",Jan,1,Q1,31,False,False
2026-02-01,Maharashtra,FORCE MOTORS LIMITED,Petrol/Diesel/CNG/Hybrid,258,Force,Force Motors,India,West,IN-MH,State,"Maharashtra, India",Feb,2,Q1,28,False,False
2026-03-01,Maharashtra,FORCE MOTORS LIMITED,Petrol/Diesel/CNG/Hybrid,236,Force,Force Motors,India,West,IN-MH,State,"Maharashtra, India",Mar,3,Q1,31,False,False
2026-04-01,Maharashtra,FORCE MOTORS LIMITED,Petrol/Diesel/CNG/Hybrid,139,Force,Force Motors,India,West,IN-MH,State,"Maharashtra, India",Apr,4,Q2,30,False,False
2026-05-01,Maharashtra,FORCE MOTORS LIMITED,Petrol/Diesel/CNG/Hybrid,80,Force,Force Motors,India,West,IN-MH,State,"Maharashtra, India",May,5,Q2,31,False,False
2026-06-01,Maharashtra,FORCE MOTORS LIMITED,Petrol/Diesel/CNG/Hybrid,50,Force,Force Motors,India,West,IN-MH,State,"Maharashtra, India",Jun,6,Q2,17,True,False
2026-01-01,Maharashtra,HONDA CARS INDIA LTD,Petrol/Diesel/CNG/Hybrid,687,Honda,Honda,Japan,West,IN-MH,State,"Maharashtra, India",Jan,1,Q1,31,False,False
2026-02-01,Maharashtra,HONDA CARS INDIA LTD,Petrol/Diesel/CNG/Hybrid,544,Honda,Honda,Japan,West,IN-MH,State,"Maharashtra, India",Feb,2,Q1,28,False,False
2026-03-01,Maharashtra,HONDA CARS INDIA LTD,Petrol/Diesel/CNG/Hybrid,753,Honda,Honda,Japan,West,IN-MH,State,"Maharashtra, India",Mar,3,Q1,31,False,False
2026-04-01,Maharashtra,HONDA CARS INDIA LTD,Petrol/Diesel/CNG/Hybrid,644,Honda,Honda,Japan,West,IN-MH,State,"Maharashtra, India",Apr,4,Q2,30,False,False
2026-05-01,Maharashtra,HONDA CARS INDIA LTD,Petrol/Diesel/CNG/Hybrid,460,Honda,Honda,Japan,West,IN-MH,State,"Maharashtra, India",May,5,Q2,31,False,False
2026-06-01,Maharashtra,HONDA CARS INDIA LTD,Petrol/Diesel/CNG/Hybrid,312,Honda,Honda,Japan,West,IN-MH,State,"Maharashtra, India",Jun,6,Q2,17,True,False
2026-01-01,Maharashtra,HYUNDAI MOTOR INDIA LTD,Petrol/Diesel/CNG/Hybrid,8517,Hyundai,Hyundai,South Korea,West,IN-MH,State,"Maharashtra, India",Jan,1,Q1,31,False,False
2026-02-01,Maharashtra,HYUNDAI MOTOR INDIA LTD,Petrol/Diesel/CNG/Hybrid,4506,Hyundai,Hyundai,South Korea,West,IN-MH,State,"Maharashtra, India",Feb,2,Q1,28,False,False
2026-03-01,Maharashtra,HYUNDAI MOTOR INDIA LTD,Petrol/Diesel/CNG/Hybrid,5976,Hyundai,Hyundai,South Korea,West,IN-MH,State,"Maharashtra, India",Mar,3,Q1,31,False,False
2026-04-01,Maharashtra,HYUNDAI MOTOR INDIA LTD,Petrol/Diesel/CNG/Hybrid,5570,Hyundai,Hyundai,South Korea,West,IN-MH,State,"Maharashtra, India",Apr,4,Q2,30,False,False
2026-05-01,Maharashtra,HYUNDAI MOTOR INDIA LTD,Petrol/Diesel/CNG/Hybrid,4983,Hyundai,Hyundai,South Korea,West,IN-MH,State,"Maharashtra, India",May,5,Q2,31,False,False
2026-06-01,Maharashtra,HYUNDAI MOTOR INDIA LTD,Petrol/Diesel/CNG/Hybrid,2400,Hyundai,Hyundai,South Korea,West,IN-MH,State,"Maharashtra, India",Jun,6,Q2,17,True,False
2026-01-01,Maharashtra,ISUZU MOTORS INDIA PVT LTD,Petrol/Diesel/CNG/Hybrid,3,Isuzu,Isuzu,Japan,West,IN-MH,State,"Maharashtra, India",Jan,1,Q1,31,False,False
2026-02-01,Maharashtra,ISUZU MOTORS INDIA PVT LTD,Petrol/Diesel/CNG/Hybrid,3,Isuzu,Isuzu,Japan,West,IN-MH,State,"Maharashtra, India",Feb,2,Q1,28,False,False
2026-03-01,Maharashtra,ISUZU MOTORS INDIA PVT LTD,Petrol/Diesel/CNG/Hybrid,4,Isuzu,Isuzu,Japan,West,IN-MH,State,"Maharashtra, India",Mar,3,Q1,31,False,False
2026-04-01,Maharashtra,ISUZU MOTORS INDIA PVT LTD,Petrol/Diesel/CNG/Hybrid,1,Isuzu,Isuzu,Japan,West,IN-MH,State,"Maharashtra, India",Apr,4,Q2,30,False,False
2026-05-01,Maharashtra,ISUZU MOTORS INDIA PVT LTD,Petrol/Diesel/CNG/Hybrid,1,Isuzu,Isuzu,Japan,West,IN-MH,State,"Maharashtra, India",May,5,Q2,31,False,False
2026-01-01,Maharashtra,JAGUAR LAND ROVER INDIA LIMITED,Petrol/Diesel/CNG/Hybrid,86,Jaguar Land Rover,Tata Motors,UK,West,IN-MH,State,"Maharashtra, India",Jan,1,Q1,31,False,False
2026-02-01,Maharashtra,JAGUAR LAND ROVER INDIA LIMITED,Petrol/Diesel/CNG/Hybrid,101,Jaguar Land Rover,Tata Motors,UK,West,IN-MH,State,"Maharashtra, India",Feb,2,Q1,28,False,False
2026-03-01,Maharashtra,JAGUAR LAND ROVER INDIA LIMITED,Petrol/Diesel/CNG/Hybrid,101,Jaguar Land Rover,Tata Motors,UK,West,IN-MH,State,"Maharashtra, India",Mar,3,Q1,31,False,False
2026-04-01,Maharashtra,JAGUAR LAND ROVER INDIA LIMITED,Petrol/Diesel/CNG/Hybrid,96,Jaguar Land Rover,Tata Motors,UK,West,IN-MH,State,"Maharashtra, India",Apr,4,Q2,30,False,False
2026-05-01,Maharashtra,JAGUAR LAND ROVER INDIA LIMITED,Petrol/Diesel/CNG/Hybrid,60,Jaguar Land Rover,Tata Motors,UK,West,IN-MH,State,"Maharashtra, India",May,5,Q2,31,False,False
2026-06-01,Maharashtra,JAGUAR LAND ROVER INDIA LIMITED,Petrol/Diesel/CNG/Hybrid,79,Jaguar Land Rover,Tata Motors,UK,West,IN-MH,State,"Maharashtra, India",Jun,6,Q2,17,True,False
2026-01-01,Maharashtra,JSW MG MOTOR INDIA PVT LTD,Petrol/Diesel/CNG/Hybrid,263,MG,JSW-SAIC,India / China,West,IN-MH,State,"Maharashtra, India",Jan,1,Q1,31,False,False
2026-02-01,Maharashtra,JSW MG MOTOR INDIA PVT LTD,Petrol/Diesel/CNG/Hybrid,277,MG,JSW-SAIC,India / China,West,IN-MH,State,"Maharashtra, India",Feb,2,Q1,28,False,False
2026-03-01,Maharashtra,JSW MG MOTOR INDIA PVT LTD,Petrol/Diesel/CNG/Hybrid,254,MG,JSW-SAIC,India / China,West,IN-MH,State,"Maharashtra, India",Mar,3,Q1,31,False,False
2026-04-01,Maharashtra,JSW MG MOTOR INDIA PVT LTD,Petrol/Diesel/CNG/Hybrid,268,MG,JSW-SAIC,India / China,West,IN-MH,State,"Maharashtra, India",Apr,4,Q2,30,False,False
2026-05-01,Maharashtra,JSW MG MOTOR INDIA PVT LTD,Petrol/Diesel/CNG/Hybrid,203,MG,JSW-SAIC,India / China,West,IN-MH,State,"Maharashtra, India",May,5,Q2,31,False,False
2026-06-01,Maharashtra,JSW MG MOTOR INDIA PVT LTD,Petrol/Diesel/CNG/Hybrid,184,MG,JSW-SAIC,India / China,West,IN-MH,State,"Maharashtra, India",Jun,6,Q2,17,True,False
2026-01-01,Maharashtra,KIA INDIA PRIVATE LIMITED,Petrol/Diesel/CNG/Hybrid,3737,Kia,Hyundai,South Korea,West,IN-MH,State,"Maharashtra, India",Jan,1,Q1,31,False,False
2026-02-01,Maharashtra,KIA INDIA PRIVATE LIMITED,Petrol/Diesel/CNG/Hybrid,2742,Kia,Hyundai,South Korea,West,IN-MH,State,"Maharashtra, India",Feb,2,Q1,28,False,False
2026-03-01,Maharashtra,KIA INDIA PRIVATE LIMITED,Petrol/Diesel/CNG/Hybrid,3751,Kia,Hyundai,South Korea,West,IN-MH,State,"Maharashtra, India",Mar,3,Q1,31,False,False
2026-04-01,Maharashtra,KIA INDIA PRIVATE LIMITED,Petrol/Diesel/CNG/Hybrid,3367,Kia,Hyundai,South Korea,West,IN-MH,State,"Maharashtra, India",Apr,4,Q2,30,False,False
2026-05-01,Maharashtra,KIA INDIA PRIVATE LIMITED,Petrol/Diesel/CNG/Hybrid,3070,Kia,Hyundai,South Korea,West,IN-MH,State,"Maharashtra, India",May,5,Q2,31,False,False
2026-06-01,Maharashtra,KIA INDIA PRIVATE LIMITED,Petrol/Diesel/CNG/Hybrid,1427,Kia,Hyundai,South Korea,West,IN-MH,State,"Maharashtra, India",Jun,6,Q2,17,True,False
2026-01-01,Maharashtra,MAHINDRA & MAHINDRA LIMITED,Petrol/Diesel/CNG/Hybrid,5722,Mahindra,Mahindra,India,West,IN-MH,State,"Maharashtra, India",Jan,1,Q1,31,False,False
2026-02-01,Maharashtra,MAHINDRA & MAHINDRA LIMITED,Petrol/Diesel/CNG/Hybrid,4364,Mahindra,Mahindra,India,West,IN-MH,State,"Maharashtra, India",Feb,2,Q1,28,False,False
2026-03-01,Maharashtra,MAHINDRA & MAHINDRA LIMITED,Petrol/Diesel/CNG/Hybrid,5986,Mahindra,Mahindra,India,West,IN-MH,State,"Maharashtra, India",Mar,3,Q1,31,False,False
2026-04-01,Maharashtra,MAHINDRA & MAHINDRA LIMITED,Petrol/Diesel/CNG/Hybrid,5085,Mahindra,Mahindra,India,West,IN-MH,State,"Maharashtra, India",Apr,4,Q2,30,False,False
2026-05-01,Maharashtra,MAHINDRA & MAHINDRA LIMITED,Petrol/Diesel/CNG/Hybrid,4025,Mahindra,Mahindra,India,West,IN-MH,State,"Maharashtra, India",May,5,Q2,31,False,False
2026-06-01,Maharashtra,MAHINDRA & MAHINDRA LIMITED,Petrol/Diesel/CNG/Hybrid,2463,Mahindra,Mahindra,India,West,IN-MH,State,"Maharashtra, India",Jun,6,Q2,17,True,False
2026-01-01,Maharashtra,MARUTI SUZUKI INDIA LTD,Petrol/Diesel/CNG/Hybrid,20286,Maruti Suzuki,Suzuki,Japan,West,IN-MH,State,"Maharashtra, India",Jan,1,Q1,31,False,False
2026-02-01,Maharashtra,MARUTI SUZUKI INDIA LTD,Petrol/Diesel/CNG/Hybrid,11539,Maruti Suzuki,Suzuki,Japan,West,IN-MH,State,"Maharashtra, India",Feb,2,Q1,28,False,False
2026-03-01,Maharashtra,MARUTI SUZUKI INDIA LTD,Petrol/Diesel/CNG/Hybrid,16976,Maruti Suzuki,Suzuki,Japan,West,IN-MH,State,"Maharashtra, India",Mar,3,Q1,31,False,False
2026-04-01,Maharashtra,MARUTI SUZUKI INDIA LTD,Petrol/Diesel/CNG/Hybrid,14160,Maruti Suzuki,Suzuki,Japan,West,IN-MH,State,"Maharashtra, India",Apr,4,Q2,30,False,False
2026-05-01,Maharashtra,MARUTI SUZUKI INDIA LTD,Petrol/Diesel/CNG/Hybrid,13817,Maruti Suzuki,Suzuki,Japan,West,IN-MH,State,"Maharashtra, India",May,5,Q2,31,False,False
2026-06-01,Maharashtra,MARUTI SUZUKI INDIA LTD,Petrol/Diesel/CNG/Hybrid,5946,Maruti Suzuki,Suzuki,Japan,West,IN-MH,State,"Maharashtra, India",Jun,6,Q2,17,True,False
2026-01-01,Maharashtra,MASERATI S.P.A,Petrol/Diesel/CNG/Hybrid,1,Maserati,Stellantis,Italy,West,IN-MH,State,"Maharashtra, India",Jan,1,Q1,31,False,False
2026-05-01,Maharashtra,MASERATI S.P.A,Petrol/Diesel/CNG/Hybrid,1,Maserati,Stellantis,Italy,West,IN-MH,State,"Maharashtra, India",May,5,Q2,31,False,False
2026-01-01,Maharashtra,MERCEDES-BENZ AG,Petrol/Diesel/CNG/Hybrid,16,Mercedes-Benz,Mercedes-Benz,Germany,West,IN-MH,State,"Maharashtra, India",Jan,1,Q1,31,False,False
2026-02-01,Maharashtra,MERCEDES-BENZ AG,Petrol/Diesel/CNG/Hybrid,18,Mercedes-Benz,Mercedes-Benz,Germany,West,IN-MH,State,"Maharashtra, India",Feb,2,Q1,28,False,False
2026-03-01,Maharashtra,MERCEDES-BENZ AG,Petrol/Diesel/CNG/Hybrid,27,Mercedes-Benz,Mercedes-Benz,Germany,West,IN-MH,State,"Maharashtra, India",Mar,3,Q1,31,False,False
2026-04-01,Maharashtra,MERCEDES-BENZ AG,Petrol/Diesel/CNG/Hybrid,38,Mercedes-Benz,Mercedes-Benz,Germany,West,IN-MH,State,"Maharashtra, India",Apr,4,Q2,30,False,False
2026-05-01,Maharashtra,MERCEDES-BENZ AG,Petrol/Diesel/CNG/Hybrid,16,Mercedes-Benz,Mercedes-Benz,Germany,West,IN-MH,State,"Maharashtra, India",May,5,Q2,31,False,False
2026-06-01,Maharashtra,MERCEDES-BENZ AG,Petrol/Diesel/CNG/Hybrid,21,Mercedes-Benz,Mercedes-Benz,Germany,West,IN-MH,State,"Maharashtra, India",Jun,6,Q2,17,True,False
2026-01-01,Maharashtra,MERCEDES-BENZ INDIA PVT LTD,Petrol/Diesel/CNG/Hybrid,348,Mercedes-Benz,Mercedes-Benz,Germany,West,IN-MH,State,"Maharashtra, India",Jan,1,Q1,31,False,False
2026-02-01,Maharashtra,MERCEDES-BENZ INDIA PVT LTD,Petrol/Diesel/CNG/Hybrid,180,Mercedes-Benz,Mercedes-Benz,Germany,West,IN-MH,State,"Maharashtra, India",Feb,2,Q1,28,False,False
2026-03-01,Maharashtra,MERCEDES-BENZ INDIA PVT LTD,Petrol/Diesel/CNG/Hybrid,305,Mercedes-Benz,Mercedes-Benz,Germany,West,IN-MH,State,"Maharashtra, India",Mar,3,Q1,31,False,False
2026-04-01,Maharashtra,MERCEDES-BENZ INDIA PVT LTD,Petrol/Diesel/CNG/Hybrid,188,Mercedes-Benz,Mercedes-Benz,Germany,West,IN-MH,State,"Maharashtra, India",Apr,4,Q2,30,False,False
2026-05-01,Maharashtra,MERCEDES-BENZ INDIA PVT LTD,Petrol/Diesel/CNG/Hybrid,173,Mercedes-Benz,Mercedes-Benz,Germany,West,IN-MH,State,"Maharashtra, India",May,5,Q2,31,False,False
2026-06-01,Maharashtra,MERCEDES-BENZ INDIA PVT LTD,Petrol/Diesel/CNG/Hybrid,113,Mercedes-Benz,Mercedes-Benz,Germany,West,IN-MH,State,"Maharashtra, India",Jun,6,Q2,17,True,False
2026-01-01,Maharashtra,NISSAN MOTOR INDIA PVT LTD,Petrol/Diesel/CNG/Hybrid,219,Nissan,Nissan,Japan,West,IN-MH,State,"Maharashtra, India",Jan,1,Q1,31,False,False
2026-02-01,Maharashtra,NISSAN MOTOR INDIA PVT LTD,Petrol/Diesel/CNG/Hybrid,99,Nissan,Nissan,Japan,West,IN-MH,State,"Maharashtra, India",Feb,2,Q1,28,False,False
2026-03-01,Maharashtra,NISSAN MOTOR INDIA PVT LTD,Petrol/Diesel/CNG/Hybrid,229,Nissan,Nissan,Japan,West,IN-MH,State,"Maharashtra, India",Mar,3,Q1,31,False,False
2026-04-01,Maharashtra,NISSAN MOTOR INDIA PVT LTD,Petrol/Diesel/CNG/Hybrid,262,Nissan,Nissan,Japan,West,IN-MH,State,"Maharashtra, India",Apr,4,Q2,30,False,False
2026-05-01,Maharashtra,NISSAN MOTOR INDIA PVT LTD,Petrol/Diesel/CNG/Hybrid,250,Nissan,Nissan,Japan,West,IN-MH,State,"Maharashtra, India",May,5,Q2,31,False,False
2026-06-01,Maharashtra,NISSAN MOTOR INDIA PVT LTD,Petrol/Diesel/CNG/Hybrid,120,Nissan,Nissan,Japan,West,IN-MH,State,"Maharashtra, India",Jun,6,Q2,17,True,False
2026-01-01,Maharashtra,PORSCHE AG GERMANY,Petrol/Diesel/CNG/Hybrid,15,Porsche,Volkswagen Group,Germany,West,IN-MH,State,"Maharashtra, India",Jan,1,Q1,31,False,False
2026-02-01,Maharashtra,PORSCHE AG GERMANY,Petrol/Diesel/CNG/Hybrid,3,Porsche,Volkswagen Group,Germany,West,IN-MH,State,"Maharashtra, India",Feb,2,Q1,28,False,False
2026-03-01,Maharashtra,PORSCHE AG GERMANY,Petrol/Diesel/CNG/Hybrid,9,Porsche,Volkswagen Group,Germany,West,IN-MH,State,"Maharashtra, India",Mar,3,Q1,31,False,False
2026-04-01,Maharashtra,PORSCHE AG GERMANY,Petrol/Diesel/CNG/Hybrid,5,Porsche,Volkswagen Group,Germany,West,IN-MH,State,"Maharashtra, India",Apr,4,Q2,30,False,False
2026-05-01,Maharashtra,PORSCHE AG GERMANY,Petrol/Diesel/CNG/Hybrid,4,Porsche,Volkswagen Group,Germany,West,IN-MH,State,"Maharashtra, India",May,5,Q2,31,False,False
2026-06-01,Maharashtra,PORSCHE AG GERMANY,Petrol/Diesel/CNG/Hybrid,3,Porsche,Volkswagen Group,Germany,West,IN-MH,State,"Maharashtra, India",Jun,6,Q2,17,True,False
2026-01-01,Maharashtra,RENAULT INDIA PVT LTD,Petrol/Diesel/CNG/Hybrid,539,Renault,Renault,France,West,IN-MH,State,"Maharashtra, India",Jan,1,Q1,31,False,False
2026-02-01,Maharashtra,RENAULT INDIA PVT LTD,Petrol/Diesel/CNG/Hybrid,267,Renault,Renault,France,West,IN-MH,State,"Maharashtra, India",Feb,2,Q1,28,False,False
2026-03-01,Maharashtra,RENAULT INDIA PVT LTD,Petrol/Diesel/CNG/Hybrid,440,Renault,Renault,France,West,IN-MH,State,"Maharashtra, India",Mar,3,Q1,31,False,False
2026-04-01,Maharashtra,RENAULT INDIA PVT LTD,Petrol/Diesel/CNG/Hybrid,463,Renault,Renault,France,West,IN-MH,State,"Maharashtra, India",Apr,4,Q2,30,False,False
2026-05-01,Maharashtra,RENAULT INDIA PVT LTD,Petrol/Diesel/CNG/Hybrid,427,Renault,Renault,France,West,IN-MH,State,"Maharashtra, India",May,5,Q2,31,False,False
2026-06-01,Maharashtra,RENAULT INDIA PVT LTD,Petrol/Diesel/CNG/Hybrid,179,Renault,Renault,France,West,IN-MH,State,"Maharashtra, India",Jun,6,Q2,17,True,False
2026-01-01,Maharashtra,ROLLS-ROYCE MOTOR CARS(IMPORTER:SELECT CARS P LTD),Petrol/Diesel/CNG/Hybrid,3,Rolls-Royce,BMW Group,UK,West,IN-MH,State,"Maharashtra, India",Jan,1,Q1,31,False,False
2026-02-01,Maharashtra,ROLLS-ROYCE MOTOR CARS(IMPORTER:SELECT CARS P LTD),Petrol/Diesel/CNG/Hybrid,1,Rolls-Royce,BMW Group,UK,West,IN-MH,State,"Maharashtra, India",Feb,2,Q1,28,False,False
2026-04-01,Maharashtra,ROLLS-ROYCE MOTOR CARS(IMPORTER:SELECT CARS P LTD),Petrol/Diesel/CNG/Hybrid,1,Rolls-Royce,BMW Group,UK,West,IN-MH,State,"Maharashtra, India",Apr,4,Q2,30,False,False
2026-05-01,Maharashtra,ROLLS-ROYCE MOTOR CARS(IMPORTER:SELECT CARS P LTD),Petrol/Diesel/CNG/Hybrid,1,Rolls-Royce,BMW Group,UK,West,IN-MH,State,"Maharashtra, India",May,5,Q2,31,False,False
2026-01-01,Maharashtra,SKODA AUTO AS,Petrol/Diesel/CNG/Hybrid,2,Skoda-VW,Volkswagen Group,Germany,West,IN-MH,State,"Maharashtra, India",Jan,1,Q1,31,False,False
2026-02-01,Maharashtra,SKODA AUTO AS,Petrol/Diesel/CNG/Hybrid,1,Skoda-VW,Volkswagen Group,Germany,West,IN-MH,State,"Maharashtra, India",Feb,2,Q1,28,False,False
2026-03-01,Maharashtra,SKODA AUTO AS,Petrol/Diesel/CNG/Hybrid,2,Skoda-VW,Volkswagen Group,Germany,West,IN-MH,State,"Maharashtra, India",Mar,3,Q1,31,False,False
2026-01-01,Maharashtra,SKODA AUTO VOLKSWAGEN INDIA PVT LTD,Petrol/Diesel/CNG/Hybrid,1550,Skoda-VW,Volkswagen Group,Germany,West,IN-MH,State,"Maharashtra, India",Jan,1,Q1,31,False,False
2026-02-01,Maharashtra,SKODA AUTO VOLKSWAGEN INDIA PVT LTD,Petrol/Diesel/CNG/Hybrid,1272,Skoda-VW,Volkswagen Group,Germany,West,IN-MH,State,"Maharashtra, India",Feb,2,Q1,28,False,False
2026-03-01,Maharashtra,SKODA AUTO VOLKSWAGEN INDIA PVT LTD,Petrol/Diesel/CNG/Hybrid,1606,Skoda-VW,Volkswagen Group,Germany,West,IN-MH,State,"Maharashtra, India",Mar,3,Q1,31,False,False
2026-04-01,Maharashtra,SKODA AUTO VOLKSWAGEN INDIA PVT LTD,Petrol/Diesel/CNG/Hybrid,1656,Skoda-VW,Volkswagen Group,Germany,West,IN-MH,State,"Maharashtra, India",Apr,4,Q2,30,False,False
2026-05-01,Maharashtra,SKODA AUTO VOLKSWAGEN INDIA PVT LTD,Petrol/Diesel/CNG/Hybrid,1259,Skoda-VW,Volkswagen Group,Germany,West,IN-MH,State,"Maharashtra, India",May,5,Q2,31,False,False
2026-06-01,Maharashtra,SKODA AUTO VOLKSWAGEN INDIA PVT LTD,Petrol/Diesel/CNG/Hybrid,779,Skoda-VW,Volkswagen Group,Germany,West,IN-MH,State,"Maharashtra, India",Jun,6,Q2,17,True,False
2026-01-01,Maharashtra,STELLANTIS AUTOMOBILES INDIA PVT LTD,Petrol/Diesel/CNG/Hybrid,117,Stellantis (Jeep/Citroen),Stellantis,Netherlands,West,IN-MH,State,"Maharashtra, India",Jan,1,Q1,31,False,False
2026-02-01,Maharashtra,STELLANTIS AUTOMOBILES INDIA PVT LTD,Petrol/Diesel/CNG/Hybrid,68,Stellantis (Jeep/Citroen),Stellantis,Netherlands,West,IN-MH,State,"Maharashtra, India",Feb,2,Q1,28,False,False
2026-03-01,Maharashtra,STELLANTIS AUTOMOBILES INDIA PVT LTD,Petrol/Diesel/CNG/Hybrid,92,Stellantis (Jeep/Citroen),Stellantis,Netherlands,West,IN-MH,State,"Maharashtra, India",Mar,3,Q1,31,False,False
2026-04-01,Maharashtra,STELLANTIS AUTOMOBILES INDIA PVT LTD,Petrol/Diesel/CNG/Hybrid,69,Stellantis (Jeep/Citroen),Stellantis,Netherlands,West,IN-MH,State,"Maharashtra, India",Apr,4,Q2,30,False,False
2026-05-01,Maharashtra,STELLANTIS AUTOMOBILES INDIA PVT LTD,Petrol/Diesel/CNG/Hybrid,59,Stellantis (Jeep/Citroen),Stellantis,Netherlands,West,IN-MH,State,"Maharashtra, India",May,5,Q2,31,False,False
2026-06-01,Maharashtra,STELLANTIS AUTOMOBILES INDIA PVT LTD,Petrol/Diesel/CNG/Hybrid,26,Stellantis (Jeep/Citroen),Stellantis,Netherlands,West,IN-MH,State,"Maharashtra, India",Jun,6,Q2,17,True,False
2026-01-01,Maharashtra,STELLANTIS INDIA PVT LTD,Petrol/Diesel/CNG/Hybrid,59,Stellantis (Jeep/Citroen),Stellantis,Netherlands,West,IN-MH,State,"Maharashtra, India",Jan,1,Q1,31,False,False
2026-02-01,Maharashtra,STELLANTIS INDIA PVT LTD,Petrol/Diesel/CNG/Hybrid,36,Stellantis (Jeep/Citroen),Stellantis,Netherlands,West,IN-MH,State,"Maharashtra, India",Feb,2,Q1,28,False,False
2026-03-01,Maharashtra,STELLANTIS INDIA PVT LTD,Petrol/Diesel/CNG/Hybrid,52,Stellantis (Jeep/Citroen),Stellantis,Netherlands,West,IN-MH,State,"Maharashtra, India",Mar,3,Q1,31,False,False
2026-04-01,Maharashtra,STELLANTIS INDIA PVT LTD,Petrol/Diesel/CNG/Hybrid,51,Stellantis (Jeep/Citroen),Stellantis,Netherlands,West,IN-MH,State,"Maharashtra, India",Apr,4,Q2,30,False,False
2026-05-01,Maharashtra,STELLANTIS INDIA PVT LTD,Petrol/Diesel/CNG/Hybrid,36,Stellantis (Jeep/Citroen),Stellantis,Netherlands,West,IN-MH,State,"Maharashtra, India",May,5,Q2,31,False,False
2026-06-01,Maharashtra,STELLANTIS INDIA PVT LTD,Petrol/Diesel/CNG/Hybrid,38,Stellantis (Jeep/Citroen),Stellantis,Netherlands,West,IN-MH,State,"Maharashtra, India",Jun,6,Q2,17,True,False
2026-01-01,Maharashtra,TATA MOTORS LTD,Petrol/Diesel/CNG/Hybrid,55,Tata,Tata Motors,India,West,IN-MH,State,"Maharashtra, India",Jan,1,Q1,31,False,False
2026-02-01,Maharashtra,TATA MOTORS LTD,Petrol/Diesel/CNG/Hybrid,103,Tata,Tata Motors,India,West,IN-MH,State,"Maharashtra, India",Feb,2,Q1,28,False,False
2026-03-01,Maharashtra,TATA MOTORS LTD,Petrol/Diesel/CNG/Hybrid,42,Tata,Tata Motors,India,West,IN-MH,State,"Maharashtra, India",Mar,3,Q1,31,False,False
2026-04-01,Maharashtra,TATA MOTORS LTD,Petrol/Diesel/CNG/Hybrid,32,Tata,Tata Motors,India,West,IN-MH,State,"Maharashtra, India",Apr,4,Q2,30,False,False
2026-05-01,Maharashtra,TATA MOTORS LTD,Petrol/Diesel/CNG/Hybrid,48,Tata,Tata Motors,India,West,IN-MH,State,"Maharashtra, India",May,5,Q2,31,False,False
2026-06-01,Maharashtra,TATA MOTORS LTD,Petrol/Diesel/CNG/Hybrid,49,Tata,Tata Motors,India,West,IN-MH,State,"Maharashtra, India",Jun,6,Q2,17,True,False
2026-01-01,Maharashtra,TATA MOTORS PASSENGER VEHICLES LTD,Petrol/Diesel/CNG/Hybrid,9237,Tata,Tata Motors,India,West,IN-MH,State,"Maharashtra, India",Jan,1,Q1,31,False,False
2026-02-01,Maharashtra,TATA MOTORS PASSENGER VEHICLES LTD,Petrol/Diesel/CNG/Hybrid,7573,Tata,Tata Motors,India,West,IN-MH,State,"Maharashtra, India",Feb,2,Q1,28,False,False
2026-03-01,Maharashtra,TATA MOTORS PASSENGER VEHICLES LTD,Petrol/Diesel/CNG/Hybrid,10198,Tata,Tata Motors,India,West,IN-MH,State,"Maharashtra, India",Mar,3,Q1,31,False,False
2026-04-01,Maharashtra,TATA MOTORS PASSENGER VEHICLES LTD,Petrol/Diesel/CNG/Hybrid,8023,Tata,Tata Motors,India,West,IN-MH,State,"Maharashtra, India",Apr,4,Q2,30,False,False
2026-05-01,Maharashtra,TATA MOTORS PASSENGER VEHICLES LTD,Petrol/Diesel/CNG/Hybrid,6854,Tata,Tata Motors,India,West,IN-MH,State,"Maharashtra, India",May,5,Q2,31,False,False
2026-06-01,Maharashtra,TATA MOTORS PASSENGER VEHICLES LTD,Petrol/Diesel/CNG/Hybrid,3113,Tata,Tata Motors,India,West,IN-MH,State,"Maharashtra, India",Jun,6,Q2,17,True,False
2026-01-01,Maharashtra,TATA PASSENGER ELECTRIC MOBILITY LTD,Petrol/Diesel/CNG/Hybrid,4,Tata,Tata Motors,India,West,IN-MH,State,"Maharashtra, India",Jan,1,Q1,31,False,False
2026-02-01,Maharashtra,TATA PASSENGER ELECTRIC MOBILITY LTD,Petrol/Diesel/CNG/Hybrid,2,Tata,Tata Motors,India,West,IN-MH,State,"Maharashtra, India",Feb,2,Q1,28,False,False
2026-03-01,Maharashtra,TATA PASSENGER ELECTRIC MOBILITY LTD,Petrol/Diesel/CNG/Hybrid,2,Tata,Tata Motors,India,West,IN-MH,State,"Maharashtra, India",Mar,3,Q1,31,False,False
2026-04-01,Maharashtra,TATA PASSENGER ELECTRIC MOBILITY LTD,Petrol/Diesel/CNG/Hybrid,1,Tata,Tata Motors,India,West,IN-MH,State,"Maharashtra, India",Apr,4,Q2,30,False,False
2026-05-01,Maharashtra,TATA PASSENGER ELECTRIC MOBILITY LTD,Petrol/Diesel/CNG/Hybrid,1,Tata,Tata Motors,India,West,IN-MH,State,"Maharashtra, India",May,5,Q2,31,False,False
2026-01-01,Maharashtra,TOYOTA KIRLOSKAR MOTOR PVT LTD,Petrol/Diesel/CNG/Hybrid,3732,Toyota,Toyota,Japan,West,IN-MH,State,"Maharashtra, India",Jan,1,Q1,31,False,False
2026-02-01,Maharashtra,TOYOTA KIRLOSKAR MOTOR PVT LTD,Petrol/Diesel/CNG/Hybrid,2748,Toyota,Toyota,Japan,West,IN-MH,State,"Maharashtra, India",Feb,2,Q1,28,False,False
2026-03-01,Maharashtra,TOYOTA KIRLOSKAR MOTOR PVT LTD,Petrol/Diesel/CNG/Hybrid,3284,Toyota,Toyota,Japan,West,IN-MH,State,"Maharashtra, India",Mar,3,Q1,31,False,False
2026-04-01,Maharashtra,TOYOTA KIRLOSKAR MOTOR PVT LTD,Petrol/Diesel/CNG/Hybrid,3203,Toyota,Toyota,Japan,West,IN-MH,State,"Maharashtra, India",Apr,4,Q2,30,False,False
2026-05-01,Maharashtra,TOYOTA KIRLOSKAR MOTOR PVT LTD,Petrol/Diesel/CNG/Hybrid,2874,Toyota,Toyota,Japan,West,IN-MH,State,"Maharashtra, India",May,5,Q2,31,False,False
2026-06-01,Maharashtra,TOYOTA KIRLOSKAR MOTOR PVT LTD,Petrol/Diesel/CNG/Hybrid,1757,Toyota,Toyota,Japan,West,IN-MH,State,"Maharashtra, India",Jun,6,Q2,17,True,False
2026-01-01,Maharashtra,VOLKSWAGEN AG,Petrol/Diesel/CNG/Hybrid,5,Skoda-VW,Volkswagen Group,Germany,West,IN-MH,State,"Maharashtra, India",Jan,1,Q1,31,False,False
2026-02-01,Maharashtra,VOLKSWAGEN AG,Petrol/Diesel/CNG/Hybrid,9,Skoda-VW,Volkswagen Group,Germany,West,IN-MH,State,"Maharashtra, India",Feb,2,Q1,28,False,False
2026-03-01,Maharashtra,VOLKSWAGEN AG,Petrol/Diesel/CNG/Hybrid,19,Skoda-VW,Volkswagen Group,Germany,West,IN-MH,State,"Maharashtra, India",Mar,3,Q1,31,False,False
2026-04-01,Maharashtra,VOLKSWAGEN AG,Petrol/Diesel/CNG/Hybrid,10,Skoda-VW,Volkswagen Group,Germany,West,IN-MH,State,"Maharashtra, India",Apr,4,Q2,30,False,False
2026-05-01,Maharashtra,VOLKSWAGEN AG,Petrol/Diesel/CNG/Hybrid,7,Skoda-VW,Volkswagen Group,Germany,West,IN-MH,State,"Maharashtra, India",May,5,Q2,31,False,False
2026-06-01,Maharashtra,VOLKSWAGEN AG,Petrol/Diesel/CNG/Hybrid,4,Skoda-VW,Volkswagen Group,Germany,West,IN-MH,State,"Maharashtra, India",Jun,6,Q2,17,True,False
2026-01-01,Maharashtra,VOLVO AUTO INDIA PVT LTD,Petrol/Diesel/CNG/Hybrid,24,Volvo,Geely,Sweden,West,IN-MH,State,"Maharashtra, India",Jan,1,Q1,31,False,False
2026-02-01,Maharashtra,VOLVO AUTO INDIA PVT LTD,Petrol/Diesel/CNG/Hybrid,17,Volvo,Geely,Sweden,West,IN-MH,State,"Maharashtra, India",Feb,2,Q1,28,False,False
2026-03-01,Maharashtra,VOLVO AUTO INDIA PVT LTD,Petrol/Diesel/CNG/Hybrid,15,Volvo,Geely,Sweden,West,IN-MH,State,"Maharashtra, India",Mar,3,Q1,31,False,False
2026-04-01,Maharashtra,VOLVO AUTO INDIA PVT LTD,Petrol/Diesel/CNG/Hybrid,15,Volvo,Geely,Sweden,West,IN-MH,State,"Maharashtra, India",Apr,4,Q2,30,False,False
2026-05-01,Maharashtra,VOLVO AUTO INDIA PVT LTD,Petrol/Diesel/CNG/Hybrid,19,Volvo,Geely,Sweden,West,IN-MH,State,"Maharashtra, India",May,5,Q2,31,False,False
2026-06-01,Maharashtra,VOLVO AUTO INDIA PVT LTD,Petrol/Diesel/CNG/Hybrid,14,Volvo,Geely,Sweden,West,IN-MH,State,"Maharashtra, India",Jun,6,Q2,17,True,False
2026-05-01,Manipur,BMW INDIA PVT LTD,Petrol/Diesel/CNG/Hybrid,1,BMW,BMW Group,Germany,North-East,IN-MN,State,"Manipur, India",May,5,Q2,31,False,False
2026-01-01,Manipur,HONDA CARS INDIA LTD,Petrol/Diesel/CNG/Hybrid,7,Honda,Honda,Japan,North-East,IN-MN,State,"Manipur, India",Jan,1,Q1,31,False,False
2026-02-01,Manipur,HONDA CARS INDIA LTD,Petrol/Diesel/CNG/Hybrid,4,Honda,Honda,Japan,North-East,IN-MN,State,"Manipur, India",Feb,2,Q1,28,False,False
2026-03-01,Manipur,HONDA CARS INDIA LTD,Petrol/Diesel/CNG/Hybrid,6,Honda,Honda,Japan,North-East,IN-MN,State,"Manipur, India",Mar,3,Q1,31,False,False
2026-05-01,Manipur,HONDA CARS INDIA LTD,Petrol/Diesel/CNG/Hybrid,12,Honda,Honda,Japan,North-East,IN-MN,State,"Manipur, India",May,5,Q2,31,False,False
2026-01-01,Manipur,HYUNDAI MOTOR INDIA LTD,Petrol/Diesel/CNG/Hybrid,59,Hyundai,Hyundai,South Korea,North-East,IN-MN,State,"Manipur, India",Jan,1,Q1,31,False,False
2026-02-01,Manipur,HYUNDAI MOTOR INDIA LTD,Petrol/Diesel/CNG/Hybrid,71,Hyundai,Hyundai,South Korea,North-East,IN-MN,State,"Manipur, India",Feb,2,Q1,28,False,False
2026-03-01,Manipur,HYUNDAI MOTOR INDIA LTD,Petrol/Diesel/CNG/Hybrid,72,Hyundai,Hyundai,South Korea,North-East,IN-MN,State,"Manipur, India",Mar,3,Q1,31,False,False
2026-04-01,Manipur,HYUNDAI MOTOR INDIA LTD,Petrol/Diesel/CNG/Hybrid,47,Hyundai,Hyundai,South Korea,North-East,IN-MN,State,"Manipur, India",Apr,4,Q2,30,False,False
2026-05-01,Manipur,HYUNDAI MOTOR INDIA LTD,Petrol/Diesel/CNG/Hybrid,52,Hyundai,Hyundai,South Korea,North-East,IN-MN,State,"Manipur, India",May,5,Q2,31,False,False
2026-06-01,Manipur,HYUNDAI MOTOR INDIA LTD,Petrol/Diesel/CNG/Hybrid,26,Hyundai,Hyundai,South Korea,North-East,IN-MN,State,"Manipur, India",Jun,6,Q2,17,True,False
2026-03-01,Manipur,ISUZU MOTORS INDIA PVT LTD,Petrol/Diesel/CNG/Hybrid,1,Isuzu,Isuzu,Japan,North-East,IN-MN,State,"Manipur, India",Mar,3,Q1,31,False,False
2026-01-01,Manipur,JAGUAR LAND ROVER INDIA LIMITED,Petrol/Diesel/CNG/Hybrid,1,Jaguar Land Rover,Tata Motors,UK,North-East,IN-MN,State,"Manipur, India",Jan,1,Q1,31,False,False
2026-02-01,Manipur,JAGUAR LAND ROVER INDIA LIMITED,Petrol/Diesel/CNG/Hybrid,1,Jaguar Land Rover,Tata Motors,UK,North-East,IN-MN,State,"Manipur, India",Feb,2,Q1,28,False,False
2026-01-01,Manipur,JSW MG MOTOR INDIA PVT LTD,Petrol/Diesel/CNG/Hybrid,8,MG,JSW-SAIC,India / China,North-East,IN-MN,State,"Manipur, India",Jan,1,Q1,31,False,False
2026-02-01,Manipur,JSW MG MOTOR INDIA PVT LTD,Petrol/Diesel/CNG/Hybrid,5,MG,JSW-SAIC,India / China,North-East,IN-MN,State,"Manipur, India",Feb,2,Q1,28,False,False
2026-03-01,Manipur,JSW MG MOTOR INDIA PVT LTD,Petrol/Diesel/CNG/Hybrid,6,MG,JSW-SAIC,India / China,North-East,IN-MN,State,"Manipur, India",Mar,3,Q1,31,False,False
2026-04-01,Manipur,JSW MG MOTOR INDIA PVT LTD,Petrol/Diesel/CNG/Hybrid,8,MG,JSW-SAIC,India / China,North-East,IN-MN,State,"Manipur, India",Apr,4,Q2,30,False,False
2026-05-01,Manipur,JSW MG MOTOR INDIA PVT LTD,Petrol/Diesel/CNG/Hybrid,3,MG,JSW-SAIC,India / China,North-East,IN-MN,State,"Manipur, India",May,5,Q2,31,False,False
2026-06-01,Manipur,JSW MG MOTOR INDIA PVT LTD,Petrol/Diesel/CNG/Hybrid,5,MG,JSW-SAIC,India / China,North-East,IN-MN,State,"Manipur, India",Jun,6,Q2,17,True,False
2026-01-01,Manipur,KIA INDIA PRIVATE LIMITED,Petrol/Diesel/CNG/Hybrid,14,Kia,Hyundai,South Korea,North-East,IN-MN,State,"Manipur, India",Jan,1,Q1,31,False,False
2026-02-01,Manipur,KIA INDIA PRIVATE LIMITED,Petrol/Diesel/CNG/Hybrid,22,Kia,Hyundai,South Korea,North-East,IN-MN,State,"Manipur, India",Feb,2,Q1,28,False,False
2026-03-01,Manipur,KIA INDIA PRIVATE LIMITED,Petrol/Diesel/CNG/Hybrid,27,Kia,Hyundai,South Korea,North-East,IN-MN,State,"Manipur, India",Mar,3,Q1,31,False,False
2026-04-01,Manipur,KIA INDIA PRIVATE LIMITED,Petrol/Diesel/CNG/Hybrid,15,Kia,Hyundai,South Korea,North-East,IN-MN,State,"Manipur, India",Apr,4,Q2,30,False,False
2026-05-01,Manipur,KIA INDIA PRIVATE LIMITED,Petrol/Diesel/CNG/Hybrid,20,Kia,Hyundai,South Korea,North-East,IN-MN,State,"Manipur, India",May,5,Q2,31,False,False
2026-06-01,Manipur,KIA INDIA PRIVATE LIMITED,Petrol/Diesel/CNG/Hybrid,9,Kia,Hyundai,South Korea,North-East,IN-MN,State,"Manipur, India",Jun,6,Q2,17,True,False
2026-01-01,Manipur,MAHINDRA & MAHINDRA LIMITED,Petrol/Diesel/CNG/Hybrid,124,Mahindra,Mahindra,India,North-East,IN-MN,State,"Manipur, India",Jan,1,Q1,31,False,False
2026-02-01,Manipur,MAHINDRA & MAHINDRA LIMITED,Petrol/Diesel/CNG/Hybrid,145,Mahindra,Mahindra,India,North-East,IN-MN,State,"Manipur, India",Feb,2,Q1,28,False,False
2026-03-01,Manipur,MAHINDRA & MAHINDRA LIMITED,Petrol/Diesel/CNG/Hybrid,123,Mahindra,Mahindra,India,North-East,IN-MN,State,"Manipur, India",Mar,3,Q1,31,False,False
2026-04-01,Manipur,MAHINDRA & MAHINDRA LIMITED,Petrol/Diesel/CNG/Hybrid,90,Mahindra,Mahindra,India,North-East,IN-MN,State,"Manipur, India",Apr,4,Q2,30,False,False
2026-05-01,Manipur,MAHINDRA & MAHINDRA LIMITED,Petrol/Diesel/CNG/Hybrid,117,Mahindra,Mahindra,India,North-East,IN-MN,State,"Manipur, India",May,5,Q2,31,False,False
2026-06-01,Manipur,MAHINDRA & MAHINDRA LIMITED,Petrol/Diesel/CNG/Hybrid,56,Mahindra,Mahindra,India,North-East,IN-MN,State,"Manipur, India",Jun,6,Q2,17,True,False
2026-01-01,Manipur,MARUTI SUZUKI INDIA LTD,Petrol/Diesel/CNG/Hybrid,320,Maruti Suzuki,Suzuki,Japan,North-East,IN-MN,State,"Manipur, India",Jan,1,Q1,31,False,False
2026-02-01,Manipur,MARUTI SUZUKI INDIA LTD,Petrol/Diesel/CNG/Hybrid,320,Maruti Suzuki,Suzuki,Japan,North-East,IN-MN,State,"Manipur, India",Feb,2,Q1,28,False,False
2026-03-01,Manipur,MARUTI SUZUKI INDIA LTD,Petrol/Diesel/CNG/Hybrid,320,Maruti Suzuki,Suzuki,Japan,North-East,IN-MN,State,"Manipur, India",Mar,3,Q1,31,False,False
2026-04-01,Manipur,MARUTI SUZUKI INDIA LTD,Petrol/Diesel/CNG/Hybrid,196,Maruti Suzuki,Suzuki,Japan,North-East,IN-MN,State,"Manipur, India",Apr,4,Q2,30,False,False
2026-05-01,Manipur,MARUTI SUZUKI INDIA LTD,Petrol/Diesel/CNG/Hybrid,320,Maruti Suzuki,Suzuki,Japan,North-East,IN-MN,State,"Manipur, India",May,5,Q2,31,False,False
2026-06-01,Manipur,MARUTI SUZUKI INDIA LTD,Petrol/Diesel/CNG/Hybrid,73,Maruti Suzuki,Suzuki,Japan,North-East,IN-MN,State,"Manipur, India",Jun,6,Q2,17,True,False
2026-01-01,Manipur,MERCEDES-BENZ INDIA PVT LTD,Petrol/Diesel/CNG/Hybrid,1,Mercedes-Benz,Mercedes-Benz,Germany,North-East,IN-MN,State,"Manipur, India",Jan,1,Q1,31,False,False
2026-01-01,Manipur,NISSAN MOTOR INDIA PVT LTD,Petrol/Diesel/CNG/Hybrid,5,Nissan,Nissan,Japan,North-East,IN-MN,State,"Manipur, India",Jan,1,Q1,31,False,False
2026-02-01,Manipur,NISSAN MOTOR INDIA PVT LTD,Petrol/Diesel/CNG/Hybrid,1,Nissan,Nissan,Japan,North-East,IN-MN,State,"Manipur, India",Feb,2,Q1,28,False,False
2026-03-01,Manipur,NISSAN MOTOR INDIA PVT LTD,Petrol/Diesel/CNG/Hybrid,5,Nissan,Nissan,Japan,North-East,IN-MN,State,"Manipur, India",Mar,3,Q1,31,False,False
2026-05-01,Manipur,NISSAN MOTOR INDIA PVT LTD,Petrol/Diesel/CNG/Hybrid,7,Nissan,Nissan,Japan,North-East,IN-MN,State,"Manipur, India",May,5,Q2,31,False,False
2026-01-01,Manipur,RENAULT INDIA PVT LTD,Petrol/Diesel/CNG/Hybrid,9,Renault,Renault,France,North-East,IN-MN,State,"Manipur, India",Jan,1,Q1,31,False,False
2026-02-01,Manipur,RENAULT INDIA PVT LTD,Petrol/Diesel/CNG/Hybrid,5,Renault,Renault,France,North-East,IN-MN,State,"Manipur, India",Feb,2,Q1,28,False,False
2026-03-01,Manipur,RENAULT INDIA PVT LTD,Petrol/Diesel/CNG/Hybrid,5,Renault,Renault,France,North-East,IN-MN,State,"Manipur, India",Mar,3,Q1,31,False,False
2026-05-01,Manipur,RENAULT INDIA PVT LTD,Petrol/Diesel/CNG/Hybrid,8,Renault,Renault,France,North-East,IN-MN,State,"Manipur, India",May,5,Q2,31,False,False
2026-06-01,Manipur,RENAULT INDIA PVT LTD,Petrol/Diesel/CNG/Hybrid,4,Renault,Renault,France,North-East,IN-MN,State,"Manipur, India",Jun,6,Q2,17,True,False
2026-01-01,Manipur,SKODA AUTO VOLKSWAGEN INDIA PVT LTD,Petrol/Diesel/CNG/Hybrid,1,Skoda-VW,Volkswagen Group,Germany,North-East,IN-MN,State,"Manipur, India",Jan,1,Q1,31,False,False
2026-02-01,Manipur,SKODA AUTO VOLKSWAGEN INDIA PVT LTD,Petrol/Diesel/CNG/Hybrid,4,Skoda-VW,Volkswagen Group,Germany,North-East,IN-MN,State,"Manipur, India",Feb,2,Q1,28,False,False
2026-03-01,Manipur,SKODA AUTO VOLKSWAGEN INDIA PVT LTD,Petrol/Diesel/CNG/Hybrid,1,Skoda-VW,Volkswagen Group,Germany,North-East,IN-MN,State,"Manipur, India",Mar,3,Q1,31,False,False
2026-04-01,Manipur,SKODA AUTO VOLKSWAGEN INDIA PVT LTD,Petrol/Diesel/CNG/Hybrid,4,Skoda-VW,Volkswagen Group,Germany,North-East,IN-MN,State,"Manipur, India",Apr,4,Q2,30,False,False
2026-05-01,Manipur,SKODA AUTO VOLKSWAGEN INDIA PVT LTD,Petrol/Diesel/CNG/Hybrid,4,Skoda-VW,Volkswagen Group,Germany,North-East,IN-MN,State,"Manipur, India",May,5,Q2,31,False,False
2026-06-01,Manipur,SKODA AUTO VOLKSWAGEN INDIA PVT LTD,Petrol/Diesel/CNG/Hybrid,1,Skoda-VW,Volkswagen Group,Germany,North-East,IN-MN,State,"Manipur, India",Jun,6,Q2,17,True,False
2026-02-01,Manipur,STELLANTIS AUTOMOBILES INDIA PVT LTD,Petrol/Diesel/CNG/Hybrid,3,Stellantis (Jeep/Citroen),Stellantis,Netherlands,North-East,IN-MN,State,"Manipur, India",Feb,2,Q1,28,False,False
2026-03-01,Manipur,STELLANTIS AUTOMOBILES INDIA PVT LTD,Petrol/Diesel/CNG/Hybrid,4,Stellantis (Jeep/Citroen),Stellantis,Netherlands,North-East,IN-MN,State,"Manipur, India",Mar,3,Q1,31,False,False
2026-04-01,Manipur,STELLANTIS AUTOMOBILES INDIA PVT LTD,Petrol/Diesel/CNG/Hybrid,3,Stellantis (Jeep/Citroen),Stellantis,Netherlands,North-East,IN-MN,State,"Manipur, India",Apr,4,Q2,30,False,False
2026-05-01,Manipur,STELLANTIS AUTOMOBILES INDIA PVT LTD,Petrol/Diesel/CNG/Hybrid,2,Stellantis (Jeep/Citroen),Stellantis,Netherlands,North-East,IN-MN,State,"Manipur, India",May,5,Q2,31,False,False
2026-01-01,Manipur,TATA MOTORS LTD,Petrol/Diesel/CNG/Hybrid,2,Tata,Tata Motors,India,North-East,IN-MN,State,"Manipur, India",Jan,1,Q1,31,False,False
2026-03-01,Manipur,TATA MOTORS LTD,Petrol/Diesel/CNG/Hybrid,1,Tata,Tata Motors,India,North-East,IN-MN,State,"Manipur, India",Mar,3,Q1,31,False,False
2026-01-01,Manipur,TATA MOTORS PASSENGER VEHICLES LTD,Petrol/Diesel/CNG/Hybrid,61,Tata,Tata Motors,India,North-East,IN-MN,State,"Manipur, India",Jan,1,Q1,31,False,False
2026-02-01,Manipur,TATA MOTORS PASSENGER VEHICLES LTD,Petrol/Diesel/CNG/Hybrid,84,Tata,Tata Motors,India,North-East,IN-MN,State,"Manipur, India",Feb,2,Q1,28,False,False
2026-03-01,Manipur,TATA MOTORS PASSENGER VEHICLES LTD,Petrol/Diesel/CNG/Hybrid,82,Tata,Tata Motors,India,North-East,IN-MN,State,"Manipur, India",Mar,3,Q1,31,False,False
2026-04-01,Manipur,TATA MOTORS PASSENGER VEHICLES LTD,Petrol/Diesel/CNG/Hybrid,42,Tata,Tata Motors,India,North-East,IN-MN,State,"Manipur, India",Apr,4,Q2,30,False,False
2026-05-01,Manipur,TATA MOTORS PASSENGER VEHICLES LTD,Petrol/Diesel/CNG/Hybrid,50,Tata,Tata Motors,India,North-East,IN-MN,State,"Manipur, India",May,5,Q2,31,False,False
2026-06-01,Manipur,TATA MOTORS PASSENGER VEHICLES LTD,Petrol/Diesel/CNG/Hybrid,19,Tata,Tata Motors,India,North-East,IN-MN,State,"Manipur, India",Jun,6,Q2,17,True,False
2026-01-01,Manipur,TATA PASSENGER ELECTRIC MOBILITY LTD,Petrol/Diesel/CNG/Hybrid,1,Tata,Tata Motors,India,North-East,IN-MN,State,"Manipur, India",Jan,1,Q1,31,False,False
2026-01-01,Manipur,TOYOTA KIRLOSKAR MOTOR PVT LTD,Petrol/Diesel/CNG/Hybrid,73,Toyota,Toyota,Japan,North-East,IN-MN,State,"Manipur, India",Jan,1,Q1,31,False,False
2026-02-01,Manipur,TOYOTA KIRLOSKAR MOTOR PVT LTD,Petrol/Diesel/CNG/Hybrid,47,Toyota,Toyota,Japan,North-East,IN-MN,State,"Manipur, India",Feb,2,Q1,28,False,False
2026-03-01,Manipur,TOYOTA KIRLOSKAR MOTOR PVT LTD,Petrol/Diesel/CNG/Hybrid,73,Toyota,Toyota,Japan,North-East,IN-MN,State,"Manipur, India",Mar,3,Q1,31,False,False
2026-04-01,Manipur,TOYOTA KIRLOSKAR MOTOR PVT LTD,Petrol/Diesel/CNG/Hybrid,27,Toyota,Toyota,Japan,North-East,IN-MN,State,"Manipur, India",Apr,4,Q2,30,False,False
2026-05-01,Manipur,TOYOTA KIRLOSKAR MOTOR PVT LTD,Petrol/Diesel/CNG/Hybrid,36,Toyota,Toyota,Japan,North-East,IN-MN,State,"Manipur, India",May,5,Q2,31,False,False
2026-06-01,Manipur,TOYOTA KIRLOSKAR MOTOR PVT LTD,Petrol/Diesel/CNG/Hybrid,20,Toyota,Toyota,Japan,North-East,IN-MN,State,"Manipur, India",Jun,6,Q2,17,True,False
2026-01-01,Meghalaya,AUDI AG,Petrol/Diesel/CNG/Hybrid,1,Audi,Volkswagen Group,Germany,North-East,IN-ML,State,"Meghalaya, India",Jan,1,Q1,31,False,False
2026-01-01,Meghalaya,BMW INDIA PVT LTD,Petrol/Diesel/CNG/Hybrid,1,BMW,BMW Group,Germany,North-East,IN-ML,State,"Meghalaya, India",Jan,1,Q1,31,False,False
2026-05-01,Meghalaya,BMW INDIA PVT LTD,Petrol/Diesel/CNG/Hybrid,2,BMW,BMW Group,Germany,North-East,IN-ML,State,"Meghalaya, India",May,5,Q2,31,False,False
2026-06-01,Meghalaya,BMW INDIA PVT LTD,Petrol/Diesel/CNG/Hybrid,1,BMW,BMW Group,Germany,North-East,IN-ML,State,"Meghalaya, India",Jun,6,Q2,17,True,False
2026-02-01,Meghalaya,FORCE MOTORS LIMITED,Petrol/Diesel/CNG/Hybrid,1,Force,Force Motors,India,North-East,IN-ML,State,"Meghalaya, India",Feb,2,Q1,28,False,False
2026-01-01,Meghalaya,HONDA CARS INDIA LTD,Petrol/Diesel/CNG/Hybrid,2,Honda,Honda,Japan,North-East,IN-ML,State,"Meghalaya, India",Jan,1,Q1,31,False,False
2026-03-01,Meghalaya,HONDA CARS INDIA LTD,Petrol/Diesel/CNG/Hybrid,1,Honda,Honda,Japan,North-East,IN-ML,State,"Meghalaya, India",Mar,3,Q1,31,False,False
2026-04-01,Meghalaya,HONDA CARS INDIA LTD,Petrol/Diesel/CNG/Hybrid,2,Honda,Honda,Japan,North-East,IN-ML,State,"Meghalaya, India",Apr,4,Q2,30,False,False
2026-05-01,Meghalaya,HONDA CARS INDIA LTD,Petrol/Diesel/CNG/Hybrid,1,Honda,Honda,Japan,North-East,IN-ML,State,"Meghalaya, India",May,5,Q2,31,False,False
2026-06-01,Meghalaya,HONDA CARS INDIA LTD,Petrol/Diesel/CNG/Hybrid,1,Honda,Honda,Japan,North-East,IN-ML,State,"Meghalaya, India",Jun,6,Q2,17,True,False
2026-01-01,Meghalaya,HYUNDAI MOTOR INDIA LTD,Petrol/Diesel/CNG/Hybrid,143,Hyundai,Hyundai,South Korea,North-East,IN-ML,State,"Meghalaya, India",Jan,1,Q1,31,False,False
2026-02-01,Meghalaya,HYUNDAI MOTOR INDIA LTD,Petrol/Diesel/CNG/Hybrid,89,Hyundai,Hyundai,South Korea,North-East,IN-ML,State,"Meghalaya, India",Feb,2,Q1,28,False,False
2026-03-01,Meghalaya,HYUNDAI MOTOR INDIA LTD,Petrol/Diesel/CNG/Hybrid,83,Hyundai,Hyundai,South Korea,North-East,IN-ML,State,"Meghalaya, India",Mar,3,Q1,31,False,False
2026-04-01,Meghalaya,HYUNDAI MOTOR INDIA LTD,Petrol/Diesel/CNG/Hybrid,74,Hyundai,Hyundai,South Korea,North-East,IN-ML,State,"Meghalaya, India",Apr,4,Q2,30,False,False
2026-05-01,Meghalaya,HYUNDAI MOTOR INDIA LTD,Petrol/Diesel/CNG/Hybrid,88,Hyundai,Hyundai,South Korea,North-East,IN-ML,State,"Meghalaya, India",May,5,Q2,31,False,False
2026-06-01,Meghalaya,HYUNDAI MOTOR INDIA LTD,Petrol/Diesel/CNG/Hybrid,54,Hyundai,Hyundai,South Korea,North-East,IN-ML,State,"Meghalaya, India",Jun,6,Q2,17,True,False
2026-01-01,Meghalaya,ISUZU MOTORS INDIA PVT LTD,Petrol/Diesel/CNG/Hybrid,2,Isuzu,Isuzu,Japan,North-East,IN-ML,State,"Meghalaya, India",Jan,1,Q1,31,False,False
2026-03-01,Meghalaya,ISUZU MOTORS INDIA PVT LTD,Petrol/Diesel/CNG/Hybrid,2,Isuzu,Isuzu,Japan,North-East,IN-ML,State,"Meghalaya, India",Mar,3,Q1,31,False,False
2026-04-01,Meghalaya,ISUZU MOTORS INDIA PVT LTD,Petrol/Diesel/CNG/Hybrid,1,Isuzu,Isuzu,Japan,North-East,IN-ML,State,"Meghalaya, India",Apr,4,Q2,30,False,False
2026-03-01,Meghalaya,JAGUAR LAND ROVER INDIA LIMITED,Petrol/Diesel/CNG/Hybrid,1,Jaguar Land Rover,Tata Motors,UK,North-East,IN-ML,State,"Meghalaya, India",Mar,3,Q1,31,False,False
2026-04-01,Meghalaya,JSW MG MOTOR INDIA PVT LTD,Petrol/Diesel/CNG/Hybrid,1,MG,JSW-SAIC,India / China,North-East,IN-ML,State,"Meghalaya, India",Apr,4,Q2,30,False,False
2026-01-01,Meghalaya,KIA INDIA PRIVATE LIMITED,Petrol/Diesel/CNG/Hybrid,5,Kia,Hyundai,South Korea,North-East,IN-ML,State,"Meghalaya, India",Jan,1,Q1,31,False,False
2026-02-01,Meghalaya,KIA INDIA PRIVATE LIMITED,Petrol/Diesel/CNG/Hybrid,5,Kia,Hyundai,South Korea,North-East,IN-ML,State,"Meghalaya, India",Feb,2,Q1,28,False,False
2026-03-01,Meghalaya,KIA INDIA PRIVATE LIMITED,Petrol/Diesel/CNG/Hybrid,8,Kia,Hyundai,South Korea,North-East,IN-ML,State,"Meghalaya, India",Mar,3,Q1,31,False,False
2026-04-01,Meghalaya,KIA INDIA PRIVATE LIMITED,Petrol/Diesel/CNG/Hybrid,4,Kia,Hyundai,South Korea,North-East,IN-ML,State,"Meghalaya, India",Apr,4,Q2,30,False,False
2026-05-01,Meghalaya,KIA INDIA PRIVATE LIMITED,Petrol/Diesel/CNG/Hybrid,3,Kia,Hyundai,South Korea,North-East,IN-ML,State,"Meghalaya, India",May,5,Q2,31,False,False
2026-06-01,Meghalaya,KIA INDIA PRIVATE LIMITED,Petrol/Diesel/CNG/Hybrid,4,Kia,Hyundai,South Korea,North-East,IN-ML,State,"Meghalaya, India",Jun,6,Q2,17,True,False
2026-01-01,Meghalaya,MAHINDRA & MAHINDRA LIMITED,Petrol/Diesel/CNG/Hybrid,240,Mahindra,Mahindra,India,North-East,IN-ML,State,"Meghalaya, India",Jan,1,Q1,31,False,False
2026-02-01,Meghalaya,MAHINDRA & MAHINDRA LIMITED,Petrol/Diesel/CNG/Hybrid,213,Mahindra,Mahindra,India,North-East,IN-ML,State,"Meghalaya, India",Feb,2,Q1,28,False,False
2026-03-01,Meghalaya,MAHINDRA & MAHINDRA LIMITED,Petrol/Diesel/CNG/Hybrid,162,Mahindra,Mahindra,India,North-East,IN-ML,State,"Meghalaya, India",Mar,3,Q1,31,False,False
2026-04-01,Meghalaya,MAHINDRA & MAHINDRA LIMITED,Petrol/Diesel/CNG/Hybrid,171,Mahindra,Mahindra,India,North-East,IN-ML,State,"Meghalaya, India",Apr,4,Q2,30,False,False
2026-05-01,Meghalaya,MAHINDRA & MAHINDRA LIMITED,Petrol/Diesel/CNG/Hybrid,169,Mahindra,Mahindra,India,North-East,IN-ML,State,"Meghalaya, India",May,5,Q2,31,False,False
2026-06-01,Meghalaya,MAHINDRA & MAHINDRA LIMITED,Petrol/Diesel/CNG/Hybrid,101,Mahindra,Mahindra,India,North-East,IN-ML,State,"Meghalaya, India",Jun,6,Q2,17,True,False
2026-01-01,Meghalaya,MARUTI SUZUKI INDIA LTD,Petrol/Diesel/CNG/Hybrid,853,Maruti Suzuki,Suzuki,Japan,North-East,IN-ML,State,"Meghalaya, India",Jan,1,Q1,31,False,False
2026-02-01,Meghalaya,MARUTI SUZUKI INDIA LTD,Petrol/Diesel/CNG/Hybrid,686,Maruti Suzuki,Suzuki,Japan,North-East,IN-ML,State,"Meghalaya, India",Feb,2,Q1,28,False,False
2026-03-01,Meghalaya,MARUTI SUZUKI INDIA LTD,Petrol/Diesel/CNG/Hybrid,672,Maruti Suzuki,Suzuki,Japan,North-East,IN-ML,State,"Meghalaya, India",Mar,3,Q1,31,False,False
2026-04-01,Meghalaya,MARUTI SUZUKI INDIA LTD,Petrol/Diesel/CNG/Hybrid,518,Maruti Suzuki,Suzuki,Japan,North-East,IN-ML,State,"Meghalaya, India",Apr,4,Q2,30,False,False
2026-05-01,Meghalaya,MARUTI SUZUKI INDIA LTD,Petrol/Diesel/CNG/Hybrid,684,Maruti Suzuki,Suzuki,Japan,North-East,IN-ML,State,"Meghalaya, India",May,5,Q2,31,False,False
2026-06-01,Meghalaya,MARUTI SUZUKI INDIA LTD,Petrol/Diesel/CNG/Hybrid,390,Maruti Suzuki,Suzuki,Japan,North-East,IN-ML,State,"Meghalaya, India",Jun,6,Q2,17,True,False
2026-02-01,Meghalaya,MARUTI UDYOG LTD,Petrol/Diesel/CNG/Hybrid,1,Maruti Suzuki,Suzuki,Japan,North-East,IN-ML,State,"Meghalaya, India",Feb,2,Q1,28,False,False
2026-01-01,Meghalaya,MERCEDES-BENZ AG,Petrol/Diesel/CNG/Hybrid,1,Mercedes-Benz,Mercedes-Benz,Germany,North-East,IN-ML,State,"Meghalaya, India",Jan,1,Q1,31,False,False
2026-01-01,Meghalaya,MERCEDES-BENZ INDIA PVT LTD,Petrol/Diesel/CNG/Hybrid,1,Mercedes-Benz,Mercedes-Benz,Germany,North-East,IN-ML,State,"Meghalaya, India",Jan,1,Q1,31,False,False
2026-02-01,Meghalaya,MERCEDES-BENZ INDIA PVT LTD,Petrol/Diesel/CNG/Hybrid,1,Mercedes-Benz,Mercedes-Benz,Germany,North-East,IN-ML,State,"Meghalaya, India",Feb,2,Q1,28,False,False
2026-04-01,Meghalaya,MERCEDES-BENZ INDIA PVT LTD,Petrol/Diesel/CNG/Hybrid,2,Mercedes-Benz,Mercedes-Benz,Germany,North-East,IN-ML,State,"Meghalaya, India",Apr,4,Q2,30,False,False
2026-05-01,Meghalaya,MERCEDES-BENZ INDIA PVT LTD,Petrol/Diesel/CNG/Hybrid,1,Mercedes-Benz,Mercedes-Benz,Germany,North-East,IN-ML,State,"Meghalaya, India",May,5,Q2,31,False,False
2026-05-01,Meghalaya,NISSAN MOTOR INDIA PVT LTD,Petrol/Diesel/CNG/Hybrid,1,Nissan,Nissan,Japan,North-East,IN-ML,State,"Meghalaya, India",May,5,Q2,31,False,False
2026-06-01,Meghalaya,NISSAN MOTOR INDIA PVT LTD,Petrol/Diesel/CNG/Hybrid,1,Nissan,Nissan,Japan,North-East,IN-ML,State,"Meghalaya, India",Jun,6,Q2,17,True,False
2026-01-01,Meghalaya,RENAULT INDIA PVT LTD,Petrol/Diesel/CNG/Hybrid,2,Renault,Renault,France,North-East,IN-ML,State,"Meghalaya, India",Jan,1,Q1,31,False,False
2026-02-01,Meghalaya,RENAULT INDIA PVT LTD,Petrol/Diesel/CNG/Hybrid,1,Renault,Renault,France,North-East,IN-ML,State,"Meghalaya, India",Feb,2,Q1,28,False,False
2026-03-01,Meghalaya,RENAULT INDIA PVT LTD,Petrol/Diesel/CNG/Hybrid,2,Renault,Renault,France,North-East,IN-ML,State,"Meghalaya, India",Mar,3,Q1,31,False,False
2026-04-01,Meghalaya,RENAULT INDIA PVT LTD,Petrol/Diesel/CNG/Hybrid,1,Renault,Renault,France,North-East,IN-ML,State,"Meghalaya, India",Apr,4,Q2,30,False,False
2026-05-01,Meghalaya,RENAULT INDIA PVT LTD,Petrol/Diesel/CNG/Hybrid,7,Renault,Renault,France,North-East,IN-ML,State,"Meghalaya, India",May,5,Q2,31,False,False
2026-06-01,Meghalaya,RENAULT INDIA PVT LTD,Petrol/Diesel/CNG/Hybrid,3,Renault,Renault,France,North-East,IN-ML,State,"Meghalaya, India",Jun,6,Q2,17,True,False
2026-01-01,Meghalaya,SKODA AUTO VOLKSWAGEN INDIA PVT LTD,Petrol/Diesel/CNG/Hybrid,4,Skoda-VW,Volkswagen Group,Germany,North-East,IN-ML,State,"Meghalaya, India",Jan,1,Q1,31,False,False
2026-02-01,Meghalaya,SKODA AUTO VOLKSWAGEN INDIA PVT LTD,Petrol/Diesel/CNG/Hybrid,8,Skoda-VW,Volkswagen Group,Germany,North-East,IN-ML,State,"Meghalaya, India",Feb,2,Q1,28,False,False
2026-03-01,Meghalaya,SKODA AUTO VOLKSWAGEN INDIA PVT LTD,Petrol/Diesel/CNG/Hybrid,13,Skoda-VW,Volkswagen Group,Germany,North-East,IN-ML,State,"Meghalaya, India",Mar,3,Q1,31,False,False
2026-04-01,Meghalaya,SKODA AUTO VOLKSWAGEN INDIA PVT LTD,Petrol/Diesel/CNG/Hybrid,13,Skoda-VW,Volkswagen Group,Germany,North-East,IN-ML,State,"Meghalaya, India",Apr,4,Q2,30,False,False
2026-05-01,Meghalaya,SKODA AUTO VOLKSWAGEN INDIA PVT LTD,Petrol/Diesel/CNG/Hybrid,10,Skoda-VW,Volkswagen Group,Germany,North-East,IN-ML,State,"Meghalaya, India",May,5,Q2,31,False,False
2026-06-01,Meghalaya,SKODA AUTO VOLKSWAGEN INDIA PVT LTD,Petrol/Diesel/CNG/Hybrid,5,Skoda-VW,Volkswagen Group,Germany,North-East,IN-ML,State,"Meghalaya, India",Jun,6,Q2,17,True,False
2026-02-01,Meghalaya,STELLANTIS INDIA PVT LTD,Petrol/Diesel/CNG/Hybrid,1,Stellantis (Jeep/Citroen),Stellantis,Netherlands,North-East,IN-ML,State,"Meghalaya, India",Feb,2,Q1,28,False,False
2026-03-01,Meghalaya,STELLANTIS INDIA PVT LTD,Petrol/Diesel/CNG/Hybrid,1,Stellantis (Jeep/Citroen),Stellantis,Netherlands,North-East,IN-ML,State,"Meghalaya, India",Mar,3,Q1,31,False,False
2026-04-01,Meghalaya,STELLANTIS INDIA PVT LTD,Petrol/Diesel/CNG/Hybrid,1,Stellantis (Jeep/Citroen),Stellantis,Netherlands,North-East,IN-ML,State,"Meghalaya, India",Apr,4,Q2,30,False,False
2026-01-01,Meghalaya,TATA MOTORS LTD,Petrol/Diesel/CNG/Hybrid,1,Tata,Tata Motors,India,North-East,IN-ML,State,"Meghalaya, India",Jan,1,Q1,31,False,False
2026-02-01,Meghalaya,TATA MOTORS LTD,Petrol/Diesel/CNG/Hybrid,1,Tata,Tata Motors,India,North-East,IN-ML,State,"Meghalaya, India",Feb,2,Q1,28,False,False
2026-03-01,Meghalaya,TATA MOTORS LTD,Petrol/Diesel/CNG/Hybrid,3,Tata,Tata Motors,India,North-East,IN-ML,State,"Meghalaya, India",Mar,3,Q1,31,False,False
2026-04-01,Meghalaya,TATA MOTORS LTD,Petrol/Diesel/CNG/Hybrid,2,Tata,Tata Motors,India,North-East,IN-ML,State,"Meghalaya, India",Apr,4,Q2,30,False,False
2026-05-01,Meghalaya,TATA MOTORS LTD,Petrol/Diesel/CNG/Hybrid,8,Tata,Tata Motors,India,North-East,IN-ML,State,"Meghalaya, India",May,5,Q2,31,False,False
2026-01-01,Meghalaya,TATA MOTORS PASSENGER VEHICLES LTD,Petrol/Diesel/CNG/Hybrid,51,Tata,Tata Motors,India,North-East,IN-ML,State,"Meghalaya, India",Jan,1,Q1,31,False,False
2026-02-01,Meghalaya,TATA MOTORS PASSENGER VEHICLES LTD,Petrol/Diesel/CNG/Hybrid,50,Tata,Tata Motors,India,North-East,IN-ML,State,"Meghalaya, India",Feb,2,Q1,28,False,False
2026-03-01,Meghalaya,TATA MOTORS PASSENGER VEHICLES LTD,Petrol/Diesel/CNG/Hybrid,52,Tata,Tata Motors,India,North-East,IN-ML,State,"Meghalaya, India",Mar,3,Q1,31,False,False
2026-04-01,Meghalaya,TATA MOTORS PASSENGER VEHICLES LTD,Petrol/Diesel/CNG/Hybrid,37,Tata,Tata Motors,India,North-East,IN-ML,State,"Meghalaya, India",Apr,4,Q2,30,False,False
2026-05-01,Meghalaya,TATA MOTORS PASSENGER VEHICLES LTD,Petrol/Diesel/CNG/Hybrid,39,Tata,Tata Motors,India,North-East,IN-ML,State,"Meghalaya, India",May,5,Q2,31,False,False
2026-06-01,Meghalaya,TATA MOTORS PASSENGER VEHICLES LTD,Petrol/Diesel/CNG/Hybrid,24,Tata,Tata Motors,India,North-East,IN-ML,State,"Meghalaya, India",Jun,6,Q2,17,True,False
2026-01-01,Meghalaya,TOYOTA KIRLOSKAR MOTOR PVT LTD,Petrol/Diesel/CNG/Hybrid,36,Toyota,Toyota,Japan,North-East,IN-ML,State,"Meghalaya, India",Jan,1,Q1,31,False,False
2026-02-01,Meghalaya,TOYOTA KIRLOSKAR MOTOR PVT LTD,Petrol/Diesel/CNG/Hybrid,26,Toyota,Toyota,Japan,North-East,IN-ML,State,"Meghalaya, India",Feb,2,Q1,28,False,False
2026-03-01,Meghalaya,TOYOTA KIRLOSKAR MOTOR PVT LTD,Petrol/Diesel/CNG/Hybrid,14,Toyota,Toyota,Japan,North-East,IN-ML,State,"Meghalaya, India",Mar,3,Q1,31,False,False
2026-04-01,Meghalaya,TOYOTA KIRLOSKAR MOTOR PVT LTD,Petrol/Diesel/CNG/Hybrid,16,Toyota,Toyota,Japan,North-East,IN-ML,State,"Meghalaya, India",Apr,4,Q2,30,False,False
2026-05-01,Meghalaya,TOYOTA KIRLOSKAR MOTOR PVT LTD,Petrol/Diesel/CNG/Hybrid,18,Toyota,Toyota,Japan,North-East,IN-ML,State,"Meghalaya, India",May,5,Q2,31,False,False
2026-06-01,Meghalaya,TOYOTA KIRLOSKAR MOTOR PVT LTD,Petrol/Diesel/CNG/Hybrid,10,Toyota,Toyota,Japan,North-East,IN-ML,State,"Meghalaya, India",Jun,6,Q2,17,True,False
2026-02-01,Mizoram,BMW INDIA PVT LTD,Petrol/Diesel/CNG/Hybrid,1,BMW,BMW Group,Germany,North-East,IN-MZ,State,"Mizoram, India",Feb,2,Q1,28,False,False
2026-01-01,Mizoram,FORCE MOTORS LIMITED,Petrol/Diesel/CNG/Hybrid,1,Force,Force Motors,India,North-East,IN-MZ,State,"Mizoram, India",Jan,1,Q1,31,False,False
2026-03-01,Mizoram,FORCE MOTORS LIMITED,Petrol/Diesel/CNG/Hybrid,1,Force,Force Motors,India,North-East,IN-MZ,State,"Mizoram, India",Mar,3,Q1,31,False,False
2026-04-01,Mizoram,FORCE MOTORS LIMITED,Petrol/Diesel/CNG/Hybrid,3,Force,Force Motors,India,North-East,IN-MZ,State,"Mizoram, India",Apr,4,Q2,30,False,False
2026-01-01,Mizoram,HONDA CARS INDIA LTD,Petrol/Diesel/CNG/Hybrid,1,Honda,Honda,Japan,North-East,IN-MZ,State,"Mizoram, India",Jan,1,Q1,31,False,False
2026-03-01,Mizoram,HONDA CARS INDIA LTD,Petrol/Diesel/CNG/Hybrid,1,Honda,Honda,Japan,North-East,IN-MZ,State,"Mizoram, India",Mar,3,Q1,31,False,False
2026-01-01,Mizoram,HYUNDAI MOTOR INDIA LTD,Petrol/Diesel/CNG/Hybrid,47,Hyundai,Hyundai,South Korea,North-East,IN-MZ,State,"Mizoram, India",Jan,1,Q1,31,False,False
2026-02-01,Mizoram,HYUNDAI MOTOR INDIA LTD,Petrol/Diesel/CNG/Hybrid,28,Hyundai,Hyundai,South Korea,North-East,IN-MZ,State,"Mizoram, India",Feb,2,Q1,28,False,False
2026-03-01,Mizoram,HYUNDAI MOTOR INDIA LTD,Petrol/Diesel/CNG/Hybrid,34,Hyundai,Hyundai,South Korea,North-East,IN-MZ,State,"Mizoram, India",Mar,3,Q1,31,False,False
2026-04-01,Mizoram,HYUNDAI MOTOR INDIA LTD,Petrol/Diesel/CNG/Hybrid,35,Hyundai,Hyundai,South Korea,North-East,IN-MZ,State,"Mizoram, India",Apr,4,Q2,30,False,False
2026-05-01,Mizoram,HYUNDAI MOTOR INDIA LTD,Petrol/Diesel/CNG/Hybrid,41,Hyundai,Hyundai,South Korea,North-East,IN-MZ,State,"Mizoram, India",May,5,Q2,31,False,False
2026-06-01,Mizoram,HYUNDAI MOTOR INDIA LTD,Petrol/Diesel/CNG/Hybrid,26,Hyundai,Hyundai,South Korea,North-East,IN-MZ,State,"Mizoram, India",Jun,6,Q2,17,True,False
2026-05-01,Mizoram,ISUZU MOTORS INDIA PVT LTD,Petrol/Diesel/CNG/Hybrid,1,Isuzu,Isuzu,Japan,North-East,IN-MZ,State,"Mizoram, India",May,5,Q2,31,False,False
2026-06-01,Mizoram,ISUZU MOTORS INDIA PVT LTD,Petrol/Diesel/CNG/Hybrid,1,Isuzu,Isuzu,Japan,North-East,IN-MZ,State,"Mizoram, India",Jun,6,Q2,17,True,False
2026-01-01,Mizoram,KIA INDIA PRIVATE LIMITED,Petrol/Diesel/CNG/Hybrid,17,Kia,Hyundai,South Korea,North-East,IN-MZ,State,"Mizoram, India",Jan,1,Q1,31,False,False
2026-02-01,Mizoram,KIA INDIA PRIVATE LIMITED,Petrol/Diesel/CNG/Hybrid,4,Kia,Hyundai,South Korea,North-East,IN-MZ,State,"Mizoram, India",Feb,2,Q1,28,False,False
2026-03-01,Mizoram,KIA INDIA PRIVATE LIMITED,Petrol/Diesel/CNG/Hybrid,4,Kia,Hyundai,South Korea,North-East,IN-MZ,State,"Mizoram, India",Mar,3,Q1,31,False,False
2026-04-01,Mizoram,KIA INDIA PRIVATE LIMITED,Petrol/Diesel/CNG/Hybrid,6,Kia,Hyundai,South Korea,North-East,IN-MZ,State,"Mizoram, India",Apr,4,Q2,30,False,False
2026-05-01,Mizoram,KIA INDIA PRIVATE LIMITED,Petrol/Diesel/CNG/Hybrid,11,Kia,Hyundai,South Korea,North-East,IN-MZ,State,"Mizoram, India",May,5,Q2,31,False,False
2026-06-01,Mizoram,KIA INDIA PRIVATE LIMITED,Petrol/Diesel/CNG/Hybrid,5,Kia,Hyundai,South Korea,North-East,IN-MZ,State,"Mizoram, India",Jun,6,Q2,17,True,False
2026-01-01,Mizoram,MAHINDRA & MAHINDRA LIMITED,Petrol/Diesel/CNG/Hybrid,97,Mahindra,Mahindra,India,North-East,IN-MZ,State,"Mizoram, India",Jan,1,Q1,31,False,False
2026-02-01,Mizoram,MAHINDRA & MAHINDRA LIMITED,Petrol/Diesel/CNG/Hybrid,72,Mahindra,Mahindra,India,North-East,IN-MZ,State,"Mizoram, India",Feb,2,Q1,28,False,False
2026-03-01,Mizoram,MAHINDRA & MAHINDRA LIMITED,Petrol/Diesel/CNG/Hybrid,112,Mahindra,Mahindra,India,North-East,IN-MZ,State,"Mizoram, India",Mar,3,Q1,31,False,False
2026-04-01,Mizoram,MAHINDRA & MAHINDRA LIMITED,Petrol/Diesel/CNG/Hybrid,80,Mahindra,Mahindra,India,North-East,IN-MZ,State,"Mizoram, India",Apr,4,Q2,30,False,False
2026-05-01,Mizoram,MAHINDRA & MAHINDRA LIMITED,Petrol/Diesel/CNG/Hybrid,157,Mahindra,Mahindra,India,North-East,IN-MZ,State,"Mizoram, India",May,5,Q2,31,False,False
2026-06-01,Mizoram,MAHINDRA & MAHINDRA LIMITED,Petrol/Diesel/CNG/Hybrid,40,Mahindra,Mahindra,India,North-East,IN-MZ,State,"Mizoram, India",Jun,6,Q2,17,True,False
2026-01-01,Mizoram,MARUTI SUZUKI INDIA LTD,Petrol/Diesel/CNG/Hybrid,220,Maruti Suzuki,Suzuki,Japan,North-East,IN-MZ,State,"Mizoram, India",Jan,1,Q1,31,False,False
2026-02-01,Mizoram,MARUTI SUZUKI INDIA LTD,Petrol/Diesel/CNG/Hybrid,149,Maruti Suzuki,Suzuki,Japan,North-East,IN-MZ,State,"Mizoram, India",Feb,2,Q1,28,False,False
2026-03-01,Mizoram,MARUTI SUZUKI INDIA LTD,Petrol/Diesel/CNG/Hybrid,185,Maruti Suzuki,Suzuki,Japan,North-East,IN-MZ,State,"Mizoram, India",Mar,3,Q1,31,False,False
2026-04-01,Mizoram,MARUTI SUZUKI INDIA LTD,Petrol/Diesel/CNG/Hybrid,157,Maruti Suzuki,Suzuki,Japan,North-East,IN-MZ,State,"Mizoram, India",Apr,4,Q2,30,False,False
2026-05-01,Mizoram,MARUTI SUZUKI INDIA LTD,Petrol/Diesel/CNG/Hybrid,191,Maruti Suzuki,Suzuki,Japan,North-East,IN-MZ,State,"Mizoram, India",May,5,Q2,31,False,False
2026-06-01,Mizoram,MARUTI SUZUKI INDIA LTD,Petrol/Diesel/CNG/Hybrid,80,Maruti Suzuki,Suzuki,Japan,North-East,IN-MZ,State,"Mizoram, India",Jun,6,Q2,17,True,False
2026-03-01,Mizoram,MARUTI UDYOG LTD,Petrol/Diesel/CNG/Hybrid,1,Maruti Suzuki,Suzuki,Japan,North-East,IN-MZ,State,"Mizoram, India",Mar,3,Q1,31,False,False
2026-04-01,Mizoram,MARUTI UDYOG LTD,Petrol/Diesel/CNG/Hybrid,1,Maruti Suzuki,Suzuki,Japan,North-East,IN-MZ,State,"Mizoram, India",Apr,4,Q2,30,False,False
2026-02-01,Mizoram,NISSAN MOTOR INDIA PVT LTD,Petrol/Diesel/CNG/Hybrid,1,Nissan,Nissan,Japan,North-East,IN-MZ,State,"Mizoram, India",Feb,2,Q1,28,False,False
2026-03-01,Mizoram,NISSAN MOTOR INDIA PVT LTD,Petrol/Diesel/CNG/Hybrid,1,Nissan,Nissan,Japan,North-East,IN-MZ,State,"Mizoram, India",Mar,3,Q1,31,False,False
2026-05-01,Mizoram,RENAULT INDIA PVT LTD,Petrol/Diesel/CNG/Hybrid,1,Renault,Renault,France,North-East,IN-MZ,State,"Mizoram, India",May,5,Q2,31,False,False
2026-06-01,Mizoram,RENAULT INDIA PVT LTD,Petrol/Diesel/CNG/Hybrid,1,Renault,Renault,France,North-East,IN-MZ,State,"Mizoram, India",Jun,6,Q2,17,True,False
2026-01-01,Mizoram,TATA MOTORS LTD,Petrol/Diesel/CNG/Hybrid,2,Tata,Tata Motors,India,North-East,IN-MZ,State,"Mizoram, India",Jan,1,Q1,31,False,False
2026-01-01,Mizoram,TATA MOTORS PASSENGER VEHICLES LTD,Petrol/Diesel/CNG/Hybrid,32,Tata,Tata Motors,India,North-East,IN-MZ,State,"Mizoram, India",Jan,1,Q1,31,False,False
2026-02-01,Mizoram,TATA MOTORS PASSENGER VEHICLES LTD,Petrol/Diesel/CNG/Hybrid,23,Tata,Tata Motors,India,North-East,IN-MZ,State,"Mizoram, India",Feb,2,Q1,28,False,False
2026-03-01,Mizoram,TATA MOTORS PASSENGER VEHICLES LTD,Petrol/Diesel/CNG/Hybrid,49,Tata,Tata Motors,India,North-East,IN-MZ,State,"Mizoram, India",Mar,3,Q1,31,False,False
2026-04-01,Mizoram,TATA MOTORS PASSENGER VEHICLES LTD,Petrol/Diesel/CNG/Hybrid,24,Tata,Tata Motors,India,North-East,IN-MZ,State,"Mizoram, India",Apr,4,Q2,30,False,False
2026-05-01,Mizoram,TATA MOTORS PASSENGER VEHICLES LTD,Petrol/Diesel/CNG/Hybrid,35,Tata,Tata Motors,India,North-East,IN-MZ,State,"Mizoram, India",May,5,Q2,31,False,False
2026-06-01,Mizoram,TATA MOTORS PASSENGER VEHICLES LTD,Petrol/Diesel/CNG/Hybrid,27,Tata,Tata Motors,India,North-East,IN-MZ,State,"Mizoram, India",Jun,6,Q2,17,True,False
2026-01-01,Mizoram,TOYOTA KIRLOSKAR MOTOR PVT LTD,Petrol/Diesel/CNG/Hybrid,16,Toyota,Toyota,Japan,North-East,IN-MZ,State,"Mizoram, India",Jan,1,Q1,31,False,False
2026-02-01,Mizoram,TOYOTA KIRLOSKAR MOTOR PVT LTD,Petrol/Diesel/CNG/Hybrid,9,Toyota,Toyota,Japan,North-East,IN-MZ,State,"Mizoram, India",Feb,2,Q1,28,False,False
2026-03-01,Mizoram,TOYOTA KIRLOSKAR MOTOR PVT LTD,Petrol/Diesel/CNG/Hybrid,7,Toyota,Toyota,Japan,North-East,IN-MZ,State,"Mizoram, India",Mar,3,Q1,31,False,False
2026-04-01,Mizoram,TOYOTA KIRLOSKAR MOTOR PVT LTD,Petrol/Diesel/CNG/Hybrid,9,Toyota,Toyota,Japan,North-East,IN-MZ,State,"Mizoram, India",Apr,4,Q2,30,False,False
2026-05-01,Mizoram,TOYOTA KIRLOSKAR MOTOR PVT LTD,Petrol/Diesel/CNG/Hybrid,14,Toyota,Toyota,Japan,North-East,IN-MZ,State,"Mizoram, India",May,5,Q2,31,False,False
2026-06-01,Mizoram,TOYOTA KIRLOSKAR MOTOR PVT LTD,Petrol/Diesel/CNG/Hybrid,5,Toyota,Toyota,Japan,North-East,IN-MZ,State,"Mizoram, India",Jun,6,Q2,17,True,False
2026-01-01,Nagaland,BMW INDIA PVT LTD,Petrol/Diesel/CNG/Hybrid,2,BMW,BMW Group,Germany,North-East,IN-NL,State,"Nagaland, India",Jan,1,Q1,31,False,False
2026-01-01,Nagaland,HONDA CARS INDIA LTD,Petrol/Diesel/CNG/Hybrid,3,Honda,Honda,Japan,North-East,IN-NL,State,"Nagaland, India",Jan,1,Q1,31,False,False
2026-02-01,Nagaland,HONDA CARS INDIA LTD,Petrol/Diesel/CNG/Hybrid,7,Honda,Honda,Japan,North-East,IN-NL,State,"Nagaland, India",Feb,2,Q1,28,False,False
2026-03-01,Nagaland,HONDA CARS INDIA LTD,Petrol/Diesel/CNG/Hybrid,3,Honda,Honda,Japan,North-East,IN-NL,State,"Nagaland, India",Mar,3,Q1,31,False,False
2026-04-01,Nagaland,HONDA CARS INDIA LTD,Petrol/Diesel/CNG/Hybrid,2,Honda,Honda,Japan,North-East,IN-NL,State,"Nagaland, India",Apr,4,Q2,30,False,False
2026-05-01,Nagaland,HONDA CARS INDIA LTD,Petrol/Diesel/CNG/Hybrid,1,Honda,Honda,Japan,North-East,IN-NL,State,"Nagaland, India",May,5,Q2,31,False,False
2026-06-01,Nagaland,HONDA CARS INDIA LTD,Petrol/Diesel/CNG/Hybrid,2,Honda,Honda,Japan,North-East,IN-NL,State,"Nagaland, India",Jun,6,Q2,17,True,False
2026-01-01,Nagaland,HYUNDAI MOTOR INDIA LTD,Petrol/Diesel/CNG/Hybrid,72,Hyundai,Hyundai,South Korea,North-East,IN-NL,State,"Nagaland, India",Jan,1,Q1,31,False,False
2026-02-01,Nagaland,HYUNDAI MOTOR INDIA LTD,Petrol/Diesel/CNG/Hybrid,61,Hyundai,Hyundai,South Korea,North-East,IN-NL,State,"Nagaland, India",Feb,2,Q1,28,False,False
2026-03-01,Nagaland,HYUNDAI MOTOR INDIA LTD,Petrol/Diesel/CNG/Hybrid,48,Hyundai,Hyundai,South Korea,North-East,IN-NL,State,"Nagaland, India",Mar,3,Q1,31,False,False
2026-04-01,Nagaland,HYUNDAI MOTOR INDIA LTD,Petrol/Diesel/CNG/Hybrid,42,Hyundai,Hyundai,South Korea,North-East,IN-NL,State,"Nagaland, India",Apr,4,Q2,30,False,False
2026-05-01,Nagaland,HYUNDAI MOTOR INDIA LTD,Petrol/Diesel/CNG/Hybrid,44,Hyundai,Hyundai,South Korea,North-East,IN-NL,State,"Nagaland, India",May,5,Q2,31,False,False
2026-06-01,Nagaland,HYUNDAI MOTOR INDIA LTD,Petrol/Diesel/CNG/Hybrid,27,Hyundai,Hyundai,South Korea,North-East,IN-NL,State,"Nagaland, India",Jun,6,Q2,17,True,False
2026-01-01,Nagaland,ISUZU MOTORS INDIA PVT LTD,Petrol/Diesel/CNG/Hybrid,1,Isuzu,Isuzu,Japan,North-East,IN-NL,State,"Nagaland, India",Jan,1,Q1,31,False,False
2026-05-01,Nagaland,JAGUAR LAND ROVER INDIA LIMITED,Petrol/Diesel/CNG/Hybrid,1,Jaguar Land Rover,Tata Motors,UK,North-East,IN-NL,State,"Nagaland, India",May,5,Q2,31,False,False
2026-02-01,Nagaland,JSW MG MOTOR INDIA PVT LTD,Petrol/Diesel/CNG/Hybrid,1,MG,JSW-SAIC,India / China,North-East,IN-NL,State,"Nagaland, India",Feb,2,Q1,28,False,False
2026-01-01,Nagaland,KIA INDIA PRIVATE LIMITED,Petrol/Diesel/CNG/Hybrid,9,Kia,Hyundai,South Korea,North-East,IN-NL,State,"Nagaland, India",Jan,1,Q1,31,False,False
2026-02-01,Nagaland,KIA INDIA PRIVATE LIMITED,Petrol/Diesel/CNG/Hybrid,20,Kia,Hyundai,South Korea,North-East,IN-NL,State,"Nagaland, India",Feb,2,Q1,28,False,False
2026-03-01,Nagaland,KIA INDIA PRIVATE LIMITED,Petrol/Diesel/CNG/Hybrid,27,Kia,Hyundai,South Korea,North-East,IN-NL,State,"Nagaland, India",Mar,3,Q1,31,False,False
2026-04-01,Nagaland,KIA INDIA PRIVATE LIMITED,Petrol/Diesel/CNG/Hybrid,20,Kia,Hyundai,South Korea,North-East,IN-NL,State,"Nagaland, India",Apr,4,Q2,30,False,False
2026-05-01,Nagaland,KIA INDIA PRIVATE LIMITED,Petrol/Diesel/CNG/Hybrid,14,Kia,Hyundai,South Korea,North-East,IN-NL,State,"Nagaland, India",May,5,Q2,31,False,False
2026-06-01,Nagaland,KIA INDIA PRIVATE LIMITED,Petrol/Diesel/CNG/Hybrid,20,Kia,Hyundai,South Korea,North-East,IN-NL,State,"Nagaland, India",Jun,6,Q2,17,True,False
2026-01-01,Nagaland,MAHINDRA & MAHINDRA LIMITED,Petrol/Diesel/CNG/Hybrid,191,Mahindra,Mahindra,India,North-East,IN-NL,State,"Nagaland, India",Jan,1,Q1,31,False,False
2026-02-01,Nagaland,MAHINDRA & MAHINDRA LIMITED,Petrol/Diesel/CNG/Hybrid,189,Mahindra,Mahindra,India,North-East,IN-NL,State,"Nagaland, India",Feb,2,Q1,28,False,False
2026-03-01,Nagaland,MAHINDRA & MAHINDRA LIMITED,Petrol/Diesel/CNG/Hybrid,170,Mahindra,Mahindra,India,North-East,IN-NL,State,"Nagaland, India",Mar,3,Q1,31,False,False
2026-04-01,Nagaland,MAHINDRA & MAHINDRA LIMITED,Petrol/Diesel/CNG/Hybrid,163,Mahindra,Mahindra,India,North-East,IN-NL,State,"Nagaland, India",Apr,4,Q2,30,False,False
2026-05-01,Nagaland,MAHINDRA & MAHINDRA LIMITED,Petrol/Diesel/CNG/Hybrid,123,Mahindra,Mahindra,India,North-East,IN-NL,State,"Nagaland, India",May,5,Q2,31,False,False
2026-06-01,Nagaland,MAHINDRA & MAHINDRA LIMITED,Petrol/Diesel/CNG/Hybrid,74,Mahindra,Mahindra,India,North-East,IN-NL,State,"Nagaland, India",Jun,6,Q2,17,True,False
2026-03-01,Nagaland,MARUTI INDUSTRIES,Petrol/Diesel/CNG/Hybrid,1,Maruti Suzuki,Suzuki,Japan,North-East,IN-NL,State,"Nagaland, India",Mar,3,Q1,31,False,False
2026-05-01,Nagaland,MARUTI INDUSTRIES,Petrol/Diesel/CNG/Hybrid,2,Maruti Suzuki,Suzuki,Japan,North-East,IN-NL,State,"Nagaland, India",May,5,Q2,31,False,False
2026-06-01,Nagaland,MARUTI INDUSTRIES,Petrol/Diesel/CNG/Hybrid,3,Maruti Suzuki,Suzuki,Japan,North-East,IN-NL,State,"Nagaland, India",Jun,6,Q2,17,True,False
2026-01-01,Nagaland,MARUTI SUZUKI INDIA LTD,Petrol/Diesel/CNG/Hybrid,505,Maruti Suzuki,Suzuki,Japan,North-East,IN-NL,State,"Nagaland, India",Jan,1,Q1,31,False,False
2026-02-01,Nagaland,MARUTI SUZUKI INDIA LTD,Petrol/Diesel/CNG/Hybrid,359,Maruti Suzuki,Suzuki,Japan,North-East,IN-NL,State,"Nagaland, India",Feb,2,Q1,28,False,False
2026-03-01,Nagaland,MARUTI SUZUKI INDIA LTD,Petrol/Diesel/CNG/Hybrid,374,Maruti Suzuki,Suzuki,Japan,North-East,IN-NL,State,"Nagaland, India",Mar,3,Q1,31,False,False
2026-04-01,Nagaland,MARUTI SUZUKI INDIA LTD,Petrol/Diesel/CNG/Hybrid,376,Maruti Suzuki,Suzuki,Japan,North-East,IN-NL,State,"Nagaland, India",Apr,4,Q2,30,False,False
2026-05-01,Nagaland,MARUTI SUZUKI INDIA LTD,Petrol/Diesel/CNG/Hybrid,463,Maruti Suzuki,Suzuki,Japan,North-East,IN-NL,State,"Nagaland, India",May,5,Q2,31,False,False
2026-06-01,Nagaland,MARUTI SUZUKI INDIA LTD,Petrol/Diesel/CNG/Hybrid,284,Maruti Suzuki,Suzuki,Japan,North-East,IN-NL,State,"Nagaland, India",Jun,6,Q2,17,True,False
2026-01-01,Nagaland,MARUTI UDYOG LTD,Petrol/Diesel/CNG/Hybrid,1,Maruti Suzuki,Suzuki,Japan,North-East,IN-NL,State,"Nagaland, India",Jan,1,Q1,31,False,False
2026-02-01,Nagaland,MERCEDES-BENZ INDIA PVT LTD,Petrol/Diesel/CNG/Hybrid,2,Mercedes-Benz,Mercedes-Benz,Germany,North-East,IN-NL,State,"Nagaland, India",Feb,2,Q1,28,False,False
2026-01-01,Nagaland,NISSAN MOTOR INDIA PVT LTD,Petrol/Diesel/CNG/Hybrid,7,Nissan,Nissan,Japan,North-East,IN-NL,State,"Nagaland, India",Jan,1,Q1,31,False,False
2026-02-01,Nagaland,NISSAN MOTOR INDIA PVT LTD,Petrol/Diesel/CNG/Hybrid,10,Nissan,Nissan,Japan,North-East,IN-NL,State,"Nagaland, India",Feb,2,Q1,28,False,False
2026-03-01,Nagaland,NISSAN MOTOR INDIA PVT LTD,Petrol/Diesel/CNG/Hybrid,15,Nissan,Nissan,Japan,North-East,IN-NL,State,"Nagaland, India",Mar,3,Q1,31,False,False
2026-04-01,Nagaland,NISSAN MOTOR INDIA PVT LTD,Petrol/Diesel/CNG/Hybrid,11,Nissan,Nissan,Japan,North-East,IN-NL,State,"Nagaland, India",Apr,4,Q2,30,False,False
2026-05-01,Nagaland,NISSAN MOTOR INDIA PVT LTD,Petrol/Diesel/CNG/Hybrid,11,Nissan,Nissan,Japan,North-East,IN-NL,State,"Nagaland, India",May,5,Q2,31,False,False
2026-06-01,Nagaland,NISSAN MOTOR INDIA PVT LTD,Petrol/Diesel/CNG/Hybrid,7,Nissan,Nissan,Japan,North-East,IN-NL,State,"Nagaland, India",Jun,6,Q2,17,True,False
2026-01-01,Nagaland,RENAULT INDIA PVT LTD,Petrol/Diesel/CNG/Hybrid,1,Renault,Renault,France,North-East,IN-NL,State,"Nagaland, India",Jan,1,Q1,31,False,False
2026-06-01,Nagaland,RENAULT INDIA PVT LTD,Petrol/Diesel/CNG/Hybrid,2,Renault,Renault,France,North-East,IN-NL,State,"Nagaland, India",Jun,6,Q2,17,True,False
2026-01-01,Nagaland,SKODA AUTO VOLKSWAGEN INDIA PVT LTD,Petrol/Diesel/CNG/Hybrid,16,Skoda-VW,Volkswagen Group,Germany,North-East,IN-NL,State,"Nagaland, India",Jan,1,Q1,31,False,False
2026-02-01,Nagaland,SKODA AUTO VOLKSWAGEN INDIA PVT LTD,Petrol/Diesel/CNG/Hybrid,11,Skoda-VW,Volkswagen Group,Germany,North-East,IN-NL,State,"Nagaland, India",Feb,2,Q1,28,False,False
2026-03-01,Nagaland,SKODA AUTO VOLKSWAGEN INDIA PVT LTD,Petrol/Diesel/CNG/Hybrid,10,Skoda-VW,Volkswagen Group,Germany,North-East,IN-NL,State,"Nagaland, India",Mar,3,Q1,31,False,False
2026-04-01,Nagaland,SKODA AUTO VOLKSWAGEN INDIA PVT LTD,Petrol/Diesel/CNG/Hybrid,8,Skoda-VW,Volkswagen Group,Germany,North-East,IN-NL,State,"Nagaland, India",Apr,4,Q2,30,False,False
2026-05-01,Nagaland,SKODA AUTO VOLKSWAGEN INDIA PVT LTD,Petrol/Diesel/CNG/Hybrid,11,Skoda-VW,Volkswagen Group,Germany,North-East,IN-NL,State,"Nagaland, India",May,5,Q2,31,False,False
2026-06-01,Nagaland,SKODA AUTO VOLKSWAGEN INDIA PVT LTD,Petrol/Diesel/CNG/Hybrid,4,Skoda-VW,Volkswagen Group,Germany,North-East,IN-NL,State,"Nagaland, India",Jun,6,Q2,17,True,False
2026-01-01,Nagaland,STELLANTIS INDIA PVT LTD,Petrol/Diesel/CNG/Hybrid,1,Stellantis (Jeep/Citroen),Stellantis,Netherlands,North-East,IN-NL,State,"Nagaland, India",Jan,1,Q1,31,False,False
2026-02-01,Nagaland,STELLANTIS INDIA PVT LTD,Petrol/Diesel/CNG/Hybrid,1,Stellantis (Jeep/Citroen),Stellantis,Netherlands,North-East,IN-NL,State,"Nagaland, India",Feb,2,Q1,28,False,False
2026-05-01,Nagaland,STELLANTIS INDIA PVT LTD,Petrol/Diesel/CNG/Hybrid,1,Stellantis (Jeep/Citroen),Stellantis,Netherlands,North-East,IN-NL,State,"Nagaland, India",May,5,Q2,31,False,False
2026-04-01,Nagaland,TATA MOTORS LTD,Petrol/Diesel/CNG/Hybrid,2,Tata,Tata Motors,India,North-East,IN-NL,State,"Nagaland, India",Apr,4,Q2,30,False,False
2026-01-01,Nagaland,TATA MOTORS PASSENGER VEHICLES LTD,Petrol/Diesel/CNG/Hybrid,38,Tata,Tata Motors,India,North-East,IN-NL,State,"Nagaland, India",Jan,1,Q1,31,False,False
2026-02-01,Nagaland,TATA MOTORS PASSENGER VEHICLES LTD,Petrol/Diesel/CNG/Hybrid,40,Tata,Tata Motors,India,North-East,IN-NL,State,"Nagaland, India",Feb,2,Q1,28,False,False
2026-03-01,Nagaland,TATA MOTORS PASSENGER VEHICLES LTD,Petrol/Diesel/CNG/Hybrid,54,Tata,Tata Motors,India,North-East,IN-NL,State,"Nagaland, India",Mar,3,Q1,31,False,False
2026-04-01,Nagaland,TATA MOTORS PASSENGER VEHICLES LTD,Petrol/Diesel/CNG/Hybrid,31,Tata,Tata Motors,India,North-East,IN-NL,State,"Nagaland, India",Apr,4,Q2,30,False,False
2026-05-01,Nagaland,TATA MOTORS PASSENGER VEHICLES LTD,Petrol/Diesel/CNG/Hybrid,33,Tata,Tata Motors,India,North-East,IN-NL,State,"Nagaland, India",May,5,Q2,31,False,False
2026-06-01,Nagaland,TATA MOTORS PASSENGER VEHICLES LTD,Petrol/Diesel/CNG/Hybrid,22,Tata,Tata Motors,India,North-East,IN-NL,State,"Nagaland, India",Jun,6,Q2,17,True,False
2026-01-01,Nagaland,TOYOTA KIRLOSKAR MOTOR PVT LTD,Petrol/Diesel/CNG/Hybrid,86,Toyota,Toyota,Japan,North-East,IN-NL,State,"Nagaland, India",Jan,1,Q1,31,False,False
2026-02-01,Nagaland,TOYOTA KIRLOSKAR MOTOR PVT LTD,Petrol/Diesel/CNG/Hybrid,62,Toyota,Toyota,Japan,North-East,IN-NL,State,"Nagaland, India",Feb,2,Q1,28,False,False
2026-03-01,Nagaland,TOYOTA KIRLOSKAR MOTOR PVT LTD,Petrol/Diesel/CNG/Hybrid,65,Toyota,Toyota,Japan,North-East,IN-NL,State,"Nagaland, India",Mar,3,Q1,31,False,False
2026-04-01,Nagaland,TOYOTA KIRLOSKAR MOTOR PVT LTD,Petrol/Diesel/CNG/Hybrid,52,Toyota,Toyota,Japan,North-East,IN-NL,State,"Nagaland, India",Apr,4,Q2,30,False,False
2026-05-01,Nagaland,TOYOTA KIRLOSKAR MOTOR PVT LTD,Petrol/Diesel/CNG/Hybrid,66,Toyota,Toyota,Japan,North-East,IN-NL,State,"Nagaland, India",May,5,Q2,31,False,False
2026-06-01,Nagaland,TOYOTA KIRLOSKAR MOTOR PVT LTD,Petrol/Diesel/CNG/Hybrid,35,Toyota,Toyota,Japan,North-East,IN-NL,State,"Nagaland, India",Jun,6,Q2,17,True,False
2026-03-01,Odisha,AUTOMOBILI LAMBORGHINI S.P.A,Petrol/Diesel/CNG/Hybrid,1,Lamborghini,Volkswagen Group,Italy,East,IN-OR,State,"Odisha, India",Mar,3,Q1,31,False,False
2026-01-01,Odisha,BMW INDIA PVT LTD,Petrol/Diesel/CNG/Hybrid,13,BMW,BMW Group,Germany,East,IN-OR,State,"Odisha, India",Jan,1,Q1,31,False,False
2026-02-01,Odisha,BMW INDIA PVT LTD,Petrol/Diesel/CNG/Hybrid,10,BMW,BMW Group,Germany,East,IN-OR,State,"Odisha, India",Feb,2,Q1,28,False,False
2026-03-01,Odisha,BMW INDIA PVT LTD,Petrol/Diesel/CNG/Hybrid,17,BMW,BMW Group,Germany,East,IN-OR,State,"Odisha, India",Mar,3,Q1,31,False,False
2026-04-01,Odisha,BMW INDIA PVT LTD,Petrol/Diesel/CNG/Hybrid,16,BMW,BMW Group,Germany,East,IN-OR,State,"Odisha, India",Apr,4,Q2,30,False,False
2026-05-01,Odisha,BMW INDIA PVT LTD,Petrol/Diesel/CNG/Hybrid,15,BMW,BMW Group,Germany,East,IN-OR,State,"Odisha, India",May,5,Q2,31,False,False
2026-06-01,Odisha,BMW INDIA PVT LTD,Petrol/Diesel/CNG/Hybrid,10,BMW,BMW Group,Germany,East,IN-OR,State,"Odisha, India",Jun,6,Q2,17,True,False
2026-01-01,Odisha,BYD INDIA PRIVATE LIMITED,Petrol/Diesel/CNG/Hybrid,1,BYD,BYD,China,East,IN-OR,State,"Odisha, India",Jan,1,Q1,31,False,False
2026-04-01,Odisha,BYD INDIA PRIVATE LIMITED,Petrol/Diesel/CNG/Hybrid,1,BYD,BYD,China,East,IN-OR,State,"Odisha, India",Apr,4,Q2,30,False,False
2026-02-01,Odisha,FORCE MOTORS LIMITED,Petrol/Diesel/CNG/Hybrid,3,Force,Force Motors,India,East,IN-OR,State,"Odisha, India",Feb,2,Q1,28,False,False
2026-04-01,Odisha,FORCE MOTORS LIMITED,Petrol/Diesel/CNG/Hybrid,1,Force,Force Motors,India,East,IN-OR,State,"Odisha, India",Apr,4,Q2,30,False,False
2026-05-01,Odisha,FORCE MOTORS LIMITED,Petrol/Diesel/CNG/Hybrid,2,Force,Force Motors,India,East,IN-OR,State,"Odisha, India",May,5,Q2,31,False,False
2026-06-01,Odisha,FORCE MOTORS LIMITED,Petrol/Diesel/CNG/Hybrid,2,Force,Force Motors,India,East,IN-OR,State,"Odisha, India",Jun,6,Q2,17,True,False
2026-01-01,Odisha,HONDA CARS INDIA LTD,Petrol/Diesel/CNG/Hybrid,119,Honda,Honda,Japan,East,IN-OR,State,"Odisha, India",Jan,1,Q1,31,False,False
2026-02-01,Odisha,HONDA CARS INDIA LTD,Petrol/Diesel/CNG/Hybrid,98,Honda,Honda,Japan,East,IN-OR,State,"Odisha, India",Feb,2,Q1,28,False,False
2026-03-01,Odisha,HONDA CARS INDIA LTD,Petrol/Diesel/CNG/Hybrid,131,Honda,Honda,Japan,East,IN-OR,State,"Odisha, India",Mar,3,Q1,31,False,False
2026-04-01,Odisha,HONDA CARS INDIA LTD,Petrol/Diesel/CNG/Hybrid,120,Honda,Honda,Japan,East,IN-OR,State,"Odisha, India",Apr,4,Q2,30,False,False
2026-05-01,Odisha,HONDA CARS INDIA LTD,Petrol/Diesel/CNG/Hybrid,78,Honda,Honda,Japan,East,IN-OR,State,"Odisha, India",May,5,Q2,31,False,False
2026-06-01,Odisha,HONDA CARS INDIA LTD,Petrol/Diesel/CNG/Hybrid,47,Honda,Honda,Japan,East,IN-OR,State,"Odisha, India",Jun,6,Q2,17,True,False
2026-01-01,Odisha,HYUNDAI MOTOR INDIA LTD,Petrol/Diesel/CNG/Hybrid,1155,Hyundai,Hyundai,South Korea,East,IN-OR,State,"Odisha, India",Jan,1,Q1,31,False,False
2026-02-01,Odisha,HYUNDAI MOTOR INDIA LTD,Petrol/Diesel/CNG/Hybrid,882,Hyundai,Hyundai,South Korea,East,IN-OR,State,"Odisha, India",Feb,2,Q1,28,False,False
2026-03-01,Odisha,HYUNDAI MOTOR INDIA LTD,Petrol/Diesel/CNG/Hybrid,978,Hyundai,Hyundai,South Korea,East,IN-OR,State,"Odisha, India",Mar,3,Q1,31,False,False
2026-04-01,Odisha,HYUNDAI MOTOR INDIA LTD,Petrol/Diesel/CNG/Hybrid,1065,Hyundai,Hyundai,South Korea,East,IN-OR,State,"Odisha, India",Apr,4,Q2,30,False,False
2026-05-01,Odisha,HYUNDAI MOTOR INDIA LTD,Petrol/Diesel/CNG/Hybrid,968,Hyundai,Hyundai,South Korea,East,IN-OR,State,"Odisha, India",May,5,Q2,31,False,False
2026-06-01,Odisha,HYUNDAI MOTOR INDIA LTD,Petrol/Diesel/CNG/Hybrid,376,Hyundai,Hyundai,South Korea,East,IN-OR,State,"Odisha, India",Jun,6,Q2,17,True,False
2026-01-01,Odisha,JAGUAR LAND ROVER INDIA LIMITED,Petrol/Diesel/CNG/Hybrid,7,Jaguar Land Rover,Tata Motors,UK,East,IN-OR,State,"Odisha, India",Jan,1,Q1,31,False,False
2026-02-01,Odisha,JAGUAR LAND ROVER INDIA LIMITED,Petrol/Diesel/CNG/Hybrid,10,Jaguar Land Rover,Tata Motors,UK,East,IN-OR,State,"Odisha, India",Feb,2,Q1,28,False,False
2026-03-01,Odisha,JAGUAR LAND ROVER INDIA LIMITED,Petrol/Diesel/CNG/Hybrid,10,Jaguar Land Rover,Tata Motors,UK,East,IN-OR,State,"Odisha, India",Mar,3,Q1,31,False,False
2026-04-01,Odisha,JAGUAR LAND ROVER INDIA LIMITED,Petrol/Diesel/CNG/Hybrid,7,Jaguar Land Rover,Tata Motors,UK,East,IN-OR,State,"Odisha, India",Apr,4,Q2,30,False,False
2026-05-01,Odisha,JAGUAR LAND ROVER INDIA LIMITED,Petrol/Diesel/CNG/Hybrid,5,Jaguar Land Rover,Tata Motors,UK,East,IN-OR,State,"Odisha, India",May,5,Q2,31,False,False
2026-06-01,Odisha,JAGUAR LAND ROVER INDIA LIMITED,Petrol/Diesel/CNG/Hybrid,12,Jaguar Land Rover,Tata Motors,UK,East,IN-OR,State,"Odisha, India",Jun,6,Q2,17,True,False
2026-01-01,Odisha,JSW MG MOTOR INDIA PVT LTD,Petrol/Diesel/CNG/Hybrid,17,MG,JSW-SAIC,India / China,East,IN-OR,State,"Odisha, India",Jan,1,Q1,31,False,False
2026-02-01,Odisha,JSW MG MOTOR INDIA PVT LTD,Petrol/Diesel/CNG/Hybrid,29,MG,JSW-SAIC,India / China,East,IN-OR,State,"Odisha, India",Feb,2,Q1,28,False,False
2026-03-01,Odisha,JSW MG MOTOR INDIA PVT LTD,Petrol/Diesel/CNG/Hybrid,18,MG,JSW-SAIC,India / China,East,IN-OR,State,"Odisha, India",Mar,3,Q1,31,False,False
2026-04-01,Odisha,JSW MG MOTOR INDIA PVT LTD,Petrol/Diesel/CNG/Hybrid,20,MG,JSW-SAIC,India / China,East,IN-OR,State,"Odisha, India",Apr,4,Q2,30,False,False
2026-05-01,Odisha,JSW MG MOTOR INDIA PVT LTD,Petrol/Diesel/CNG/Hybrid,17,MG,JSW-SAIC,India / China,East,IN-OR,State,"Odisha, India",May,5,Q2,31,False,False
2026-06-01,Odisha,JSW MG MOTOR INDIA PVT LTD,Petrol/Diesel/CNG/Hybrid,11,MG,JSW-SAIC,India / China,East,IN-OR,State,"Odisha, India",Jun,6,Q2,17,True,False
2026-01-01,Odisha,KIA INDIA PRIVATE LIMITED,Petrol/Diesel/CNG/Hybrid,555,Kia,Hyundai,South Korea,East,IN-OR,State,"Odisha, India",Jan,1,Q1,31,False,False
2026-02-01,Odisha,KIA INDIA PRIVATE LIMITED,Petrol/Diesel/CNG/Hybrid,537,Kia,Hyundai,South Korea,East,IN-OR,State,"Odisha, India",Feb,2,Q1,28,False,False
2026-03-01,Odisha,KIA INDIA PRIVATE LIMITED,Petrol/Diesel/CNG/Hybrid,574,Kia,Hyundai,South Korea,East,IN-OR,State,"Odisha, India",Mar,3,Q1,31,False,False
2026-04-01,Odisha,KIA INDIA PRIVATE LIMITED,Petrol/Diesel/CNG/Hybrid,533,Kia,Hyundai,South Korea,East,IN-OR,State,"Odisha, India",Apr,4,Q2,30,False,False
2026-05-01,Odisha,KIA INDIA PRIVATE LIMITED,Petrol/Diesel/CNG/Hybrid,489,Kia,Hyundai,South Korea,East,IN-OR,State,"Odisha, India",May,5,Q2,31,False,False
2026-06-01,Odisha,KIA INDIA PRIVATE LIMITED,Petrol/Diesel/CNG/Hybrid,279,Kia,Hyundai,South Korea,East,IN-OR,State,"Odisha, India",Jun,6,Q2,17,True,False
2026-01-01,Odisha,MAHINDRA & MAHINDRA LIMITED,Petrol/Diesel/CNG/Hybrid,1043,Mahindra,Mahindra,India,East,IN-OR,State,"Odisha, India",Jan,1,Q1,31,False,False
2026-02-01,Odisha,MAHINDRA & MAHINDRA LIMITED,Petrol/Diesel/CNG/Hybrid,994,Mahindra,Mahindra,India,East,IN-OR,State,"Odisha, India",Feb,2,Q1,28,False,False
2026-03-01,Odisha,MAHINDRA & MAHINDRA LIMITED,Petrol/Diesel/CNG/Hybrid,1007,Mahindra,Mahindra,India,East,IN-OR,State,"Odisha, India",Mar,3,Q1,31,False,False
2026-04-01,Odisha,MAHINDRA & MAHINDRA LIMITED,Petrol/Diesel/CNG/Hybrid,976,Mahindra,Mahindra,India,East,IN-OR,State,"Odisha, India",Apr,4,Q2,30,False,False
2026-05-01,Odisha,MAHINDRA & MAHINDRA LIMITED,Petrol/Diesel/CNG/Hybrid,870,Mahindra,Mahindra,India,East,IN-OR,State,"Odisha, India",May,5,Q2,31,False,False
2026-06-01,Odisha,MAHINDRA & MAHINDRA LIMITED,Petrol/Diesel/CNG/Hybrid,403,Mahindra,Mahindra,India,East,IN-OR,State,"Odisha, India",Jun,6,Q2,17,True,False
2026-01-01,Odisha,MARUTI SUZUKI INDIA LTD,Petrol/Diesel/CNG/Hybrid,3287,Maruti Suzuki,Suzuki,Japan,East,IN-OR,State,"Odisha, India",Jan,1,Q1,31,False,False
2026-02-01,Odisha,MARUTI SUZUKI INDIA LTD,Petrol/Diesel/CNG/Hybrid,2187,Maruti Suzuki,Suzuki,Japan,East,IN-OR,State,"Odisha, India",Feb,2,Q1,28,False,False
2026-03-01,Odisha,MARUTI SUZUKI INDIA LTD,Petrol/Diesel/CNG/Hybrid,2242,Maruti Suzuki,Suzuki,Japan,East,IN-OR,State,"Odisha, India",Mar,3,Q1,31,False,False
2026-04-01,Odisha,MARUTI SUZUKI INDIA LTD,Petrol/Diesel/CNG/Hybrid,2608,Maruti Suzuki,Suzuki,Japan,East,IN-OR,State,"Odisha, India",Apr,4,Q2,30,False,False
2026-05-01,Odisha,MARUTI SUZUKI INDIA LTD,Petrol/Diesel/CNG/Hybrid,2618,Maruti Suzuki,Suzuki,Japan,East,IN-OR,State,"Odisha, India",May,5,Q2,31,False,False
2026-06-01,Odisha,MARUTI SUZUKI INDIA LTD,Petrol/Diesel/CNG/Hybrid,1685,Maruti Suzuki,Suzuki,Japan,East,IN-OR,State,"Odisha, India",Jun,6,Q2,17,True,False
2026-02-01,Odisha,MERCEDES-BENZ AG,Petrol/Diesel/CNG/Hybrid,1,Mercedes-Benz,Mercedes-Benz,Germany,East,IN-OR,State,"Odisha, India",Feb,2,Q1,28,False,False
2026-04-01,Odisha,MERCEDES-BENZ AG,Petrol/Diesel/CNG/Hybrid,2,Mercedes-Benz,Mercedes-Benz,Germany,East,IN-OR,State,"Odisha, India",Apr,4,Q2,30,False,False
2026-06-01,Odisha,MERCEDES-BENZ AG,Petrol/Diesel/CNG/Hybrid,1,Mercedes-Benz,Mercedes-Benz,Germany,East,IN-OR,State,"Odisha, India",Jun,6,Q2,17,True,False
2026-01-01,Odisha,MERCEDES-BENZ INDIA PVT LTD,Petrol/Diesel/CNG/Hybrid,17,Mercedes-Benz,Mercedes-Benz,Germany,East,IN-OR,State,"Odisha, India",Jan,1,Q1,31,False,False
2026-02-01,Odisha,MERCEDES-BENZ INDIA PVT LTD,Petrol/Diesel/CNG/Hybrid,15,Mercedes-Benz,Mercedes-Benz,Germany,East,IN-OR,State,"Odisha, India",Feb,2,Q1,28,False,False
2026-03-01,Odisha,MERCEDES-BENZ INDIA PVT LTD,Petrol/Diesel/CNG/Hybrid,17,Mercedes-Benz,Mercedes-Benz,Germany,East,IN-OR,State,"Odisha, India",Mar,3,Q1,31,False,False
2026-04-01,Odisha,MERCEDES-BENZ INDIA PVT LTD,Petrol/Diesel/CNG/Hybrid,14,Mercedes-Benz,Mercedes-Benz,Germany,East,IN-OR,State,"Odisha, India",Apr,4,Q2,30,False,False
2026-05-01,Odisha,MERCEDES-BENZ INDIA PVT LTD,Petrol/Diesel/CNG/Hybrid,14,Mercedes-Benz,Mercedes-Benz,Germany,East,IN-OR,State,"Odisha, India",May,5,Q2,31,False,False
2026-06-01,Odisha,MERCEDES-BENZ INDIA PVT LTD,Petrol/Diesel/CNG/Hybrid,3,Mercedes-Benz,Mercedes-Benz,Germany,East,IN-OR,State,"Odisha, India",Jun,6,Q2,17,True,False
2026-01-01,Odisha,NISSAN MOTOR INDIA PVT LTD,Petrol/Diesel/CNG/Hybrid,24,Nissan,Nissan,Japan,East,IN-OR,State,"Odisha, India",Jan,1,Q1,31,False,False
2026-02-01,Odisha,NISSAN MOTOR INDIA PVT LTD,Petrol/Diesel/CNG/Hybrid,14,Nissan,Nissan,Japan,East,IN-OR,State,"Odisha, India",Feb,2,Q1,28,False,False
2026-03-01,Odisha,NISSAN MOTOR INDIA PVT LTD,Petrol/Diesel/CNG/Hybrid,19,Nissan,Nissan,Japan,East,IN-OR,State,"Odisha, India",Mar,3,Q1,31,False,False
2026-04-01,Odisha,NISSAN MOTOR INDIA PVT LTD,Petrol/Diesel/CNG/Hybrid,22,Nissan,Nissan,Japan,East,IN-OR,State,"Odisha, India",Apr,4,Q2,30,False,False
2026-05-01,Odisha,NISSAN MOTOR INDIA PVT LTD,Petrol/Diesel/CNG/Hybrid,24,Nissan,Nissan,Japan,East,IN-OR,State,"Odisha, India",May,5,Q2,31,False,False
2026-06-01,Odisha,NISSAN MOTOR INDIA PVT LTD,Petrol/Diesel/CNG/Hybrid,14,Nissan,Nissan,Japan,East,IN-OR,State,"Odisha, India",Jun,6,Q2,17,True,False
2026-03-01,Odisha,PORSCHE AG GERMANY,Petrol/Diesel/CNG/Hybrid,1,Porsche,Volkswagen Group,Germany,East,IN-OR,State,"Odisha, India",Mar,3,Q1,31,False,False
2026-06-01,Odisha,PORSCHE AG GERMANY,Petrol/Diesel/CNG/Hybrid,1,Porsche,Volkswagen Group,Germany,East,IN-OR,State,"Odisha, India",Jun,6,Q2,17,True,False
2026-01-01,Odisha,RENAULT INDIA PVT LTD,Petrol/Diesel/CNG/Hybrid,91,Renault,Renault,France,East,IN-OR,State,"Odisha, India",Jan,1,Q1,31,False,False
2026-02-01,Odisha,RENAULT INDIA PVT LTD,Petrol/Diesel/CNG/Hybrid,87,Renault,Renault,France,East,IN-OR,State,"Odisha, India",Feb,2,Q1,28,False,False
2026-03-01,Odisha,RENAULT INDIA PVT LTD,Petrol/Diesel/CNG/Hybrid,78,Renault,Renault,France,East,IN-OR,State,"Odisha, India",Mar,3,Q1,31,False,False
2026-04-01,Odisha,RENAULT INDIA PVT LTD,Petrol/Diesel/CNG/Hybrid,86,Renault,Renault,France,East,IN-OR,State,"Odisha, India",Apr,4,Q2,30,False,False
2026-05-01,Odisha,RENAULT INDIA PVT LTD,Petrol/Diesel/CNG/Hybrid,95,Renault,Renault,France,East,IN-OR,State,"Odisha, India",May,5,Q2,31,False,False
2026-06-01,Odisha,RENAULT INDIA PVT LTD,Petrol/Diesel/CNG/Hybrid,49,Renault,Renault,France,East,IN-OR,State,"Odisha, India",Jun,6,Q2,17,True,False
2026-01-01,Odisha,SKODA AUTO VOLKSWAGEN INDIA PVT LTD,Petrol/Diesel/CNG/Hybrid,135,Skoda-VW,Volkswagen Group,Germany,East,IN-OR,State,"Odisha, India",Jan,1,Q1,31,False,False
2026-02-01,Odisha,SKODA AUTO VOLKSWAGEN INDIA PVT LTD,Petrol/Diesel/CNG/Hybrid,122,Skoda-VW,Volkswagen Group,Germany,East,IN-OR,State,"Odisha, India",Feb,2,Q1,28,False,False
2026-03-01,Odisha,SKODA AUTO VOLKSWAGEN INDIA PVT LTD,Petrol/Diesel/CNG/Hybrid,147,Skoda-VW,Volkswagen Group,Germany,East,IN-OR,State,"Odisha, India",Mar,3,Q1,31,False,False
2026-04-01,Odisha,SKODA AUTO VOLKSWAGEN INDIA PVT LTD,Petrol/Diesel/CNG/Hybrid,182,Skoda-VW,Volkswagen Group,Germany,East,IN-OR,State,"Odisha, India",Apr,4,Q2,30,False,False
2026-05-01,Odisha,SKODA AUTO VOLKSWAGEN INDIA PVT LTD,Petrol/Diesel/CNG/Hybrid,145,Skoda-VW,Volkswagen Group,Germany,East,IN-OR,State,"Odisha, India",May,5,Q2,31,False,False
2026-06-01,Odisha,SKODA AUTO VOLKSWAGEN INDIA PVT LTD,Petrol/Diesel/CNG/Hybrid,66,Skoda-VW,Volkswagen Group,Germany,East,IN-OR,State,"Odisha, India",Jun,6,Q2,17,True,False
2026-01-01,Odisha,STELLANTIS AUTOMOBILES INDIA PVT LTD,Petrol/Diesel/CNG/Hybrid,12,Stellantis (Jeep/Citroen),Stellantis,Netherlands,East,IN-OR,State,"Odisha, India",Jan,1,Q1,31,False,False
2026-02-01,Odisha,STELLANTIS AUTOMOBILES INDIA PVT LTD,Petrol/Diesel/CNG/Hybrid,7,Stellantis (Jeep/Citroen),Stellantis,Netherlands,East,IN-OR,State,"Odisha, India",Feb,2,Q1,28,False,False
2026-03-01,Odisha,STELLANTIS AUTOMOBILES INDIA PVT LTD,Petrol/Diesel/CNG/Hybrid,12,Stellantis (Jeep/Citroen),Stellantis,Netherlands,East,IN-OR,State,"Odisha, India",Mar,3,Q1,31,False,False
2026-04-01,Odisha,STELLANTIS AUTOMOBILES INDIA PVT LTD,Petrol/Diesel/CNG/Hybrid,7,Stellantis (Jeep/Citroen),Stellantis,Netherlands,East,IN-OR,State,"Odisha, India",Apr,4,Q2,30,False,False
2026-05-01,Odisha,STELLANTIS AUTOMOBILES INDIA PVT LTD,Petrol/Diesel/CNG/Hybrid,8,Stellantis (Jeep/Citroen),Stellantis,Netherlands,East,IN-OR,State,"Odisha, India",May,5,Q2,31,False,False
2026-06-01,Odisha,STELLANTIS AUTOMOBILES INDIA PVT LTD,Petrol/Diesel/CNG/Hybrid,3,Stellantis (Jeep/Citroen),Stellantis,Netherlands,East,IN-OR,State,"Odisha, India",Jun,6,Q2,17,True,False
2026-01-01,Odisha,STELLANTIS INDIA PVT LTD,Petrol/Diesel/CNG/Hybrid,5,Stellantis (Jeep/Citroen),Stellantis,Netherlands,East,IN-OR,State,"Odisha, India",Jan,1,Q1,31,False,False
2026-02-01,Odisha,STELLANTIS INDIA PVT LTD,Petrol/Diesel/CNG/Hybrid,3,Stellantis (Jeep/Citroen),Stellantis,Netherlands,East,IN-OR,State,"Odisha, India",Feb,2,Q1,28,False,False
2026-03-01,Odisha,STELLANTIS INDIA PVT LTD,Petrol/Diesel/CNG/Hybrid,3,Stellantis (Jeep/Citroen),Stellantis,Netherlands,East,IN-OR,State,"Odisha, India",Mar,3,Q1,31,False,False
2026-04-01,Odisha,STELLANTIS INDIA PVT LTD,Petrol/Diesel/CNG/Hybrid,6,Stellantis (Jeep/Citroen),Stellantis,Netherlands,East,IN-OR,State,"Odisha, India",Apr,4,Q2,30,False,False
2026-05-01,Odisha,STELLANTIS INDIA PVT LTD,Petrol/Diesel/CNG/Hybrid,2,Stellantis (Jeep/Citroen),Stellantis,Netherlands,East,IN-OR,State,"Odisha, India",May,5,Q2,31,False,False
2026-06-01,Odisha,STELLANTIS INDIA PVT LTD,Petrol/Diesel/CNG/Hybrid,4,Stellantis (Jeep/Citroen),Stellantis,Netherlands,East,IN-OR,State,"Odisha, India",Jun,6,Q2,17,True,False
2026-01-01,Odisha,TATA MOTORS LTD,Petrol/Diesel/CNG/Hybrid,1,Tata,Tata Motors,India,East,IN-OR,State,"Odisha, India",Jan,1,Q1,31,False,False
2026-02-01,Odisha,TATA MOTORS LTD,Petrol/Diesel/CNG/Hybrid,1,Tata,Tata Motors,India,East,IN-OR,State,"Odisha, India",Feb,2,Q1,28,False,False
2026-03-01,Odisha,TATA MOTORS LTD,Petrol/Diesel/CNG/Hybrid,5,Tata,Tata Motors,India,East,IN-OR,State,"Odisha, India",Mar,3,Q1,31,False,False
2026-04-01,Odisha,TATA MOTORS LTD,Petrol/Diesel/CNG/Hybrid,5,Tata,Tata Motors,India,East,IN-OR,State,"Odisha, India",Apr,4,Q2,30,False,False
2026-05-01,Odisha,TATA MOTORS LTD,Petrol/Diesel/CNG/Hybrid,4,Tata,Tata Motors,India,East,IN-OR,State,"Odisha, India",May,5,Q2,31,False,False
2026-06-01,Odisha,TATA MOTORS LTD,Petrol/Diesel/CNG/Hybrid,3,Tata,Tata Motors,India,East,IN-OR,State,"Odisha, India",Jun,6,Q2,17,True,False
2026-01-01,Odisha,TATA MOTORS PASSENGER VEHICLES LTD,Petrol/Diesel/CNG/Hybrid,826,Tata,Tata Motors,India,East,IN-OR,State,"Odisha, India",Jan,1,Q1,31,False,False
2026-02-01,Odisha,TATA MOTORS PASSENGER VEHICLES LTD,Petrol/Diesel/CNG/Hybrid,893,Tata,Tata Motors,India,East,IN-OR,State,"Odisha, India",Feb,2,Q1,28,False,False
2026-03-01,Odisha,TATA MOTORS PASSENGER VEHICLES LTD,Petrol/Diesel/CNG/Hybrid,954,Tata,Tata Motors,India,East,IN-OR,State,"Odisha, India",Mar,3,Q1,31,False,False
2026-04-01,Odisha,TATA MOTORS PASSENGER VEHICLES LTD,Petrol/Diesel/CNG/Hybrid,923,Tata,Tata Motors,India,East,IN-OR,State,"Odisha, India",Apr,4,Q2,30,False,False
2026-05-01,Odisha,TATA MOTORS PASSENGER VEHICLES LTD,Petrol/Diesel/CNG/Hybrid,890,Tata,Tata Motors,India,East,IN-OR,State,"Odisha, India",May,5,Q2,31,False,False
2026-06-01,Odisha,TATA MOTORS PASSENGER VEHICLES LTD,Petrol/Diesel/CNG/Hybrid,360,Tata,Tata Motors,India,East,IN-OR,State,"Odisha, India",Jun,6,Q2,17,True,False
2026-01-01,Odisha,TATA PASSENGER ELECTRIC MOBILITY LTD,Petrol/Diesel/CNG/Hybrid,2,Tata,Tata Motors,India,East,IN-OR,State,"Odisha, India",Jan,1,Q1,31,False,False
2026-01-01,Odisha,TOYOTA KIRLOSKAR MOTOR PVT LTD,Petrol/Diesel/CNG/Hybrid,441,Toyota,Toyota,Japan,East,IN-OR,State,"Odisha, India",Jan,1,Q1,31,False,False
2026-02-01,Odisha,TOYOTA KIRLOSKAR MOTOR PVT LTD,Petrol/Diesel/CNG/Hybrid,283,Toyota,Toyota,Japan,East,IN-OR,State,"Odisha, India",Feb,2,Q1,28,False,False
2026-03-01,Odisha,TOYOTA KIRLOSKAR MOTOR PVT LTD,Petrol/Diesel/CNG/Hybrid,345,Toyota,Toyota,Japan,East,IN-OR,State,"Odisha, India",Mar,3,Q1,31,False,False
2026-04-01,Odisha,TOYOTA KIRLOSKAR MOTOR PVT LTD,Petrol/Diesel/CNG/Hybrid,370,Toyota,Toyota,Japan,East,IN-OR,State,"Odisha, India",Apr,4,Q2,30,False,False
2026-05-01,Odisha,TOYOTA KIRLOSKAR MOTOR PVT LTD,Petrol/Diesel/CNG/Hybrid,305,Toyota,Toyota,Japan,East,IN-OR,State,"Odisha, India",May,5,Q2,31,False,False
2026-06-01,Odisha,TOYOTA KIRLOSKAR MOTOR PVT LTD,Petrol/Diesel/CNG/Hybrid,168,Toyota,Toyota,Japan,East,IN-OR,State,"Odisha, India",Jun,6,Q2,17,True,False
2026-03-01,Odisha,VOLKSWAGEN AG,Petrol/Diesel/CNG/Hybrid,2,Skoda-VW,Volkswagen Group,Germany,East,IN-OR,State,"Odisha, India",Mar,3,Q1,31,False,False
2026-04-01,Odisha,VOLKSWAGEN AG,Petrol/Diesel/CNG/Hybrid,1,Skoda-VW,Volkswagen Group,Germany,East,IN-OR,State,"Odisha, India",Apr,4,Q2,30,False,False
2026-06-01,Odisha,VOLKSWAGEN AG,Petrol/Diesel/CNG/Hybrid,1,Skoda-VW,Volkswagen Group,Germany,East,IN-OR,State,"Odisha, India",Jun,6,Q2,17,True,False
2026-01-01,Odisha,VOLVO AUTO INDIA PVT LTD,Petrol/Diesel/CNG/Hybrid,1,Volvo,Geely,Sweden,East,IN-OR,State,"Odisha, India",Jan,1,Q1,31,False,False
2026-03-01,Odisha,VOLVO AUTO INDIA PVT LTD,Petrol/Diesel/CNG/Hybrid,1,Volvo,Geely,Sweden,East,IN-OR,State,"Odisha, India",Mar,3,Q1,31,False,False
2026-01-01,Puducherry,AUDI AG,Petrol/Diesel/CNG/Hybrid,1,Audi,Volkswagen Group,Germany,South,IN-PY,Union Territory,"Puducherry, India",Jan,1,Q1,31,False,False
2026-03-01,Puducherry,AUDI AG,Petrol/Diesel/CNG/Hybrid,1,Audi,Volkswagen Group,Germany,South,IN-PY,Union Territory,"Puducherry, India",Mar,3,Q1,31,False,False
2026-05-01,Puducherry,AUDI AG,Petrol/Diesel/CNG/Hybrid,1,Audi,Volkswagen Group,Germany,South,IN-PY,Union Territory,"Puducherry, India",May,5,Q2,31,False,False
2026-03-01,Puducherry,AUTOMOBILI LAMBORGHINI S.P.A,Petrol/Diesel/CNG/Hybrid,1,Lamborghini,Volkswagen Group,Italy,South,IN-PY,Union Territory,"Puducherry, India",Mar,3,Q1,31,False,False
2026-06-01,Puducherry,AUTOMOBILI LAMBORGHINI S.P.A,Petrol/Diesel/CNG/Hybrid,1,Lamborghini,Volkswagen Group,Italy,South,IN-PY,Union Territory,"Puducherry, India",Jun,6,Q2,17,True,False
2026-01-01,Puducherry,BMW INDIA PVT LTD,Petrol/Diesel/CNG/Hybrid,19,BMW,BMW Group,Germany,South,IN-PY,Union Territory,"Puducherry, India",Jan,1,Q1,31,False,False
2026-02-01,Puducherry,BMW INDIA PVT LTD,Petrol/Diesel/CNG/Hybrid,7,BMW,BMW Group,Germany,South,IN-PY,Union Territory,"Puducherry, India",Feb,2,Q1,28,False,False
2026-03-01,Puducherry,BMW INDIA PVT LTD,Petrol/Diesel/CNG/Hybrid,17,BMW,BMW Group,Germany,South,IN-PY,Union Territory,"Puducherry, India",Mar,3,Q1,31,False,False
2026-04-01,Puducherry,BMW INDIA PVT LTD,Petrol/Diesel/CNG/Hybrid,15,BMW,BMW Group,Germany,South,IN-PY,Union Territory,"Puducherry, India",Apr,4,Q2,30,False,False
2026-05-01,Puducherry,BMW INDIA PVT LTD,Petrol/Diesel/CNG/Hybrid,15,BMW,BMW Group,Germany,South,IN-PY,Union Territory,"Puducherry, India",May,5,Q2,31,False,False
2026-06-01,Puducherry,BMW INDIA PVT LTD,Petrol/Diesel/CNG/Hybrid,9,BMW,BMW Group,Germany,South,IN-PY,Union Territory,"Puducherry, India",Jun,6,Q2,17,True,False
2026-01-01,Puducherry,HONDA CARS INDIA LTD,Petrol/Diesel/CNG/Hybrid,40,Honda,Honda,Japan,South,IN-PY,Union Territory,"Puducherry, India",Jan,1,Q1,31,False,False
2026-02-01,Puducherry,HONDA CARS INDIA LTD,Petrol/Diesel/CNG/Hybrid,31,Honda,Honda,Japan,South,IN-PY,Union Territory,"Puducherry, India",Feb,2,Q1,28,False,False
2026-03-01,Puducherry,HONDA CARS INDIA LTD,Petrol/Diesel/CNG/Hybrid,35,Honda,Honda,Japan,South,IN-PY,Union Territory,"Puducherry, India",Mar,3,Q1,31,False,False
2026-04-01,Puducherry,HONDA CARS INDIA LTD,Petrol/Diesel/CNG/Hybrid,42,Honda,Honda,Japan,South,IN-PY,Union Territory,"Puducherry, India",Apr,4,Q2,30,False,False
2026-05-01,Puducherry,HONDA CARS INDIA LTD,Petrol/Diesel/CNG/Hybrid,33,Honda,Honda,Japan,South,IN-PY,Union Territory,"Puducherry, India",May,5,Q2,31,False,False
2026-06-01,Puducherry,HONDA CARS INDIA LTD,Petrol/Diesel/CNG/Hybrid,24,Honda,Honda,Japan,South,IN-PY,Union Territory,"Puducherry, India",Jun,6,Q2,17,True,False
2026-01-01,Puducherry,HYUNDAI MOTOR INDIA LTD,Petrol/Diesel/CNG/Hybrid,179,Hyundai,Hyundai,South Korea,South,IN-PY,Union Territory,"Puducherry, India",Jan,1,Q1,31,False,False
2026-02-01,Puducherry,HYUNDAI MOTOR INDIA LTD,Petrol/Diesel/CNG/Hybrid,144,Hyundai,Hyundai,South Korea,South,IN-PY,Union Territory,"Puducherry, India",Feb,2,Q1,28,False,False
2026-03-01,Puducherry,HYUNDAI MOTOR INDIA LTD,Petrol/Diesel/CNG/Hybrid,140,Hyundai,Hyundai,South Korea,South,IN-PY,Union Territory,"Puducherry, India",Mar,3,Q1,31,False,False
2026-04-01,Puducherry,HYUNDAI MOTOR INDIA LTD,Petrol/Diesel/CNG/Hybrid,129,Hyundai,Hyundai,South Korea,South,IN-PY,Union Territory,"Puducherry, India",Apr,4,Q2,30,False,False
2026-05-01,Puducherry,HYUNDAI MOTOR INDIA LTD,Petrol/Diesel/CNG/Hybrid,143,Hyundai,Hyundai,South Korea,South,IN-PY,Union Territory,"Puducherry, India",May,5,Q2,31,False,False
2026-06-01,Puducherry,HYUNDAI MOTOR INDIA LTD,Petrol/Diesel/CNG/Hybrid,92,Hyundai,Hyundai,South Korea,South,IN-PY,Union Territory,"Puducherry, India",Jun,6,Q2,17,True,False
2026-05-01,Puducherry,ISUZU MOTORS INDIA PVT LTD,Petrol/Diesel/CNG/Hybrid,1,Isuzu,Isuzu,Japan,South,IN-PY,Union Territory,"Puducherry, India",May,5,Q2,31,False,False
2026-01-01,Puducherry,JAGUAR LAND ROVER INDIA LIMITED,Petrol/Diesel/CNG/Hybrid,7,Jaguar Land Rover,Tata Motors,UK,South,IN-PY,Union Territory,"Puducherry, India",Jan,1,Q1,31,False,False
2026-02-01,Puducherry,JAGUAR LAND ROVER INDIA LIMITED,Petrol/Diesel/CNG/Hybrid,3,Jaguar Land Rover,Tata Motors,UK,South,IN-PY,Union Territory,"Puducherry, India",Feb,2,Q1,28,False,False
2026-03-01,Puducherry,JAGUAR LAND ROVER INDIA LIMITED,Petrol/Diesel/CNG/Hybrid,2,Jaguar Land Rover,Tata Motors,UK,South,IN-PY,Union Territory,"Puducherry, India",Mar,3,Q1,31,False,False
2026-04-01,Puducherry,JAGUAR LAND ROVER INDIA LIMITED,Petrol/Diesel/CNG/Hybrid,6,Jaguar Land Rover,Tata Motors,UK,South,IN-PY,Union Territory,"Puducherry, India",Apr,4,Q2,30,False,False
2026-05-01,Puducherry,JAGUAR LAND ROVER INDIA LIMITED,Petrol/Diesel/CNG/Hybrid,9,Jaguar Land Rover,Tata Motors,UK,South,IN-PY,Union Territory,"Puducherry, India",May,5,Q2,31,False,False
2026-06-01,Puducherry,JAGUAR LAND ROVER INDIA LIMITED,Petrol/Diesel/CNG/Hybrid,4,Jaguar Land Rover,Tata Motors,UK,South,IN-PY,Union Territory,"Puducherry, India",Jun,6,Q2,17,True,False
2026-01-01,Puducherry,JSW MG MOTOR INDIA PVT LTD,Petrol/Diesel/CNG/Hybrid,7,MG,JSW-SAIC,India / China,South,IN-PY,Union Territory,"Puducherry, India",Jan,1,Q1,31,False,False
2026-02-01,Puducherry,JSW MG MOTOR INDIA PVT LTD,Petrol/Diesel/CNG/Hybrid,7,MG,JSW-SAIC,India / China,South,IN-PY,Union Territory,"Puducherry, India",Feb,2,Q1,28,False,False
2026-03-01,Puducherry,JSW MG MOTOR INDIA PVT LTD,Petrol/Diesel/CNG/Hybrid,11,MG,JSW-SAIC,India / China,South,IN-PY,Union Territory,"Puducherry, India",Mar,3,Q1,31,False,False
2026-04-01,Puducherry,JSW MG MOTOR INDIA PVT LTD,Petrol/Diesel/CNG/Hybrid,9,MG,JSW-SAIC,India / China,South,IN-PY,Union Territory,"Puducherry, India",Apr,4,Q2,30,False,False
2026-05-01,Puducherry,JSW MG MOTOR INDIA PVT LTD,Petrol/Diesel/CNG/Hybrid,2,MG,JSW-SAIC,India / China,South,IN-PY,Union Territory,"Puducherry, India",May,5,Q2,31,False,False
2026-06-01,Puducherry,JSW MG MOTOR INDIA PVT LTD,Petrol/Diesel/CNG/Hybrid,8,MG,JSW-SAIC,India / China,South,IN-PY,Union Territory,"Puducherry, India",Jun,6,Q2,17,True,False
2026-01-01,Puducherry,KIA INDIA PRIVATE LIMITED,Petrol/Diesel/CNG/Hybrid,155,Kia,Hyundai,South Korea,South,IN-PY,Union Territory,"Puducherry, India",Jan,1,Q1,31,False,False
2026-02-01,Puducherry,KIA INDIA PRIVATE LIMITED,Petrol/Diesel/CNG/Hybrid,107,Kia,Hyundai,South Korea,South,IN-PY,Union Territory,"Puducherry, India",Feb,2,Q1,28,False,False
2026-03-01,Puducherry,KIA INDIA PRIVATE LIMITED,Petrol/Diesel/CNG/Hybrid,130,Kia,Hyundai,South Korea,South,IN-PY,Union Territory,"Puducherry, India",Mar,3,Q1,31,False,False
2026-04-01,Puducherry,KIA INDIA PRIVATE LIMITED,Petrol/Diesel/CNG/Hybrid,122,Kia,Hyundai,South Korea,South,IN-PY,Union Territory,"Puducherry, India",Apr,4,Q2,30,False,False
2026-05-01,Puducherry,KIA INDIA PRIVATE LIMITED,Petrol/Diesel/CNG/Hybrid,102,Kia,Hyundai,South Korea,South,IN-PY,Union Territory,"Puducherry, India",May,5,Q2,31,False,False
2026-06-01,Puducherry,KIA INDIA PRIVATE LIMITED,Petrol/Diesel/CNG/Hybrid,83,Kia,Hyundai,South Korea,South,IN-PY,Union Territory,"Puducherry, India",Jun,6,Q2,17,True,False
2026-01-01,Puducherry,MAHINDRA & MAHINDRA LIMITED,Petrol/Diesel/CNG/Hybrid,121,Mahindra,Mahindra,India,South,IN-PY,Union Territory,"Puducherry, India",Jan,1,Q1,31,False,False
2026-02-01,Puducherry,MAHINDRA & MAHINDRA LIMITED,Petrol/Diesel/CNG/Hybrid,111,Mahindra,Mahindra,India,South,IN-PY,Union Territory,"Puducherry, India",Feb,2,Q1,28,False,False
2026-03-01,Puducherry,MAHINDRA & MAHINDRA LIMITED,Petrol/Diesel/CNG/Hybrid,121,Mahindra,Mahindra,India,South,IN-PY,Union Territory,"Puducherry, India",Mar,3,Q1,31,False,False
2026-04-01,Puducherry,MAHINDRA & MAHINDRA LIMITED,Petrol/Diesel/CNG/Hybrid,123,Mahindra,Mahindra,India,South,IN-PY,Union Territory,"Puducherry, India",Apr,4,Q2,30,False,False
2026-05-01,Puducherry,MAHINDRA & MAHINDRA LIMITED,Petrol/Diesel/CNG/Hybrid,111,Mahindra,Mahindra,India,South,IN-PY,Union Territory,"Puducherry, India",May,5,Q2,31,False,False
2026-06-01,Puducherry,MAHINDRA & MAHINDRA LIMITED,Petrol/Diesel/CNG/Hybrid,68,Mahindra,Mahindra,India,South,IN-PY,Union Territory,"Puducherry, India",Jun,6,Q2,17,True,False
2026-01-01,Puducherry,MARUTI SUZUKI INDIA LTD,Petrol/Diesel/CNG/Hybrid,711,Maruti Suzuki,Suzuki,Japan,South,IN-PY,Union Territory,"Puducherry, India",Jan,1,Q1,31,False,False
2026-02-01,Puducherry,MARUTI SUZUKI INDIA LTD,Petrol/Diesel/CNG/Hybrid,374,Maruti Suzuki,Suzuki,Japan,South,IN-PY,Union Territory,"Puducherry, India",Feb,2,Q1,28,False,False
2026-03-01,Puducherry,MARUTI SUZUKI INDIA LTD,Petrol/Diesel/CNG/Hybrid,459,Maruti Suzuki,Suzuki,Japan,South,IN-PY,Union Territory,"Puducherry, India",Mar,3,Q1,31,False,False
2026-04-01,Puducherry,MARUTI SUZUKI INDIA LTD,Petrol/Diesel/CNG/Hybrid,450,Maruti Suzuki,Suzuki,Japan,South,IN-PY,Union Territory,"Puducherry, India",Apr,4,Q2,30,False,False
2026-05-01,Puducherry,MARUTI SUZUKI INDIA LTD,Petrol/Diesel/CNG/Hybrid,433,Maruti Suzuki,Suzuki,Japan,South,IN-PY,Union Territory,"Puducherry, India",May,5,Q2,31,False,False
2026-06-01,Puducherry,MARUTI SUZUKI INDIA LTD,Petrol/Diesel/CNG/Hybrid,306,Maruti Suzuki,Suzuki,Japan,South,IN-PY,Union Territory,"Puducherry, India",Jun,6,Q2,17,True,False
2026-01-01,Puducherry,MERCEDES BENZ,Petrol/Diesel/CNG/Hybrid,1,Mercedes-Benz,Mercedes-Benz,Germany,South,IN-PY,Union Territory,"Puducherry, India",Jan,1,Q1,31,False,False
2026-05-01,Puducherry,MERCEDES BENZ,Petrol/Diesel/CNG/Hybrid,1,Mercedes-Benz,Mercedes-Benz,Germany,South,IN-PY,Union Territory,"Puducherry, India",May,5,Q2,31,False,False
2026-06-01,Puducherry,MERCEDES BENZ,Petrol/Diesel/CNG/Hybrid,1,Mercedes-Benz,Mercedes-Benz,Germany,South,IN-PY,Union Territory,"Puducherry, India",Jun,6,Q2,17,True,False
2026-01-01,Puducherry,MERCEDES-BENZ AG,Petrol/Diesel/CNG/Hybrid,1,Mercedes-Benz,Mercedes-Benz,Germany,South,IN-PY,Union Territory,"Puducherry, India",Jan,1,Q1,31,False,False
2026-03-01,Puducherry,MERCEDES-BENZ AG,Petrol/Diesel/CNG/Hybrid,1,Mercedes-Benz,Mercedes-Benz,Germany,South,IN-PY,Union Territory,"Puducherry, India",Mar,3,Q1,31,False,False
2026-04-01,Puducherry,MERCEDES-BENZ AG,Petrol/Diesel/CNG/Hybrid,2,Mercedes-Benz,Mercedes-Benz,Germany,South,IN-PY,Union Territory,"Puducherry, India",Apr,4,Q2,30,False,False
2026-06-01,Puducherry,MERCEDES-BENZ AG,Petrol/Diesel/CNG/Hybrid,1,Mercedes-Benz,Mercedes-Benz,Germany,South,IN-PY,Union Territory,"Puducherry, India",Jun,6,Q2,17,True,False
2026-01-01,Puducherry,MERCEDES-BENZ INDIA PVT LTD,Petrol/Diesel/CNG/Hybrid,6,Mercedes-Benz,Mercedes-Benz,Germany,South,IN-PY,Union Territory,"Puducherry, India",Jan,1,Q1,31,False,False
2026-02-01,Puducherry,MERCEDES-BENZ INDIA PVT LTD,Petrol/Diesel/CNG/Hybrid,8,Mercedes-Benz,Mercedes-Benz,Germany,South,IN-PY,Union Territory,"Puducherry, India",Feb,2,Q1,28,False,False
2026-03-01,Puducherry,MERCEDES-BENZ INDIA PVT LTD,Petrol/Diesel/CNG/Hybrid,11,Mercedes-Benz,Mercedes-Benz,Germany,South,IN-PY,Union Territory,"Puducherry, India",Mar,3,Q1,31,False,False
2026-04-01,Puducherry,MERCEDES-BENZ INDIA PVT LTD,Petrol/Diesel/CNG/Hybrid,3,Mercedes-Benz,Mercedes-Benz,Germany,South,IN-PY,Union Territory,"Puducherry, India",Apr,4,Q2,30,False,False
2026-05-01,Puducherry,MERCEDES-BENZ INDIA PVT LTD,Petrol/Diesel/CNG/Hybrid,4,Mercedes-Benz,Mercedes-Benz,Germany,South,IN-PY,Union Territory,"Puducherry, India",May,5,Q2,31,False,False
2026-01-01,Puducherry,NISSAN MOTOR INDIA PVT LTD,Petrol/Diesel/CNG/Hybrid,35,Nissan,Nissan,Japan,South,IN-PY,Union Territory,"Puducherry, India",Jan,1,Q1,31,False,False
2026-02-01,Puducherry,NISSAN MOTOR INDIA PVT LTD,Petrol/Diesel/CNG/Hybrid,23,Nissan,Nissan,Japan,South,IN-PY,Union Territory,"Puducherry, India",Feb,2,Q1,28,False,False
2026-03-01,Puducherry,NISSAN MOTOR INDIA PVT LTD,Petrol/Diesel/CNG/Hybrid,47,Nissan,Nissan,Japan,South,IN-PY,Union Territory,"Puducherry, India",Mar,3,Q1,31,False,False
2026-04-01,Puducherry,NISSAN MOTOR INDIA PVT LTD,Petrol/Diesel/CNG/Hybrid,53,Nissan,Nissan,Japan,South,IN-PY,Union Territory,"Puducherry, India",Apr,4,Q2,30,False,False
2026-05-01,Puducherry,NISSAN MOTOR INDIA PVT LTD,Petrol/Diesel/CNG/Hybrid,32,Nissan,Nissan,Japan,South,IN-PY,Union Territory,"Puducherry, India",May,5,Q2,31,False,False
2026-06-01,Puducherry,NISSAN MOTOR INDIA PVT LTD,Petrol/Diesel/CNG/Hybrid,29,Nissan,Nissan,Japan,South,IN-PY,Union Territory,"Puducherry, India",Jun,6,Q2,17,True,False
2026-02-01,Puducherry,PORSCHE AG GERMANY,Petrol/Diesel/CNG/Hybrid,1,Porsche,Volkswagen Group,Germany,South,IN-PY,Union Territory,"Puducherry, India",Feb,2,Q1,28,False,False
2026-05-01,Puducherry,PORSCHE AG GERMANY,Petrol/Diesel/CNG/Hybrid,2,Porsche,Volkswagen Group,Germany,South,IN-PY,Union Territory,"Puducherry, India",May,5,Q2,31,False,False
2026-01-01,Puducherry,RENAULT INDIA PVT LTD,Petrol/Diesel/CNG/Hybrid,36,Renault,Renault,France,South,IN-PY,Union Territory,"Puducherry, India",Jan,1,Q1,31,False,False
2026-02-01,Puducherry,RENAULT INDIA PVT LTD,Petrol/Diesel/CNG/Hybrid,29,Renault,Renault,France,South,IN-PY,Union Territory,"Puducherry, India",Feb,2,Q1,28,False,False
2026-03-01,Puducherry,RENAULT INDIA PVT LTD,Petrol/Diesel/CNG/Hybrid,30,Renault,Renault,France,South,IN-PY,Union Territory,"Puducherry, India",Mar,3,Q1,31,False,False
2026-04-01,Puducherry,RENAULT INDIA PVT LTD,Petrol/Diesel/CNG/Hybrid,25,Renault,Renault,France,South,IN-PY,Union Territory,"Puducherry, India",Apr,4,Q2,30,False,False
2026-05-01,Puducherry,RENAULT INDIA PVT LTD,Petrol/Diesel/CNG/Hybrid,28,Renault,Renault,France,South,IN-PY,Union Territory,"Puducherry, India",May,5,Q2,31,False,False
2026-06-01,Puducherry,RENAULT INDIA PVT LTD,Petrol/Diesel/CNG/Hybrid,19,Renault,Renault,France,South,IN-PY,Union Territory,"Puducherry, India",Jun,6,Q2,17,True,False
2026-04-01,Puducherry,SKODA AUTO AS,Petrol/Diesel/CNG/Hybrid,1,Skoda-VW,Volkswagen Group,Germany,South,IN-PY,Union Territory,"Puducherry, India",Apr,4,Q2,30,False,False
2026-01-01,Puducherry,SKODA AUTO VOLKSWAGEN INDIA PVT LTD,Petrol/Diesel/CNG/Hybrid,102,Skoda-VW,Volkswagen Group,Germany,South,IN-PY,Union Territory,"Puducherry, India",Jan,1,Q1,31,False,False
2026-02-01,Puducherry,SKODA AUTO VOLKSWAGEN INDIA PVT LTD,Petrol/Diesel/CNG/Hybrid,76,Skoda-VW,Volkswagen Group,Germany,South,IN-PY,Union Territory,"Puducherry, India",Feb,2,Q1,28,False,False
2026-03-01,Puducherry,SKODA AUTO VOLKSWAGEN INDIA PVT LTD,Petrol/Diesel/CNG/Hybrid,86,Skoda-VW,Volkswagen Group,Germany,South,IN-PY,Union Territory,"Puducherry, India",Mar,3,Q1,31,False,False
2026-04-01,Puducherry,SKODA AUTO VOLKSWAGEN INDIA PVT LTD,Petrol/Diesel/CNG/Hybrid,92,Skoda-VW,Volkswagen Group,Germany,South,IN-PY,Union Territory,"Puducherry, India",Apr,4,Q2,30,False,False
2026-05-01,Puducherry,SKODA AUTO VOLKSWAGEN INDIA PVT LTD,Petrol/Diesel/CNG/Hybrid,99,Skoda-VW,Volkswagen Group,Germany,South,IN-PY,Union Territory,"Puducherry, India",May,5,Q2,31,False,False
2026-06-01,Puducherry,SKODA AUTO VOLKSWAGEN INDIA PVT LTD,Petrol/Diesel/CNG/Hybrid,53,Skoda-VW,Volkswagen Group,Germany,South,IN-PY,Union Territory,"Puducherry, India",Jun,6,Q2,17,True,False
2026-01-01,Puducherry,STELLANTIS AUTOMOBILES INDIA PVT LTD,Petrol/Diesel/CNG/Hybrid,21,Stellantis (Jeep/Citroen),Stellantis,Netherlands,South,IN-PY,Union Territory,"Puducherry, India",Jan,1,Q1,31,False,False
2026-02-01,Puducherry,STELLANTIS AUTOMOBILES INDIA PVT LTD,Petrol/Diesel/CNG/Hybrid,14,Stellantis (Jeep/Citroen),Stellantis,Netherlands,South,IN-PY,Union Territory,"Puducherry, India",Feb,2,Q1,28,False,False
2026-03-01,Puducherry,STELLANTIS AUTOMOBILES INDIA PVT LTD,Petrol/Diesel/CNG/Hybrid,9,Stellantis (Jeep/Citroen),Stellantis,Netherlands,South,IN-PY,Union Territory,"Puducherry, India",Mar,3,Q1,31,False,False
2026-04-01,Puducherry,STELLANTIS AUTOMOBILES INDIA PVT LTD,Petrol/Diesel/CNG/Hybrid,11,Stellantis (Jeep/Citroen),Stellantis,Netherlands,South,IN-PY,Union Territory,"Puducherry, India",Apr,4,Q2,30,False,False
2026-05-01,Puducherry,STELLANTIS AUTOMOBILES INDIA PVT LTD,Petrol/Diesel/CNG/Hybrid,10,Stellantis (Jeep/Citroen),Stellantis,Netherlands,South,IN-PY,Union Territory,"Puducherry, India",May,5,Q2,31,False,False
2026-06-01,Puducherry,STELLANTIS AUTOMOBILES INDIA PVT LTD,Petrol/Diesel/CNG/Hybrid,6,Stellantis (Jeep/Citroen),Stellantis,Netherlands,South,IN-PY,Union Territory,"Puducherry, India",Jun,6,Q2,17,True,False
2026-01-01,Puducherry,STELLANTIS INDIA PVT LTD,Petrol/Diesel/CNG/Hybrid,2,Stellantis (Jeep/Citroen),Stellantis,Netherlands,South,IN-PY,Union Territory,"Puducherry, India",Jan,1,Q1,31,False,False
2026-04-01,Puducherry,STELLANTIS INDIA PVT LTD,Petrol/Diesel/CNG/Hybrid,2,Stellantis (Jeep/Citroen),Stellantis,Netherlands,South,IN-PY,Union Territory,"Puducherry, India",Apr,4,Q2,30,False,False
2026-05-01,Puducherry,STELLANTIS INDIA PVT LTD,Petrol/Diesel/CNG/Hybrid,1,Stellantis (Jeep/Citroen),Stellantis,Netherlands,South,IN-PY,Union Territory,"Puducherry, India",May,5,Q2,31,False,False
2026-06-01,Puducherry,STELLANTIS INDIA PVT LTD,Petrol/Diesel/CNG/Hybrid,2,Stellantis (Jeep/Citroen),Stellantis,Netherlands,South,IN-PY,Union Territory,"Puducherry, India",Jun,6,Q2,17,True,False
2026-04-01,Puducherry,TATA MOTORS LTD,Petrol/Diesel/CNG/Hybrid,2,Tata,Tata Motors,India,South,IN-PY,Union Territory,"Puducherry, India",Apr,4,Q2,30,False,False
2026-01-01,Puducherry,TATA MOTORS PASSENGER VEHICLES LTD,Petrol/Diesel/CNG/Hybrid,128,Tata,Tata Motors,India,South,IN-PY,Union Territory,"Puducherry, India",Jan,1,Q1,31,False,False
2026-02-01,Puducherry,TATA MOTORS PASSENGER VEHICLES LTD,Petrol/Diesel/CNG/Hybrid,125,Tata,Tata Motors,India,South,IN-PY,Union Territory,"Puducherry, India",Feb,2,Q1,28,False,False
2026-03-01,Puducherry,TATA MOTORS PASSENGER VEHICLES LTD,Petrol/Diesel/CNG/Hybrid,174,Tata,Tata Motors,India,South,IN-PY,Union Territory,"Puducherry, India",Mar,3,Q1,31,False,False
2026-04-01,Puducherry,TATA MOTORS PASSENGER VEHICLES LTD,Petrol/Diesel/CNG/Hybrid,148,Tata,Tata Motors,India,South,IN-PY,Union Territory,"Puducherry, India",Apr,4,Q2,30,False,False
2026-05-01,Puducherry,TATA MOTORS PASSENGER VEHICLES LTD,Petrol/Diesel/CNG/Hybrid,143,Tata,Tata Motors,India,South,IN-PY,Union Territory,"Puducherry, India",May,5,Q2,31,False,False
2026-06-01,Puducherry,TATA MOTORS PASSENGER VEHICLES LTD,Petrol/Diesel/CNG/Hybrid,90,Tata,Tata Motors,India,South,IN-PY,Union Territory,"Puducherry, India",Jun,6,Q2,17,True,False
2026-01-01,Puducherry,TOYOTA KIRLOSKAR MOTOR PVT LTD,Petrol/Diesel/CNG/Hybrid,116,Toyota,Toyota,Japan,South,IN-PY,Union Territory,"Puducherry, India",Jan,1,Q1,31,False,False
2026-02-01,Puducherry,TOYOTA KIRLOSKAR MOTOR PVT LTD,Petrol/Diesel/CNG/Hybrid,126,Toyota,Toyota,Japan,South,IN-PY,Union Territory,"Puducherry, India",Feb,2,Q1,28,False,False
2026-03-01,Puducherry,TOYOTA KIRLOSKAR MOTOR PVT LTD,Petrol/Diesel/CNG/Hybrid,140,Toyota,Toyota,Japan,South,IN-PY,Union Territory,"Puducherry, India",Mar,3,Q1,31,False,False
2026-04-01,Puducherry,TOYOTA KIRLOSKAR MOTOR PVT LTD,Petrol/Diesel/CNG/Hybrid,116,Toyota,Toyota,Japan,South,IN-PY,Union Territory,"Puducherry, India",Apr,4,Q2,30,False,False
2026-05-01,Puducherry,TOYOTA KIRLOSKAR MOTOR PVT LTD,Petrol/Diesel/CNG/Hybrid,114,Toyota,Toyota,Japan,South,IN-PY,Union Territory,"Puducherry, India",May,5,Q2,31,False,False
2026-06-01,Puducherry,TOYOTA KIRLOSKAR MOTOR PVT LTD,Petrol/Diesel/CNG/Hybrid,65,Toyota,Toyota,Japan,South,IN-PY,Union Territory,"Puducherry, India",Jun,6,Q2,17,True,False
2026-06-01,Puducherry,VOLKSWAGEN AG,Petrol/Diesel/CNG/Hybrid,1,Skoda-VW,Volkswagen Group,Germany,South,IN-PY,Union Territory,"Puducherry, India",Jun,6,Q2,17,True,False
2026-01-01,Puducherry,VOLVO AUTO INDIA PVT LTD,Petrol/Diesel/CNG/Hybrid,3,Volvo,Geely,Sweden,South,IN-PY,Union Territory,"Puducherry, India",Jan,1,Q1,31,False,False
2026-03-01,Puducherry,VOLVO AUTO INDIA PVT LTD,Petrol/Diesel/CNG/Hybrid,3,Volvo,Geely,Sweden,South,IN-PY,Union Territory,"Puducherry, India",Mar,3,Q1,31,False,False
2026-05-01,Puducherry,VOLVO AUTO INDIA PVT LTD,Petrol/Diesel/CNG/Hybrid,2,Volvo,Geely,Sweden,South,IN-PY,Union Territory,"Puducherry, India",May,5,Q2,31,False,False
2026-06-01,Puducherry,VOLVO AUTO INDIA PVT LTD,Petrol/Diesel/CNG/Hybrid,2,Volvo,Geely,Sweden,South,IN-PY,Union Territory,"Puducherry, India",Jun,6,Q2,17,True,False
2026-03-01,Punjab,AUDI AG,Petrol/Diesel/CNG/Hybrid,1,Audi,Volkswagen Group,Germany,North,IN-PB,State,"Punjab, India",Mar,3,Q1,31,False,False
2026-05-01,Punjab,AUDI AG,Petrol/Diesel/CNG/Hybrid,1,Audi,Volkswagen Group,Germany,North,IN-PB,State,"Punjab, India",May,5,Q2,31,False,False
2026-01-01,Punjab,BMW INDIA PVT LTD,Petrol/Diesel/CNG/Hybrid,16,BMW,BMW Group,Germany,North,IN-PB,State,"Punjab, India",Jan,1,Q1,31,False,False
2026-02-01,Punjab,BMW INDIA PVT LTD,Petrol/Diesel/CNG/Hybrid,28,BMW,BMW Group,Germany,North,IN-PB,State,"Punjab, India",Feb,2,Q1,28,False,False
2026-03-01,Punjab,BMW INDIA PVT LTD,Petrol/Diesel/CNG/Hybrid,12,BMW,BMW Group,Germany,North,IN-PB,State,"Punjab, India",Mar,3,Q1,31,False,False
2026-04-01,Punjab,BMW INDIA PVT LTD,Petrol/Diesel/CNG/Hybrid,25,BMW,BMW Group,Germany,North,IN-PB,State,"Punjab, India",Apr,4,Q2,30,False,False
2026-05-01,Punjab,BMW INDIA PVT LTD,Petrol/Diesel/CNG/Hybrid,12,BMW,BMW Group,Germany,North,IN-PB,State,"Punjab, India",May,5,Q2,31,False,False
2026-06-01,Punjab,BMW INDIA PVT LTD,Petrol/Diesel/CNG/Hybrid,1,BMW,BMW Group,Germany,North,IN-PB,State,"Punjab, India",Jun,6,Q2,17,True,False
2026-02-01,Punjab,FORCE MOTORS LIMITED,Petrol/Diesel/CNG/Hybrid,4,Force,Force Motors,India,North,IN-PB,State,"Punjab, India",Feb,2,Q1,28,False,False
2026-03-01,Punjab,FORCE MOTORS LIMITED,Petrol/Diesel/CNG/Hybrid,1,Force,Force Motors,India,North,IN-PB,State,"Punjab, India",Mar,3,Q1,31,False,False
2026-05-01,Punjab,FORCE MOTORS LIMITED,Petrol/Diesel/CNG/Hybrid,2,Force,Force Motors,India,North,IN-PB,State,"Punjab, India",May,5,Q2,31,False,False
2026-01-01,Punjab,HONDA CARS INDIA LTD,Petrol/Diesel/CNG/Hybrid,277,Honda,Honda,Japan,North,IN-PB,State,"Punjab, India",Jan,1,Q1,31,False,False
2026-02-01,Punjab,HONDA CARS INDIA LTD,Petrol/Diesel/CNG/Hybrid,254,Honda,Honda,Japan,North,IN-PB,State,"Punjab, India",Feb,2,Q1,28,False,False
2026-03-01,Punjab,HONDA CARS INDIA LTD,Petrol/Diesel/CNG/Hybrid,233,Honda,Honda,Japan,North,IN-PB,State,"Punjab, India",Mar,3,Q1,31,False,False
2026-04-01,Punjab,HONDA CARS INDIA LTD,Petrol/Diesel/CNG/Hybrid,257,Honda,Honda,Japan,North,IN-PB,State,"Punjab, India",Apr,4,Q2,30,False,False
2026-05-01,Punjab,HONDA CARS INDIA LTD,Petrol/Diesel/CNG/Hybrid,188,Honda,Honda,Japan,North,IN-PB,State,"Punjab, India",May,5,Q2,31,False,False
2026-06-01,Punjab,HONDA CARS INDIA LTD,Petrol/Diesel/CNG/Hybrid,111,Honda,Honda,Japan,North,IN-PB,State,"Punjab, India",Jun,6,Q2,17,True,False
2026-01-01,Punjab,HYUNDAI MOTOR INDIA LTD,Petrol/Diesel/CNG/Hybrid,3499,Hyundai,Hyundai,South Korea,North,IN-PB,State,"Punjab, India",Jan,1,Q1,31,False,False
2026-02-01,Punjab,HYUNDAI MOTOR INDIA LTD,Petrol/Diesel/CNG/Hybrid,2391,Hyundai,Hyundai,South Korea,North,IN-PB,State,"Punjab, India",Feb,2,Q1,28,False,False
2026-03-01,Punjab,HYUNDAI MOTOR INDIA LTD,Petrol/Diesel/CNG/Hybrid,2210,Hyundai,Hyundai,South Korea,North,IN-PB,State,"Punjab, India",Mar,3,Q1,31,False,False
2026-04-01,Punjab,HYUNDAI MOTOR INDIA LTD,Petrol/Diesel/CNG/Hybrid,2068,Hyundai,Hyundai,South Korea,North,IN-PB,State,"Punjab, India",Apr,4,Q2,30,False,False
2026-05-01,Punjab,HYUNDAI MOTOR INDIA LTD,Petrol/Diesel/CNG/Hybrid,1866,Hyundai,Hyundai,South Korea,North,IN-PB,State,"Punjab, India",May,5,Q2,31,False,False
2026-06-01,Punjab,HYUNDAI MOTOR INDIA LTD,Petrol/Diesel/CNG/Hybrid,1058,Hyundai,Hyundai,South Korea,North,IN-PB,State,"Punjab, India",Jun,6,Q2,17,True,False
2026-01-01,Punjab,ISUZU MOTORS INDIA PVT LTD,Petrol/Diesel/CNG/Hybrid,2,Isuzu,Isuzu,Japan,North,IN-PB,State,"Punjab, India",Jan,1,Q1,31,False,False
2026-02-01,Punjab,ISUZU MOTORS INDIA PVT LTD,Petrol/Diesel/CNG/Hybrid,1,Isuzu,Isuzu,Japan,North,IN-PB,State,"Punjab, India",Feb,2,Q1,28,False,False
2026-03-01,Punjab,ISUZU MOTORS INDIA PVT LTD,Petrol/Diesel/CNG/Hybrid,4,Isuzu,Isuzu,Japan,North,IN-PB,State,"Punjab, India",Mar,3,Q1,31,False,False
2026-04-01,Punjab,ISUZU MOTORS INDIA PVT LTD,Petrol/Diesel/CNG/Hybrid,1,Isuzu,Isuzu,Japan,North,IN-PB,State,"Punjab, India",Apr,4,Q2,30,False,False
2026-05-01,Punjab,ISUZU MOTORS INDIA PVT LTD,Petrol/Diesel/CNG/Hybrid,4,Isuzu,Isuzu,Japan,North,IN-PB,State,"Punjab, India",May,5,Q2,31,False,False
2026-06-01,Punjab,ISUZU MOTORS INDIA PVT LTD,Petrol/Diesel/CNG/Hybrid,1,Isuzu,Isuzu,Japan,North,IN-PB,State,"Punjab, India",Jun,6,Q2,17,True,False
2026-01-01,Punjab,JAGUAR LAND ROVER INDIA LIMITED,Petrol/Diesel/CNG/Hybrid,21,Jaguar Land Rover,Tata Motors,UK,North,IN-PB,State,"Punjab, India",Jan,1,Q1,31,False,False
2026-02-01,Punjab,JAGUAR LAND ROVER INDIA LIMITED,Petrol/Diesel/CNG/Hybrid,30,Jaguar Land Rover,Tata Motors,UK,North,IN-PB,State,"Punjab, India",Feb,2,Q1,28,False,False
2026-03-01,Punjab,JAGUAR LAND ROVER INDIA LIMITED,Petrol/Diesel/CNG/Hybrid,18,Jaguar Land Rover,Tata Motors,UK,North,IN-PB,State,"Punjab, India",Mar,3,Q1,31,False,False
2026-04-01,Punjab,JAGUAR LAND ROVER INDIA LIMITED,Petrol/Diesel/CNG/Hybrid,23,Jaguar Land Rover,Tata Motors,UK,North,IN-PB,State,"Punjab, India",Apr,4,Q2,30,False,False
2026-05-01,Punjab,JAGUAR LAND ROVER INDIA LIMITED,Petrol/Diesel/CNG/Hybrid,28,Jaguar Land Rover,Tata Motors,UK,North,IN-PB,State,"Punjab, India",May,5,Q2,31,False,False
2026-06-01,Punjab,JAGUAR LAND ROVER INDIA LIMITED,Petrol/Diesel/CNG/Hybrid,11,Jaguar Land Rover,Tata Motors,UK,North,IN-PB,State,"Punjab, India",Jun,6,Q2,17,True,False
2026-01-01,Punjab,JSW MG MOTOR INDIA PVT LTD,Petrol/Diesel/CNG/Hybrid,47,MG,JSW-SAIC,India / China,North,IN-PB,State,"Punjab, India",Jan,1,Q1,31,False,False
2026-02-01,Punjab,JSW MG MOTOR INDIA PVT LTD,Petrol/Diesel/CNG/Hybrid,43,MG,JSW-SAIC,India / China,North,IN-PB,State,"Punjab, India",Feb,2,Q1,28,False,False
2026-03-01,Punjab,JSW MG MOTOR INDIA PVT LTD,Petrol/Diesel/CNG/Hybrid,31,MG,JSW-SAIC,India / China,North,IN-PB,State,"Punjab, India",Mar,3,Q1,31,False,False
2026-04-01,Punjab,JSW MG MOTOR INDIA PVT LTD,Petrol/Diesel/CNG/Hybrid,33,MG,JSW-SAIC,India / China,North,IN-PB,State,"Punjab, India",Apr,4,Q2,30,False,False
2026-05-01,Punjab,JSW MG MOTOR INDIA PVT LTD,Petrol/Diesel/CNG/Hybrid,27,MG,JSW-SAIC,India / China,North,IN-PB,State,"Punjab, India",May,5,Q2,31,False,False
2026-06-01,Punjab,JSW MG MOTOR INDIA PVT LTD,Petrol/Diesel/CNG/Hybrid,15,MG,JSW-SAIC,India / China,North,IN-PB,State,"Punjab, India",Jun,6,Q2,17,True,False
2026-01-01,Punjab,KIA INDIA PRIVATE LIMITED,Petrol/Diesel/CNG/Hybrid,1680,Kia,Hyundai,South Korea,North,IN-PB,State,"Punjab, India",Jan,1,Q1,31,False,False
2026-02-01,Punjab,KIA INDIA PRIVATE LIMITED,Petrol/Diesel/CNG/Hybrid,1357,Kia,Hyundai,South Korea,North,IN-PB,State,"Punjab, India",Feb,2,Q1,28,False,False
2026-03-01,Punjab,KIA INDIA PRIVATE LIMITED,Petrol/Diesel/CNG/Hybrid,1287,Kia,Hyundai,South Korea,North,IN-PB,State,"Punjab, India",Mar,3,Q1,31,False,False
2026-04-01,Punjab,KIA INDIA PRIVATE LIMITED,Petrol/Diesel/CNG/Hybrid,1161,Kia,Hyundai,South Korea,North,IN-PB,State,"Punjab, India",Apr,4,Q2,30,False,False
2026-05-01,Punjab,KIA INDIA PRIVATE LIMITED,Petrol/Diesel/CNG/Hybrid,1074,Kia,Hyundai,South Korea,North,IN-PB,State,"Punjab, India",May,5,Q2,31,False,False
2026-06-01,Punjab,KIA INDIA PRIVATE LIMITED,Petrol/Diesel/CNG/Hybrid,535,Kia,Hyundai,South Korea,North,IN-PB,State,"Punjab, India",Jun,6,Q2,17,True,False
2026-01-01,Punjab,MAHINDRA & MAHINDRA LIMITED,Petrol/Diesel/CNG/Hybrid,4590,Mahindra,Mahindra,India,North,IN-PB,State,"Punjab, India",Jan,1,Q1,31,False,False
2026-02-01,Punjab,MAHINDRA & MAHINDRA LIMITED,Petrol/Diesel/CNG/Hybrid,4365,Mahindra,Mahindra,India,North,IN-PB,State,"Punjab, India",Feb,2,Q1,28,False,False
2026-03-01,Punjab,MAHINDRA & MAHINDRA LIMITED,Petrol/Diesel/CNG/Hybrid,4621,Mahindra,Mahindra,India,North,IN-PB,State,"Punjab, India",Mar,3,Q1,31,False,False
2026-04-01,Punjab,MAHINDRA & MAHINDRA LIMITED,Petrol/Diesel/CNG/Hybrid,4592,Mahindra,Mahindra,India,North,IN-PB,State,"Punjab, India",Apr,4,Q2,30,False,False
2026-05-01,Punjab,MAHINDRA & MAHINDRA LIMITED,Petrol/Diesel/CNG/Hybrid,3480,Mahindra,Mahindra,India,North,IN-PB,State,"Punjab, India",May,5,Q2,31,False,False
2026-06-01,Punjab,MAHINDRA & MAHINDRA LIMITED,Petrol/Diesel/CNG/Hybrid,1786,Mahindra,Mahindra,India,North,IN-PB,State,"Punjab, India",Jun,6,Q2,17,True,False
2026-01-01,Punjab,MARUTI SUZUKI INDIA LTD,Petrol/Diesel/CNG/Hybrid,6900,Maruti Suzuki,Suzuki,Japan,North,IN-PB,State,"Punjab, India",Jan,1,Q1,31,False,False
2026-02-01,Punjab,MARUTI SUZUKI INDIA LTD,Petrol/Diesel/CNG/Hybrid,5138,Maruti Suzuki,Suzuki,Japan,North,IN-PB,State,"Punjab, India",Feb,2,Q1,28,False,False
2026-03-01,Punjab,MARUTI SUZUKI INDIA LTD,Petrol/Diesel/CNG/Hybrid,4982,Maruti Suzuki,Suzuki,Japan,North,IN-PB,State,"Punjab, India",Mar,3,Q1,31,False,False
2026-04-01,Punjab,MARUTI SUZUKI INDIA LTD,Petrol/Diesel/CNG/Hybrid,4863,Maruti Suzuki,Suzuki,Japan,North,IN-PB,State,"Punjab, India",Apr,4,Q2,30,False,False
2026-05-01,Punjab,MARUTI SUZUKI INDIA LTD,Petrol/Diesel/CNG/Hybrid,4603,Maruti Suzuki,Suzuki,Japan,North,IN-PB,State,"Punjab, India",May,5,Q2,31,False,False
2026-06-01,Punjab,MARUTI SUZUKI INDIA LTD,Petrol/Diesel/CNG/Hybrid,2878,Maruti Suzuki,Suzuki,Japan,North,IN-PB,State,"Punjab, India",Jun,6,Q2,17,True,False
2026-01-01,Punjab,MERCEDES-BENZ AG,Petrol/Diesel/CNG/Hybrid,1,Mercedes-Benz,Mercedes-Benz,Germany,North,IN-PB,State,"Punjab, India",Jan,1,Q1,31,False,False
2026-02-01,Punjab,MERCEDES-BENZ AG,Petrol/Diesel/CNG/Hybrid,2,Mercedes-Benz,Mercedes-Benz,Germany,North,IN-PB,State,"Punjab, India",Feb,2,Q1,28,False,False
2026-03-01,Punjab,MERCEDES-BENZ AG,Petrol/Diesel/CNG/Hybrid,2,Mercedes-Benz,Mercedes-Benz,Germany,North,IN-PB,State,"Punjab, India",Mar,3,Q1,31,False,False
2026-04-01,Punjab,MERCEDES-BENZ AG,Petrol/Diesel/CNG/Hybrid,3,Mercedes-Benz,Mercedes-Benz,Germany,North,IN-PB,State,"Punjab, India",Apr,4,Q2,30,False,False
2026-06-01,Punjab,MERCEDES-BENZ AG,Petrol/Diesel/CNG/Hybrid,1,Mercedes-Benz,Mercedes-Benz,Germany,North,IN-PB,State,"Punjab, India",Jun,6,Q2,17,True,False
2026-01-01,Punjab,MERCEDES-BENZ INDIA PVT LTD,Petrol/Diesel/CNG/Hybrid,29,Mercedes-Benz,Mercedes-Benz,Germany,North,IN-PB,State,"Punjab, India",Jan,1,Q1,31,False,False
2026-02-01,Punjab,MERCEDES-BENZ INDIA PVT LTD,Petrol/Diesel/CNG/Hybrid,34,Mercedes-Benz,Mercedes-Benz,Germany,North,IN-PB,State,"Punjab, India",Feb,2,Q1,28,False,False
2026-03-01,Punjab,MERCEDES-BENZ INDIA PVT LTD,Petrol/Diesel/CNG/Hybrid,30,Mercedes-Benz,Mercedes-Benz,Germany,North,IN-PB,State,"Punjab, India",Mar,3,Q1,31,False,False
2026-04-01,Punjab,MERCEDES-BENZ INDIA PVT LTD,Petrol/Diesel/CNG/Hybrid,26,Mercedes-Benz,Mercedes-Benz,Germany,North,IN-PB,State,"Punjab, India",Apr,4,Q2,30,False,False
2026-05-01,Punjab,MERCEDES-BENZ INDIA PVT LTD,Petrol/Diesel/CNG/Hybrid,25,Mercedes-Benz,Mercedes-Benz,Germany,North,IN-PB,State,"Punjab, India",May,5,Q2,31,False,False
2026-06-01,Punjab,MERCEDES-BENZ INDIA PVT LTD,Petrol/Diesel/CNG/Hybrid,18,Mercedes-Benz,Mercedes-Benz,Germany,North,IN-PB,State,"Punjab, India",Jun,6,Q2,17,True,False
2026-01-01,Punjab,NISSAN MOTOR INDIA PVT LTD,Petrol/Diesel/CNG/Hybrid,61,Nissan,Nissan,Japan,North,IN-PB,State,"Punjab, India",Jan,1,Q1,31,False,False
2026-02-01,Punjab,NISSAN MOTOR INDIA PVT LTD,Petrol/Diesel/CNG/Hybrid,62,Nissan,Nissan,Japan,North,IN-PB,State,"Punjab, India",Feb,2,Q1,28,False,False
2026-03-01,Punjab,NISSAN MOTOR INDIA PVT LTD,Petrol/Diesel/CNG/Hybrid,78,Nissan,Nissan,Japan,North,IN-PB,State,"Punjab, India",Mar,3,Q1,31,False,False
2026-04-01,Punjab,NISSAN MOTOR INDIA PVT LTD,Petrol/Diesel/CNG/Hybrid,93,Nissan,Nissan,Japan,North,IN-PB,State,"Punjab, India",Apr,4,Q2,30,False,False
2026-05-01,Punjab,NISSAN MOTOR INDIA PVT LTD,Petrol/Diesel/CNG/Hybrid,70,Nissan,Nissan,Japan,North,IN-PB,State,"Punjab, India",May,5,Q2,31,False,False
2026-06-01,Punjab,NISSAN MOTOR INDIA PVT LTD,Petrol/Diesel/CNG/Hybrid,47,Nissan,Nissan,Japan,North,IN-PB,State,"Punjab, India",Jun,6,Q2,17,True,False
2026-01-01,Punjab,PORSCHE AG GERMANY,Petrol/Diesel/CNG/Hybrid,3,Porsche,Volkswagen Group,Germany,North,IN-PB,State,"Punjab, India",Jan,1,Q1,31,False,False
2026-02-01,Punjab,PORSCHE AG GERMANY,Petrol/Diesel/CNG/Hybrid,1,Porsche,Volkswagen Group,Germany,North,IN-PB,State,"Punjab, India",Feb,2,Q1,28,False,False
2026-03-01,Punjab,PORSCHE AG GERMANY,Petrol/Diesel/CNG/Hybrid,2,Porsche,Volkswagen Group,Germany,North,IN-PB,State,"Punjab, India",Mar,3,Q1,31,False,False
2026-05-01,Punjab,PORSCHE AG GERMANY,Petrol/Diesel/CNG/Hybrid,1,Porsche,Volkswagen Group,Germany,North,IN-PB,State,"Punjab, India",May,5,Q2,31,False,False
2026-01-01,Punjab,RENAULT INDIA PVT LTD,Petrol/Diesel/CNG/Hybrid,47,Renault,Renault,France,North,IN-PB,State,"Punjab, India",Jan,1,Q1,31,False,False
2026-02-01,Punjab,RENAULT INDIA PVT LTD,Petrol/Diesel/CNG/Hybrid,42,Renault,Renault,France,North,IN-PB,State,"Punjab, India",Feb,2,Q1,28,False,False
2026-03-01,Punjab,RENAULT INDIA PVT LTD,Petrol/Diesel/CNG/Hybrid,30,Renault,Renault,France,North,IN-PB,State,"Punjab, India",Mar,3,Q1,31,False,False
2026-04-01,Punjab,RENAULT INDIA PVT LTD,Petrol/Diesel/CNG/Hybrid,37,Renault,Renault,France,North,IN-PB,State,"Punjab, India",Apr,4,Q2,30,False,False
2026-05-01,Punjab,RENAULT INDIA PVT LTD,Petrol/Diesel/CNG/Hybrid,38,Renault,Renault,France,North,IN-PB,State,"Punjab, India",May,5,Q2,31,False,False
2026-06-01,Punjab,RENAULT INDIA PVT LTD,Petrol/Diesel/CNG/Hybrid,13,Renault,Renault,France,North,IN-PB,State,"Punjab, India",Jun,6,Q2,17,True,False
2026-01-01,Punjab,SKODA AUTO VOLKSWAGEN INDIA PVT LTD,Petrol/Diesel/CNG/Hybrid,405,Skoda-VW,Volkswagen Group,Germany,North,IN-PB,State,"Punjab, India",Jan,1,Q1,31,False,False
2026-02-01,Punjab,SKODA AUTO VOLKSWAGEN INDIA PVT LTD,Petrol/Diesel/CNG/Hybrid,308,Skoda-VW,Volkswagen Group,Germany,North,IN-PB,State,"Punjab, India",Feb,2,Q1,28,False,False
2026-03-01,Punjab,SKODA AUTO VOLKSWAGEN INDIA PVT LTD,Petrol/Diesel/CNG/Hybrid,283,Skoda-VW,Volkswagen Group,Germany,North,IN-PB,State,"Punjab, India",Mar,3,Q1,31,False,False
2026-04-01,Punjab,SKODA AUTO VOLKSWAGEN INDIA PVT LTD,Petrol/Diesel/CNG/Hybrid,265,Skoda-VW,Volkswagen Group,Germany,North,IN-PB,State,"Punjab, India",Apr,4,Q2,30,False,False
2026-05-01,Punjab,SKODA AUTO VOLKSWAGEN INDIA PVT LTD,Petrol/Diesel/CNG/Hybrid,230,Skoda-VW,Volkswagen Group,Germany,North,IN-PB,State,"Punjab, India",May,5,Q2,31,False,False
2026-06-01,Punjab,SKODA AUTO VOLKSWAGEN INDIA PVT LTD,Petrol/Diesel/CNG/Hybrid,127,Skoda-VW,Volkswagen Group,Germany,North,IN-PB,State,"Punjab, India",Jun,6,Q2,17,True,False
2026-01-01,Punjab,STELLANTIS AUTOMOBILES INDIA PVT LTD,Petrol/Diesel/CNG/Hybrid,42,Stellantis (Jeep/Citroen),Stellantis,Netherlands,North,IN-PB,State,"Punjab, India",Jan,1,Q1,31,False,False
2026-02-01,Punjab,STELLANTIS AUTOMOBILES INDIA PVT LTD,Petrol/Diesel/CNG/Hybrid,26,Stellantis (Jeep/Citroen),Stellantis,Netherlands,North,IN-PB,State,"Punjab, India",Feb,2,Q1,28,False,False
2026-03-01,Punjab,STELLANTIS AUTOMOBILES INDIA PVT LTD,Petrol/Diesel/CNG/Hybrid,26,Stellantis (Jeep/Citroen),Stellantis,Netherlands,North,IN-PB,State,"Punjab, India",Mar,3,Q1,31,False,False
2026-04-01,Punjab,STELLANTIS AUTOMOBILES INDIA PVT LTD,Petrol/Diesel/CNG/Hybrid,18,Stellantis (Jeep/Citroen),Stellantis,Netherlands,North,IN-PB,State,"Punjab, India",Apr,4,Q2,30,False,False
2026-05-01,Punjab,STELLANTIS AUTOMOBILES INDIA PVT LTD,Petrol/Diesel/CNG/Hybrid,15,Stellantis (Jeep/Citroen),Stellantis,Netherlands,North,IN-PB,State,"Punjab, India",May,5,Q2,31,False,False
2026-06-01,Punjab,STELLANTIS AUTOMOBILES INDIA PVT LTD,Petrol/Diesel/CNG/Hybrid,11,Stellantis (Jeep/Citroen),Stellantis,Netherlands,North,IN-PB,State,"Punjab, India",Jun,6,Q2,17,True,False
2026-01-01,Punjab,STELLANTIS INDIA PVT LTD,Petrol/Diesel/CNG/Hybrid,10,Stellantis (Jeep/Citroen),Stellantis,Netherlands,North,IN-PB,State,"Punjab, India",Jan,1,Q1,31,False,False
2026-02-01,Punjab,STELLANTIS INDIA PVT LTD,Petrol/Diesel/CNG/Hybrid,9,Stellantis (Jeep/Citroen),Stellantis,Netherlands,North,IN-PB,State,"Punjab, India",Feb,2,Q1,28,False,False
2026-03-01,Punjab,STELLANTIS INDIA PVT LTD,Petrol/Diesel/CNG/Hybrid,10,Stellantis (Jeep/Citroen),Stellantis,Netherlands,North,IN-PB,State,"Punjab, India",Mar,3,Q1,31,False,False
2026-04-01,Punjab,STELLANTIS INDIA PVT LTD,Petrol/Diesel/CNG/Hybrid,11,Stellantis (Jeep/Citroen),Stellantis,Netherlands,North,IN-PB,State,"Punjab, India",Apr,4,Q2,30,False,False
2026-05-01,Punjab,STELLANTIS INDIA PVT LTD,Petrol/Diesel/CNG/Hybrid,7,Stellantis (Jeep/Citroen),Stellantis,Netherlands,North,IN-PB,State,"Punjab, India",May,5,Q2,31,False,False
2026-06-01,Punjab,STELLANTIS INDIA PVT LTD,Petrol/Diesel/CNG/Hybrid,10,Stellantis (Jeep/Citroen),Stellantis,Netherlands,North,IN-PB,State,"Punjab, India",Jun,6,Q2,17,True,False
2026-02-01,Punjab,TATA MOTORS LTD,Petrol/Diesel/CNG/Hybrid,3,Tata,Tata Motors,India,North,IN-PB,State,"Punjab, India",Feb,2,Q1,28,False,False
2026-03-01,Punjab,TATA MOTORS LTD,Petrol/Diesel/CNG/Hybrid,1,Tata,Tata Motors,India,North,IN-PB,State,"Punjab, India",Mar,3,Q1,31,False,False
2026-01-01,Punjab,TATA MOTORS PASSENGER VEHICLES LTD,Petrol/Diesel/CNG/Hybrid,1103,Tata,Tata Motors,India,North,IN-PB,State,"Punjab, India",Jan,1,Q1,31,False,False
2026-02-01,Punjab,TATA MOTORS PASSENGER VEHICLES LTD,Petrol/Diesel/CNG/Hybrid,1140,Tata,Tata Motors,India,North,IN-PB,State,"Punjab, India",Feb,2,Q1,28,False,False
2026-03-01,Punjab,TATA MOTORS PASSENGER VEHICLES LTD,Petrol/Diesel/CNG/Hybrid,1106,Tata,Tata Motors,India,North,IN-PB,State,"Punjab, India",Mar,3,Q1,31,False,False
2026-04-01,Punjab,TATA MOTORS PASSENGER VEHICLES LTD,Petrol/Diesel/CNG/Hybrid,986,Tata,Tata Motors,India,North,IN-PB,State,"Punjab, India",Apr,4,Q2,30,False,False
2026-05-01,Punjab,TATA MOTORS PASSENGER VEHICLES LTD,Petrol/Diesel/CNG/Hybrid,733,Tata,Tata Motors,India,North,IN-PB,State,"Punjab, India",May,5,Q2,31,False,False
2026-06-01,Punjab,TATA MOTORS PASSENGER VEHICLES LTD,Petrol/Diesel/CNG/Hybrid,363,Tata,Tata Motors,India,North,IN-PB,State,"Punjab, India",Jun,6,Q2,17,True,False
2026-01-01,Punjab,TATA PASSENGER ELECTRIC MOBILITY LTD,Petrol/Diesel/CNG/Hybrid,2,Tata,Tata Motors,India,North,IN-PB,State,"Punjab, India",Jan,1,Q1,31,False,False
2026-02-01,Punjab,TATA PASSENGER ELECTRIC MOBILITY LTD,Petrol/Diesel/CNG/Hybrid,2,Tata,Tata Motors,India,North,IN-PB,State,"Punjab, India",Feb,2,Q1,28,False,False
2026-06-01,Punjab,TATA PASSENGER ELECTRIC MOBILITY LTD,Petrol/Diesel/CNG/Hybrid,1,Tata,Tata Motors,India,North,IN-PB,State,"Punjab, India",Jun,6,Q2,17,True,False
2026-01-01,Punjab,TOYOTA KIRLOSKAR MOTOR PVT LTD,Petrol/Diesel/CNG/Hybrid,1986,Toyota,Toyota,Japan,North,IN-PB,State,"Punjab, India",Jan,1,Q1,31,False,False
2026-02-01,Punjab,TOYOTA KIRLOSKAR MOTOR PVT LTD,Petrol/Diesel/CNG/Hybrid,1648,Toyota,Toyota,Japan,North,IN-PB,State,"Punjab, India",Feb,2,Q1,28,False,False
2026-03-01,Punjab,TOYOTA KIRLOSKAR MOTOR PVT LTD,Petrol/Diesel/CNG/Hybrid,1427,Toyota,Toyota,Japan,North,IN-PB,State,"Punjab, India",Mar,3,Q1,31,False,False
2026-04-01,Punjab,TOYOTA KIRLOSKAR MOTOR PVT LTD,Petrol/Diesel/CNG/Hybrid,1505,Toyota,Toyota,Japan,North,IN-PB,State,"Punjab, India",Apr,4,Q2,30,False,False
2026-05-01,Punjab,TOYOTA KIRLOSKAR MOTOR PVT LTD,Petrol/Diesel/CNG/Hybrid,1450,Toyota,Toyota,Japan,North,IN-PB,State,"Punjab, India",May,5,Q2,31,False,False
2026-06-01,Punjab,TOYOTA KIRLOSKAR MOTOR PVT LTD,Petrol/Diesel/CNG/Hybrid,851,Toyota,Toyota,Japan,North,IN-PB,State,"Punjab, India",Jun,6,Q2,17,True,False
2026-01-01,Punjab,VOLKSWAGEN AG,Petrol/Diesel/CNG/Hybrid,1,Skoda-VW,Volkswagen Group,Germany,North,IN-PB,State,"Punjab, India",Jan,1,Q1,31,False,False
2026-02-01,Punjab,VOLKSWAGEN AG,Petrol/Diesel/CNG/Hybrid,1,Skoda-VW,Volkswagen Group,Germany,North,IN-PB,State,"Punjab, India",Feb,2,Q1,28,False,False
2026-05-01,Punjab,VOLKSWAGEN AG,Petrol/Diesel/CNG/Hybrid,1,Skoda-VW,Volkswagen Group,Germany,North,IN-PB,State,"Punjab, India",May,5,Q2,31,False,False
2026-06-01,Punjab,VOLKSWAGEN AG,Petrol/Diesel/CNG/Hybrid,1,Skoda-VW,Volkswagen Group,Germany,North,IN-PB,State,"Punjab, India",Jun,6,Q2,17,True,False
2026-01-01,Punjab,VOLVO AUTO INDIA PVT LTD,Petrol/Diesel/CNG/Hybrid,2,Volvo,Geely,Sweden,North,IN-PB,State,"Punjab, India",Jan,1,Q1,31,False,False
2026-02-01,Punjab,VOLVO AUTO INDIA PVT LTD,Petrol/Diesel/CNG/Hybrid,2,Volvo,Geely,Sweden,North,IN-PB,State,"Punjab, India",Feb,2,Q1,28,False,False
2026-03-01,Punjab,VOLVO AUTO INDIA PVT LTD,Petrol/Diesel/CNG/Hybrid,2,Volvo,Geely,Sweden,North,IN-PB,State,"Punjab, India",Mar,3,Q1,31,False,False
2026-04-01,Punjab,VOLVO AUTO INDIA PVT LTD,Petrol/Diesel/CNG/Hybrid,3,Volvo,Geely,Sweden,North,IN-PB,State,"Punjab, India",Apr,4,Q2,30,False,False
2026-05-01,Punjab,VOLVO AUTO INDIA PVT LTD,Petrol/Diesel/CNG/Hybrid,1,Volvo,Geely,Sweden,North,IN-PB,State,"Punjab, India",May,5,Q2,31,False,False
2026-06-01,Punjab,VOLVO AUTO INDIA PVT LTD,Petrol/Diesel/CNG/Hybrid,1,Volvo,Geely,Sweden,North,IN-PB,State,"Punjab, India",Jun,6,Q2,17,True,False
2026-01-01,Rajasthan,AUDI AG,Petrol/Diesel/CNG/Hybrid,1,Audi,Volkswagen Group,Germany,North,IN-RJ,State,"Rajasthan, India",Jan,1,Q1,31,False,False
2026-01-01,Rajasthan,BMW INDIA PVT LTD,Petrol/Diesel/CNG/Hybrid,36,BMW,BMW Group,Germany,North,IN-RJ,State,"Rajasthan, India",Jan,1,Q1,31,False,False
2026-02-01,Rajasthan,BMW INDIA PVT LTD,Petrol/Diesel/CNG/Hybrid,15,BMW,BMW Group,Germany,North,IN-RJ,State,"Rajasthan, India",Feb,2,Q1,28,False,False
2026-03-01,Rajasthan,BMW INDIA PVT LTD,Petrol/Diesel/CNG/Hybrid,24,BMW,BMW Group,Germany,North,IN-RJ,State,"Rajasthan, India",Mar,3,Q1,31,False,False
2026-04-01,Rajasthan,BMW INDIA PVT LTD,Petrol/Diesel/CNG/Hybrid,18,BMW,BMW Group,Germany,North,IN-RJ,State,"Rajasthan, India",Apr,4,Q2,30,False,False
2026-05-01,Rajasthan,BMW INDIA PVT LTD,Petrol/Diesel/CNG/Hybrid,24,BMW,BMW Group,Germany,North,IN-RJ,State,"Rajasthan, India",May,5,Q2,31,False,False
2026-06-01,Rajasthan,BMW INDIA PVT LTD,Petrol/Diesel/CNG/Hybrid,9,BMW,BMW Group,Germany,North,IN-RJ,State,"Rajasthan, India",Jun,6,Q2,17,True,False
2026-04-01,Rajasthan,BYD INDIA PRIVATE LIMITED,Petrol/Diesel/CNG/Hybrid,1,BYD,BYD,China,North,IN-RJ,State,"Rajasthan, India",Apr,4,Q2,30,False,False
2026-01-01,Rajasthan,FORCE MOTORS LIMITED,Petrol/Diesel/CNG/Hybrid,2,Force,Force Motors,India,North,IN-RJ,State,"Rajasthan, India",Jan,1,Q1,31,False,False
2026-02-01,Rajasthan,FORCE MOTORS LIMITED,Petrol/Diesel/CNG/Hybrid,3,Force,Force Motors,India,North,IN-RJ,State,"Rajasthan, India",Feb,2,Q1,28,False,False
2026-03-01,Rajasthan,FORCE MOTORS LIMITED,Petrol/Diesel/CNG/Hybrid,2,Force,Force Motors,India,North,IN-RJ,State,"Rajasthan, India",Mar,3,Q1,31,False,False
2026-04-01,Rajasthan,FORCE MOTORS LIMITED,Petrol/Diesel/CNG/Hybrid,1,Force,Force Motors,India,North,IN-RJ,State,"Rajasthan, India",Apr,4,Q2,30,False,False
2026-05-01,Rajasthan,FORCE MOTORS LIMITED,Petrol/Diesel/CNG/Hybrid,1,Force,Force Motors,India,North,IN-RJ,State,"Rajasthan, India",May,5,Q2,31,False,False
2026-06-01,Rajasthan,FORCE MOTORS LIMITED,Petrol/Diesel/CNG/Hybrid,2,Force,Force Motors,India,North,IN-RJ,State,"Rajasthan, India",Jun,6,Q2,17,True,False
2026-01-01,Rajasthan,HONDA CARS INDIA LTD,Petrol/Diesel/CNG/Hybrid,118,Honda,Honda,Japan,North,IN-RJ,State,"Rajasthan, India",Jan,1,Q1,31,False,False
2026-02-01,Rajasthan,HONDA CARS INDIA LTD,Petrol/Diesel/CNG/Hybrid,96,Honda,Honda,Japan,North,IN-RJ,State,"Rajasthan, India",Feb,2,Q1,28,False,False
2026-03-01,Rajasthan,HONDA CARS INDIA LTD,Petrol/Diesel/CNG/Hybrid,134,Honda,Honda,Japan,North,IN-RJ,State,"Rajasthan, India",Mar,3,Q1,31,False,False
2026-04-01,Rajasthan,HONDA CARS INDIA LTD,Petrol/Diesel/CNG/Hybrid,141,Honda,Honda,Japan,North,IN-RJ,State,"Rajasthan, India",Apr,4,Q2,30,False,False
2026-05-01,Rajasthan,HONDA CARS INDIA LTD,Petrol/Diesel/CNG/Hybrid,94,Honda,Honda,Japan,North,IN-RJ,State,"Rajasthan, India",May,5,Q2,31,False,False
2026-06-01,Rajasthan,HONDA CARS INDIA LTD,Petrol/Diesel/CNG/Hybrid,46,Honda,Honda,Japan,North,IN-RJ,State,"Rajasthan, India",Jun,6,Q2,17,True,False
2026-01-01,Rajasthan,HYUNDAI MOTOR INDIA LTD,Petrol/Diesel/CNG/Hybrid,3619,Hyundai,Hyundai,South Korea,North,IN-RJ,State,"Rajasthan, India",Jan,1,Q1,31,False,False
2026-02-01,Rajasthan,HYUNDAI MOTOR INDIA LTD,Petrol/Diesel/CNG/Hybrid,2412,Hyundai,Hyundai,South Korea,North,IN-RJ,State,"Rajasthan, India",Feb,2,Q1,28,False,False
2026-03-01,Rajasthan,HYUNDAI MOTOR INDIA LTD,Petrol/Diesel/CNG/Hybrid,2625,Hyundai,Hyundai,South Korea,North,IN-RJ,State,"Rajasthan, India",Mar,3,Q1,31,False,False
2026-04-01,Rajasthan,HYUNDAI MOTOR INDIA LTD,Petrol/Diesel/CNG/Hybrid,2528,Hyundai,Hyundai,South Korea,North,IN-RJ,State,"Rajasthan, India",Apr,4,Q2,30,False,False
2026-05-01,Rajasthan,HYUNDAI MOTOR INDIA LTD,Petrol/Diesel/CNG/Hybrid,2316,Hyundai,Hyundai,South Korea,North,IN-RJ,State,"Rajasthan, India",May,5,Q2,31,False,False
2026-06-01,Rajasthan,HYUNDAI MOTOR INDIA LTD,Petrol/Diesel/CNG/Hybrid,988,Hyundai,Hyundai,South Korea,North,IN-RJ,State,"Rajasthan, India",Jun,6,Q2,17,True,False
2026-01-01,Rajasthan,ISUZU MOTORS INDIA PVT LTD,Petrol/Diesel/CNG/Hybrid,1,Isuzu,Isuzu,Japan,North,IN-RJ,State,"Rajasthan, India",Jan,1,Q1,31,False,False
2026-02-01,Rajasthan,ISUZU MOTORS INDIA PVT LTD,Petrol/Diesel/CNG/Hybrid,1,Isuzu,Isuzu,Japan,North,IN-RJ,State,"Rajasthan, India",Feb,2,Q1,28,False,False
2026-04-01,Rajasthan,ISUZU MOTORS INDIA PVT LTD,Petrol/Diesel/CNG/Hybrid,1,Isuzu,Isuzu,Japan,North,IN-RJ,State,"Rajasthan, India",Apr,4,Q2,30,False,False
2026-06-01,Rajasthan,ISUZU MOTORS INDIA PVT LTD,Petrol/Diesel/CNG/Hybrid,2,Isuzu,Isuzu,Japan,North,IN-RJ,State,"Rajasthan, India",Jun,6,Q2,17,True,False
2026-01-01,Rajasthan,JAGUAR LAND ROVER INDIA LIMITED,Petrol/Diesel/CNG/Hybrid,25,Jaguar Land Rover,Tata Motors,UK,North,IN-RJ,State,"Rajasthan, India",Jan,1,Q1,31,False,False
2026-02-01,Rajasthan,JAGUAR LAND ROVER INDIA LIMITED,Petrol/Diesel/CNG/Hybrid,19,Jaguar Land Rover,Tata Motors,UK,North,IN-RJ,State,"Rajasthan, India",Feb,2,Q1,28,False,False
2026-03-01,Rajasthan,JAGUAR LAND ROVER INDIA LIMITED,Petrol/Diesel/CNG/Hybrid,18,Jaguar Land Rover,Tata Motors,UK,North,IN-RJ,State,"Rajasthan, India",Mar,3,Q1,31,False,False
2026-04-01,Rajasthan,JAGUAR LAND ROVER INDIA LIMITED,Petrol/Diesel/CNG/Hybrid,10,Jaguar Land Rover,Tata Motors,UK,North,IN-RJ,State,"Rajasthan, India",Apr,4,Q2,30,False,False
2026-05-01,Rajasthan,JAGUAR LAND ROVER INDIA LIMITED,Petrol/Diesel/CNG/Hybrid,9,Jaguar Land Rover,Tata Motors,UK,North,IN-RJ,State,"Rajasthan, India",May,5,Q2,31,False,False
2026-06-01,Rajasthan,JAGUAR LAND ROVER INDIA LIMITED,Petrol/Diesel/CNG/Hybrid,17,Jaguar Land Rover,Tata Motors,UK,North,IN-RJ,State,"Rajasthan, India",Jun,6,Q2,17,True,False
2026-01-01,Rajasthan,JSW MG MOTOR INDIA PVT LTD,Petrol/Diesel/CNG/Hybrid,30,MG,JSW-SAIC,India / China,North,IN-RJ,State,"Rajasthan, India",Jan,1,Q1,31,False,False
2026-02-01,Rajasthan,JSW MG MOTOR INDIA PVT LTD,Petrol/Diesel/CNG/Hybrid,25,MG,JSW-SAIC,India / China,North,IN-RJ,State,"Rajasthan, India",Feb,2,Q1,28,False,False
2026-03-01,Rajasthan,JSW MG MOTOR INDIA PVT LTD,Petrol/Diesel/CNG/Hybrid,37,MG,JSW-SAIC,India / China,North,IN-RJ,State,"Rajasthan, India",Mar,3,Q1,31,False,False
2026-04-01,Rajasthan,JSW MG MOTOR INDIA PVT LTD,Petrol/Diesel/CNG/Hybrid,35,MG,JSW-SAIC,India / China,North,IN-RJ,State,"Rajasthan, India",Apr,4,Q2,30,False,False
2026-05-01,Rajasthan,JSW MG MOTOR INDIA PVT LTD,Petrol/Diesel/CNG/Hybrid,41,MG,JSW-SAIC,India / China,North,IN-RJ,State,"Rajasthan, India",May,5,Q2,31,False,False
2026-06-01,Rajasthan,JSW MG MOTOR INDIA PVT LTD,Petrol/Diesel/CNG/Hybrid,33,MG,JSW-SAIC,India / China,North,IN-RJ,State,"Rajasthan, India",Jun,6,Q2,17,True,False
2026-01-01,Rajasthan,KIA INDIA PRIVATE LIMITED,Petrol/Diesel/CNG/Hybrid,1749,Kia,Hyundai,South Korea,North,IN-RJ,State,"Rajasthan, India",Jan,1,Q1,31,False,False
2026-02-01,Rajasthan,KIA INDIA PRIVATE LIMITED,Petrol/Diesel/CNG/Hybrid,1463,Kia,Hyundai,South Korea,North,IN-RJ,State,"Rajasthan, India",Feb,2,Q1,28,False,False
2026-03-01,Rajasthan,KIA INDIA PRIVATE LIMITED,Petrol/Diesel/CNG/Hybrid,1710,Kia,Hyundai,South Korea,North,IN-RJ,State,"Rajasthan, India",Mar,3,Q1,31,False,False
2026-04-01,Rajasthan,KIA INDIA PRIVATE LIMITED,Petrol/Diesel/CNG/Hybrid,1405,Kia,Hyundai,South Korea,North,IN-RJ,State,"Rajasthan, India",Apr,4,Q2,30,False,False
2026-05-01,Rajasthan,KIA INDIA PRIVATE LIMITED,Petrol/Diesel/CNG/Hybrid,1216,Kia,Hyundai,South Korea,North,IN-RJ,State,"Rajasthan, India",May,5,Q2,31,False,False
2026-06-01,Rajasthan,KIA INDIA PRIVATE LIMITED,Petrol/Diesel/CNG/Hybrid,518,Kia,Hyundai,South Korea,North,IN-RJ,State,"Rajasthan, India",Jun,6,Q2,17,True,False
2026-01-01,Rajasthan,MAHINDRA & MAHINDRA LIMITED,Petrol/Diesel/CNG/Hybrid,4725,Mahindra,Mahindra,India,North,IN-RJ,State,"Rajasthan, India",Jan,1,Q1,31,False,False
2026-02-01,Rajasthan,MAHINDRA & MAHINDRA LIMITED,Petrol/Diesel/CNG/Hybrid,3502,Mahindra,Mahindra,India,North,IN-RJ,State,"Rajasthan, India",Feb,2,Q1,28,False,False
2026-03-01,Rajasthan,MAHINDRA & MAHINDRA LIMITED,Petrol/Diesel/CNG/Hybrid,3901,Mahindra,Mahindra,India,North,IN-RJ,State,"Rajasthan, India",Mar,3,Q1,31,False,False
2026-04-01,Rajasthan,MAHINDRA & MAHINDRA LIMITED,Petrol/Diesel/CNG/Hybrid,3612,Mahindra,Mahindra,India,North,IN-RJ,State,"Rajasthan, India",Apr,4,Q2,30,False,False
2026-05-01,Rajasthan,MAHINDRA & MAHINDRA LIMITED,Petrol/Diesel/CNG/Hybrid,2918,Mahindra,Mahindra,India,North,IN-RJ,State,"Rajasthan, India",May,5,Q2,31,False,False
2026-06-01,Rajasthan,MAHINDRA & MAHINDRA LIMITED,Petrol/Diesel/CNG/Hybrid,1519,Mahindra,Mahindra,India,North,IN-RJ,State,"Rajasthan, India",Jun,6,Q2,17,True,False
2026-01-01,Rajasthan,MARUTI SUZUKI INDIA LTD,Petrol/Diesel/CNG/Hybrid,12610,Maruti Suzuki,Suzuki,Japan,North,IN-RJ,State,"Rajasthan, India",Jan,1,Q1,31,False,False
2026-02-01,Rajasthan,MARUTI SUZUKI INDIA LTD,Petrol/Diesel/CNG/Hybrid,8155,Maruti Suzuki,Suzuki,Japan,North,IN-RJ,State,"Rajasthan, India",Feb,2,Q1,28,False,False
2026-03-01,Rajasthan,MARUTI SUZUKI INDIA LTD,Petrol/Diesel/CNG/Hybrid,9693,Maruti Suzuki,Suzuki,Japan,North,IN-RJ,State,"Rajasthan, India",Mar,3,Q1,31,False,False
2026-04-01,Rajasthan,MARUTI SUZUKI INDIA LTD,Petrol/Diesel/CNG/Hybrid,8912,Maruti Suzuki,Suzuki,Japan,North,IN-RJ,State,"Rajasthan, India",Apr,4,Q2,30,False,False
2026-05-01,Rajasthan,MARUTI SUZUKI INDIA LTD,Petrol/Diesel/CNG/Hybrid,8449,Maruti Suzuki,Suzuki,Japan,North,IN-RJ,State,"Rajasthan, India",May,5,Q2,31,False,False
2026-06-01,Rajasthan,MARUTI SUZUKI INDIA LTD,Petrol/Diesel/CNG/Hybrid,3955,Maruti Suzuki,Suzuki,Japan,North,IN-RJ,State,"Rajasthan, India",Jun,6,Q2,17,True,False
2026-05-01,Rajasthan,MERCEDES BENZ,Petrol/Diesel/CNG/Hybrid,1,Mercedes-Benz,Mercedes-Benz,Germany,North,IN-RJ,State,"Rajasthan, India",May,5,Q2,31,False,False
2026-06-01,Rajasthan,MERCEDES BENZ,Petrol/Diesel/CNG/Hybrid,1,Mercedes-Benz,Mercedes-Benz,Germany,North,IN-RJ,State,"Rajasthan, India",Jun,6,Q2,17,True,False
2026-01-01,Rajasthan,MERCEDES-BENZ AG,Petrol/Diesel/CNG/Hybrid,2,Mercedes-Benz,Mercedes-Benz,Germany,North,IN-RJ,State,"Rajasthan, India",Jan,1,Q1,31,False,False
2026-02-01,Rajasthan,MERCEDES-BENZ AG,Petrol/Diesel/CNG/Hybrid,3,Mercedes-Benz,Mercedes-Benz,Germany,North,IN-RJ,State,"Rajasthan, India",Feb,2,Q1,28,False,False
2026-03-01,Rajasthan,MERCEDES-BENZ AG,Petrol/Diesel/CNG/Hybrid,1,Mercedes-Benz,Mercedes-Benz,Germany,North,IN-RJ,State,"Rajasthan, India",Mar,3,Q1,31,False,False
2026-04-01,Rajasthan,MERCEDES-BENZ AG,Petrol/Diesel/CNG/Hybrid,5,Mercedes-Benz,Mercedes-Benz,Germany,North,IN-RJ,State,"Rajasthan, India",Apr,4,Q2,30,False,False
2026-05-01,Rajasthan,MERCEDES-BENZ AG,Petrol/Diesel/CNG/Hybrid,3,Mercedes-Benz,Mercedes-Benz,Germany,North,IN-RJ,State,"Rajasthan, India",May,5,Q2,31,False,False
2026-06-01,Rajasthan,MERCEDES-BENZ AG,Petrol/Diesel/CNG/Hybrid,2,Mercedes-Benz,Mercedes-Benz,Germany,North,IN-RJ,State,"Rajasthan, India",Jun,6,Q2,17,True,False
2026-01-01,Rajasthan,MERCEDES-BENZ INDIA PVT LTD,Petrol/Diesel/CNG/Hybrid,47,Mercedes-Benz,Mercedes-Benz,Germany,North,IN-RJ,State,"Rajasthan, India",Jan,1,Q1,31,False,False
2026-02-01,Rajasthan,MERCEDES-BENZ INDIA PVT LTD,Petrol/Diesel/CNG/Hybrid,31,Mercedes-Benz,Mercedes-Benz,Germany,North,IN-RJ,State,"Rajasthan, India",Feb,2,Q1,28,False,False
2026-03-01,Rajasthan,MERCEDES-BENZ INDIA PVT LTD,Petrol/Diesel/CNG/Hybrid,36,Mercedes-Benz,Mercedes-Benz,Germany,North,IN-RJ,State,"Rajasthan, India",Mar,3,Q1,31,False,False
2026-04-01,Rajasthan,MERCEDES-BENZ INDIA PVT LTD,Petrol/Diesel/CNG/Hybrid,37,Mercedes-Benz,Mercedes-Benz,Germany,North,IN-RJ,State,"Rajasthan, India",Apr,4,Q2,30,False,False
2026-05-01,Rajasthan,MERCEDES-BENZ INDIA PVT LTD,Petrol/Diesel/CNG/Hybrid,32,Mercedes-Benz,Mercedes-Benz,Germany,North,IN-RJ,State,"Rajasthan, India",May,5,Q2,31,False,False
2026-06-01,Rajasthan,MERCEDES-BENZ INDIA PVT LTD,Petrol/Diesel/CNG/Hybrid,20,Mercedes-Benz,Mercedes-Benz,Germany,North,IN-RJ,State,"Rajasthan, India",Jun,6,Q2,17,True,False
2026-01-01,Rajasthan,NISSAN MOTOR INDIA PVT LTD,Petrol/Diesel/CNG/Hybrid,103,Nissan,Nissan,Japan,North,IN-RJ,State,"Rajasthan, India",Jan,1,Q1,31,False,False
2026-02-01,Rajasthan,NISSAN MOTOR INDIA PVT LTD,Petrol/Diesel/CNG/Hybrid,85,Nissan,Nissan,Japan,North,IN-RJ,State,"Rajasthan, India",Feb,2,Q1,28,False,False
2026-03-01,Rajasthan,NISSAN MOTOR INDIA PVT LTD,Petrol/Diesel/CNG/Hybrid,122,Nissan,Nissan,Japan,North,IN-RJ,State,"Rajasthan, India",Mar,3,Q1,31,False,False
2026-04-01,Rajasthan,NISSAN MOTOR INDIA PVT LTD,Petrol/Diesel/CNG/Hybrid,155,Nissan,Nissan,Japan,North,IN-RJ,State,"Rajasthan, India",Apr,4,Q2,30,False,False
2026-05-01,Rajasthan,NISSAN MOTOR INDIA PVT LTD,Petrol/Diesel/CNG/Hybrid,110,Nissan,Nissan,Japan,North,IN-RJ,State,"Rajasthan, India",May,5,Q2,31,False,False
2026-06-01,Rajasthan,NISSAN MOTOR INDIA PVT LTD,Petrol/Diesel/CNG/Hybrid,60,Nissan,Nissan,Japan,North,IN-RJ,State,"Rajasthan, India",Jun,6,Q2,17,True,False
2026-05-01,Rajasthan,PORSCHE AG GERMANY,Petrol/Diesel/CNG/Hybrid,1,Porsche,Volkswagen Group,Germany,North,IN-RJ,State,"Rajasthan, India",May,5,Q2,31,False,False
2026-06-01,Rajasthan,PORSCHE AG GERMANY,Petrol/Diesel/CNG/Hybrid,1,Porsche,Volkswagen Group,Germany,North,IN-RJ,State,"Rajasthan, India",Jun,6,Q2,17,True,False
2026-01-01,Rajasthan,RENAULT INDIA PVT LTD,Petrol/Diesel/CNG/Hybrid,112,Renault,Renault,France,North,IN-RJ,State,"Rajasthan, India",Jan,1,Q1,31,False,False
2026-02-01,Rajasthan,RENAULT INDIA PVT LTD,Petrol/Diesel/CNG/Hybrid,96,Renault,Renault,France,North,IN-RJ,State,"Rajasthan, India",Feb,2,Q1,28,False,False
2026-03-01,Rajasthan,RENAULT INDIA PVT LTD,Petrol/Diesel/CNG/Hybrid,111,Renault,Renault,France,North,IN-RJ,State,"Rajasthan, India",Mar,3,Q1,31,False,False
2026-04-01,Rajasthan,RENAULT INDIA PVT LTD,Petrol/Diesel/CNG/Hybrid,90,Renault,Renault,France,North,IN-RJ,State,"Rajasthan, India",Apr,4,Q2,30,False,False
2026-05-01,Rajasthan,RENAULT INDIA PVT LTD,Petrol/Diesel/CNG/Hybrid,95,Renault,Renault,France,North,IN-RJ,State,"Rajasthan, India",May,5,Q2,31,False,False
2026-06-01,Rajasthan,RENAULT INDIA PVT LTD,Petrol/Diesel/CNG/Hybrid,43,Renault,Renault,France,North,IN-RJ,State,"Rajasthan, India",Jun,6,Q2,17,True,False
2026-01-01,Rajasthan,SKODA AUTO VOLKSWAGEN INDIA PVT LTD,Petrol/Diesel/CNG/Hybrid,412,Skoda-VW,Volkswagen Group,Germany,North,IN-RJ,State,"Rajasthan, India",Jan,1,Q1,31,False,False
2026-02-01,Rajasthan,SKODA AUTO VOLKSWAGEN INDIA PVT LTD,Petrol/Diesel/CNG/Hybrid,277,Skoda-VW,Volkswagen Group,Germany,North,IN-RJ,State,"Rajasthan, India",Feb,2,Q1,28,False,False
2026-03-01,Rajasthan,SKODA AUTO VOLKSWAGEN INDIA PVT LTD,Petrol/Diesel/CNG/Hybrid,406,Skoda-VW,Volkswagen Group,Germany,North,IN-RJ,State,"Rajasthan, India",Mar,3,Q1,31,False,False
2026-04-01,Rajasthan,SKODA AUTO VOLKSWAGEN INDIA PVT LTD,Petrol/Diesel/CNG/Hybrid,384,Skoda-VW,Volkswagen Group,Germany,North,IN-RJ,State,"Rajasthan, India",Apr,4,Q2,30,False,False
2026-05-01,Rajasthan,SKODA AUTO VOLKSWAGEN INDIA PVT LTD,Petrol/Diesel/CNG/Hybrid,294,Skoda-VW,Volkswagen Group,Germany,North,IN-RJ,State,"Rajasthan, India",May,5,Q2,31,False,False
2026-06-01,Rajasthan,SKODA AUTO VOLKSWAGEN INDIA PVT LTD,Petrol/Diesel/CNG/Hybrid,155,Skoda-VW,Volkswagen Group,Germany,North,IN-RJ,State,"Rajasthan, India",Jun,6,Q2,17,True,False
2026-01-01,Rajasthan,STELLANTIS AUTOMOBILES INDIA PVT LTD,Petrol/Diesel/CNG/Hybrid,40,Stellantis (Jeep/Citroen),Stellantis,Netherlands,North,IN-RJ,State,"Rajasthan, India",Jan,1,Q1,31,False,False
2026-02-01,Rajasthan,STELLANTIS AUTOMOBILES INDIA PVT LTD,Petrol/Diesel/CNG/Hybrid,27,Stellantis (Jeep/Citroen),Stellantis,Netherlands,North,IN-RJ,State,"Rajasthan, India",Feb,2,Q1,28,False,False
2026-03-01,Rajasthan,STELLANTIS AUTOMOBILES INDIA PVT LTD,Petrol/Diesel/CNG/Hybrid,28,Stellantis (Jeep/Citroen),Stellantis,Netherlands,North,IN-RJ,State,"Rajasthan, India",Mar,3,Q1,31,False,False
2026-04-01,Rajasthan,STELLANTIS AUTOMOBILES INDIA PVT LTD,Petrol/Diesel/CNG/Hybrid,21,Stellantis (Jeep/Citroen),Stellantis,Netherlands,North,IN-RJ,State,"Rajasthan, India",Apr,4,Q2,30,False,False
2026-05-01,Rajasthan,STELLANTIS AUTOMOBILES INDIA PVT LTD,Petrol/Diesel/CNG/Hybrid,12,Stellantis (Jeep/Citroen),Stellantis,Netherlands,North,IN-RJ,State,"Rajasthan, India",May,5,Q2,31,False,False
2026-06-01,Rajasthan,STELLANTIS AUTOMOBILES INDIA PVT LTD,Petrol/Diesel/CNG/Hybrid,9,Stellantis (Jeep/Citroen),Stellantis,Netherlands,North,IN-RJ,State,"Rajasthan, India",Jun,6,Q2,17,True,False
2026-01-01,Rajasthan,STELLANTIS INDIA PVT LTD,Petrol/Diesel/CNG/Hybrid,10,Stellantis (Jeep/Citroen),Stellantis,Netherlands,North,IN-RJ,State,"Rajasthan, India",Jan,1,Q1,31,False,False
2026-02-01,Rajasthan,STELLANTIS INDIA PVT LTD,Petrol/Diesel/CNG/Hybrid,12,Stellantis (Jeep/Citroen),Stellantis,Netherlands,North,IN-RJ,State,"Rajasthan, India",Feb,2,Q1,28,False,False
2026-03-01,Rajasthan,STELLANTIS INDIA PVT LTD,Petrol/Diesel/CNG/Hybrid,8,Stellantis (Jeep/Citroen),Stellantis,Netherlands,North,IN-RJ,State,"Rajasthan, India",Mar,3,Q1,31,False,False
2026-04-01,Rajasthan,STELLANTIS INDIA PVT LTD,Petrol/Diesel/CNG/Hybrid,8,Stellantis (Jeep/Citroen),Stellantis,Netherlands,North,IN-RJ,State,"Rajasthan, India",Apr,4,Q2,30,False,False
2026-05-01,Rajasthan,STELLANTIS INDIA PVT LTD,Petrol/Diesel/CNG/Hybrid,14,Stellantis (Jeep/Citroen),Stellantis,Netherlands,North,IN-RJ,State,"Rajasthan, India",May,5,Q2,31,False,False
2026-06-01,Rajasthan,STELLANTIS INDIA PVT LTD,Petrol/Diesel/CNG/Hybrid,4,Stellantis (Jeep/Citroen),Stellantis,Netherlands,North,IN-RJ,State,"Rajasthan, India",Jun,6,Q2,17,True,False
2026-02-01,Rajasthan,TATA MOTORS LTD,Petrol/Diesel/CNG/Hybrid,3,Tata,Tata Motors,India,North,IN-RJ,State,"Rajasthan, India",Feb,2,Q1,28,False,False
2026-03-01,Rajasthan,TATA MOTORS LTD,Petrol/Diesel/CNG/Hybrid,1,Tata,Tata Motors,India,North,IN-RJ,State,"Rajasthan, India",Mar,3,Q1,31,False,False
2026-04-01,Rajasthan,TATA MOTORS LTD,Petrol/Diesel/CNG/Hybrid,2,Tata,Tata Motors,India,North,IN-RJ,State,"Rajasthan, India",Apr,4,Q2,30,False,False
2026-06-01,Rajasthan,TATA MOTORS LTD,Petrol/Diesel/CNG/Hybrid,1,Tata,Tata Motors,India,North,IN-RJ,State,"Rajasthan, India",Jun,6,Q2,17,True,False
2026-01-01,Rajasthan,TATA MOTORS PASSENGER VEHICLES LTD,Petrol/Diesel/CNG/Hybrid,3569,Tata,Tata Motors,India,North,IN-RJ,State,"Rajasthan, India",Jan,1,Q1,31,False,False
2026-02-01,Rajasthan,TATA MOTORS PASSENGER VEHICLES LTD,Petrol/Diesel/CNG/Hybrid,3154,Tata,Tata Motors,India,North,IN-RJ,State,"Rajasthan, India",Feb,2,Q1,28,False,False
2026-03-01,Rajasthan,TATA MOTORS PASSENGER VEHICLES LTD,Petrol/Diesel/CNG/Hybrid,3427,Tata,Tata Motors,India,North,IN-RJ,State,"Rajasthan, India",Mar,3,Q1,31,False,False
2026-04-01,Rajasthan,TATA MOTORS PASSENGER VEHICLES LTD,Petrol/Diesel/CNG/Hybrid,2662,Tata,Tata Motors,India,North,IN-RJ,State,"Rajasthan, India",Apr,4,Q2,30,False,False
2026-05-01,Rajasthan,TATA MOTORS PASSENGER VEHICLES LTD,Petrol/Diesel/CNG/Hybrid,2159,Tata,Tata Motors,India,North,IN-RJ,State,"Rajasthan, India",May,5,Q2,31,False,False
2026-06-01,Rajasthan,TATA MOTORS PASSENGER VEHICLES LTD,Petrol/Diesel/CNG/Hybrid,864,Tata,Tata Motors,India,North,IN-RJ,State,"Rajasthan, India",Jun,6,Q2,17,True,False
2026-01-01,Rajasthan,TATA PASSENGER ELECTRIC MOBILITY LTD,Petrol/Diesel/CNG/Hybrid,3,Tata,Tata Motors,India,North,IN-RJ,State,"Rajasthan, India",Jan,1,Q1,31,False,False
2026-06-01,Rajasthan,TATA PASSENGER ELECTRIC MOBILITY LTD,Petrol/Diesel/CNG/Hybrid,2,Tata,Tata Motors,India,North,IN-RJ,State,"Rajasthan, India",Jun,6,Q2,17,True,False
2026-01-01,Rajasthan,TOYOTA KIRLOSKAR MOTOR PVT LTD,Petrol/Diesel/CNG/Hybrid,1213,Toyota,Toyota,Japan,North,IN-RJ,State,"Rajasthan, India",Jan,1,Q1,31,False,False
2026-02-01,Rajasthan,TOYOTA KIRLOSKAR MOTOR PVT LTD,Petrol/Diesel/CNG/Hybrid,831,Toyota,Toyota,Japan,North,IN-RJ,State,"Rajasthan, India",Feb,2,Q1,28,False,False
2026-03-01,Rajasthan,TOYOTA KIRLOSKAR MOTOR PVT LTD,Petrol/Diesel/CNG/Hybrid,955,Toyota,Toyota,Japan,North,IN-RJ,State,"Rajasthan, India",Mar,3,Q1,31,False,False
2026-04-01,Rajasthan,TOYOTA KIRLOSKAR MOTOR PVT LTD,Petrol/Diesel/CNG/Hybrid,858,Toyota,Toyota,Japan,North,IN-RJ,State,"Rajasthan, India",Apr,4,Q2,30,False,False
2026-05-01,Rajasthan,TOYOTA KIRLOSKAR MOTOR PVT LTD,Petrol/Diesel/CNG/Hybrid,777,Toyota,Toyota,Japan,North,IN-RJ,State,"Rajasthan, India",May,5,Q2,31,False,False
2026-06-01,Rajasthan,TOYOTA KIRLOSKAR MOTOR PVT LTD,Petrol/Diesel/CNG/Hybrid,387,Toyota,Toyota,Japan,North,IN-RJ,State,"Rajasthan, India",Jun,6,Q2,17,True,False
2026-01-01,Rajasthan,VOLKSWAGEN AG,Petrol/Diesel/CNG/Hybrid,3,Skoda-VW,Volkswagen Group,Germany,North,IN-RJ,State,"Rajasthan, India",Jan,1,Q1,31,False,False
2026-01-01,Rajasthan,VOLVO AUTO INDIA PVT LTD,Petrol/Diesel/CNG/Hybrid,5,Volvo,Geely,Sweden,North,IN-RJ,State,"Rajasthan, India",Jan,1,Q1,31,False,False
2026-02-01,Rajasthan,VOLVO AUTO INDIA PVT LTD,Petrol/Diesel/CNG/Hybrid,7,Volvo,Geely,Sweden,North,IN-RJ,State,"Rajasthan, India",Feb,2,Q1,28,False,False
2026-03-01,Rajasthan,VOLVO AUTO INDIA PVT LTD,Petrol/Diesel/CNG/Hybrid,6,Volvo,Geely,Sweden,North,IN-RJ,State,"Rajasthan, India",Mar,3,Q1,31,False,False
2026-04-01,Rajasthan,VOLVO AUTO INDIA PVT LTD,Petrol/Diesel/CNG/Hybrid,1,Volvo,Geely,Sweden,North,IN-RJ,State,"Rajasthan, India",Apr,4,Q2,30,False,False
2026-05-01,Rajasthan,VOLVO AUTO INDIA PVT LTD,Petrol/Diesel/CNG/Hybrid,5,Volvo,Geely,Sweden,North,IN-RJ,State,"Rajasthan, India",May,5,Q2,31,False,False
2026-06-01,Rajasthan,VOLVO AUTO INDIA PVT LTD,Petrol/Diesel/CNG/Hybrid,1,Volvo,Geely,Sweden,North,IN-RJ,State,"Rajasthan, India",Jun,6,Q2,17,True,False
2026-01-01,Sikkim,FORCE MOTORS LIMITED,Petrol/Diesel/CNG/Hybrid,1,Force,Force Motors,India,North-East,IN-SK,State,"Sikkim, India",Jan,1,Q1,31,False,False
2026-02-01,Sikkim,FORCE MOTORS LIMITED,Petrol/Diesel/CNG/Hybrid,1,Force,Force Motors,India,North-East,IN-SK,State,"Sikkim, India",Feb,2,Q1,28,False,False
2026-01-01,Sikkim,HONDA CARS INDIA LTD,Petrol/Diesel/CNG/Hybrid,1,Honda,Honda,Japan,North-East,IN-SK,State,"Sikkim, India",Jan,1,Q1,31,False,False
2026-01-01,Sikkim,HYUNDAI MOTOR INDIA LTD,Petrol/Diesel/CNG/Hybrid,57,Hyundai,Hyundai,South Korea,North-East,IN-SK,State,"Sikkim, India",Jan,1,Q1,31,False,False
2026-02-01,Sikkim,HYUNDAI MOTOR INDIA LTD,Petrol/Diesel/CNG/Hybrid,53,Hyundai,Hyundai,South Korea,North-East,IN-SK,State,"Sikkim, India",Feb,2,Q1,28,False,False
2026-03-01,Sikkim,HYUNDAI MOTOR INDIA LTD,Petrol/Diesel/CNG/Hybrid,48,Hyundai,Hyundai,South Korea,North-East,IN-SK,State,"Sikkim, India",Mar,3,Q1,31,False,False
2026-04-01,Sikkim,HYUNDAI MOTOR INDIA LTD,Petrol/Diesel/CNG/Hybrid,55,Hyundai,Hyundai,South Korea,North-East,IN-SK,State,"Sikkim, India",Apr,4,Q2,30,False,False
2026-05-01,Sikkim,HYUNDAI MOTOR INDIA LTD,Petrol/Diesel/CNG/Hybrid,55,Hyundai,Hyundai,South Korea,North-East,IN-SK,State,"Sikkim, India",May,5,Q2,31,False,False
2026-06-01,Sikkim,HYUNDAI MOTOR INDIA LTD,Petrol/Diesel/CNG/Hybrid,33,Hyundai,Hyundai,South Korea,North-East,IN-SK,State,"Sikkim, India",Jun,6,Q2,17,True,False
2026-01-01,Sikkim,ISUZU MOTORS INDIA PVT LTD,Petrol/Diesel/CNG/Hybrid,1,Isuzu,Isuzu,Japan,North-East,IN-SK,State,"Sikkim, India",Jan,1,Q1,31,False,False
2026-05-01,Sikkim,ISUZU MOTORS INDIA PVT LTD,Petrol/Diesel/CNG/Hybrid,1,Isuzu,Isuzu,Japan,North-East,IN-SK,State,"Sikkim, India",May,5,Q2,31,False,False
2026-04-01,Sikkim,JAGUAR LAND ROVER INDIA LIMITED,Petrol/Diesel/CNG/Hybrid,1,Jaguar Land Rover,Tata Motors,UK,North-East,IN-SK,State,"Sikkim, India",Apr,4,Q2,30,False,False
2026-01-01,Sikkim,JSW MG MOTOR INDIA PVT LTD,Petrol/Diesel/CNG/Hybrid,1,MG,JSW-SAIC,India / China,North-East,IN-SK,State,"Sikkim, India",Jan,1,Q1,31,False,False
2026-02-01,Sikkim,JSW MG MOTOR INDIA PVT LTD,Petrol/Diesel/CNG/Hybrid,1,MG,JSW-SAIC,India / China,North-East,IN-SK,State,"Sikkim, India",Feb,2,Q1,28,False,False
2026-01-01,Sikkim,KIA INDIA PRIVATE LIMITED,Petrol/Diesel/CNG/Hybrid,8,Kia,Hyundai,South Korea,North-East,IN-SK,State,"Sikkim, India",Jan,1,Q1,31,False,False
2026-02-01,Sikkim,KIA INDIA PRIVATE LIMITED,Petrol/Diesel/CNG/Hybrid,2,Kia,Hyundai,South Korea,North-East,IN-SK,State,"Sikkim, India",Feb,2,Q1,28,False,False
2026-03-01,Sikkim,KIA INDIA PRIVATE LIMITED,Petrol/Diesel/CNG/Hybrid,8,Kia,Hyundai,South Korea,North-East,IN-SK,State,"Sikkim, India",Mar,3,Q1,31,False,False
2026-04-01,Sikkim,KIA INDIA PRIVATE LIMITED,Petrol/Diesel/CNG/Hybrid,8,Kia,Hyundai,South Korea,North-East,IN-SK,State,"Sikkim, India",Apr,4,Q2,30,False,False
2026-05-01,Sikkim,KIA INDIA PRIVATE LIMITED,Petrol/Diesel/CNG/Hybrid,7,Kia,Hyundai,South Korea,North-East,IN-SK,State,"Sikkim, India",May,5,Q2,31,False,False
2026-06-01,Sikkim,KIA INDIA PRIVATE LIMITED,Petrol/Diesel/CNG/Hybrid,9,Kia,Hyundai,South Korea,North-East,IN-SK,State,"Sikkim, India",Jun,6,Q2,17,True,False
2026-01-01,Sikkim,MAHINDRA & MAHINDRA LIMITED,Petrol/Diesel/CNG/Hybrid,191,Mahindra,Mahindra,India,North-East,IN-SK,State,"Sikkim, India",Jan,1,Q1,31,False,False
2026-02-01,Sikkim,MAHINDRA & MAHINDRA LIMITED,Petrol/Diesel/CNG/Hybrid,123,Mahindra,Mahindra,India,North-East,IN-SK,State,"Sikkim, India",Feb,2,Q1,28,False,False
2026-03-01,Sikkim,MAHINDRA & MAHINDRA LIMITED,Petrol/Diesel/CNG/Hybrid,108,Mahindra,Mahindra,India,North-East,IN-SK,State,"Sikkim, India",Mar,3,Q1,31,False,False
2026-04-01,Sikkim,MAHINDRA & MAHINDRA LIMITED,Petrol/Diesel/CNG/Hybrid,134,Mahindra,Mahindra,India,North-East,IN-SK,State,"Sikkim, India",Apr,4,Q2,30,False,False
2026-05-01,Sikkim,MAHINDRA & MAHINDRA LIMITED,Petrol/Diesel/CNG/Hybrid,98,Mahindra,Mahindra,India,North-East,IN-SK,State,"Sikkim, India",May,5,Q2,31,False,False
2026-06-01,Sikkim,MAHINDRA & MAHINDRA LIMITED,Petrol/Diesel/CNG/Hybrid,69,Mahindra,Mahindra,India,North-East,IN-SK,State,"Sikkim, India",Jun,6,Q2,17,True,False
2026-01-01,Sikkim,MARUTI SUZUKI INDIA LTD,Petrol/Diesel/CNG/Hybrid,74,Maruti Suzuki,Suzuki,Japan,North-East,IN-SK,State,"Sikkim, India",Jan,1,Q1,31,False,False
2026-02-01,Sikkim,MARUTI SUZUKI INDIA LTD,Petrol/Diesel/CNG/Hybrid,80,Maruti Suzuki,Suzuki,Japan,North-East,IN-SK,State,"Sikkim, India",Feb,2,Q1,28,False,False
2026-03-01,Sikkim,MARUTI SUZUKI INDIA LTD,Petrol/Diesel/CNG/Hybrid,113,Maruti Suzuki,Suzuki,Japan,North-East,IN-SK,State,"Sikkim, India",Mar,3,Q1,31,False,False
2026-04-01,Sikkim,MARUTI SUZUKI INDIA LTD,Petrol/Diesel/CNG/Hybrid,84,Maruti Suzuki,Suzuki,Japan,North-East,IN-SK,State,"Sikkim, India",Apr,4,Q2,30,False,False
2026-05-01,Sikkim,MARUTI SUZUKI INDIA LTD,Petrol/Diesel/CNG/Hybrid,103,Maruti Suzuki,Suzuki,Japan,North-East,IN-SK,State,"Sikkim, India",May,5,Q2,31,False,False
2026-06-01,Sikkim,MARUTI SUZUKI INDIA LTD,Petrol/Diesel/CNG/Hybrid,42,Maruti Suzuki,Suzuki,Japan,North-East,IN-SK,State,"Sikkim, India",Jun,6,Q2,17,True,False
2026-03-01,Sikkim,MERCEDES-BENZ INDIA PVT LTD,Petrol/Diesel/CNG/Hybrid,1,Mercedes-Benz,Mercedes-Benz,Germany,North-East,IN-SK,State,"Sikkim, India",Mar,3,Q1,31,False,False
2026-04-01,Sikkim,NISSAN MOTOR INDIA PVT LTD,Petrol/Diesel/CNG/Hybrid,1,Nissan,Nissan,Japan,North-East,IN-SK,State,"Sikkim, India",Apr,4,Q2,30,False,False
2026-05-01,Sikkim,NISSAN MOTOR INDIA PVT LTD,Petrol/Diesel/CNG/Hybrid,1,Nissan,Nissan,Japan,North-East,IN-SK,State,"Sikkim, India",May,5,Q2,31,False,False
2026-01-01,Sikkim,RENAULT INDIA PVT LTD,Petrol/Diesel/CNG/Hybrid,1,Renault,Renault,France,North-East,IN-SK,State,"Sikkim, India",Jan,1,Q1,31,False,False
2026-04-01,Sikkim,RENAULT INDIA PVT LTD,Petrol/Diesel/CNG/Hybrid,1,Renault,Renault,France,North-East,IN-SK,State,"Sikkim, India",Apr,4,Q2,30,False,False
2026-05-01,Sikkim,RENAULT INDIA PVT LTD,Petrol/Diesel/CNG/Hybrid,3,Renault,Renault,France,North-East,IN-SK,State,"Sikkim, India",May,5,Q2,31,False,False
2026-06-01,Sikkim,RENAULT INDIA PVT LTD,Petrol/Diesel/CNG/Hybrid,8,Renault,Renault,France,North-East,IN-SK,State,"Sikkim, India",Jun,6,Q2,17,True,False
2026-06-01,Sikkim,SKODA AUTO INDIA PVT LTD,Petrol/Diesel/CNG/Hybrid,1,Skoda-VW,Volkswagen Group,Germany,North-East,IN-SK,State,"Sikkim, India",Jun,6,Q2,17,True,False
2026-01-01,Sikkim,TATA MOTORS LTD,Petrol/Diesel/CNG/Hybrid,1,Tata,Tata Motors,India,North-East,IN-SK,State,"Sikkim, India",Jan,1,Q1,31,False,False
2026-05-01,Sikkim,TATA MOTORS LTD,Petrol/Diesel/CNG/Hybrid,1,Tata,Tata Motors,India,North-East,IN-SK,State,"Sikkim, India",May,5,Q2,31,False,False
2026-01-01,Sikkim,TATA MOTORS PASSENGER VEHICLES LTD,Petrol/Diesel/CNG/Hybrid,33,Tata,Tata Motors,India,North-East,IN-SK,State,"Sikkim, India",Jan,1,Q1,31,False,False
2026-02-01,Sikkim,TATA MOTORS PASSENGER VEHICLES LTD,Petrol/Diesel/CNG/Hybrid,31,Tata,Tata Motors,India,North-East,IN-SK,State,"Sikkim, India",Feb,2,Q1,28,False,False
2026-03-01,Sikkim,TATA MOTORS PASSENGER VEHICLES LTD,Petrol/Diesel/CNG/Hybrid,39,Tata,Tata Motors,India,North-East,IN-SK,State,"Sikkim, India",Mar,3,Q1,31,False,False
2026-04-01,Sikkim,TATA MOTORS PASSENGER VEHICLES LTD,Petrol/Diesel/CNG/Hybrid,32,Tata,Tata Motors,India,North-East,IN-SK,State,"Sikkim, India",Apr,4,Q2,30,False,False
2026-05-01,Sikkim,TATA MOTORS PASSENGER VEHICLES LTD,Petrol/Diesel/CNG/Hybrid,39,Tata,Tata Motors,India,North-East,IN-SK,State,"Sikkim, India",May,5,Q2,31,False,False
2026-06-01,Sikkim,TATA MOTORS PASSENGER VEHICLES LTD,Petrol/Diesel/CNG/Hybrid,21,Tata,Tata Motors,India,North-East,IN-SK,State,"Sikkim, India",Jun,6,Q2,17,True,False
2026-01-01,Sikkim,TOYOTA KIRLOSKAR MOTOR PVT LTD,Petrol/Diesel/CNG/Hybrid,9,Toyota,Toyota,Japan,North-East,IN-SK,State,"Sikkim, India",Jan,1,Q1,31,False,False
2026-02-01,Sikkim,TOYOTA KIRLOSKAR MOTOR PVT LTD,Petrol/Diesel/CNG/Hybrid,5,Toyota,Toyota,Japan,North-East,IN-SK,State,"Sikkim, India",Feb,2,Q1,28,False,False
2026-03-01,Sikkim,TOYOTA KIRLOSKAR MOTOR PVT LTD,Petrol/Diesel/CNG/Hybrid,7,Toyota,Toyota,Japan,North-East,IN-SK,State,"Sikkim, India",Mar,3,Q1,31,False,False
2026-04-01,Sikkim,TOYOTA KIRLOSKAR MOTOR PVT LTD,Petrol/Diesel/CNG/Hybrid,17,Toyota,Toyota,Japan,North-East,IN-SK,State,"Sikkim, India",Apr,4,Q2,30,False,False
2026-05-01,Sikkim,TOYOTA KIRLOSKAR MOTOR PVT LTD,Petrol/Diesel/CNG/Hybrid,22,Toyota,Toyota,Japan,North-East,IN-SK,State,"Sikkim, India",May,5,Q2,31,False,False
2026-06-01,Sikkim,TOYOTA KIRLOSKAR MOTOR PVT LTD,Petrol/Diesel/CNG/Hybrid,11,Toyota,Toyota,Japan,North-East,IN-SK,State,"Sikkim, India",Jun,6,Q2,17,True,False
2026-01-01,Tamil Nadu,AUDI AG,Petrol/Diesel/CNG/Hybrid,1,Audi,Volkswagen Group,Germany,South,IN-TN,State,"Tamil Nadu, India",Jan,1,Q1,31,False,False
2026-02-01,Tamil Nadu,AUDI AG,Petrol/Diesel/CNG/Hybrid,2,Audi,Volkswagen Group,Germany,South,IN-TN,State,"Tamil Nadu, India",Feb,2,Q1,28,False,False
2026-03-01,Tamil Nadu,AUDI AG,Petrol/Diesel/CNG/Hybrid,2,Audi,Volkswagen Group,Germany,South,IN-TN,State,"Tamil Nadu, India",Mar,3,Q1,31,False,False
2026-04-01,Tamil Nadu,AUDI AG,Petrol/Diesel/CNG/Hybrid,3,Audi,Volkswagen Group,Germany,South,IN-TN,State,"Tamil Nadu, India",Apr,4,Q2,30,False,False
2026-06-01,Tamil Nadu,AUDI AG,Petrol/Diesel/CNG/Hybrid,1,Audi,Volkswagen Group,Germany,South,IN-TN,State,"Tamil Nadu, India",Jun,6,Q2,17,True,False
2026-05-01,Tamil Nadu,BENTLEY MOTORS LIMITED,Petrol/Diesel/CNG/Hybrid,1,Bentley,Volkswagen Group,UK,South,IN-TN,State,"Tamil Nadu, India",May,5,Q2,31,False,False
2026-01-01,Tamil Nadu,BENTLEY MOTORS LTD (SAVWIPL),Petrol/Diesel/CNG/Hybrid,1,Bentley,Volkswagen Group,UK,South,IN-TN,State,"Tamil Nadu, India",Jan,1,Q1,31,False,False
2026-02-01,Tamil Nadu,BENTLEY MOTORS LTD (SAVWIPL),Petrol/Diesel/CNG/Hybrid,1,Bentley,Volkswagen Group,UK,South,IN-TN,State,"Tamil Nadu, India",Feb,2,Q1,28,False,False
2026-03-01,Tamil Nadu,BENTLEY MOTORS LTD (SAVWIPL),Petrol/Diesel/CNG/Hybrid,1,Bentley,Volkswagen Group,UK,South,IN-TN,State,"Tamil Nadu, India",Mar,3,Q1,31,False,False
2026-01-01,Tamil Nadu,BMW INDIA PVT LTD,Petrol/Diesel/CNG/Hybrid,118,BMW,BMW Group,Germany,South,IN-TN,State,"Tamil Nadu, India",Jan,1,Q1,31,False,False
2026-02-01,Tamil Nadu,BMW INDIA PVT LTD,Petrol/Diesel/CNG/Hybrid,81,BMW,BMW Group,Germany,South,IN-TN,State,"Tamil Nadu, India",Feb,2,Q1,28,False,False
2026-03-01,Tamil Nadu,BMW INDIA PVT LTD,Petrol/Diesel/CNG/Hybrid,82,BMW,BMW Group,Germany,South,IN-TN,State,"Tamil Nadu, India",Mar,3,Q1,31,False,False
2026-04-01,Tamil Nadu,BMW INDIA PVT LTD,Petrol/Diesel/CNG/Hybrid,93,BMW,BMW Group,Germany,South,IN-TN,State,"Tamil Nadu, India",Apr,4,Q2,30,False,False
2026-05-01,Tamil Nadu,BMW INDIA PVT LTD,Petrol/Diesel/CNG/Hybrid,50,BMW,BMW Group,Germany,South,IN-TN,State,"Tamil Nadu, India",May,5,Q2,31,False,False
2026-06-01,Tamil Nadu,BMW INDIA PVT LTD,Petrol/Diesel/CNG/Hybrid,43,BMW,BMW Group,Germany,South,IN-TN,State,"Tamil Nadu, India",Jun,6,Q2,17,True,False
2026-03-01,Tamil Nadu,FERRARI SPA (IMPORTER:NAVNIT MOTORS PVT LTD),Petrol/Diesel/CNG/Hybrid,1,Ferrari,Ferrari,Italy,South,IN-TN,State,"Tamil Nadu, India",Mar,3,Q1,31,False,False
2026-02-01,Tamil Nadu,FERRARI SPA (IMPORTER:SELECT CARS P LTD),Petrol/Diesel/CNG/Hybrid,1,Ferrari,Ferrari,Italy,South,IN-TN,State,"Tamil Nadu, India",Feb,2,Q1,28,False,False
2026-01-01,Tamil Nadu,FORCE MOTORS LIMITED,Petrol/Diesel/CNG/Hybrid,22,Force,Force Motors,India,South,IN-TN,State,"Tamil Nadu, India",Jan,1,Q1,31,False,False
2026-02-01,Tamil Nadu,FORCE MOTORS LIMITED,Petrol/Diesel/CNG/Hybrid,66,Force,Force Motors,India,South,IN-TN,State,"Tamil Nadu, India",Feb,2,Q1,28,False,False
2026-03-01,Tamil Nadu,FORCE MOTORS LIMITED,Petrol/Diesel/CNG/Hybrid,29,Force,Force Motors,India,South,IN-TN,State,"Tamil Nadu, India",Mar,3,Q1,31,False,False
2026-04-01,Tamil Nadu,FORCE MOTORS LIMITED,Petrol/Diesel/CNG/Hybrid,58,Force,Force Motors,India,South,IN-TN,State,"Tamil Nadu, India",Apr,4,Q2,30,False,False
2026-05-01,Tamil Nadu,FORCE MOTORS LIMITED,Petrol/Diesel/CNG/Hybrid,72,Force,Force Motors,India,South,IN-TN,State,"Tamil Nadu, India",May,5,Q2,31,False,False
2026-06-01,Tamil Nadu,FORCE MOTORS LIMITED,Petrol/Diesel/CNG/Hybrid,12,Force,Force Motors,India,South,IN-TN,State,"Tamil Nadu, India",Jun,6,Q2,17,True,False
2026-01-01,Tamil Nadu,HONDA CARS INDIA LTD,Petrol/Diesel/CNG/Hybrid,585,Honda,Honda,Japan,South,IN-TN,State,"Tamil Nadu, India",Jan,1,Q1,31,False,False
2026-02-01,Tamil Nadu,HONDA CARS INDIA LTD,Petrol/Diesel/CNG/Hybrid,579,Honda,Honda,Japan,South,IN-TN,State,"Tamil Nadu, India",Feb,2,Q1,28,False,False
2026-03-01,Tamil Nadu,HONDA CARS INDIA LTD,Petrol/Diesel/CNG/Hybrid,632,Honda,Honda,Japan,South,IN-TN,State,"Tamil Nadu, India",Mar,3,Q1,31,False,False
2026-04-01,Tamil Nadu,HONDA CARS INDIA LTD,Petrol/Diesel/CNG/Hybrid,661,Honda,Honda,Japan,South,IN-TN,State,"Tamil Nadu, India",Apr,4,Q2,30,False,False
2026-05-01,Tamil Nadu,HONDA CARS INDIA LTD,Petrol/Diesel/CNG/Hybrid,423,Honda,Honda,Japan,South,IN-TN,State,"Tamil Nadu, India",May,5,Q2,31,False,False
2026-06-01,Tamil Nadu,HONDA CARS INDIA LTD,Petrol/Diesel/CNG/Hybrid,374,Honda,Honda,Japan,South,IN-TN,State,"Tamil Nadu, India",Jun,6,Q2,17,True,False
2026-01-01,Tamil Nadu,HYUNDAI MOTOR INDIA LTD,Petrol/Diesel/CNG/Hybrid,4412,Hyundai,Hyundai,South Korea,South,IN-TN,State,"Tamil Nadu, India",Jan,1,Q1,31,False,False
2026-02-01,Tamil Nadu,HYUNDAI MOTOR INDIA LTD,Petrol/Diesel/CNG/Hybrid,3080,Hyundai,Hyundai,South Korea,South,IN-TN,State,"Tamil Nadu, India",Feb,2,Q1,28,False,False
2026-03-01,Tamil Nadu,HYUNDAI MOTOR INDIA LTD,Petrol/Diesel/CNG/Hybrid,3256,Hyundai,Hyundai,South Korea,South,IN-TN,State,"Tamil Nadu, India",Mar,3,Q1,31,False,False
2026-04-01,Tamil Nadu,HYUNDAI MOTOR INDIA LTD,Petrol/Diesel/CNG/Hybrid,3804,Hyundai,Hyundai,South Korea,South,IN-TN,State,"Tamil Nadu, India",Apr,4,Q2,30,False,False
2026-05-01,Tamil Nadu,HYUNDAI MOTOR INDIA LTD,Petrol/Diesel/CNG/Hybrid,3315,Hyundai,Hyundai,South Korea,South,IN-TN,State,"Tamil Nadu, India",May,5,Q2,31,False,False
2026-06-01,Tamil Nadu,HYUNDAI MOTOR INDIA LTD,Petrol/Diesel/CNG/Hybrid,2085,Hyundai,Hyundai,South Korea,South,IN-TN,State,"Tamil Nadu, India",Jun,6,Q2,17,True,False
2026-01-01,Tamil Nadu,ISUZU MOTORS INDIA PVT LTD,Petrol/Diesel/CNG/Hybrid,3,Isuzu,Isuzu,Japan,South,IN-TN,State,"Tamil Nadu, India",Jan,1,Q1,31,False,False
2026-02-01,Tamil Nadu,ISUZU MOTORS INDIA PVT LTD,Petrol/Diesel/CNG/Hybrid,2,Isuzu,Isuzu,Japan,South,IN-TN,State,"Tamil Nadu, India",Feb,2,Q1,28,False,False
2026-03-01,Tamil Nadu,ISUZU MOTORS INDIA PVT LTD,Petrol/Diesel/CNG/Hybrid,1,Isuzu,Isuzu,Japan,South,IN-TN,State,"Tamil Nadu, India",Mar,3,Q1,31,False,False
2026-04-01,Tamil Nadu,ISUZU MOTORS INDIA PVT LTD,Petrol/Diesel/CNG/Hybrid,4,Isuzu,Isuzu,Japan,South,IN-TN,State,"Tamil Nadu, India",Apr,4,Q2,30,False,False
2026-06-01,Tamil Nadu,ISUZU MOTORS INDIA PVT LTD,Petrol/Diesel/CNG/Hybrid,1,Isuzu,Isuzu,Japan,South,IN-TN,State,"Tamil Nadu, India",Jun,6,Q2,17,True,False
2026-01-01,Tamil Nadu,JAGUAR LAND ROVER INDIA LIMITED,Petrol/Diesel/CNG/Hybrid,17,Jaguar Land Rover,Tata Motors,UK,South,IN-TN,State,"Tamil Nadu, India",Jan,1,Q1,31,False,False
2026-02-01,Tamil Nadu,JAGUAR LAND ROVER INDIA LIMITED,Petrol/Diesel/CNG/Hybrid,26,Jaguar Land Rover,Tata Motors,UK,South,IN-TN,State,"Tamil Nadu, India",Feb,2,Q1,28,False,False
2026-03-01,Tamil Nadu,JAGUAR LAND ROVER INDIA LIMITED,Petrol/Diesel/CNG/Hybrid,27,Jaguar Land Rover,Tata Motors,UK,South,IN-TN,State,"Tamil Nadu, India",Mar,3,Q1,31,False,False
2026-04-01,Tamil Nadu,JAGUAR LAND ROVER INDIA LIMITED,Petrol/Diesel/CNG/Hybrid,30,Jaguar Land Rover,Tata Motors,UK,South,IN-TN,State,"Tamil Nadu, India",Apr,4,Q2,30,False,False
2026-05-01,Tamil Nadu,JAGUAR LAND ROVER INDIA LIMITED,Petrol/Diesel/CNG/Hybrid,5,Jaguar Land Rover,Tata Motors,UK,South,IN-TN,State,"Tamil Nadu, India",May,5,Q2,31,False,False
2026-06-01,Tamil Nadu,JAGUAR LAND ROVER INDIA LIMITED,Petrol/Diesel/CNG/Hybrid,15,Jaguar Land Rover,Tata Motors,UK,South,IN-TN,State,"Tamil Nadu, India",Jun,6,Q2,17,True,False
2026-01-01,Tamil Nadu,JSW MG MOTOR INDIA PVT LTD,Petrol/Diesel/CNG/Hybrid,114,MG,JSW-SAIC,India / China,South,IN-TN,State,"Tamil Nadu, India",Jan,1,Q1,31,False,False
2026-02-01,Tamil Nadu,JSW MG MOTOR INDIA PVT LTD,Petrol/Diesel/CNG/Hybrid,87,MG,JSW-SAIC,India / China,South,IN-TN,State,"Tamil Nadu, India",Feb,2,Q1,28,False,False
2026-03-01,Tamil Nadu,JSW MG MOTOR INDIA PVT LTD,Petrol/Diesel/CNG/Hybrid,96,MG,JSW-SAIC,India / China,South,IN-TN,State,"Tamil Nadu, India",Mar,3,Q1,31,False,False
2026-04-01,Tamil Nadu,JSW MG MOTOR INDIA PVT LTD,Petrol/Diesel/CNG/Hybrid,102,MG,JSW-SAIC,India / China,South,IN-TN,State,"Tamil Nadu, India",Apr,4,Q2,30,False,False
2026-05-01,Tamil Nadu,JSW MG MOTOR INDIA PVT LTD,Petrol/Diesel/CNG/Hybrid,103,MG,JSW-SAIC,India / China,South,IN-TN,State,"Tamil Nadu, India",May,5,Q2,31,False,False
2026-06-01,Tamil Nadu,JSW MG MOTOR INDIA PVT LTD,Petrol/Diesel/CNG/Hybrid,105,MG,JSW-SAIC,India / China,South,IN-TN,State,"Tamil Nadu, India",Jun,6,Q2,17,True,False
2026-01-01,Tamil Nadu,KIA INDIA PRIVATE LIMITED,Petrol/Diesel/CNG/Hybrid,2006,Kia,Hyundai,South Korea,South,IN-TN,State,"Tamil Nadu, India",Jan,1,Q1,31,False,False
2026-02-01,Tamil Nadu,KIA INDIA PRIVATE LIMITED,Petrol/Diesel/CNG/Hybrid,1876,Kia,Hyundai,South Korea,South,IN-TN,State,"Tamil Nadu, India",Feb,2,Q1,28,False,False
2026-03-01,Tamil Nadu,KIA INDIA PRIVATE LIMITED,Petrol/Diesel/CNG/Hybrid,1951,Kia,Hyundai,South Korea,South,IN-TN,State,"Tamil Nadu, India",Mar,3,Q1,31,False,False
2026-04-01,Tamil Nadu,KIA INDIA PRIVATE LIMITED,Petrol/Diesel/CNG/Hybrid,2098,Kia,Hyundai,South Korea,South,IN-TN,State,"Tamil Nadu, India",Apr,4,Q2,30,False,False
2026-05-01,Tamil Nadu,KIA INDIA PRIVATE LIMITED,Petrol/Diesel/CNG/Hybrid,1725,Kia,Hyundai,South Korea,South,IN-TN,State,"Tamil Nadu, India",May,5,Q2,31,False,False
2026-06-01,Tamil Nadu,KIA INDIA PRIVATE LIMITED,Petrol/Diesel/CNG/Hybrid,1147,Kia,Hyundai,South Korea,South,IN-TN,State,"Tamil Nadu, India",Jun,6,Q2,17,True,False
2026-01-01,Tamil Nadu,MAHINDRA & MAHINDRA LIMITED,Petrol/Diesel/CNG/Hybrid,3124,Mahindra,Mahindra,India,South,IN-TN,State,"Tamil Nadu, India",Jan,1,Q1,31,False,False
2026-02-01,Tamil Nadu,MAHINDRA & MAHINDRA LIMITED,Petrol/Diesel/CNG/Hybrid,2599,Mahindra,Mahindra,India,South,IN-TN,State,"Tamil Nadu, India",Feb,2,Q1,28,False,False
2026-03-01,Tamil Nadu,MAHINDRA & MAHINDRA LIMITED,Petrol/Diesel/CNG/Hybrid,3065,Mahindra,Mahindra,India,South,IN-TN,State,"Tamil Nadu, India",Mar,3,Q1,31,False,False
2026-04-01,Tamil Nadu,MAHINDRA & MAHINDRA LIMITED,Petrol/Diesel/CNG/Hybrid,2833,Mahindra,Mahindra,India,South,IN-TN,State,"Tamil Nadu, India",Apr,4,Q2,30,False,False
2026-05-01,Tamil Nadu,MAHINDRA & MAHINDRA LIMITED,Petrol/Diesel/CNG/Hybrid,2115,Mahindra,Mahindra,India,South,IN-TN,State,"Tamil Nadu, India",May,5,Q2,31,False,False
2026-06-01,Tamil Nadu,MAHINDRA & MAHINDRA LIMITED,Petrol/Diesel/CNG/Hybrid,1392,Mahindra,Mahindra,India,South,IN-TN,State,"Tamil Nadu, India",Jun,6,Q2,17,True,False
2026-01-01,Tamil Nadu,MARUTI SUZUKI INDIA LTD,Petrol/Diesel/CNG/Hybrid,13046,Maruti Suzuki,Suzuki,Japan,South,IN-TN,State,"Tamil Nadu, India",Jan,1,Q1,31,False,False
2026-02-01,Tamil Nadu,MARUTI SUZUKI INDIA LTD,Petrol/Diesel/CNG/Hybrid,7897,Maruti Suzuki,Suzuki,Japan,South,IN-TN,State,"Tamil Nadu, India",Feb,2,Q1,28,False,False
2026-03-01,Tamil Nadu,MARUTI SUZUKI INDIA LTD,Petrol/Diesel/CNG/Hybrid,8385,Maruti Suzuki,Suzuki,Japan,South,IN-TN,State,"Tamil Nadu, India",Mar,3,Q1,31,False,False
2026-04-01,Tamil Nadu,MARUTI SUZUKI INDIA LTD,Petrol/Diesel/CNG/Hybrid,9171,Maruti Suzuki,Suzuki,Japan,South,IN-TN,State,"Tamil Nadu, India",Apr,4,Q2,30,False,False
2026-05-01,Tamil Nadu,MARUTI SUZUKI INDIA LTD,Petrol/Diesel/CNG/Hybrid,8647,Maruti Suzuki,Suzuki,Japan,South,IN-TN,State,"Tamil Nadu, India",May,5,Q2,31,False,False
2026-06-01,Tamil Nadu,MARUTI SUZUKI INDIA LTD,Petrol/Diesel/CNG/Hybrid,6118,Maruti Suzuki,Suzuki,Japan,South,IN-TN,State,"Tamil Nadu, India",Jun,6,Q2,17,True,False
2026-06-01,Tamil Nadu,MERCEDES BENZ,Petrol/Diesel/CNG/Hybrid,1,Mercedes-Benz,Mercedes-Benz,Germany,South,IN-TN,State,"Tamil Nadu, India",Jun,6,Q2,17,True,False
2026-01-01,Tamil Nadu,MERCEDES-BENZ AG,Petrol/Diesel/CNG/Hybrid,4,Mercedes-Benz,Mercedes-Benz,Germany,South,IN-TN,State,"Tamil Nadu, India",Jan,1,Q1,31,False,False
2026-02-01,Tamil Nadu,MERCEDES-BENZ AG,Petrol/Diesel/CNG/Hybrid,5,Mercedes-Benz,Mercedes-Benz,Germany,South,IN-TN,State,"Tamil Nadu, India",Feb,2,Q1,28,False,False
2026-03-01,Tamil Nadu,MERCEDES-BENZ AG,Petrol/Diesel/CNG/Hybrid,6,Mercedes-Benz,Mercedes-Benz,Germany,South,IN-TN,State,"Tamil Nadu, India",Mar,3,Q1,31,False,False
2026-04-01,Tamil Nadu,MERCEDES-BENZ AG,Petrol/Diesel/CNG/Hybrid,8,Mercedes-Benz,Mercedes-Benz,Germany,South,IN-TN,State,"Tamil Nadu, India",Apr,4,Q2,30,False,False
2026-05-01,Tamil Nadu,MERCEDES-BENZ AG,Petrol/Diesel/CNG/Hybrid,2,Mercedes-Benz,Mercedes-Benz,Germany,South,IN-TN,State,"Tamil Nadu, India",May,5,Q2,31,False,False
2026-06-01,Tamil Nadu,MERCEDES-BENZ AG,Petrol/Diesel/CNG/Hybrid,4,Mercedes-Benz,Mercedes-Benz,Germany,South,IN-TN,State,"Tamil Nadu, India",Jun,6,Q2,17,True,False
2026-01-01,Tamil Nadu,MERCEDES-BENZ INDIA PVT LTD,Petrol/Diesel/CNG/Hybrid,90,Mercedes-Benz,Mercedes-Benz,Germany,South,IN-TN,State,"Tamil Nadu, India",Jan,1,Q1,31,False,False
2026-02-01,Tamil Nadu,MERCEDES-BENZ INDIA PVT LTD,Petrol/Diesel/CNG/Hybrid,67,Mercedes-Benz,Mercedes-Benz,Germany,South,IN-TN,State,"Tamil Nadu, India",Feb,2,Q1,28,False,False
2026-03-01,Tamil Nadu,MERCEDES-BENZ INDIA PVT LTD,Petrol/Diesel/CNG/Hybrid,83,Mercedes-Benz,Mercedes-Benz,Germany,South,IN-TN,State,"Tamil Nadu, India",Mar,3,Q1,31,False,False
2026-04-01,Tamil Nadu,MERCEDES-BENZ INDIA PVT LTD,Petrol/Diesel/CNG/Hybrid,74,Mercedes-Benz,Mercedes-Benz,Germany,South,IN-TN,State,"Tamil Nadu, India",Apr,4,Q2,30,False,False
2026-05-01,Tamil Nadu,MERCEDES-BENZ INDIA PVT LTD,Petrol/Diesel/CNG/Hybrid,49,Mercedes-Benz,Mercedes-Benz,Germany,South,IN-TN,State,"Tamil Nadu, India",May,5,Q2,31,False,False
2026-06-01,Tamil Nadu,MERCEDES-BENZ INDIA PVT LTD,Petrol/Diesel/CNG/Hybrid,40,Mercedes-Benz,Mercedes-Benz,Germany,South,IN-TN,State,"Tamil Nadu, India",Jun,6,Q2,17,True,False
2026-01-01,Tamil Nadu,NISSAN MOTOR INDIA PVT LTD,Petrol/Diesel/CNG/Hybrid,393,Nissan,Nissan,Japan,South,IN-TN,State,"Tamil Nadu, India",Jan,1,Q1,31,False,False
2026-02-01,Tamil Nadu,NISSAN MOTOR INDIA PVT LTD,Petrol/Diesel/CNG/Hybrid,251,Nissan,Nissan,Japan,South,IN-TN,State,"Tamil Nadu, India",Feb,2,Q1,28,False,False
2026-03-01,Tamil Nadu,NISSAN MOTOR INDIA PVT LTD,Petrol/Diesel/CNG/Hybrid,367,Nissan,Nissan,Japan,South,IN-TN,State,"Tamil Nadu, India",Mar,3,Q1,31,False,False
2026-04-01,Tamil Nadu,NISSAN MOTOR INDIA PVT LTD,Petrol/Diesel/CNG/Hybrid,538,Nissan,Nissan,Japan,South,IN-TN,State,"Tamil Nadu, India",Apr,4,Q2,30,False,False
2026-05-01,Tamil Nadu,NISSAN MOTOR INDIA PVT LTD,Petrol/Diesel/CNG/Hybrid,335,Nissan,Nissan,Japan,South,IN-TN,State,"Tamil Nadu, India",May,5,Q2,31,False,False
2026-06-01,Tamil Nadu,NISSAN MOTOR INDIA PVT LTD,Petrol/Diesel/CNG/Hybrid,215,Nissan,Nissan,Japan,South,IN-TN,State,"Tamil Nadu, India",Jun,6,Q2,17,True,False
2026-01-01,Tamil Nadu,PORSCHE AG GERMANY,Petrol/Diesel/CNG/Hybrid,3,Porsche,Volkswagen Group,Germany,South,IN-TN,State,"Tamil Nadu, India",Jan,1,Q1,31,False,False
2026-02-01,Tamil Nadu,PORSCHE AG GERMANY,Petrol/Diesel/CNG/Hybrid,8,Porsche,Volkswagen Group,Germany,South,IN-TN,State,"Tamil Nadu, India",Feb,2,Q1,28,False,False
2026-03-01,Tamil Nadu,PORSCHE AG GERMANY,Petrol/Diesel/CNG/Hybrid,5,Porsche,Volkswagen Group,Germany,South,IN-TN,State,"Tamil Nadu, India",Mar,3,Q1,31,False,False
2026-04-01,Tamil Nadu,PORSCHE AG GERMANY,Petrol/Diesel/CNG/Hybrid,5,Porsche,Volkswagen Group,Germany,South,IN-TN,State,"Tamil Nadu, India",Apr,4,Q2,30,False,False
2026-05-01,Tamil Nadu,PORSCHE AG GERMANY,Petrol/Diesel/CNG/Hybrid,2,Porsche,Volkswagen Group,Germany,South,IN-TN,State,"Tamil Nadu, India",May,5,Q2,31,False,False
2026-01-01,Tamil Nadu,RENAULT INDIA PVT LTD,Petrol/Diesel/CNG/Hybrid,1038,Renault,Renault,France,South,IN-TN,State,"Tamil Nadu, India",Jan,1,Q1,31,False,False
2026-02-01,Tamil Nadu,RENAULT INDIA PVT LTD,Petrol/Diesel/CNG/Hybrid,597,Renault,Renault,France,South,IN-TN,State,"Tamil Nadu, India",Feb,2,Q1,28,False,False
2026-03-01,Tamil Nadu,RENAULT INDIA PVT LTD,Petrol/Diesel/CNG/Hybrid,700,Renault,Renault,France,South,IN-TN,State,"Tamil Nadu, India",Mar,3,Q1,31,False,False
2026-04-01,Tamil Nadu,RENAULT INDIA PVT LTD,Petrol/Diesel/CNG/Hybrid,742,Renault,Renault,France,South,IN-TN,State,"Tamil Nadu, India",Apr,4,Q2,30,False,False
2026-05-01,Tamil Nadu,RENAULT INDIA PVT LTD,Petrol/Diesel/CNG/Hybrid,726,Renault,Renault,France,South,IN-TN,State,"Tamil Nadu, India",May,5,Q2,31,False,False
2026-06-01,Tamil Nadu,RENAULT INDIA PVT LTD,Petrol/Diesel/CNG/Hybrid,417,Renault,Renault,France,South,IN-TN,State,"Tamil Nadu, India",Jun,6,Q2,17,True,False
2026-01-01,Tamil Nadu,SKODA AUTO AS,Petrol/Diesel/CNG/Hybrid,4,Skoda-VW,Volkswagen Group,Germany,South,IN-TN,State,"Tamil Nadu, India",Jan,1,Q1,31,False,False
2026-02-01,Tamil Nadu,SKODA AUTO AS,Petrol/Diesel/CNG/Hybrid,3,Skoda-VW,Volkswagen Group,Germany,South,IN-TN,State,"Tamil Nadu, India",Feb,2,Q1,28,False,False
2026-03-01,Tamil Nadu,SKODA AUTO AS,Petrol/Diesel/CNG/Hybrid,1,Skoda-VW,Volkswagen Group,Germany,South,IN-TN,State,"Tamil Nadu, India",Mar,3,Q1,31,False,False
2026-05-01,Tamil Nadu,SKODA AUTO AS,Petrol/Diesel/CNG/Hybrid,1,Skoda-VW,Volkswagen Group,Germany,South,IN-TN,State,"Tamil Nadu, India",May,5,Q2,31,False,False
2026-01-01,Tamil Nadu,SKODA AUTO VOLKSWAGEN INDIA PVT LTD,Petrol/Diesel/CNG/Hybrid,814,Skoda-VW,Volkswagen Group,Germany,South,IN-TN,State,"Tamil Nadu, India",Jan,1,Q1,31,False,False
2026-02-01,Tamil Nadu,SKODA AUTO VOLKSWAGEN INDIA PVT LTD,Petrol/Diesel/CNG/Hybrid,711,Skoda-VW,Volkswagen Group,Germany,South,IN-TN,State,"Tamil Nadu, India",Feb,2,Q1,28,False,False
2026-03-01,Tamil Nadu,SKODA AUTO VOLKSWAGEN INDIA PVT LTD,Petrol/Diesel/CNG/Hybrid,804,Skoda-VW,Volkswagen Group,Germany,South,IN-TN,State,"Tamil Nadu, India",Mar,3,Q1,31,False,False
2026-04-01,Tamil Nadu,SKODA AUTO VOLKSWAGEN INDIA PVT LTD,Petrol/Diesel/CNG/Hybrid,885,Skoda-VW,Volkswagen Group,Germany,South,IN-TN,State,"Tamil Nadu, India",Apr,4,Q2,30,False,False
2026-05-01,Tamil Nadu,SKODA AUTO VOLKSWAGEN INDIA PVT LTD,Petrol/Diesel/CNG/Hybrid,671,Skoda-VW,Volkswagen Group,Germany,South,IN-TN,State,"Tamil Nadu, India",May,5,Q2,31,False,False
2026-06-01,Tamil Nadu,SKODA AUTO VOLKSWAGEN INDIA PVT LTD,Petrol/Diesel/CNG/Hybrid,522,Skoda-VW,Volkswagen Group,Germany,South,IN-TN,State,"Tamil Nadu, India",Jun,6,Q2,17,True,False
2026-01-01,Tamil Nadu,STELLANTIS AUTOMOBILES INDIA PVT LTD,Petrol/Diesel/CNG/Hybrid,252,Stellantis (Jeep/Citroen),Stellantis,Netherlands,South,IN-TN,State,"Tamil Nadu, India",Jan,1,Q1,31,False,False
2026-02-01,Tamil Nadu,STELLANTIS AUTOMOBILES INDIA PVT LTD,Petrol/Diesel/CNG/Hybrid,177,Stellantis (Jeep/Citroen),Stellantis,Netherlands,South,IN-TN,State,"Tamil Nadu, India",Feb,2,Q1,28,False,False
2026-03-01,Tamil Nadu,STELLANTIS AUTOMOBILES INDIA PVT LTD,Petrol/Diesel/CNG/Hybrid,156,Stellantis (Jeep/Citroen),Stellantis,Netherlands,South,IN-TN,State,"Tamil Nadu, India",Mar,3,Q1,31,False,False
2026-04-01,Tamil Nadu,STELLANTIS AUTOMOBILES INDIA PVT LTD,Petrol/Diesel/CNG/Hybrid,198,Stellantis (Jeep/Citroen),Stellantis,Netherlands,South,IN-TN,State,"Tamil Nadu, India",Apr,4,Q2,30,False,False
2026-05-01,Tamil Nadu,STELLANTIS AUTOMOBILES INDIA PVT LTD,Petrol/Diesel/CNG/Hybrid,126,Stellantis (Jeep/Citroen),Stellantis,Netherlands,South,IN-TN,State,"Tamil Nadu, India",May,5,Q2,31,False,False
2026-06-01,Tamil Nadu,STELLANTIS AUTOMOBILES INDIA PVT LTD,Petrol/Diesel/CNG/Hybrid,100,Stellantis (Jeep/Citroen),Stellantis,Netherlands,South,IN-TN,State,"Tamil Nadu, India",Jun,6,Q2,17,True,False
2026-01-01,Tamil Nadu,STELLANTIS INDIA PVT LTD,Petrol/Diesel/CNG/Hybrid,34,Stellantis (Jeep/Citroen),Stellantis,Netherlands,South,IN-TN,State,"Tamil Nadu, India",Jan,1,Q1,31,False,False
2026-02-01,Tamil Nadu,STELLANTIS INDIA PVT LTD,Petrol/Diesel/CNG/Hybrid,22,Stellantis (Jeep/Citroen),Stellantis,Netherlands,South,IN-TN,State,"Tamil Nadu, India",Feb,2,Q1,28,False,False
2026-03-01,Tamil Nadu,STELLANTIS INDIA PVT LTD,Petrol/Diesel/CNG/Hybrid,10,Stellantis (Jeep/Citroen),Stellantis,Netherlands,South,IN-TN,State,"Tamil Nadu, India",Mar,3,Q1,31,False,False
2026-04-01,Tamil Nadu,STELLANTIS INDIA PVT LTD,Petrol/Diesel/CNG/Hybrid,16,Stellantis (Jeep/Citroen),Stellantis,Netherlands,South,IN-TN,State,"Tamil Nadu, India",Apr,4,Q2,30,False,False
2026-05-01,Tamil Nadu,STELLANTIS INDIA PVT LTD,Petrol/Diesel/CNG/Hybrid,13,Stellantis (Jeep/Citroen),Stellantis,Netherlands,South,IN-TN,State,"Tamil Nadu, India",May,5,Q2,31,False,False
2026-06-01,Tamil Nadu,STELLANTIS INDIA PVT LTD,Petrol/Diesel/CNG/Hybrid,10,Stellantis (Jeep/Citroen),Stellantis,Netherlands,South,IN-TN,State,"Tamil Nadu, India",Jun,6,Q2,17,True,False
2026-01-01,Tamil Nadu,TATA MOTORS LTD,Petrol/Diesel/CNG/Hybrid,19,Tata,Tata Motors,India,South,IN-TN,State,"Tamil Nadu, India",Jan,1,Q1,31,False,False
2026-02-01,Tamil Nadu,TATA MOTORS LTD,Petrol/Diesel/CNG/Hybrid,7,Tata,Tata Motors,India,South,IN-TN,State,"Tamil Nadu, India",Feb,2,Q1,28,False,False
2026-03-01,Tamil Nadu,TATA MOTORS LTD,Petrol/Diesel/CNG/Hybrid,19,Tata,Tata Motors,India,South,IN-TN,State,"Tamil Nadu, India",Mar,3,Q1,31,False,False
2026-04-01,Tamil Nadu,TATA MOTORS LTD,Petrol/Diesel/CNG/Hybrid,14,Tata,Tata Motors,India,South,IN-TN,State,"Tamil Nadu, India",Apr,4,Q2,30,False,False
2026-05-01,Tamil Nadu,TATA MOTORS LTD,Petrol/Diesel/CNG/Hybrid,10,Tata,Tata Motors,India,South,IN-TN,State,"Tamil Nadu, India",May,5,Q2,31,False,False
2026-06-01,Tamil Nadu,TATA MOTORS LTD,Petrol/Diesel/CNG/Hybrid,6,Tata,Tata Motors,India,South,IN-TN,State,"Tamil Nadu, India",Jun,6,Q2,17,True,False
2026-01-01,Tamil Nadu,TATA MOTORS PASSENGER VEHICLES LTD,Petrol/Diesel/CNG/Hybrid,4008,Tata,Tata Motors,India,South,IN-TN,State,"Tamil Nadu, India",Jan,1,Q1,31,False,False
2026-02-01,Tamil Nadu,TATA MOTORS PASSENGER VEHICLES LTD,Petrol/Diesel/CNG/Hybrid,2902,Tata,Tata Motors,India,South,IN-TN,State,"Tamil Nadu, India",Feb,2,Q1,28,False,False
2026-03-01,Tamil Nadu,TATA MOTORS PASSENGER VEHICLES LTD,Petrol/Diesel/CNG/Hybrid,3564,Tata,Tata Motors,India,South,IN-TN,State,"Tamil Nadu, India",Mar,3,Q1,31,False,False
2026-04-01,Tamil Nadu,TATA MOTORS PASSENGER VEHICLES LTD,Petrol/Diesel/CNG/Hybrid,3490,Tata,Tata Motors,India,South,IN-TN,State,"Tamil Nadu, India",Apr,4,Q2,30,False,False
2026-05-01,Tamil Nadu,TATA MOTORS PASSENGER VEHICLES LTD,Petrol/Diesel/CNG/Hybrid,2755,Tata,Tata Motors,India,South,IN-TN,State,"Tamil Nadu, India",May,5,Q2,31,False,False
2026-06-01,Tamil Nadu,TATA MOTORS PASSENGER VEHICLES LTD,Petrol/Diesel/CNG/Hybrid,1693,Tata,Tata Motors,India,South,IN-TN,State,"Tamil Nadu, India",Jun,6,Q2,17,True,False
2026-01-01,Tamil Nadu,TATA PASSENGER ELECTRIC MOBILITY LTD,Petrol/Diesel/CNG/Hybrid,2,Tata,Tata Motors,India,South,IN-TN,State,"Tamil Nadu, India",Jan,1,Q1,31,False,False
2026-02-01,Tamil Nadu,TATA PASSENGER ELECTRIC MOBILITY LTD,Petrol/Diesel/CNG/Hybrid,6,Tata,Tata Motors,India,South,IN-TN,State,"Tamil Nadu, India",Feb,2,Q1,28,False,False
2026-03-01,Tamil Nadu,TATA PASSENGER ELECTRIC MOBILITY LTD,Petrol/Diesel/CNG/Hybrid,2,Tata,Tata Motors,India,South,IN-TN,State,"Tamil Nadu, India",Mar,3,Q1,31,False,False
2026-04-01,Tamil Nadu,TATA PASSENGER ELECTRIC MOBILITY LTD,Petrol/Diesel/CNG/Hybrid,2,Tata,Tata Motors,India,South,IN-TN,State,"Tamil Nadu, India",Apr,4,Q2,30,False,False
2026-01-01,Tamil Nadu,TOYOTA KIRLOSKAR MOTOR PVT LTD,Petrol/Diesel/CNG/Hybrid,3698,Toyota,Toyota,Japan,South,IN-TN,State,"Tamil Nadu, India",Jan,1,Q1,31,False,False
2026-02-01,Tamil Nadu,TOYOTA KIRLOSKAR MOTOR PVT LTD,Petrol/Diesel/CNG/Hybrid,2594,Toyota,Toyota,Japan,South,IN-TN,State,"Tamil Nadu, India",Feb,2,Q1,28,False,False
2026-03-01,Tamil Nadu,TOYOTA KIRLOSKAR MOTOR PVT LTD,Petrol/Diesel/CNG/Hybrid,2892,Toyota,Toyota,Japan,South,IN-TN,State,"Tamil Nadu, India",Mar,3,Q1,31,False,False
2026-04-01,Tamil Nadu,TOYOTA KIRLOSKAR MOTOR PVT LTD,Petrol/Diesel/CNG/Hybrid,2966,Toyota,Toyota,Japan,South,IN-TN,State,"Tamil Nadu, India",Apr,4,Q2,30,False,False
2026-05-01,Tamil Nadu,TOYOTA KIRLOSKAR MOTOR PVT LTD,Petrol/Diesel/CNG/Hybrid,2139,Toyota,Toyota,Japan,South,IN-TN,State,"Tamil Nadu, India",May,5,Q2,31,False,False
2026-06-01,Tamil Nadu,TOYOTA KIRLOSKAR MOTOR PVT LTD,Petrol/Diesel/CNG/Hybrid,1561,Toyota,Toyota,Japan,South,IN-TN,State,"Tamil Nadu, India",Jun,6,Q2,17,True,False
2026-01-01,Tamil Nadu,VOLKSWAGEN AG,Petrol/Diesel/CNG/Hybrid,8,Skoda-VW,Volkswagen Group,Germany,South,IN-TN,State,"Tamil Nadu, India",Jan,1,Q1,31,False,False
2026-02-01,Tamil Nadu,VOLKSWAGEN AG,Petrol/Diesel/CNG/Hybrid,4,Skoda-VW,Volkswagen Group,Germany,South,IN-TN,State,"Tamil Nadu, India",Feb,2,Q1,28,False,False
2026-03-01,Tamil Nadu,VOLKSWAGEN AG,Petrol/Diesel/CNG/Hybrid,4,Skoda-VW,Volkswagen Group,Germany,South,IN-TN,State,"Tamil Nadu, India",Mar,3,Q1,31,False,False
2026-04-01,Tamil Nadu,VOLKSWAGEN AG,Petrol/Diesel/CNG/Hybrid,3,Skoda-VW,Volkswagen Group,Germany,South,IN-TN,State,"Tamil Nadu, India",Apr,4,Q2,30,False,False
2026-05-01,Tamil Nadu,VOLKSWAGEN AG,Petrol/Diesel/CNG/Hybrid,3,Skoda-VW,Volkswagen Group,Germany,South,IN-TN,State,"Tamil Nadu, India",May,5,Q2,31,False,False
2026-06-01,Tamil Nadu,VOLKSWAGEN AG,Petrol/Diesel/CNG/Hybrid,5,Skoda-VW,Volkswagen Group,Germany,South,IN-TN,State,"Tamil Nadu, India",Jun,6,Q2,17,True,False
2026-01-01,Tamil Nadu,VOLVO AUTO INDIA PVT LTD,Petrol/Diesel/CNG/Hybrid,5,Volvo,Geely,Sweden,South,IN-TN,State,"Tamil Nadu, India",Jan,1,Q1,31,False,False
2026-02-01,Tamil Nadu,VOLVO AUTO INDIA PVT LTD,Petrol/Diesel/CNG/Hybrid,7,Volvo,Geely,Sweden,South,IN-TN,State,"Tamil Nadu, India",Feb,2,Q1,28,False,False
2026-03-01,Tamil Nadu,VOLVO AUTO INDIA PVT LTD,Petrol/Diesel/CNG/Hybrid,7,Volvo,Geely,Sweden,South,IN-TN,State,"Tamil Nadu, India",Mar,3,Q1,31,False,False
2026-04-01,Tamil Nadu,VOLVO AUTO INDIA PVT LTD,Petrol/Diesel/CNG/Hybrid,5,Volvo,Geely,Sweden,South,IN-TN,State,"Tamil Nadu, India",Apr,4,Q2,30,False,False
2026-05-01,Tamil Nadu,VOLVO AUTO INDIA PVT LTD,Petrol/Diesel/CNG/Hybrid,2,Volvo,Geely,Sweden,South,IN-TN,State,"Tamil Nadu, India",May,5,Q2,31,False,False
2026-06-01,Tamil Nadu,VOLVO AUTO INDIA PVT LTD,Petrol/Diesel/CNG/Hybrid,3,Volvo,Geely,Sweden,South,IN-TN,State,"Tamil Nadu, India",Jun,6,Q2,17,True,False
2026-01-01,Telangana,AUDI AG,Petrol/Diesel/CNG/Hybrid,21,Audi,Volkswagen Group,Germany,South,IN-TG,State,"Telangana, India",Jan,1,Q1,31,False,False
2026-02-01,Telangana,AUDI AG,Petrol/Diesel/CNG/Hybrid,4,Audi,Volkswagen Group,Germany,South,IN-TG,State,"Telangana, India",Feb,2,Q1,28,False,False
2026-03-01,Telangana,AUDI AG,Petrol/Diesel/CNG/Hybrid,14,Audi,Volkswagen Group,Germany,South,IN-TG,State,"Telangana, India",Mar,3,Q1,31,False,False
2026-04-01,Telangana,AUDI AG,Petrol/Diesel/CNG/Hybrid,1,Audi,Volkswagen Group,Germany,South,IN-TG,State,"Telangana, India",Apr,4,Q2,30,False,False
2026-05-01,Telangana,AUTOMOBILI LAMBORGHINI S.P.A,Petrol/Diesel/CNG/Hybrid,1,Lamborghini,Volkswagen Group,Italy,South,IN-TG,State,"Telangana, India",May,5,Q2,31,False,False
2026-02-01,Telangana,BENTLEY MOTORS LIMITED,Petrol/Diesel/CNG/Hybrid,1,Bentley,Volkswagen Group,UK,South,IN-TG,State,"Telangana, India",Feb,2,Q1,28,False,False
2026-01-01,Telangana,BMW INDIA PVT LTD,Petrol/Diesel/CNG/Hybrid,116,BMW,BMW Group,Germany,South,IN-TG,State,"Telangana, India",Jan,1,Q1,31,False,False
2026-02-01,Telangana,BMW INDIA PVT LTD,Petrol/Diesel/CNG/Hybrid,99,BMW,BMW Group,Germany,South,IN-TG,State,"Telangana, India",Feb,2,Q1,28,False,False
2026-03-01,Telangana,BMW INDIA PVT LTD,Petrol/Diesel/CNG/Hybrid,109,BMW,BMW Group,Germany,South,IN-TG,State,"Telangana, India",Mar,3,Q1,31,False,False
2026-04-01,Telangana,BMW INDIA PVT LTD,Petrol/Diesel/CNG/Hybrid,54,BMW,BMW Group,Germany,South,IN-TG,State,"Telangana, India",Apr,4,Q2,30,False,False
2026-05-01,Telangana,BMW INDIA PVT LTD,Petrol/Diesel/CNG/Hybrid,109,BMW,BMW Group,Germany,South,IN-TG,State,"Telangana, India",May,5,Q2,31,False,False
2026-06-01,Telangana,BMW INDIA PVT LTD,Petrol/Diesel/CNG/Hybrid,41,BMW,BMW Group,Germany,South,IN-TG,State,"Telangana, India",Jun,6,Q2,17,True,False
2026-01-01,Telangana,BYD AUTO,Petrol/Diesel/CNG/Hybrid,57,BYD,BYD,China,South,IN-TG,State,"Telangana, India",Jan,1,Q1,31,False,False
2026-02-01,Telangana,BYD AUTO,Petrol/Diesel/CNG/Hybrid,38,BYD,BYD,China,South,IN-TG,State,"Telangana, India",Feb,2,Q1,28,False,False
2026-03-01,Telangana,BYD AUTO,Petrol/Diesel/CNG/Hybrid,16,BYD,BYD,China,South,IN-TG,State,"Telangana, India",Mar,3,Q1,31,False,False
2026-04-01,Telangana,BYD AUTO,Petrol/Diesel/CNG/Hybrid,8,BYD,BYD,China,South,IN-TG,State,"Telangana, India",Apr,4,Q2,30,False,False
2026-05-01,Telangana,BYD AUTO,Petrol/Diesel/CNG/Hybrid,4,BYD,BYD,China,South,IN-TG,State,"Telangana, India",May,5,Q2,31,False,False
2026-02-01,Telangana,BYD INDIA PRIVATE LIMITED,Petrol/Diesel/CNG/Hybrid,16,BYD,BYD,China,South,IN-TG,State,"Telangana, India",Feb,2,Q1,28,False,False
2026-03-01,Telangana,BYD INDIA PRIVATE LIMITED,Petrol/Diesel/CNG/Hybrid,43,BYD,BYD,China,South,IN-TG,State,"Telangana, India",Mar,3,Q1,31,False,False
2026-04-01,Telangana,BYD INDIA PRIVATE LIMITED,Petrol/Diesel/CNG/Hybrid,16,BYD,BYD,China,South,IN-TG,State,"Telangana, India",Apr,4,Q2,30,False,False
2026-05-01,Telangana,BYD INDIA PRIVATE LIMITED,Petrol/Diesel/CNG/Hybrid,10,BYD,BYD,China,South,IN-TG,State,"Telangana, India",May,5,Q2,31,False,False
2026-03-01,Telangana,FERRARI SPA,Petrol/Diesel/CNG/Hybrid,1,Ferrari,Ferrari,Italy,South,IN-TG,State,"Telangana, India",Mar,3,Q1,31,False,False
2026-01-01,Telangana,FORCE MOTORS LIMITED,Petrol/Diesel/CNG/Hybrid,15,Force,Force Motors,India,South,IN-TG,State,"Telangana, India",Jan,1,Q1,31,False,False
2026-02-01,Telangana,FORCE MOTORS LIMITED,Petrol/Diesel/CNG/Hybrid,21,Force,Force Motors,India,South,IN-TG,State,"Telangana, India",Feb,2,Q1,28,False,False
2026-03-01,Telangana,FORCE MOTORS LIMITED,Petrol/Diesel/CNG/Hybrid,10,Force,Force Motors,India,South,IN-TG,State,"Telangana, India",Mar,3,Q1,31,False,False
2026-04-01,Telangana,FORCE MOTORS LIMITED,Petrol/Diesel/CNG/Hybrid,20,Force,Force Motors,India,South,IN-TG,State,"Telangana, India",Apr,4,Q2,30,False,False
2026-05-01,Telangana,FORCE MOTORS LIMITED,Petrol/Diesel/CNG/Hybrid,5,Force,Force Motors,India,South,IN-TG,State,"Telangana, India",May,5,Q2,31,False,False
2026-01-01,Telangana,HONDA CARS INDIA LTD,Petrol/Diesel/CNG/Hybrid,333,Honda,Honda,Japan,South,IN-TG,State,"Telangana, India",Jan,1,Q1,31,False,False
2026-02-01,Telangana,HONDA CARS INDIA LTD,Petrol/Diesel/CNG/Hybrid,191,Honda,Honda,Japan,South,IN-TG,State,"Telangana, India",Feb,2,Q1,28,False,False
2026-03-01,Telangana,HONDA CARS INDIA LTD,Petrol/Diesel/CNG/Hybrid,238,Honda,Honda,Japan,South,IN-TG,State,"Telangana, India",Mar,3,Q1,31,False,False
2026-04-01,Telangana,HONDA CARS INDIA LTD,Petrol/Diesel/CNG/Hybrid,138,Honda,Honda,Japan,South,IN-TG,State,"Telangana, India",Apr,4,Q2,30,False,False
2026-05-01,Telangana,HONDA CARS INDIA LTD,Petrol/Diesel/CNG/Hybrid,395,Honda,Honda,Japan,South,IN-TG,State,"Telangana, India",May,5,Q2,31,False,False
2026-06-01,Telangana,HONDA CARS INDIA LTD,Petrol/Diesel/CNG/Hybrid,136,Honda,Honda,Japan,South,IN-TG,State,"Telangana, India",Jun,6,Q2,17,True,False
2026-01-01,Telangana,HYUNDAI MOTOR INDIA LTD,Petrol/Diesel/CNG/Hybrid,2465,Hyundai,Hyundai,South Korea,South,IN-TG,State,"Telangana, India",Jan,1,Q1,31,False,False
2026-02-01,Telangana,HYUNDAI MOTOR INDIA LTD,Petrol/Diesel/CNG/Hybrid,1573,Hyundai,Hyundai,South Korea,South,IN-TG,State,"Telangana, India",Feb,2,Q1,28,False,False
2026-03-01,Telangana,HYUNDAI MOTOR INDIA LTD,Petrol/Diesel/CNG/Hybrid,1606,Hyundai,Hyundai,South Korea,South,IN-TG,State,"Telangana, India",Mar,3,Q1,31,False,False
2026-04-01,Telangana,HYUNDAI MOTOR INDIA LTD,Petrol/Diesel/CNG/Hybrid,841,Hyundai,Hyundai,South Korea,South,IN-TG,State,"Telangana, India",Apr,4,Q2,30,False,False
2026-05-01,Telangana,HYUNDAI MOTOR INDIA LTD,Petrol/Diesel/CNG/Hybrid,2366,Hyundai,Hyundai,South Korea,South,IN-TG,State,"Telangana, India",May,5,Q2,31,False,False
2026-06-01,Telangana,HYUNDAI MOTOR INDIA LTD,Petrol/Diesel/CNG/Hybrid,949,Hyundai,Hyundai,South Korea,South,IN-TG,State,"Telangana, India",Jun,6,Q2,17,True,False
2026-01-01,Telangana,ISUZU MOTORS INDIA PVT LTD,Petrol/Diesel/CNG/Hybrid,1,Isuzu,Isuzu,Japan,South,IN-TG,State,"Telangana, India",Jan,1,Q1,31,False,False
2026-02-01,Telangana,ISUZU MOTORS INDIA PVT LTD,Petrol/Diesel/CNG/Hybrid,2,Isuzu,Isuzu,Japan,South,IN-TG,State,"Telangana, India",Feb,2,Q1,28,False,False
2026-03-01,Telangana,ISUZU MOTORS INDIA PVT LTD,Petrol/Diesel/CNG/Hybrid,44,Isuzu,Isuzu,Japan,South,IN-TG,State,"Telangana, India",Mar,3,Q1,31,False,False
2026-04-01,Telangana,ISUZU MOTORS INDIA PVT LTD,Petrol/Diesel/CNG/Hybrid,1,Isuzu,Isuzu,Japan,South,IN-TG,State,"Telangana, India",Apr,4,Q2,30,False,False
2026-02-01,Telangana,JAGUAR LAND ROVER INDIA LIMITED,Petrol/Diesel/CNG/Hybrid,2,Jaguar Land Rover,Tata Motors,UK,South,IN-TG,State,"Telangana, India",Feb,2,Q1,28,False,False
2026-03-01,Telangana,JAGUAR LAND ROVER INDIA LIMITED,Petrol/Diesel/CNG/Hybrid,15,Jaguar Land Rover,Tata Motors,UK,South,IN-TG,State,"Telangana, India",Mar,3,Q1,31,False,False
2026-04-01,Telangana,JAGUAR LAND ROVER INDIA LIMITED,Petrol/Diesel/CNG/Hybrid,17,Jaguar Land Rover,Tata Motors,UK,South,IN-TG,State,"Telangana, India",Apr,4,Q2,30,False,False
2026-05-01,Telangana,JAGUAR LAND ROVER INDIA LIMITED,Petrol/Diesel/CNG/Hybrid,31,Jaguar Land Rover,Tata Motors,UK,South,IN-TG,State,"Telangana, India",May,5,Q2,31,False,False
2026-06-01,Telangana,JAGUAR LAND ROVER INDIA LIMITED,Petrol/Diesel/CNG/Hybrid,26,Jaguar Land Rover,Tata Motors,UK,South,IN-TG,State,"Telangana, India",Jun,6,Q2,17,True,False
2026-01-01,Telangana,JAGUAR LAND ROVER LIMITED UK,Petrol/Diesel/CNG/Hybrid,13,Jaguar Land Rover,Tata Motors,UK,South,IN-TG,State,"Telangana, India",Jan,1,Q1,31,False,False
2026-02-01,Telangana,JAGUAR LAND ROVER LIMITED UK,Petrol/Diesel/CNG/Hybrid,8,Jaguar Land Rover,Tata Motors,UK,South,IN-TG,State,"Telangana, India",Feb,2,Q1,28,False,False
2026-03-01,Telangana,JAGUAR LAND ROVER LIMITED UK,Petrol/Diesel/CNG/Hybrid,2,Jaguar Land Rover,Tata Motors,UK,South,IN-TG,State,"Telangana, India",Mar,3,Q1,31,False,False
2026-04-01,Telangana,JAGUAR LAND ROVER LIMITED UK,Petrol/Diesel/CNG/Hybrid,3,Jaguar Land Rover,Tata Motors,UK,South,IN-TG,State,"Telangana, India",Apr,4,Q2,30,False,False
2026-01-01,Telangana,JSW MG MOTOR INDIA PVT LTD,Petrol/Diesel/CNG/Hybrid,659,MG,JSW-SAIC,India / China,South,IN-TG,State,"Telangana, India",Jan,1,Q1,31,False,False
2026-02-01,Telangana,JSW MG MOTOR INDIA PVT LTD,Petrol/Diesel/CNG/Hybrid,292,MG,JSW-SAIC,India / China,South,IN-TG,State,"Telangana, India",Feb,2,Q1,28,False,False
2026-03-01,Telangana,JSW MG MOTOR INDIA PVT LTD,Petrol/Diesel/CNG/Hybrid,113,MG,JSW-SAIC,India / China,South,IN-TG,State,"Telangana, India",Mar,3,Q1,31,False,False
2026-04-01,Telangana,JSW MG MOTOR INDIA PVT LTD,Petrol/Diesel/CNG/Hybrid,63,MG,JSW-SAIC,India / China,South,IN-TG,State,"Telangana, India",Apr,4,Q2,30,False,False
2026-05-01,Telangana,JSW MG MOTOR INDIA PVT LTD,Petrol/Diesel/CNG/Hybrid,112,MG,JSW-SAIC,India / China,South,IN-TG,State,"Telangana, India",May,5,Q2,31,False,False
2026-06-01,Telangana,JSW MG MOTOR INDIA PVT LTD,Petrol/Diesel/CNG/Hybrid,55,MG,JSW-SAIC,India / China,South,IN-TG,State,"Telangana, India",Jun,6,Q2,17,True,False
2026-01-01,Telangana,KIA INDIA PRIVATE LIMITED,Petrol/Diesel/CNG/Hybrid,1520,Kia,Hyundai,South Korea,South,IN-TG,State,"Telangana, India",Jan,1,Q1,31,False,False
2026-02-01,Telangana,KIA INDIA PRIVATE LIMITED,Petrol/Diesel/CNG/Hybrid,646,Kia,Hyundai,South Korea,South,IN-TG,State,"Telangana, India",Feb,2,Q1,28,False,False
2026-03-01,Telangana,KIA INDIA PRIVATE LIMITED,Petrol/Diesel/CNG/Hybrid,201,Kia,Hyundai,South Korea,South,IN-TG,State,"Telangana, India",Mar,3,Q1,31,False,False
2026-04-01,Telangana,KIA INDIA PRIVATE LIMITED,Petrol/Diesel/CNG/Hybrid,421,Kia,Hyundai,South Korea,South,IN-TG,State,"Telangana, India",Apr,4,Q2,30,False,False
2026-05-01,Telangana,KIA INDIA PRIVATE LIMITED,Petrol/Diesel/CNG/Hybrid,1827,Kia,Hyundai,South Korea,South,IN-TG,State,"Telangana, India",May,5,Q2,31,False,False
2026-06-01,Telangana,KIA INDIA PRIVATE LIMITED,Petrol/Diesel/CNG/Hybrid,654,Kia,Hyundai,South Korea,South,IN-TG,State,"Telangana, India",Jun,6,Q2,17,True,False
2026-03-01,Telangana,KIA MOTORS CORPN,Petrol/Diesel/CNG/Hybrid,3,Kia,Hyundai,South Korea,South,IN-TG,State,"Telangana, India",Mar,3,Q1,31,False,False
2026-01-01,Telangana,LEXUS MOTORS LTD,Petrol/Diesel/CNG/Hybrid,1,Lexus,Toyota,Japan,South,IN-TG,State,"Telangana, India",Jan,1,Q1,31,False,False
2026-03-01,Telangana,LEXUS MOTORS LTD,Petrol/Diesel/CNG/Hybrid,11,Lexus,Toyota,Japan,South,IN-TG,State,"Telangana, India",Mar,3,Q1,31,False,False
2026-01-01,Telangana,MAHINDRA & MAHINDRA LIMITED,Petrol/Diesel/CNG/Hybrid,2702,Mahindra,Mahindra,India,South,IN-TG,State,"Telangana, India",Jan,1,Q1,31,False,False
2026-02-01,Telangana,MAHINDRA & MAHINDRA LIMITED,Petrol/Diesel/CNG/Hybrid,1463,Mahindra,Mahindra,India,South,IN-TG,State,"Telangana, India",Feb,2,Q1,28,False,False
2026-03-01,Telangana,MAHINDRA & MAHINDRA LIMITED,Petrol/Diesel/CNG/Hybrid,2515,Mahindra,Mahindra,India,South,IN-TG,State,"Telangana, India",Mar,3,Q1,31,False,False
2026-04-01,Telangana,MAHINDRA & MAHINDRA LIMITED,Petrol/Diesel/CNG/Hybrid,1475,Mahindra,Mahindra,India,South,IN-TG,State,"Telangana, India",Apr,4,Q2,30,False,False
2026-05-01,Telangana,MAHINDRA & MAHINDRA LIMITED,Petrol/Diesel/CNG/Hybrid,1689,Mahindra,Mahindra,India,South,IN-TG,State,"Telangana, India",May,5,Q2,31,False,False
2026-06-01,Telangana,MAHINDRA & MAHINDRA LIMITED,Petrol/Diesel/CNG/Hybrid,903,Mahindra,Mahindra,India,South,IN-TG,State,"Telangana, India",Jun,6,Q2,17,True,False
2026-01-01,Telangana,MARUTI SUZUKI INDIA LTD,Petrol/Diesel/CNG/Hybrid,7226,Maruti Suzuki,Suzuki,Japan,South,IN-TG,State,"Telangana, India",Jan,1,Q1,31,False,False
2026-02-01,Telangana,MARUTI SUZUKI INDIA LTD,Petrol/Diesel/CNG/Hybrid,4005,Maruti Suzuki,Suzuki,Japan,South,IN-TG,State,"Telangana, India",Feb,2,Q1,28,False,False
2026-03-01,Telangana,MARUTI SUZUKI INDIA LTD,Petrol/Diesel/CNG/Hybrid,2693,Maruti Suzuki,Suzuki,Japan,South,IN-TG,State,"Telangana, India",Mar,3,Q1,31,False,False
2026-04-01,Telangana,MARUTI SUZUKI INDIA LTD,Petrol/Diesel/CNG/Hybrid,2670,Maruti Suzuki,Suzuki,Japan,South,IN-TG,State,"Telangana, India",Apr,4,Q2,30,False,False
2026-05-01,Telangana,MARUTI SUZUKI INDIA LTD,Petrol/Diesel/CNG/Hybrid,6918,Maruti Suzuki,Suzuki,Japan,South,IN-TG,State,"Telangana, India",May,5,Q2,31,False,False
2026-06-01,Telangana,MARUTI SUZUKI INDIA LTD,Petrol/Diesel/CNG/Hybrid,2154,Maruti Suzuki,Suzuki,Japan,South,IN-TG,State,"Telangana, India",Jun,6,Q2,17,True,False
2026-05-01,Telangana,MERCEDES-BENZ AG,Petrol/Diesel/CNG/Hybrid,5,Mercedes-Benz,Mercedes-Benz,Germany,South,IN-TG,State,"Telangana, India",May,5,Q2,31,False,False
2026-06-01,Telangana,MERCEDES-BENZ AG,Petrol/Diesel/CNG/Hybrid,5,Mercedes-Benz,Mercedes-Benz,Germany,South,IN-TG,State,"Telangana, India",Jun,6,Q2,17,True,False
2026-01-01,Telangana,MERCEDES-BENZ INDIA PVT LTD,Petrol/Diesel/CNG/Hybrid,99,Mercedes-Benz,Mercedes-Benz,Germany,South,IN-TG,State,"Telangana, India",Jan,1,Q1,31,False,False
2026-02-01,Telangana,MERCEDES-BENZ INDIA PVT LTD,Petrol/Diesel/CNG/Hybrid,64,Mercedes-Benz,Mercedes-Benz,Germany,South,IN-TG,State,"Telangana, India",Feb,2,Q1,28,False,False
2026-03-01,Telangana,MERCEDES-BENZ INDIA PVT LTD,Petrol/Diesel/CNG/Hybrid,38,Mercedes-Benz,Mercedes-Benz,Germany,South,IN-TG,State,"Telangana, India",Mar,3,Q1,31,False,False
2026-04-01,Telangana,MERCEDES-BENZ INDIA PVT LTD,Petrol/Diesel/CNG/Hybrid,22,Mercedes-Benz,Mercedes-Benz,Germany,South,IN-TG,State,"Telangana, India",Apr,4,Q2,30,False,False
2026-05-01,Telangana,MERCEDES-BENZ INDIA PVT LTD,Petrol/Diesel/CNG/Hybrid,69,Mercedes-Benz,Mercedes-Benz,Germany,South,IN-TG,State,"Telangana, India",May,5,Q2,31,False,False
2026-06-01,Telangana,MERCEDES-BENZ INDIA PVT LTD,Petrol/Diesel/CNG/Hybrid,37,Mercedes-Benz,Mercedes-Benz,Germany,South,IN-TG,State,"Telangana, India",Jun,6,Q2,17,True,False
2026-02-01,Telangana,NISSAN MOTOR INDIA PVT LTD,Petrol/Diesel/CNG/Hybrid,51,Nissan,Nissan,Japan,South,IN-TG,State,"Telangana, India",Feb,2,Q1,28,False,False
2026-03-01,Telangana,NISSAN MOTOR INDIA PVT LTD,Petrol/Diesel/CNG/Hybrid,129,Nissan,Nissan,Japan,South,IN-TG,State,"Telangana, India",Mar,3,Q1,31,False,False
2026-04-01,Telangana,NISSAN MOTOR INDIA PVT LTD,Petrol/Diesel/CNG/Hybrid,83,Nissan,Nissan,Japan,South,IN-TG,State,"Telangana, India",Apr,4,Q2,30,False,False
2026-05-01,Telangana,NISSAN MOTOR INDIA PVT LTD,Petrol/Diesel/CNG/Hybrid,367,Nissan,Nissan,Japan,South,IN-TG,State,"Telangana, India",May,5,Q2,31,False,False
2026-06-01,Telangana,NISSAN MOTOR INDIA PVT LTD,Petrol/Diesel/CNG/Hybrid,145,Nissan,Nissan,Japan,South,IN-TG,State,"Telangana, India",Jun,6,Q2,17,True,False
2026-01-01,Telangana,PORSCHE AG GERMANY,Petrol/Diesel/CNG/Hybrid,5,Porsche,Volkswagen Group,Germany,South,IN-TG,State,"Telangana, India",Jan,1,Q1,31,False,False
2026-02-01,Telangana,PORSCHE AG GERMANY,Petrol/Diesel/CNG/Hybrid,4,Porsche,Volkswagen Group,Germany,South,IN-TG,State,"Telangana, India",Feb,2,Q1,28,False,False
2026-03-01,Telangana,PORSCHE AG GERMANY,Petrol/Diesel/CNG/Hybrid,8,Porsche,Volkswagen Group,Germany,South,IN-TG,State,"Telangana, India",Mar,3,Q1,31,False,False
2026-04-01,Telangana,PORSCHE AG GERMANY,Petrol/Diesel/CNG/Hybrid,4,Porsche,Volkswagen Group,Germany,South,IN-TG,State,"Telangana, India",Apr,4,Q2,30,False,False
2026-05-01,Telangana,PORSCHE AG GERMANY,Petrol/Diesel/CNG/Hybrid,6,Porsche,Volkswagen Group,Germany,South,IN-TG,State,"Telangana, India",May,5,Q2,31,False,False
2026-06-01,Telangana,PORSCHE AG GERMANY,Petrol/Diesel/CNG/Hybrid,4,Porsche,Volkswagen Group,Germany,South,IN-TG,State,"Telangana, India",Jun,6,Q2,17,True,False
2026-04-01,Telangana,RENAULT INDIA PVT LTD,Petrol/Diesel/CNG/Hybrid,19,Renault,Renault,France,South,IN-TG,State,"Telangana, India",Apr,4,Q2,30,False,False
2026-05-01,Telangana,RENAULT INDIA PVT LTD,Petrol/Diesel/CNG/Hybrid,153,Renault,Renault,France,South,IN-TG,State,"Telangana, India",May,5,Q2,31,False,False
2026-06-01,Telangana,RENAULT INDIA PVT LTD,Petrol/Diesel/CNG/Hybrid,61,Renault,Renault,France,South,IN-TG,State,"Telangana, India",Jun,6,Q2,17,True,False
2026-01-01,Telangana,RENAULT NISSAN AUTOMOTIVE INDIA PRIVATE LIMITED,Petrol/Diesel/CNG/Hybrid,268,Renault,Renault,France,South,IN-TG,State,"Telangana, India",Jan,1,Q1,31,False,False
2026-02-01,Telangana,RENAULT NISSAN AUTOMOTIVE INDIA PRIVATE LIMITED,Petrol/Diesel/CNG/Hybrid,79,Renault,Renault,France,South,IN-TG,State,"Telangana, India",Feb,2,Q1,28,False,False
2026-03-01,Telangana,RENAULT NISSAN AUTOMOTIVE INDIA PRIVATE LIMITED,Petrol/Diesel/CNG/Hybrid,28,Renault,Renault,France,South,IN-TG,State,"Telangana, India",Mar,3,Q1,31,False,False
2026-04-01,Telangana,RENAULT NISSAN AUTOMOTIVE INDIA PRIVATE LIMITED,Petrol/Diesel/CNG/Hybrid,10,Renault,Renault,France,South,IN-TG,State,"Telangana, India",Apr,4,Q2,30,False,False
2026-05-01,Telangana,RENAULT NISSAN AUTOMOTIVE INDIA PRIVATE LIMITED,Petrol/Diesel/CNG/Hybrid,9,Renault,Renault,France,South,IN-TG,State,"Telangana, India",May,5,Q2,31,False,False
2026-01-01,Telangana,SKODA AUTO VOLKSWAGEN INDIA PVT LTD,Petrol/Diesel/CNG/Hybrid,696,Skoda-VW,Volkswagen Group,Germany,South,IN-TG,State,"Telangana, India",Jan,1,Q1,31,False,False
2026-02-01,Telangana,SKODA AUTO VOLKSWAGEN INDIA PVT LTD,Petrol/Diesel/CNG/Hybrid,228,Skoda-VW,Volkswagen Group,Germany,South,IN-TG,State,"Telangana, India",Feb,2,Q1,28,False,False
2026-03-01,Telangana,SKODA AUTO VOLKSWAGEN INDIA PVT LTD,Petrol/Diesel/CNG/Hybrid,66,Skoda-VW,Volkswagen Group,Germany,South,IN-TG,State,"Telangana, India",Mar,3,Q1,31,False,False
2026-04-01,Telangana,SKODA AUTO VOLKSWAGEN INDIA PVT LTD,Petrol/Diesel/CNG/Hybrid,132,Skoda-VW,Volkswagen Group,Germany,South,IN-TG,State,"Telangana, India",Apr,4,Q2,30,False,False
2026-05-01,Telangana,SKODA AUTO VOLKSWAGEN INDIA PVT LTD,Petrol/Diesel/CNG/Hybrid,703,Skoda-VW,Volkswagen Group,Germany,South,IN-TG,State,"Telangana, India",May,5,Q2,31,False,False
2026-06-01,Telangana,SKODA AUTO VOLKSWAGEN INDIA PVT LTD,Petrol/Diesel/CNG/Hybrid,355,Skoda-VW,Volkswagen Group,Germany,South,IN-TG,State,"Telangana, India",Jun,6,Q2,17,True,False
2026-01-01,Telangana,STELLANTIS AUTOMOBILES INDIA PVT LTD,Petrol/Diesel/CNG/Hybrid,21,Stellantis (Jeep/Citroen),Stellantis,Netherlands,South,IN-TG,State,"Telangana, India",Jan,1,Q1,31,False,False
2026-02-01,Telangana,STELLANTIS AUTOMOBILES INDIA PVT LTD,Petrol/Diesel/CNG/Hybrid,7,Stellantis (Jeep/Citroen),Stellantis,Netherlands,South,IN-TG,State,"Telangana, India",Feb,2,Q1,28,False,False
2026-03-01,Telangana,STELLANTIS AUTOMOBILES INDIA PVT LTD,Petrol/Diesel/CNG/Hybrid,6,Stellantis (Jeep/Citroen),Stellantis,Netherlands,South,IN-TG,State,"Telangana, India",Mar,3,Q1,31,False,False
2026-04-01,Telangana,STELLANTIS AUTOMOBILES INDIA PVT LTD,Petrol/Diesel/CNG/Hybrid,12,Stellantis (Jeep/Citroen),Stellantis,Netherlands,South,IN-TG,State,"Telangana, India",Apr,4,Q2,30,False,False
2026-05-01,Telangana,STELLANTIS AUTOMOBILES INDIA PVT LTD,Petrol/Diesel/CNG/Hybrid,68,Stellantis (Jeep/Citroen),Stellantis,Netherlands,South,IN-TG,State,"Telangana, India",May,5,Q2,31,False,False
2026-06-01,Telangana,STELLANTIS AUTOMOBILES INDIA PVT LTD,Petrol/Diesel/CNG/Hybrid,28,Stellantis (Jeep/Citroen),Stellantis,Netherlands,South,IN-TG,State,"Telangana, India",Jun,6,Q2,17,True,False
2026-01-01,Telangana,STELLANTIS INDIA PVT LTD,Petrol/Diesel/CNG/Hybrid,18,Stellantis (Jeep/Citroen),Stellantis,Netherlands,South,IN-TG,State,"Telangana, India",Jan,1,Q1,31,False,False
2026-02-01,Telangana,STELLANTIS INDIA PVT LTD,Petrol/Diesel/CNG/Hybrid,7,Stellantis (Jeep/Citroen),Stellantis,Netherlands,South,IN-TG,State,"Telangana, India",Feb,2,Q1,28,False,False
2026-03-01,Telangana,STELLANTIS INDIA PVT LTD,Petrol/Diesel/CNG/Hybrid,5,Stellantis (Jeep/Citroen),Stellantis,Netherlands,South,IN-TG,State,"Telangana, India",Mar,3,Q1,31,False,False
2026-04-01,Telangana,STELLANTIS INDIA PVT LTD,Petrol/Diesel/CNG/Hybrid,4,Stellantis (Jeep/Citroen),Stellantis,Netherlands,South,IN-TG,State,"Telangana, India",Apr,4,Q2,30,False,False
2026-05-01,Telangana,STELLANTIS INDIA PVT LTD,Petrol/Diesel/CNG/Hybrid,15,Stellantis (Jeep/Citroen),Stellantis,Netherlands,South,IN-TG,State,"Telangana, India",May,5,Q2,31,False,False
2026-06-01,Telangana,STELLANTIS INDIA PVT LTD,Petrol/Diesel/CNG/Hybrid,9,Stellantis (Jeep/Citroen),Stellantis,Netherlands,South,IN-TG,State,"Telangana, India",Jun,6,Q2,17,True,False
2026-01-01,Telangana,TATA MOTORS LTD,Petrol/Diesel/CNG/Hybrid,45,Tata,Tata Motors,India,South,IN-TG,State,"Telangana, India",Jan,1,Q1,31,False,False
2026-02-01,Telangana,TATA MOTORS LTD,Petrol/Diesel/CNG/Hybrid,24,Tata,Tata Motors,India,South,IN-TG,State,"Telangana, India",Feb,2,Q1,28,False,False
2026-03-01,Telangana,TATA MOTORS LTD,Petrol/Diesel/CNG/Hybrid,402,Tata,Tata Motors,India,South,IN-TG,State,"Telangana, India",Mar,3,Q1,31,False,False
2026-04-01,Telangana,TATA MOTORS LTD,Petrol/Diesel/CNG/Hybrid,12,Tata,Tata Motors,India,South,IN-TG,State,"Telangana, India",Apr,4,Q2,30,False,False
2026-05-01,Telangana,TATA MOTORS LTD,Petrol/Diesel/CNG/Hybrid,25,Tata,Tata Motors,India,South,IN-TG,State,"Telangana, India",May,5,Q2,31,False,False
2026-01-01,Telangana,TATA MOTORS PASSENGER VEHICLES LTD,Petrol/Diesel/CNG/Hybrid,3333,Tata,Tata Motors,India,South,IN-TG,State,"Telangana, India",Jan,1,Q1,31,False,False
2026-02-01,Telangana,TATA MOTORS PASSENGER VEHICLES LTD,Petrol/Diesel/CNG/Hybrid,1657,Tata,Tata Motors,India,South,IN-TG,State,"Telangana, India",Feb,2,Q1,28,False,False
2026-03-01,Telangana,TATA MOTORS PASSENGER VEHICLES LTD,Petrol/Diesel/CNG/Hybrid,2285,Tata,Tata Motors,India,South,IN-TG,State,"Telangana, India",Mar,3,Q1,31,False,False
2026-04-01,Telangana,TATA MOTORS PASSENGER VEHICLES LTD,Petrol/Diesel/CNG/Hybrid,1422,Tata,Tata Motors,India,South,IN-TG,State,"Telangana, India",Apr,4,Q2,30,False,False
2026-05-01,Telangana,TATA MOTORS PASSENGER VEHICLES LTD,Petrol/Diesel/CNG/Hybrid,3399,Tata,Tata Motors,India,South,IN-TG,State,"Telangana, India",May,5,Q2,31,False,False
2026-06-01,Telangana,TATA MOTORS PASSENGER VEHICLES LTD,Petrol/Diesel/CNG/Hybrid,1101,Tata,Tata Motors,India,South,IN-TG,State,"Telangana, India",Jun,6,Q2,17,True,False
2026-01-01,Telangana,TATA PASSENGER ELECTRIC MOBILITY LTD,Petrol/Diesel/CNG/Hybrid,777,Tata,Tata Motors,India,South,IN-TG,State,"Telangana, India",Jan,1,Q1,31,False,False
2026-02-01,Telangana,TATA PASSENGER ELECTRIC MOBILITY LTD,Petrol/Diesel/CNG/Hybrid,460,Tata,Tata Motors,India,South,IN-TG,State,"Telangana, India",Feb,2,Q1,28,False,False
2026-03-01,Telangana,TATA PASSENGER ELECTRIC MOBILITY LTD,Petrol/Diesel/CNG/Hybrid,234,Tata,Tata Motors,India,South,IN-TG,State,"Telangana, India",Mar,3,Q1,31,False,False
2026-04-01,Telangana,TATA PASSENGER ELECTRIC MOBILITY LTD,Petrol/Diesel/CNG/Hybrid,135,Tata,Tata Motors,India,South,IN-TG,State,"Telangana, India",Apr,4,Q2,30,False,False
2026-05-01,Telangana,TATA PASSENGER ELECTRIC MOBILITY LTD,Petrol/Diesel/CNG/Hybrid,94,Tata,Tata Motors,India,South,IN-TG,State,"Telangana, India",May,5,Q2,31,False,False
2026-03-01,Telangana,TESLA INDIA MOTORS AND ENERGY PVT LTD,Petrol/Diesel/CNG/Hybrid,1,Tesla,Tesla,USA,South,IN-TG,State,"Telangana, India",Mar,3,Q1,31,False,False
2026-01-01,Telangana,TOYOTA KIRLOSKAR MOTOR PVT LTD,Petrol/Diesel/CNG/Hybrid,1276,Toyota,Toyota,Japan,South,IN-TG,State,"Telangana, India",Jan,1,Q1,31,False,False
2026-02-01,Telangana,TOYOTA KIRLOSKAR MOTOR PVT LTD,Petrol/Diesel/CNG/Hybrid,642,Toyota,Toyota,Japan,South,IN-TG,State,"Telangana, India",Feb,2,Q1,28,False,False
2026-03-01,Telangana,TOYOTA KIRLOSKAR MOTOR PVT LTD,Petrol/Diesel/CNG/Hybrid,681,Toyota,Toyota,Japan,South,IN-TG,State,"Telangana, India",Mar,3,Q1,31,False,False
2026-04-01,Telangana,TOYOTA KIRLOSKAR MOTOR PVT LTD,Petrol/Diesel/CNG/Hybrid,297,Toyota,Toyota,Japan,South,IN-TG,State,"Telangana, India",Apr,4,Q2,30,False,False
2026-05-01,Telangana,TOYOTA KIRLOSKAR MOTOR PVT LTD,Petrol/Diesel/CNG/Hybrid,1147,Toyota,Toyota,Japan,South,IN-TG,State,"Telangana, India",May,5,Q2,31,False,False
2026-06-01,Telangana,TOYOTA KIRLOSKAR MOTOR PVT LTD,Petrol/Diesel/CNG/Hybrid,630,Toyota,Toyota,Japan,South,IN-TG,State,"Telangana, India",Jun,6,Q2,17,True,False
2026-04-01,Telangana,VOLKSWAGEN AG,Petrol/Diesel/CNG/Hybrid,1,Skoda-VW,Volkswagen Group,Germany,South,IN-TG,State,"Telangana, India",Apr,4,Q2,30,False,False
2026-05-01,Telangana,VOLKSWAGEN AG,Petrol/Diesel/CNG/Hybrid,3,Skoda-VW,Volkswagen Group,Germany,South,IN-TG,State,"Telangana, India",May,5,Q2,31,False,False
2026-01-01,Telangana,VOLVO,Petrol/Diesel/CNG/Hybrid,13,Volvo,Geely,Sweden,South,IN-TG,State,"Telangana, India",Jan,1,Q1,31,False,False
2026-02-01,Telangana,VOLVO,Petrol/Diesel/CNG/Hybrid,5,Volvo,Geely,Sweden,South,IN-TG,State,"Telangana, India",Feb,2,Q1,28,False,False
2026-03-01,Telangana,VOLVO,Petrol/Diesel/CNG/Hybrid,3,Volvo,Geely,Sweden,South,IN-TG,State,"Telangana, India",Mar,3,Q1,31,False,False
2026-04-01,Telangana,VOLVO,Petrol/Diesel/CNG/Hybrid,1,Volvo,Geely,Sweden,South,IN-TG,State,"Telangana, India",Apr,4,Q2,30,False,False
2026-05-01,Telangana,VOLVO,Petrol/Diesel/CNG/Hybrid,1,Volvo,Geely,Sweden,South,IN-TG,State,"Telangana, India",May,5,Q2,31,False,False
2026-05-01,Telangana,VOLVO AUTO INDIA PVT LTD,Petrol/Diesel/CNG/Hybrid,3,Volvo,Geely,Sweden,South,IN-TG,State,"Telangana, India",May,5,Q2,31,False,False
2026-06-01,Telangana,VOLVO AUTO INDIA PVT LTD,Petrol/Diesel/CNG/Hybrid,2,Volvo,Geely,Sweden,South,IN-TG,State,"Telangana, India",Jun,6,Q2,17,True,False
2026-05-01,Tripura,BMW INDIA PVT LTD,Petrol/Diesel/CNG/Hybrid,1,BMW,BMW Group,Germany,North-East,IN-TR,State,"Tripura, India",May,5,Q2,31,False,False
2026-01-01,Tripura,HONDA CARS INDIA LTD,Petrol/Diesel/CNG/Hybrid,1,Honda,Honda,Japan,North-East,IN-TR,State,"Tripura, India",Jan,1,Q1,31,False,False
2026-02-01,Tripura,HONDA CARS INDIA LTD,Petrol/Diesel/CNG/Hybrid,1,Honda,Honda,Japan,North-East,IN-TR,State,"Tripura, India",Feb,2,Q1,28,False,False
2026-03-01,Tripura,HONDA CARS INDIA LTD,Petrol/Diesel/CNG/Hybrid,3,Honda,Honda,Japan,North-East,IN-TR,State,"Tripura, India",Mar,3,Q1,31,False,False
2026-05-01,Tripura,HONDA CARS INDIA LTD,Petrol/Diesel/CNG/Hybrid,1,Honda,Honda,Japan,North-East,IN-TR,State,"Tripura, India",May,5,Q2,31,False,False
2026-06-01,Tripura,HONDA CARS INDIA LTD,Petrol/Diesel/CNG/Hybrid,1,Honda,Honda,Japan,North-East,IN-TR,State,"Tripura, India",Jun,6,Q2,17,True,False
2026-01-01,Tripura,HYUNDAI MOTOR INDIA LTD,Petrol/Diesel/CNG/Hybrid,7,Hyundai,Hyundai,South Korea,North-East,IN-TR,State,"Tripura, India",Jan,1,Q1,31,False,False
2026-02-01,Tripura,HYUNDAI MOTOR INDIA LTD,Petrol/Diesel/CNG/Hybrid,31,Hyundai,Hyundai,South Korea,North-East,IN-TR,State,"Tripura, India",Feb,2,Q1,28,False,False
2026-03-01,Tripura,HYUNDAI MOTOR INDIA LTD,Petrol/Diesel/CNG/Hybrid,38,Hyundai,Hyundai,South Korea,North-East,IN-TR,State,"Tripura, India",Mar,3,Q1,31,False,False
2026-04-01,Tripura,HYUNDAI MOTOR INDIA LTD,Petrol/Diesel/CNG/Hybrid,38,Hyundai,Hyundai,South Korea,North-East,IN-TR,State,"Tripura, India",Apr,4,Q2,30,False,False
2026-05-01,Tripura,HYUNDAI MOTOR INDIA LTD,Petrol/Diesel/CNG/Hybrid,37,Hyundai,Hyundai,South Korea,North-East,IN-TR,State,"Tripura, India",May,5,Q2,31,False,False
2026-06-01,Tripura,HYUNDAI MOTOR INDIA LTD,Petrol/Diesel/CNG/Hybrid,18,Hyundai,Hyundai,South Korea,North-East,IN-TR,State,"Tripura, India",Jun,6,Q2,17,True,False
2026-05-01,Tripura,JAGUAR LAND ROVER INDIA LIMITED,Petrol/Diesel/CNG/Hybrid,1,Jaguar Land Rover,Tata Motors,UK,North-East,IN-TR,State,"Tripura, India",May,5,Q2,31,False,False
2026-02-01,Tripura,JSW MG MOTOR INDIA PVT LTD,Petrol/Diesel/CNG/Hybrid,2,MG,JSW-SAIC,India / China,North-East,IN-TR,State,"Tripura, India",Feb,2,Q1,28,False,False
2026-05-01,Tripura,JSW MG MOTOR INDIA PVT LTD,Petrol/Diesel/CNG/Hybrid,2,MG,JSW-SAIC,India / China,North-East,IN-TR,State,"Tripura, India",May,5,Q2,31,False,False
2026-01-01,Tripura,KIA INDIA PRIVATE LIMITED,Petrol/Diesel/CNG/Hybrid,1,Kia,Hyundai,South Korea,North-East,IN-TR,State,"Tripura, India",Jan,1,Q1,31,False,False
2026-02-01,Tripura,KIA INDIA PRIVATE LIMITED,Petrol/Diesel/CNG/Hybrid,1,Kia,Hyundai,South Korea,North-East,IN-TR,State,"Tripura, India",Feb,2,Q1,28,False,False
2026-03-01,Tripura,KIA INDIA PRIVATE LIMITED,Petrol/Diesel/CNG/Hybrid,2,Kia,Hyundai,South Korea,North-East,IN-TR,State,"Tripura, India",Mar,3,Q1,31,False,False
2026-04-01,Tripura,KIA INDIA PRIVATE LIMITED,Petrol/Diesel/CNG/Hybrid,1,Kia,Hyundai,South Korea,North-East,IN-TR,State,"Tripura, India",Apr,4,Q2,30,False,False
2026-05-01,Tripura,KIA INDIA PRIVATE LIMITED,Petrol/Diesel/CNG/Hybrid,3,Kia,Hyundai,South Korea,North-East,IN-TR,State,"Tripura, India",May,5,Q2,31,False,False
2026-06-01,Tripura,KIA INDIA PRIVATE LIMITED,Petrol/Diesel/CNG/Hybrid,1,Kia,Hyundai,South Korea,North-East,IN-TR,State,"Tripura, India",Jun,6,Q2,17,True,False
2026-01-01,Tripura,MAHINDRA & MAHINDRA LIMITED,Petrol/Diesel/CNG/Hybrid,65,Mahindra,Mahindra,India,North-East,IN-TR,State,"Tripura, India",Jan,1,Q1,31,False,False
2026-02-01,Tripura,MAHINDRA & MAHINDRA LIMITED,Petrol/Diesel/CNG/Hybrid,64,Mahindra,Mahindra,India,North-East,IN-TR,State,"Tripura, India",Feb,2,Q1,28,False,False
2026-03-01,Tripura,MAHINDRA & MAHINDRA LIMITED,Petrol/Diesel/CNG/Hybrid,106,Mahindra,Mahindra,India,North-East,IN-TR,State,"Tripura, India",Mar,3,Q1,31,False,False
2026-04-01,Tripura,MAHINDRA & MAHINDRA LIMITED,Petrol/Diesel/CNG/Hybrid,106,Mahindra,Mahindra,India,North-East,IN-TR,State,"Tripura, India",Apr,4,Q2,30,False,False
2026-05-01,Tripura,MAHINDRA & MAHINDRA LIMITED,Petrol/Diesel/CNG/Hybrid,64,Mahindra,Mahindra,India,North-East,IN-TR,State,"Tripura, India",May,5,Q2,31,False,False
2026-06-01,Tripura,MAHINDRA & MAHINDRA LIMITED,Petrol/Diesel/CNG/Hybrid,25,Mahindra,Mahindra,India,North-East,IN-TR,State,"Tripura, India",Jun,6,Q2,17,True,False
2026-01-01,Tripura,MARUTI SUZUKI INDIA LTD,Petrol/Diesel/CNG/Hybrid,359,Maruti Suzuki,Suzuki,Japan,North-East,IN-TR,State,"Tripura, India",Jan,1,Q1,31,False,False
2026-02-01,Tripura,MARUTI SUZUKI INDIA LTD,Petrol/Diesel/CNG/Hybrid,317,Maruti Suzuki,Suzuki,Japan,North-East,IN-TR,State,"Tripura, India",Feb,2,Q1,28,False,False
2026-03-01,Tripura,MARUTI SUZUKI INDIA LTD,Petrol/Diesel/CNG/Hybrid,348,Maruti Suzuki,Suzuki,Japan,North-East,IN-TR,State,"Tripura, India",Mar,3,Q1,31,False,False
2026-04-01,Tripura,MARUTI SUZUKI INDIA LTD,Petrol/Diesel/CNG/Hybrid,387,Maruti Suzuki,Suzuki,Japan,North-East,IN-TR,State,"Tripura, India",Apr,4,Q2,30,False,False
2026-05-01,Tripura,MARUTI SUZUKI INDIA LTD,Petrol/Diesel/CNG/Hybrid,391,Maruti Suzuki,Suzuki,Japan,North-East,IN-TR,State,"Tripura, India",May,5,Q2,31,False,False
2026-06-01,Tripura,MARUTI SUZUKI INDIA LTD,Petrol/Diesel/CNG/Hybrid,122,Maruti Suzuki,Suzuki,Japan,North-East,IN-TR,State,"Tripura, India",Jun,6,Q2,17,True,False
2026-01-01,Tripura,MERCEDES-BENZ INDIA PVT LTD,Petrol/Diesel/CNG/Hybrid,1,Mercedes-Benz,Mercedes-Benz,Germany,North-East,IN-TR,State,"Tripura, India",Jan,1,Q1,31,False,False
2026-01-01,Tripura,RENAULT INDIA PVT LTD,Petrol/Diesel/CNG/Hybrid,1,Renault,Renault,France,North-East,IN-TR,State,"Tripura, India",Jan,1,Q1,31,False,False
2026-03-01,Tripura,RENAULT INDIA PVT LTD,Petrol/Diesel/CNG/Hybrid,2,Renault,Renault,France,North-East,IN-TR,State,"Tripura, India",Mar,3,Q1,31,False,False
2026-05-01,Tripura,RENAULT INDIA PVT LTD,Petrol/Diesel/CNG/Hybrid,1,Renault,Renault,France,North-East,IN-TR,State,"Tripura, India",May,5,Q2,31,False,False
2026-02-01,Tripura,SKODA AUTO VOLKSWAGEN INDIA PVT LTD,Petrol/Diesel/CNG/Hybrid,1,Skoda-VW,Volkswagen Group,Germany,North-East,IN-TR,State,"Tripura, India",Feb,2,Q1,28,False,False
2026-03-01,Tripura,SKODA AUTO VOLKSWAGEN INDIA PVT LTD,Petrol/Diesel/CNG/Hybrid,1,Skoda-VW,Volkswagen Group,Germany,North-East,IN-TR,State,"Tripura, India",Mar,3,Q1,31,False,False
2026-06-01,Tripura,SKODA AUTO VOLKSWAGEN INDIA PVT LTD,Petrol/Diesel/CNG/Hybrid,1,Skoda-VW,Volkswagen Group,Germany,North-East,IN-TR,State,"Tripura, India",Jun,6,Q2,17,True,False
2026-03-01,Tripura,STELLANTIS AUTOMOBILES INDIA PVT LTD,Petrol/Diesel/CNG/Hybrid,4,Stellantis (Jeep/Citroen),Stellantis,Netherlands,North-East,IN-TR,State,"Tripura, India",Mar,3,Q1,31,False,False
2026-04-01,Tripura,STELLANTIS AUTOMOBILES INDIA PVT LTD,Petrol/Diesel/CNG/Hybrid,5,Stellantis (Jeep/Citroen),Stellantis,Netherlands,North-East,IN-TR,State,"Tripura, India",Apr,4,Q2,30,False,False
2026-05-01,Tripura,STELLANTIS AUTOMOBILES INDIA PVT LTD,Petrol/Diesel/CNG/Hybrid,3,Stellantis (Jeep/Citroen),Stellantis,Netherlands,North-East,IN-TR,State,"Tripura, India",May,5,Q2,31,False,False
2026-06-01,Tripura,STELLANTIS AUTOMOBILES INDIA PVT LTD,Petrol/Diesel/CNG/Hybrid,2,Stellantis (Jeep/Citroen),Stellantis,Netherlands,North-East,IN-TR,State,"Tripura, India",Jun,6,Q2,17,True,False
2026-03-01,Tripura,STELLANTIS INDIA PVT LTD,Petrol/Diesel/CNG/Hybrid,1,Stellantis (Jeep/Citroen),Stellantis,Netherlands,North-East,IN-TR,State,"Tripura, India",Mar,3,Q1,31,False,False
2026-01-01,Tripura,TATA MOTORS PASSENGER VEHICLES LTD,Petrol/Diesel/CNG/Hybrid,77,Tata,Tata Motors,India,North-East,IN-TR,State,"Tripura, India",Jan,1,Q1,31,False,False
2026-02-01,Tripura,TATA MOTORS PASSENGER VEHICLES LTD,Petrol/Diesel/CNG/Hybrid,71,Tata,Tata Motors,India,North-East,IN-TR,State,"Tripura, India",Feb,2,Q1,28,False,False
2026-03-01,Tripura,TATA MOTORS PASSENGER VEHICLES LTD,Petrol/Diesel/CNG/Hybrid,106,Tata,Tata Motors,India,North-East,IN-TR,State,"Tripura, India",Mar,3,Q1,31,False,False
2026-04-01,Tripura,TATA MOTORS PASSENGER VEHICLES LTD,Petrol/Diesel/CNG/Hybrid,89,Tata,Tata Motors,India,North-East,IN-TR,State,"Tripura, India",Apr,4,Q2,30,False,False
2026-05-01,Tripura,TATA MOTORS PASSENGER VEHICLES LTD,Petrol/Diesel/CNG/Hybrid,98,Tata,Tata Motors,India,North-East,IN-TR,State,"Tripura, India",May,5,Q2,31,False,False
2026-06-01,Tripura,TATA MOTORS PASSENGER VEHICLES LTD,Petrol/Diesel/CNG/Hybrid,33,Tata,Tata Motors,India,North-East,IN-TR,State,"Tripura, India",Jun,6,Q2,17,True,False
2026-01-01,Tripura,TOYOTA KIRLOSKAR MOTOR PVT LTD,Petrol/Diesel/CNG/Hybrid,21,Toyota,Toyota,Japan,North-East,IN-TR,State,"Tripura, India",Jan,1,Q1,31,False,False
2026-02-01,Tripura,TOYOTA KIRLOSKAR MOTOR PVT LTD,Petrol/Diesel/CNG/Hybrid,16,Toyota,Toyota,Japan,North-East,IN-TR,State,"Tripura, India",Feb,2,Q1,28,False,False
2026-03-01,Tripura,TOYOTA KIRLOSKAR MOTOR PVT LTD,Petrol/Diesel/CNG/Hybrid,19,Toyota,Toyota,Japan,North-East,IN-TR,State,"Tripura, India",Mar,3,Q1,31,False,False
2026-04-01,Tripura,TOYOTA KIRLOSKAR MOTOR PVT LTD,Petrol/Diesel/CNG/Hybrid,15,Toyota,Toyota,Japan,North-East,IN-TR,State,"Tripura, India",Apr,4,Q2,30,False,False
2026-05-01,Tripura,TOYOTA KIRLOSKAR MOTOR PVT LTD,Petrol/Diesel/CNG/Hybrid,5,Toyota,Toyota,Japan,North-East,IN-TR,State,"Tripura, India",May,5,Q2,31,False,False
2026-06-01,Tripura,TOYOTA KIRLOSKAR MOTOR PVT LTD,Petrol/Diesel/CNG/Hybrid,2,Toyota,Toyota,Japan,North-East,IN-TR,State,"Tripura, India",Jun,6,Q2,17,True,False
2026-01-01,Uttar Pradesh,AUDI AG,Petrol/Diesel/CNG/Hybrid,1,Audi,Volkswagen Group,Germany,North,IN-UP,State,"Uttar Pradesh, India",Jan,1,Q1,31,False,False
2026-02-01,Uttar Pradesh,AUDI AG,Petrol/Diesel/CNG/Hybrid,1,Audi,Volkswagen Group,Germany,North,IN-UP,State,"Uttar Pradesh, India",Feb,2,Q1,28,False,False
2026-03-01,Uttar Pradesh,AUDI AG,Petrol/Diesel/CNG/Hybrid,2,Audi,Volkswagen Group,Germany,North,IN-UP,State,"Uttar Pradesh, India",Mar,3,Q1,31,False,False
2026-06-01,Uttar Pradesh,AUDI AG,Petrol/Diesel/CNG/Hybrid,1,Audi,Volkswagen Group,Germany,North,IN-UP,State,"Uttar Pradesh, India",Jun,6,Q2,17,True,False
2026-01-01,Uttar Pradesh,AUTOMOBILI LAMBORGHINI S.P.A,Petrol/Diesel/CNG/Hybrid,1,Lamborghini,Volkswagen Group,Italy,North,IN-UP,State,"Uttar Pradesh, India",Jan,1,Q1,31,False,False
2026-01-01,Uttar Pradesh,BMW INDIA PVT LTD,Petrol/Diesel/CNG/Hybrid,132,BMW,BMW Group,Germany,North,IN-UP,State,"Uttar Pradesh, India",Jan,1,Q1,31,False,False
2026-02-01,Uttar Pradesh,BMW INDIA PVT LTD,Petrol/Diesel/CNG/Hybrid,71,BMW,BMW Group,Germany,North,IN-UP,State,"Uttar Pradesh, India",Feb,2,Q1,28,False,False
2026-03-01,Uttar Pradesh,BMW INDIA PVT LTD,Petrol/Diesel/CNG/Hybrid,51,BMW,BMW Group,Germany,North,IN-UP,State,"Uttar Pradesh, India",Mar,3,Q1,31,False,False
2026-04-01,Uttar Pradesh,BMW INDIA PVT LTD,Petrol/Diesel/CNG/Hybrid,79,BMW,BMW Group,Germany,North,IN-UP,State,"Uttar Pradesh, India",Apr,4,Q2,30,False,False
2026-05-01,Uttar Pradesh,BMW INDIA PVT LTD,Petrol/Diesel/CNG/Hybrid,45,BMW,BMW Group,Germany,North,IN-UP,State,"Uttar Pradesh, India",May,5,Q2,31,False,False
2026-06-01,Uttar Pradesh,BMW INDIA PVT LTD,Petrol/Diesel/CNG/Hybrid,25,BMW,BMW Group,Germany,North,IN-UP,State,"Uttar Pradesh, India",Jun,6,Q2,17,True,False
2026-04-01,Uttar Pradesh,BYD INDIA PRIVATE LIMITED,Petrol/Diesel/CNG/Hybrid,1,BYD,BYD,China,North,IN-UP,State,"Uttar Pradesh, India",Apr,4,Q2,30,False,False
2026-05-01,Uttar Pradesh,BYD INDIA PRIVATE LIMITED,Petrol/Diesel/CNG/Hybrid,1,BYD,BYD,China,North,IN-UP,State,"Uttar Pradesh, India",May,5,Q2,31,False,False
2026-01-01,Uttar Pradesh,FORCE MOTORS LIMITED,Petrol/Diesel/CNG/Hybrid,4,Force,Force Motors,India,North,IN-UP,State,"Uttar Pradesh, India",Jan,1,Q1,31,False,False
2026-02-01,Uttar Pradesh,FORCE MOTORS LIMITED,Petrol/Diesel/CNG/Hybrid,8,Force,Force Motors,India,North,IN-UP,State,"Uttar Pradesh, India",Feb,2,Q1,28,False,False
2026-03-01,Uttar Pradesh,FORCE MOTORS LIMITED,Petrol/Diesel/CNG/Hybrid,5,Force,Force Motors,India,North,IN-UP,State,"Uttar Pradesh, India",Mar,3,Q1,31,False,False
2026-04-01,Uttar Pradesh,FORCE MOTORS LIMITED,Petrol/Diesel/CNG/Hybrid,7,Force,Force Motors,India,North,IN-UP,State,"Uttar Pradesh, India",Apr,4,Q2,30,False,False
2026-06-01,Uttar Pradesh,FORCE MOTORS LIMITED,Petrol/Diesel/CNG/Hybrid,4,Force,Force Motors,India,North,IN-UP,State,"Uttar Pradesh, India",Jun,6,Q2,17,True,False
2026-01-01,Uttar Pradesh,HONDA CARS INDIA LTD,Petrol/Diesel/CNG/Hybrid,692,Honda,Honda,Japan,North,IN-UP,State,"Uttar Pradesh, India",Jan,1,Q1,31,False,False
2026-02-01,Uttar Pradesh,HONDA CARS INDIA LTD,Petrol/Diesel/CNG/Hybrid,545,Honda,Honda,Japan,North,IN-UP,State,"Uttar Pradesh, India",Feb,2,Q1,28,False,False
2026-03-01,Uttar Pradesh,HONDA CARS INDIA LTD,Petrol/Diesel/CNG/Hybrid,599,Honda,Honda,Japan,North,IN-UP,State,"Uttar Pradesh, India",Mar,3,Q1,31,False,False
2026-04-01,Uttar Pradesh,HONDA CARS INDIA LTD,Petrol/Diesel/CNG/Hybrid,641,Honda,Honda,Japan,North,IN-UP,State,"Uttar Pradesh, India",Apr,4,Q2,30,False,False
2026-05-01,Uttar Pradesh,HONDA CARS INDIA LTD,Petrol/Diesel/CNG/Hybrid,437,Honda,Honda,Japan,North,IN-UP,State,"Uttar Pradesh, India",May,5,Q2,31,False,False
2026-06-01,Uttar Pradesh,HONDA CARS INDIA LTD,Petrol/Diesel/CNG/Hybrid,150,Honda,Honda,Japan,North,IN-UP,State,"Uttar Pradesh, India",Jun,6,Q2,17,True,False
2026-01-01,Uttar Pradesh,HYUNDAI MOTOR INDIA LTD,Petrol/Diesel/CNG/Hybrid,6632,Hyundai,Hyundai,South Korea,North,IN-UP,State,"Uttar Pradesh, India",Jan,1,Q1,31,False,False
2026-02-01,Uttar Pradesh,HYUNDAI MOTOR INDIA LTD,Petrol/Diesel/CNG/Hybrid,4297,Hyundai,Hyundai,South Korea,North,IN-UP,State,"Uttar Pradesh, India",Feb,2,Q1,28,False,False
2026-03-01,Uttar Pradesh,HYUNDAI MOTOR INDIA LTD,Petrol/Diesel/CNG/Hybrid,4055,Hyundai,Hyundai,South Korea,North,IN-UP,State,"Uttar Pradesh, India",Mar,3,Q1,31,False,False
2026-04-01,Uttar Pradesh,HYUNDAI MOTOR INDIA LTD,Petrol/Diesel/CNG/Hybrid,4353,Hyundai,Hyundai,South Korea,North,IN-UP,State,"Uttar Pradesh, India",Apr,4,Q2,30,False,False
2026-05-01,Uttar Pradesh,HYUNDAI MOTOR INDIA LTD,Petrol/Diesel/CNG/Hybrid,3695,Hyundai,Hyundai,South Korea,North,IN-UP,State,"Uttar Pradesh, India",May,5,Q2,31,False,False
2026-06-01,Uttar Pradesh,HYUNDAI MOTOR INDIA LTD,Petrol/Diesel/CNG/Hybrid,1434,Hyundai,Hyundai,South Korea,North,IN-UP,State,"Uttar Pradesh, India",Jun,6,Q2,17,True,False
2026-01-01,Uttar Pradesh,ISUZU MOTORS INDIA PVT LTD,Petrol/Diesel/CNG/Hybrid,10,Isuzu,Isuzu,Japan,North,IN-UP,State,"Uttar Pradesh, India",Jan,1,Q1,31,False,False
2026-02-01,Uttar Pradesh,ISUZU MOTORS INDIA PVT LTD,Petrol/Diesel/CNG/Hybrid,1,Isuzu,Isuzu,Japan,North,IN-UP,State,"Uttar Pradesh, India",Feb,2,Q1,28,False,False
2026-03-01,Uttar Pradesh,ISUZU MOTORS INDIA PVT LTD,Petrol/Diesel/CNG/Hybrid,1,Isuzu,Isuzu,Japan,North,IN-UP,State,"Uttar Pradesh, India",Mar,3,Q1,31,False,False
2026-04-01,Uttar Pradesh,ISUZU MOTORS INDIA PVT LTD,Petrol/Diesel/CNG/Hybrid,5,Isuzu,Isuzu,Japan,North,IN-UP,State,"Uttar Pradesh, India",Apr,4,Q2,30,False,False
2026-05-01,Uttar Pradesh,ISUZU MOTORS INDIA PVT LTD,Petrol/Diesel/CNG/Hybrid,2,Isuzu,Isuzu,Japan,North,IN-UP,State,"Uttar Pradesh, India",May,5,Q2,31,False,False
2026-01-01,Uttar Pradesh,JAGUAR LAND ROVER INDIA LIMITED,Petrol/Diesel/CNG/Hybrid,39,Jaguar Land Rover,Tata Motors,UK,North,IN-UP,State,"Uttar Pradesh, India",Jan,1,Q1,31,False,False
2026-02-01,Uttar Pradesh,JAGUAR LAND ROVER INDIA LIMITED,Petrol/Diesel/CNG/Hybrid,43,Jaguar Land Rover,Tata Motors,UK,North,IN-UP,State,"Uttar Pradesh, India",Feb,2,Q1,28,False,False
2026-03-01,Uttar Pradesh,JAGUAR LAND ROVER INDIA LIMITED,Petrol/Diesel/CNG/Hybrid,40,Jaguar Land Rover,Tata Motors,UK,North,IN-UP,State,"Uttar Pradesh, India",Mar,3,Q1,31,False,False
2026-04-01,Uttar Pradesh,JAGUAR LAND ROVER INDIA LIMITED,Petrol/Diesel/CNG/Hybrid,39,Jaguar Land Rover,Tata Motors,UK,North,IN-UP,State,"Uttar Pradesh, India",Apr,4,Q2,30,False,False
2026-05-01,Uttar Pradesh,JAGUAR LAND ROVER INDIA LIMITED,Petrol/Diesel/CNG/Hybrid,24,Jaguar Land Rover,Tata Motors,UK,North,IN-UP,State,"Uttar Pradesh, India",May,5,Q2,31,False,False
2026-06-01,Uttar Pradesh,JAGUAR LAND ROVER INDIA LIMITED,Petrol/Diesel/CNG/Hybrid,10,Jaguar Land Rover,Tata Motors,UK,North,IN-UP,State,"Uttar Pradesh, India",Jun,6,Q2,17,True,False
2026-01-01,Uttar Pradesh,JSW MG MOTOR INDIA PVT LTD,Petrol/Diesel/CNG/Hybrid,160,MG,JSW-SAIC,India / China,North,IN-UP,State,"Uttar Pradesh, India",Jan,1,Q1,31,False,False
2026-02-01,Uttar Pradesh,JSW MG MOTOR INDIA PVT LTD,Petrol/Diesel/CNG/Hybrid,140,MG,JSW-SAIC,India / China,North,IN-UP,State,"Uttar Pradesh, India",Feb,2,Q1,28,False,False
2026-03-01,Uttar Pradesh,JSW MG MOTOR INDIA PVT LTD,Petrol/Diesel/CNG/Hybrid,136,MG,JSW-SAIC,India / China,North,IN-UP,State,"Uttar Pradesh, India",Mar,3,Q1,31,False,False
2026-04-01,Uttar Pradesh,JSW MG MOTOR INDIA PVT LTD,Petrol/Diesel/CNG/Hybrid,139,MG,JSW-SAIC,India / China,North,IN-UP,State,"Uttar Pradesh, India",Apr,4,Q2,30,False,False
2026-05-01,Uttar Pradesh,JSW MG MOTOR INDIA PVT LTD,Petrol/Diesel/CNG/Hybrid,95,MG,JSW-SAIC,India / China,North,IN-UP,State,"Uttar Pradesh, India",May,5,Q2,31,False,False
2026-06-01,Uttar Pradesh,JSW MG MOTOR INDIA PVT LTD,Petrol/Diesel/CNG/Hybrid,51,MG,JSW-SAIC,India / China,North,IN-UP,State,"Uttar Pradesh, India",Jun,6,Q2,17,True,False
2026-01-01,Uttar Pradesh,KIA INDIA PRIVATE LIMITED,Petrol/Diesel/CNG/Hybrid,3883,Kia,Hyundai,South Korea,North,IN-UP,State,"Uttar Pradesh, India",Jan,1,Q1,31,False,False
2026-02-01,Uttar Pradesh,KIA INDIA PRIVATE LIMITED,Petrol/Diesel/CNG/Hybrid,3085,Kia,Hyundai,South Korea,North,IN-UP,State,"Uttar Pradesh, India",Feb,2,Q1,28,False,False
2026-03-01,Uttar Pradesh,KIA INDIA PRIVATE LIMITED,Petrol/Diesel/CNG/Hybrid,3047,Kia,Hyundai,South Korea,North,IN-UP,State,"Uttar Pradesh, India",Mar,3,Q1,31,False,False
2026-04-01,Uttar Pradesh,KIA INDIA PRIVATE LIMITED,Petrol/Diesel/CNG/Hybrid,3075,Kia,Hyundai,South Korea,North,IN-UP,State,"Uttar Pradesh, India",Apr,4,Q2,30,False,False
2026-05-01,Uttar Pradesh,KIA INDIA PRIVATE LIMITED,Petrol/Diesel/CNG/Hybrid,2766,Kia,Hyundai,South Korea,North,IN-UP,State,"Uttar Pradesh, India",May,5,Q2,31,False,False
2026-06-01,Uttar Pradesh,KIA INDIA PRIVATE LIMITED,Petrol/Diesel/CNG/Hybrid,1074,Kia,Hyundai,South Korea,North,IN-UP,State,"Uttar Pradesh, India",Jun,6,Q2,17,True,False
2026-01-01,Uttar Pradesh,MAHINDRA & MAHINDRA LIMITED,Petrol/Diesel/CNG/Hybrid,8879,Mahindra,Mahindra,India,North,IN-UP,State,"Uttar Pradesh, India",Jan,1,Q1,31,False,False
2026-02-01,Uttar Pradesh,MAHINDRA & MAHINDRA LIMITED,Petrol/Diesel/CNG/Hybrid,6891,Mahindra,Mahindra,India,North,IN-UP,State,"Uttar Pradesh, India",Feb,2,Q1,28,False,False
2026-03-01,Uttar Pradesh,MAHINDRA & MAHINDRA LIMITED,Petrol/Diesel/CNG/Hybrid,7562,Mahindra,Mahindra,India,North,IN-UP,State,"Uttar Pradesh, India",Mar,3,Q1,31,False,False
2026-04-01,Uttar Pradesh,MAHINDRA & MAHINDRA LIMITED,Petrol/Diesel/CNG/Hybrid,6915,Mahindra,Mahindra,India,North,IN-UP,State,"Uttar Pradesh, India",Apr,4,Q2,30,False,False
2026-05-01,Uttar Pradesh,MAHINDRA & MAHINDRA LIMITED,Petrol/Diesel/CNG/Hybrid,5805,Mahindra,Mahindra,India,North,IN-UP,State,"Uttar Pradesh, India",May,5,Q2,31,False,False
2026-06-01,Uttar Pradesh,MAHINDRA & MAHINDRA LIMITED,Petrol/Diesel/CNG/Hybrid,2259,Mahindra,Mahindra,India,North,IN-UP,State,"Uttar Pradesh, India",Jun,6,Q2,17,True,False
2026-01-01,Uttar Pradesh,MARUTI SUZUKI INDIA LTD,Petrol/Diesel/CNG/Hybrid,28660,Maruti Suzuki,Suzuki,Japan,North,IN-UP,State,"Uttar Pradesh, India",Jan,1,Q1,31,False,False
2026-02-01,Uttar Pradesh,MARUTI SUZUKI INDIA LTD,Petrol/Diesel/CNG/Hybrid,18201,Maruti Suzuki,Suzuki,Japan,North,IN-UP,State,"Uttar Pradesh, India",Feb,2,Q1,28,False,False
2026-03-01,Uttar Pradesh,MARUTI SUZUKI INDIA LTD,Petrol/Diesel/CNG/Hybrid,19107,Maruti Suzuki,Suzuki,Japan,North,IN-UP,State,"Uttar Pradesh, India",Mar,3,Q1,31,False,False
2026-04-01,Uttar Pradesh,MARUTI SUZUKI INDIA LTD,Petrol/Diesel/CNG/Hybrid,19108,Maruti Suzuki,Suzuki,Japan,North,IN-UP,State,"Uttar Pradesh, India",Apr,4,Q2,30,False,False
2026-05-01,Uttar Pradesh,MARUTI SUZUKI INDIA LTD,Petrol/Diesel/CNG/Hybrid,18427,Maruti Suzuki,Suzuki,Japan,North,IN-UP,State,"Uttar Pradesh, India",May,5,Q2,31,False,False
2026-06-01,Uttar Pradesh,MARUTI SUZUKI INDIA LTD,Petrol/Diesel/CNG/Hybrid,9319,Maruti Suzuki,Suzuki,Japan,North,IN-UP,State,"Uttar Pradesh, India",Jun,6,Q2,17,True,False
2026-04-01,Uttar Pradesh,MASERATI S.P.A,Petrol/Diesel/CNG/Hybrid,1,Maserati,Stellantis,Italy,North,IN-UP,State,"Uttar Pradesh, India",Apr,4,Q2,30,False,False
2026-01-01,Uttar Pradesh,MERCEDES-BENZ AG,Petrol/Diesel/CNG/Hybrid,2,Mercedes-Benz,Mercedes-Benz,Germany,North,IN-UP,State,"Uttar Pradesh, India",Jan,1,Q1,31,False,False
2026-02-01,Uttar Pradesh,MERCEDES-BENZ AG,Petrol/Diesel/CNG/Hybrid,3,Mercedes-Benz,Mercedes-Benz,Germany,North,IN-UP,State,"Uttar Pradesh, India",Feb,2,Q1,28,False,False
2026-03-01,Uttar Pradesh,MERCEDES-BENZ AG,Petrol/Diesel/CNG/Hybrid,3,Mercedes-Benz,Mercedes-Benz,Germany,North,IN-UP,State,"Uttar Pradesh, India",Mar,3,Q1,31,False,False
2026-04-01,Uttar Pradesh,MERCEDES-BENZ AG,Petrol/Diesel/CNG/Hybrid,6,Mercedes-Benz,Mercedes-Benz,Germany,North,IN-UP,State,"Uttar Pradesh, India",Apr,4,Q2,30,False,False
2026-05-01,Uttar Pradesh,MERCEDES-BENZ AG,Petrol/Diesel/CNG/Hybrid,5,Mercedes-Benz,Mercedes-Benz,Germany,North,IN-UP,State,"Uttar Pradesh, India",May,5,Q2,31,False,False
2026-06-01,Uttar Pradesh,MERCEDES-BENZ AG,Petrol/Diesel/CNG/Hybrid,1,Mercedes-Benz,Mercedes-Benz,Germany,North,IN-UP,State,"Uttar Pradesh, India",Jun,6,Q2,17,True,False
2026-01-01,Uttar Pradesh,MERCEDES-BENZ INDIA PVT LTD,Petrol/Diesel/CNG/Hybrid,133,Mercedes-Benz,Mercedes-Benz,Germany,North,IN-UP,State,"Uttar Pradesh, India",Jan,1,Q1,31,False,False
2026-02-01,Uttar Pradesh,MERCEDES-BENZ INDIA PVT LTD,Petrol/Diesel/CNG/Hybrid,123,Mercedes-Benz,Mercedes-Benz,Germany,North,IN-UP,State,"Uttar Pradesh, India",Feb,2,Q1,28,False,False
2026-03-01,Uttar Pradesh,MERCEDES-BENZ INDIA PVT LTD,Petrol/Diesel/CNG/Hybrid,71,Mercedes-Benz,Mercedes-Benz,Germany,North,IN-UP,State,"Uttar Pradesh, India",Mar,3,Q1,31,False,False
2026-04-01,Uttar Pradesh,MERCEDES-BENZ INDIA PVT LTD,Petrol/Diesel/CNG/Hybrid,97,Mercedes-Benz,Mercedes-Benz,Germany,North,IN-UP,State,"Uttar Pradesh, India",Apr,4,Q2,30,False,False
2026-05-01,Uttar Pradesh,MERCEDES-BENZ INDIA PVT LTD,Petrol/Diesel/CNG/Hybrid,77,Mercedes-Benz,Mercedes-Benz,Germany,North,IN-UP,State,"Uttar Pradesh, India",May,5,Q2,31,False,False
2026-06-01,Uttar Pradesh,MERCEDES-BENZ INDIA PVT LTD,Petrol/Diesel/CNG/Hybrid,57,Mercedes-Benz,Mercedes-Benz,Germany,North,IN-UP,State,"Uttar Pradesh, India",Jun,6,Q2,17,True,False
2026-01-01,Uttar Pradesh,NISSAN MOTOR INDIA PVT LTD,Petrol/Diesel/CNG/Hybrid,243,Nissan,Nissan,Japan,North,IN-UP,State,"Uttar Pradesh, India",Jan,1,Q1,31,False,False
2026-02-01,Uttar Pradesh,NISSAN MOTOR INDIA PVT LTD,Petrol/Diesel/CNG/Hybrid,172,Nissan,Nissan,Japan,North,IN-UP,State,"Uttar Pradesh, India",Feb,2,Q1,28,False,False
2026-03-01,Uttar Pradesh,NISSAN MOTOR INDIA PVT LTD,Petrol/Diesel/CNG/Hybrid,351,Nissan,Nissan,Japan,North,IN-UP,State,"Uttar Pradesh, India",Mar,3,Q1,31,False,False
2026-04-01,Uttar Pradesh,NISSAN MOTOR INDIA PVT LTD,Petrol/Diesel/CNG/Hybrid,384,Nissan,Nissan,Japan,North,IN-UP,State,"Uttar Pradesh, India",Apr,4,Q2,30,False,False
2026-05-01,Uttar Pradesh,NISSAN MOTOR INDIA PVT LTD,Petrol/Diesel/CNG/Hybrid,313,Nissan,Nissan,Japan,North,IN-UP,State,"Uttar Pradesh, India",May,5,Q2,31,False,False
2026-06-01,Uttar Pradesh,NISSAN MOTOR INDIA PVT LTD,Petrol/Diesel/CNG/Hybrid,163,Nissan,Nissan,Japan,North,IN-UP,State,"Uttar Pradesh, India",Jun,6,Q2,17,True,False
2026-01-01,Uttar Pradesh,PORSCHE AG GERMANY,Petrol/Diesel/CNG/Hybrid,1,Porsche,Volkswagen Group,Germany,North,IN-UP,State,"Uttar Pradesh, India",Jan,1,Q1,31,False,False
2026-05-01,Uttar Pradesh,PORSCHE AG GERMANY,Petrol/Diesel/CNG/Hybrid,3,Porsche,Volkswagen Group,Germany,North,IN-UP,State,"Uttar Pradesh, India",May,5,Q2,31,False,False
2026-06-01,Uttar Pradesh,PORSCHE AG GERMANY,Petrol/Diesel/CNG/Hybrid,2,Porsche,Volkswagen Group,Germany,North,IN-UP,State,"Uttar Pradesh, India",Jun,6,Q2,17,True,False
2026-01-01,Uttar Pradesh,RENAULT INDIA PVT LTD,Petrol/Diesel/CNG/Hybrid,586,Renault,Renault,France,North,IN-UP,State,"Uttar Pradesh, India",Jan,1,Q1,31,False,False
2026-02-01,Uttar Pradesh,RENAULT INDIA PVT LTD,Petrol/Diesel/CNG/Hybrid,479,Renault,Renault,France,North,IN-UP,State,"Uttar Pradesh, India",Feb,2,Q1,28,False,False
2026-03-01,Uttar Pradesh,RENAULT INDIA PVT LTD,Petrol/Diesel/CNG/Hybrid,446,Renault,Renault,France,North,IN-UP,State,"Uttar Pradesh, India",Mar,3,Q1,31,False,False
2026-04-01,Uttar Pradesh,RENAULT INDIA PVT LTD,Petrol/Diesel/CNG/Hybrid,594,Renault,Renault,France,North,IN-UP,State,"Uttar Pradesh, India",Apr,4,Q2,30,False,False
2026-05-01,Uttar Pradesh,RENAULT INDIA PVT LTD,Petrol/Diesel/CNG/Hybrid,472,Renault,Renault,France,North,IN-UP,State,"Uttar Pradesh, India",May,5,Q2,31,False,False
2026-06-01,Uttar Pradesh,RENAULT INDIA PVT LTD,Petrol/Diesel/CNG/Hybrid,185,Renault,Renault,France,North,IN-UP,State,"Uttar Pradesh, India",Jun,6,Q2,17,True,False
2026-05-01,Uttar Pradesh,ROLLS-ROYCE MOTOR CARS(IMPORTER:SELECT CARS P LTD),Petrol/Diesel/CNG/Hybrid,1,Rolls-Royce,BMW Group,UK,North,IN-UP,State,"Uttar Pradesh, India",May,5,Q2,31,False,False
2026-01-01,Uttar Pradesh,SKODA AUTO VOLKSWAGEN INDIA PVT LTD,Petrol/Diesel/CNG/Hybrid,898,Skoda-VW,Volkswagen Group,Germany,North,IN-UP,State,"Uttar Pradesh, India",Jan,1,Q1,31,False,False
2026-02-01,Uttar Pradesh,SKODA AUTO VOLKSWAGEN INDIA PVT LTD,Petrol/Diesel/CNG/Hybrid,749,Skoda-VW,Volkswagen Group,Germany,North,IN-UP,State,"Uttar Pradesh, India",Feb,2,Q1,28,False,False
2026-03-01,Uttar Pradesh,SKODA AUTO VOLKSWAGEN INDIA PVT LTD,Petrol/Diesel/CNG/Hybrid,658,Skoda-VW,Volkswagen Group,Germany,North,IN-UP,State,"Uttar Pradesh, India",Mar,3,Q1,31,False,False
2026-04-01,Uttar Pradesh,SKODA AUTO VOLKSWAGEN INDIA PVT LTD,Petrol/Diesel/CNG/Hybrid,779,Skoda-VW,Volkswagen Group,Germany,North,IN-UP,State,"Uttar Pradesh, India",Apr,4,Q2,30,False,False
2026-05-01,Uttar Pradesh,SKODA AUTO VOLKSWAGEN INDIA PVT LTD,Petrol/Diesel/CNG/Hybrid,631,Skoda-VW,Volkswagen Group,Germany,North,IN-UP,State,"Uttar Pradesh, India",May,5,Q2,31,False,False
2026-06-01,Uttar Pradesh,SKODA AUTO VOLKSWAGEN INDIA PVT LTD,Petrol/Diesel/CNG/Hybrid,244,Skoda-VW,Volkswagen Group,Germany,North,IN-UP,State,"Uttar Pradesh, India",Jun,6,Q2,17,True,False
2026-01-01,Uttar Pradesh,STELLANTIS AUTOMOBILES INDIA PVT LTD,Petrol/Diesel/CNG/Hybrid,78,Stellantis (Jeep/Citroen),Stellantis,Netherlands,North,IN-UP,State,"Uttar Pradesh, India",Jan,1,Q1,31,False,False
2026-02-01,Uttar Pradesh,STELLANTIS AUTOMOBILES INDIA PVT LTD,Petrol/Diesel/CNG/Hybrid,29,Stellantis (Jeep/Citroen),Stellantis,Netherlands,North,IN-UP,State,"Uttar Pradesh, India",Feb,2,Q1,28,False,False
2026-03-01,Uttar Pradesh,STELLANTIS AUTOMOBILES INDIA PVT LTD,Petrol/Diesel/CNG/Hybrid,29,Stellantis (Jeep/Citroen),Stellantis,Netherlands,North,IN-UP,State,"Uttar Pradesh, India",Mar,3,Q1,31,False,False
2026-04-01,Uttar Pradesh,STELLANTIS AUTOMOBILES INDIA PVT LTD,Petrol/Diesel/CNG/Hybrid,28,Stellantis (Jeep/Citroen),Stellantis,Netherlands,North,IN-UP,State,"Uttar Pradesh, India",Apr,4,Q2,30,False,False
2026-05-01,Uttar Pradesh,STELLANTIS AUTOMOBILES INDIA PVT LTD,Petrol/Diesel/CNG/Hybrid,27,Stellantis (Jeep/Citroen),Stellantis,Netherlands,North,IN-UP,State,"Uttar Pradesh, India",May,5,Q2,31,False,False
2026-06-01,Uttar Pradesh,STELLANTIS AUTOMOBILES INDIA PVT LTD,Petrol/Diesel/CNG/Hybrid,7,Stellantis (Jeep/Citroen),Stellantis,Netherlands,North,IN-UP,State,"Uttar Pradesh, India",Jun,6,Q2,17,True,False
2026-01-01,Uttar Pradesh,STELLANTIS INDIA PVT LTD,Petrol/Diesel/CNG/Hybrid,24,Stellantis (Jeep/Citroen),Stellantis,Netherlands,North,IN-UP,State,"Uttar Pradesh, India",Jan,1,Q1,31,False,False
2026-02-01,Uttar Pradesh,STELLANTIS INDIA PVT LTD,Petrol/Diesel/CNG/Hybrid,18,Stellantis (Jeep/Citroen),Stellantis,Netherlands,North,IN-UP,State,"Uttar Pradesh, India",Feb,2,Q1,28,False,False
2026-03-01,Uttar Pradesh,STELLANTIS INDIA PVT LTD,Petrol/Diesel/CNG/Hybrid,14,Stellantis (Jeep/Citroen),Stellantis,Netherlands,North,IN-UP,State,"Uttar Pradesh, India",Mar,3,Q1,31,False,False
2026-04-01,Uttar Pradesh,STELLANTIS INDIA PVT LTD,Petrol/Diesel/CNG/Hybrid,20,Stellantis (Jeep/Citroen),Stellantis,Netherlands,North,IN-UP,State,"Uttar Pradesh, India",Apr,4,Q2,30,False,False
2026-05-01,Uttar Pradesh,STELLANTIS INDIA PVT LTD,Petrol/Diesel/CNG/Hybrid,10,Stellantis (Jeep/Citroen),Stellantis,Netherlands,North,IN-UP,State,"Uttar Pradesh, India",May,5,Q2,31,False,False
2026-06-01,Uttar Pradesh,STELLANTIS INDIA PVT LTD,Petrol/Diesel/CNG/Hybrid,7,Stellantis (Jeep/Citroen),Stellantis,Netherlands,North,IN-UP,State,"Uttar Pradesh, India",Jun,6,Q2,17,True,False
2026-01-01,Uttar Pradesh,TATA MOTORS LTD,Petrol/Diesel/CNG/Hybrid,2,Tata,Tata Motors,India,North,IN-UP,State,"Uttar Pradesh, India",Jan,1,Q1,31,False,False
2026-02-01,Uttar Pradesh,TATA MOTORS LTD,Petrol/Diesel/CNG/Hybrid,1,Tata,Tata Motors,India,North,IN-UP,State,"Uttar Pradesh, India",Feb,2,Q1,28,False,False
2026-01-01,Uttar Pradesh,TATA MOTORS PASSENGER VEHICLES LTD,Petrol/Diesel/CNG/Hybrid,6955,Tata,Tata Motors,India,North,IN-UP,State,"Uttar Pradesh, India",Jan,1,Q1,31,False,False
2026-02-01,Uttar Pradesh,TATA MOTORS PASSENGER VEHICLES LTD,Petrol/Diesel/CNG/Hybrid,6015,Tata,Tata Motors,India,North,IN-UP,State,"Uttar Pradesh, India",Feb,2,Q1,28,False,False
2026-03-01,Uttar Pradesh,TATA MOTORS PASSENGER VEHICLES LTD,Petrol/Diesel/CNG/Hybrid,6116,Tata,Tata Motors,India,North,IN-UP,State,"Uttar Pradesh, India",Mar,3,Q1,31,False,False
2026-04-01,Uttar Pradesh,TATA MOTORS PASSENGER VEHICLES LTD,Petrol/Diesel/CNG/Hybrid,5670,Tata,Tata Motors,India,North,IN-UP,State,"Uttar Pradesh, India",Apr,4,Q2,30,False,False
2026-05-01,Uttar Pradesh,TATA MOTORS PASSENGER VEHICLES LTD,Petrol/Diesel/CNG/Hybrid,4650,Tata,Tata Motors,India,North,IN-UP,State,"Uttar Pradesh, India",May,5,Q2,31,False,False
2026-06-01,Uttar Pradesh,TATA MOTORS PASSENGER VEHICLES LTD,Petrol/Diesel/CNG/Hybrid,1744,Tata,Tata Motors,India,North,IN-UP,State,"Uttar Pradesh, India",Jun,6,Q2,17,True,False
2026-02-01,Uttar Pradesh,TATA PASSENGER ELECTRIC MOBILITY LTD,Petrol/Diesel/CNG/Hybrid,2,Tata,Tata Motors,India,North,IN-UP,State,"Uttar Pradesh, India",Feb,2,Q1,28,False,False
2026-03-01,Uttar Pradesh,TATA PASSENGER ELECTRIC MOBILITY LTD,Petrol/Diesel/CNG/Hybrid,1,Tata,Tata Motors,India,North,IN-UP,State,"Uttar Pradesh, India",Mar,3,Q1,31,False,False
2026-04-01,Uttar Pradesh,TATA PASSENGER ELECTRIC MOBILITY LTD,Petrol/Diesel/CNG/Hybrid,1,Tata,Tata Motors,India,North,IN-UP,State,"Uttar Pradesh, India",Apr,4,Q2,30,False,False
2026-01-01,Uttar Pradesh,TOYOTA KIRLOSKAR MOTOR PVT LTD,Petrol/Diesel/CNG/Hybrid,2993,Toyota,Toyota,Japan,North,IN-UP,State,"Uttar Pradesh, India",Jan,1,Q1,31,False,False
2026-02-01,Uttar Pradesh,TOYOTA KIRLOSKAR MOTOR PVT LTD,Petrol/Diesel/CNG/Hybrid,2453,Toyota,Toyota,Japan,North,IN-UP,State,"Uttar Pradesh, India",Feb,2,Q1,28,False,False
2026-03-01,Uttar Pradesh,TOYOTA KIRLOSKAR MOTOR PVT LTD,Petrol/Diesel/CNG/Hybrid,2290,Toyota,Toyota,Japan,North,IN-UP,State,"Uttar Pradesh, India",Mar,3,Q1,31,False,False
2026-04-01,Uttar Pradesh,TOYOTA KIRLOSKAR MOTOR PVT LTD,Petrol/Diesel/CNG/Hybrid,2205,Toyota,Toyota,Japan,North,IN-UP,State,"Uttar Pradesh, India",Apr,4,Q2,30,False,False
2026-05-01,Uttar Pradesh,TOYOTA KIRLOSKAR MOTOR PVT LTD,Petrol/Diesel/CNG/Hybrid,1979,Toyota,Toyota,Japan,North,IN-UP,State,"Uttar Pradesh, India",May,5,Q2,31,False,False
2026-06-01,Uttar Pradesh,TOYOTA KIRLOSKAR MOTOR PVT LTD,Petrol/Diesel/CNG/Hybrid,868,Toyota,Toyota,Japan,North,IN-UP,State,"Uttar Pradesh, India",Jun,6,Q2,17,True,False
2026-02-01,Uttar Pradesh,VOLKSWAGEN AG,Petrol/Diesel/CNG/Hybrid,1,Skoda-VW,Volkswagen Group,Germany,North,IN-UP,State,"Uttar Pradesh, India",Feb,2,Q1,28,False,False
2026-03-01,Uttar Pradesh,VOLKSWAGEN AG,Petrol/Diesel/CNG/Hybrid,1,Skoda-VW,Volkswagen Group,Germany,North,IN-UP,State,"Uttar Pradesh, India",Mar,3,Q1,31,False,False
2026-04-01,Uttar Pradesh,VOLKSWAGEN AG,Petrol/Diesel/CNG/Hybrid,1,Skoda-VW,Volkswagen Group,Germany,North,IN-UP,State,"Uttar Pradesh, India",Apr,4,Q2,30,False,False
2026-06-01,Uttar Pradesh,VOLKSWAGEN AG,Petrol/Diesel/CNG/Hybrid,1,Skoda-VW,Volkswagen Group,Germany,North,IN-UP,State,"Uttar Pradesh, India",Jun,6,Q2,17,True,False
2026-01-01,Uttar Pradesh,VOLVO AUTO INDIA PVT LTD,Petrol/Diesel/CNG/Hybrid,8,Volvo,Geely,Sweden,North,IN-UP,State,"Uttar Pradesh, India",Jan,1,Q1,31,False,False
2026-02-01,Uttar Pradesh,VOLVO AUTO INDIA PVT LTD,Petrol/Diesel/CNG/Hybrid,5,Volvo,Geely,Sweden,North,IN-UP,State,"Uttar Pradesh, India",Feb,2,Q1,28,False,False
2026-03-01,Uttar Pradesh,VOLVO AUTO INDIA PVT LTD,Petrol/Diesel/CNG/Hybrid,7,Volvo,Geely,Sweden,North,IN-UP,State,"Uttar Pradesh, India",Mar,3,Q1,31,False,False
2026-04-01,Uttar Pradesh,VOLVO AUTO INDIA PVT LTD,Petrol/Diesel/CNG/Hybrid,7,Volvo,Geely,Sweden,North,IN-UP,State,"Uttar Pradesh, India",Apr,4,Q2,30,False,False
2026-05-01,Uttar Pradesh,VOLVO AUTO INDIA PVT LTD,Petrol/Diesel/CNG/Hybrid,6,Volvo,Geely,Sweden,North,IN-UP,State,"Uttar Pradesh, India",May,5,Q2,31,False,False
2026-06-01,Uttar Pradesh,VOLVO AUTO INDIA PVT LTD,Petrol/Diesel/CNG/Hybrid,1,Volvo,Geely,Sweden,North,IN-UP,State,"Uttar Pradesh, India",Jun,6,Q2,17,True,False
2026-02-01,Uttarakhand,BENTLEY MOTORS LIMITED,Petrol/Diesel/CNG/Hybrid,1,Bentley,Volkswagen Group,UK,North,IN-UK,State,"Uttarakhand, India",Feb,2,Q1,28,False,False
2026-01-01,Uttarakhand,BMW INDIA PVT LTD,Petrol/Diesel/CNG/Hybrid,13,BMW,BMW Group,Germany,North,IN-UK,State,"Uttarakhand, India",Jan,1,Q1,31,False,False
2026-02-01,Uttarakhand,BMW INDIA PVT LTD,Petrol/Diesel/CNG/Hybrid,10,BMW,BMW Group,Germany,North,IN-UK,State,"Uttarakhand, India",Feb,2,Q1,28,False,False
2026-03-01,Uttarakhand,BMW INDIA PVT LTD,Petrol/Diesel/CNG/Hybrid,8,BMW,BMW Group,Germany,North,IN-UK,State,"Uttarakhand, India",Mar,3,Q1,31,False,False
2026-04-01,Uttarakhand,BMW INDIA PVT LTD,Petrol/Diesel/CNG/Hybrid,15,BMW,BMW Group,Germany,North,IN-UK,State,"Uttarakhand, India",Apr,4,Q2,30,False,False
2026-05-01,Uttarakhand,BMW INDIA PVT LTD,Petrol/Diesel/CNG/Hybrid,6,BMW,BMW Group,Germany,North,IN-UK,State,"Uttarakhand, India",May,5,Q2,31,False,False
2026-06-01,Uttarakhand,BMW INDIA PVT LTD,Petrol/Diesel/CNG/Hybrid,1,BMW,BMW Group,Germany,North,IN-UK,State,"Uttarakhand, India",Jun,6,Q2,17,True,False
2026-01-01,Uttarakhand,FORCE MOTORS LIMITED,Petrol/Diesel/CNG/Hybrid,1,Force,Force Motors,India,North,IN-UK,State,"Uttarakhand, India",Jan,1,Q1,31,False,False
2026-02-01,Uttarakhand,FORCE MOTORS LIMITED,Petrol/Diesel/CNG/Hybrid,1,Force,Force Motors,India,North,IN-UK,State,"Uttarakhand, India",Feb,2,Q1,28,False,False
2026-03-01,Uttarakhand,FORCE MOTORS LIMITED,Petrol/Diesel/CNG/Hybrid,1,Force,Force Motors,India,North,IN-UK,State,"Uttarakhand, India",Mar,3,Q1,31,False,False
2026-04-01,Uttarakhand,FORCE MOTORS LIMITED,Petrol/Diesel/CNG/Hybrid,1,Force,Force Motors,India,North,IN-UK,State,"Uttarakhand, India",Apr,4,Q2,30,False,False
2026-05-01,Uttarakhand,FORCE MOTORS LIMITED,Petrol/Diesel/CNG/Hybrid,1,Force,Force Motors,India,North,IN-UK,State,"Uttarakhand, India",May,5,Q2,31,False,False
2026-06-01,Uttarakhand,FORCE MOTORS LIMITED,Petrol/Diesel/CNG/Hybrid,1,Force,Force Motors,India,North,IN-UK,State,"Uttarakhand, India",Jun,6,Q2,17,True,False
2026-01-01,Uttarakhand,HONDA CARS INDIA LTD,Petrol/Diesel/CNG/Hybrid,106,Honda,Honda,Japan,North,IN-UK,State,"Uttarakhand, India",Jan,1,Q1,31,False,False
2026-02-01,Uttarakhand,HONDA CARS INDIA LTD,Petrol/Diesel/CNG/Hybrid,66,Honda,Honda,Japan,North,IN-UK,State,"Uttarakhand, India",Feb,2,Q1,28,False,False
2026-03-01,Uttarakhand,HONDA CARS INDIA LTD,Petrol/Diesel/CNG/Hybrid,82,Honda,Honda,Japan,North,IN-UK,State,"Uttarakhand, India",Mar,3,Q1,31,False,False
2026-04-01,Uttarakhand,HONDA CARS INDIA LTD,Petrol/Diesel/CNG/Hybrid,86,Honda,Honda,Japan,North,IN-UK,State,"Uttarakhand, India",Apr,4,Q2,30,False,False
2026-05-01,Uttarakhand,HONDA CARS INDIA LTD,Petrol/Diesel/CNG/Hybrid,70,Honda,Honda,Japan,North,IN-UK,State,"Uttarakhand, India",May,5,Q2,31,False,False
2026-06-01,Uttarakhand,HONDA CARS INDIA LTD,Petrol/Diesel/CNG/Hybrid,31,Honda,Honda,Japan,North,IN-UK,State,"Uttarakhand, India",Jun,6,Q2,17,True,False
2026-01-01,Uttarakhand,HYUNDAI MOTOR INDIA LTD,Petrol/Diesel/CNG/Hybrid,944,Hyundai,Hyundai,South Korea,North,IN-UK,State,"Uttarakhand, India",Jan,1,Q1,31,False,False
2026-02-01,Uttarakhand,HYUNDAI MOTOR INDIA LTD,Petrol/Diesel/CNG/Hybrid,676,Hyundai,Hyundai,South Korea,North,IN-UK,State,"Uttarakhand, India",Feb,2,Q1,28,False,False
2026-03-01,Uttarakhand,HYUNDAI MOTOR INDIA LTD,Petrol/Diesel/CNG/Hybrid,563,Hyundai,Hyundai,South Korea,North,IN-UK,State,"Uttarakhand, India",Mar,3,Q1,31,False,False
2026-04-01,Uttarakhand,HYUNDAI MOTOR INDIA LTD,Petrol/Diesel/CNG/Hybrid,633,Hyundai,Hyundai,South Korea,North,IN-UK,State,"Uttarakhand, India",Apr,4,Q2,30,False,False
2026-05-01,Uttarakhand,HYUNDAI MOTOR INDIA LTD,Petrol/Diesel/CNG/Hybrid,613,Hyundai,Hyundai,South Korea,North,IN-UK,State,"Uttarakhand, India",May,5,Q2,31,False,False
2026-06-01,Uttarakhand,HYUNDAI MOTOR INDIA LTD,Petrol/Diesel/CNG/Hybrid,254,Hyundai,Hyundai,South Korea,North,IN-UK,State,"Uttarakhand, India",Jun,6,Q2,17,True,False
2026-01-01,Uttarakhand,ISUZU MOTORS INDIA PVT LTD,Petrol/Diesel/CNG/Hybrid,2,Isuzu,Isuzu,Japan,North,IN-UK,State,"Uttarakhand, India",Jan,1,Q1,31,False,False
2026-04-01,Uttarakhand,ISUZU MOTORS INDIA PVT LTD,Petrol/Diesel/CNG/Hybrid,3,Isuzu,Isuzu,Japan,North,IN-UK,State,"Uttarakhand, India",Apr,4,Q2,30,False,False
2026-05-01,Uttarakhand,ISUZU MOTORS INDIA PVT LTD,Petrol/Diesel/CNG/Hybrid,1,Isuzu,Isuzu,Japan,North,IN-UK,State,"Uttarakhand, India",May,5,Q2,31,False,False
2026-01-01,Uttarakhand,JAGUAR LAND ROVER INDIA LIMITED,Petrol/Diesel/CNG/Hybrid,5,Jaguar Land Rover,Tata Motors,UK,North,IN-UK,State,"Uttarakhand, India",Jan,1,Q1,31,False,False
2026-02-01,Uttarakhand,JAGUAR LAND ROVER INDIA LIMITED,Petrol/Diesel/CNG/Hybrid,4,Jaguar Land Rover,Tata Motors,UK,North,IN-UK,State,"Uttarakhand, India",Feb,2,Q1,28,False,False
2026-03-01,Uttarakhand,JAGUAR LAND ROVER INDIA LIMITED,Petrol/Diesel/CNG/Hybrid,3,Jaguar Land Rover,Tata Motors,UK,North,IN-UK,State,"Uttarakhand, India",Mar,3,Q1,31,False,False
2026-04-01,Uttarakhand,JAGUAR LAND ROVER INDIA LIMITED,Petrol/Diesel/CNG/Hybrid,5,Jaguar Land Rover,Tata Motors,UK,North,IN-UK,State,"Uttarakhand, India",Apr,4,Q2,30,False,False
2026-05-01,Uttarakhand,JAGUAR LAND ROVER INDIA LIMITED,Petrol/Diesel/CNG/Hybrid,3,Jaguar Land Rover,Tata Motors,UK,North,IN-UK,State,"Uttarakhand, India",May,5,Q2,31,False,False
2026-06-01,Uttarakhand,JAGUAR LAND ROVER INDIA LIMITED,Petrol/Diesel/CNG/Hybrid,2,Jaguar Land Rover,Tata Motors,UK,North,IN-UK,State,"Uttarakhand, India",Jun,6,Q2,17,True,False
2026-02-01,Uttarakhand,JAGUAR LAND ROVER LIMITED UK,Petrol/Diesel/CNG/Hybrid,1,Jaguar Land Rover,Tata Motors,UK,North,IN-UK,State,"Uttarakhand, India",Feb,2,Q1,28,False,False
2026-01-01,Uttarakhand,JSW MG MOTOR INDIA PVT LTD,Petrol/Diesel/CNG/Hybrid,11,MG,JSW-SAIC,India / China,North,IN-UK,State,"Uttarakhand, India",Jan,1,Q1,31,False,False
2026-02-01,Uttarakhand,JSW MG MOTOR INDIA PVT LTD,Petrol/Diesel/CNG/Hybrid,19,MG,JSW-SAIC,India / China,North,IN-UK,State,"Uttarakhand, India",Feb,2,Q1,28,False,False
2026-03-01,Uttarakhand,JSW MG MOTOR INDIA PVT LTD,Petrol/Diesel/CNG/Hybrid,5,MG,JSW-SAIC,India / China,North,IN-UK,State,"Uttarakhand, India",Mar,3,Q1,31,False,False
2026-04-01,Uttarakhand,JSW MG MOTOR INDIA PVT LTD,Petrol/Diesel/CNG/Hybrid,21,MG,JSW-SAIC,India / China,North,IN-UK,State,"Uttarakhand, India",Apr,4,Q2,30,False,False
2026-05-01,Uttarakhand,JSW MG MOTOR INDIA PVT LTD,Petrol/Diesel/CNG/Hybrid,12,MG,JSW-SAIC,India / China,North,IN-UK,State,"Uttarakhand, India",May,5,Q2,31,False,False
2026-06-01,Uttarakhand,JSW MG MOTOR INDIA PVT LTD,Petrol/Diesel/CNG/Hybrid,8,MG,JSW-SAIC,India / China,North,IN-UK,State,"Uttarakhand, India",Jun,6,Q2,17,True,False
2026-01-01,Uttarakhand,KIA INDIA PRIVATE LIMITED,Petrol/Diesel/CNG/Hybrid,501,Kia,Hyundai,South Korea,North,IN-UK,State,"Uttarakhand, India",Jan,1,Q1,31,False,False
2026-02-01,Uttarakhand,KIA INDIA PRIVATE LIMITED,Petrol/Diesel/CNG/Hybrid,365,Kia,Hyundai,South Korea,North,IN-UK,State,"Uttarakhand, India",Feb,2,Q1,28,False,False
2026-03-01,Uttarakhand,KIA INDIA PRIVATE LIMITED,Petrol/Diesel/CNG/Hybrid,353,Kia,Hyundai,South Korea,North,IN-UK,State,"Uttarakhand, India",Mar,3,Q1,31,False,False
2026-04-01,Uttarakhand,KIA INDIA PRIVATE LIMITED,Petrol/Diesel/CNG/Hybrid,414,Kia,Hyundai,South Korea,North,IN-UK,State,"Uttarakhand, India",Apr,4,Q2,30,False,False
2026-05-01,Uttarakhand,KIA INDIA PRIVATE LIMITED,Petrol/Diesel/CNG/Hybrid,372,Kia,Hyundai,South Korea,North,IN-UK,State,"Uttarakhand, India",May,5,Q2,31,False,False
2026-06-01,Uttarakhand,KIA INDIA PRIVATE LIMITED,Petrol/Diesel/CNG/Hybrid,166,Kia,Hyundai,South Korea,North,IN-UK,State,"Uttarakhand, India",Jun,6,Q2,17,True,False
2026-01-01,Uttarakhand,MAHINDRA & MAHINDRA LIMITED,Petrol/Diesel/CNG/Hybrid,1331,Mahindra,Mahindra,India,North,IN-UK,State,"Uttarakhand, India",Jan,1,Q1,31,False,False
2026-02-01,Uttarakhand,MAHINDRA & MAHINDRA LIMITED,Petrol/Diesel/CNG/Hybrid,937,Mahindra,Mahindra,India,North,IN-UK,State,"Uttarakhand, India",Feb,2,Q1,28,False,False
2026-03-01,Uttarakhand,MAHINDRA & MAHINDRA LIMITED,Petrol/Diesel/CNG/Hybrid,929,Mahindra,Mahindra,India,North,IN-UK,State,"Uttarakhand, India",Mar,3,Q1,31,False,False
2026-04-01,Uttarakhand,MAHINDRA & MAHINDRA LIMITED,Petrol/Diesel/CNG/Hybrid,1143,Mahindra,Mahindra,India,North,IN-UK,State,"Uttarakhand, India",Apr,4,Q2,30,False,False
2026-05-01,Uttarakhand,MAHINDRA & MAHINDRA LIMITED,Petrol/Diesel/CNG/Hybrid,1053,Mahindra,Mahindra,India,North,IN-UK,State,"Uttarakhand, India",May,5,Q2,31,False,False
2026-06-01,Uttarakhand,MAHINDRA & MAHINDRA LIMITED,Petrol/Diesel/CNG/Hybrid,499,Mahindra,Mahindra,India,North,IN-UK,State,"Uttarakhand, India",Jun,6,Q2,17,True,False
2026-01-01,Uttarakhand,MARUTI SUZUKI INDIA LTD,Petrol/Diesel/CNG/Hybrid,3260,Maruti Suzuki,Suzuki,Japan,North,IN-UK,State,"Uttarakhand, India",Jan,1,Q1,31,False,False
2026-02-01,Uttarakhand,MARUTI SUZUKI INDIA LTD,Petrol/Diesel/CNG/Hybrid,1885,Maruti Suzuki,Suzuki,Japan,North,IN-UK,State,"Uttarakhand, India",Feb,2,Q1,28,False,False
2026-03-01,Uttarakhand,MARUTI SUZUKI INDIA LTD,Petrol/Diesel/CNG/Hybrid,1991,Maruti Suzuki,Suzuki,Japan,North,IN-UK,State,"Uttarakhand, India",Mar,3,Q1,31,False,False
2026-04-01,Uttarakhand,MARUTI SUZUKI INDIA LTD,Petrol/Diesel/CNG/Hybrid,2083,Maruti Suzuki,Suzuki,Japan,North,IN-UK,State,"Uttarakhand, India",Apr,4,Q2,30,False,False
2026-05-01,Uttarakhand,MARUTI SUZUKI INDIA LTD,Petrol/Diesel/CNG/Hybrid,1874,Maruti Suzuki,Suzuki,Japan,North,IN-UK,State,"Uttarakhand, India",May,5,Q2,31,False,False
2026-06-01,Uttarakhand,MARUTI SUZUKI INDIA LTD,Petrol/Diesel/CNG/Hybrid,1044,Maruti Suzuki,Suzuki,Japan,North,IN-UK,State,"Uttarakhand, India",Jun,6,Q2,17,True,False
2026-02-01,Uttarakhand,MERCEDES BENZ,Petrol/Diesel/CNG/Hybrid,1,Mercedes-Benz,Mercedes-Benz,Germany,North,IN-UK,State,"Uttarakhand, India",Feb,2,Q1,28,False,False
2026-03-01,Uttarakhand,MERCEDES-BENZ AG,Petrol/Diesel/CNG/Hybrid,1,Mercedes-Benz,Mercedes-Benz,Germany,North,IN-UK,State,"Uttarakhand, India",Mar,3,Q1,31,False,False
2026-05-01,Uttarakhand,MERCEDES-BENZ AG,Petrol/Diesel/CNG/Hybrid,1,Mercedes-Benz,Mercedes-Benz,Germany,North,IN-UK,State,"Uttarakhand, India",May,5,Q2,31,False,False
2026-01-01,Uttarakhand,MERCEDES-BENZ INDIA PVT LTD,Petrol/Diesel/CNG/Hybrid,21,Mercedes-Benz,Mercedes-Benz,Germany,North,IN-UK,State,"Uttarakhand, India",Jan,1,Q1,31,False,False
2026-02-01,Uttarakhand,MERCEDES-BENZ INDIA PVT LTD,Petrol/Diesel/CNG/Hybrid,7,Mercedes-Benz,Mercedes-Benz,Germany,North,IN-UK,State,"Uttarakhand, India",Feb,2,Q1,28,False,False
2026-03-01,Uttarakhand,MERCEDES-BENZ INDIA PVT LTD,Petrol/Diesel/CNG/Hybrid,12,Mercedes-Benz,Mercedes-Benz,Germany,North,IN-UK,State,"Uttarakhand, India",Mar,3,Q1,31,False,False
2026-04-01,Uttarakhand,MERCEDES-BENZ INDIA PVT LTD,Petrol/Diesel/CNG/Hybrid,11,Mercedes-Benz,Mercedes-Benz,Germany,North,IN-UK,State,"Uttarakhand, India",Apr,4,Q2,30,False,False
2026-05-01,Uttarakhand,MERCEDES-BENZ INDIA PVT LTD,Petrol/Diesel/CNG/Hybrid,10,Mercedes-Benz,Mercedes-Benz,Germany,North,IN-UK,State,"Uttarakhand, India",May,5,Q2,31,False,False
2026-06-01,Uttarakhand,MERCEDES-BENZ INDIA PVT LTD,Petrol/Diesel/CNG/Hybrid,4,Mercedes-Benz,Mercedes-Benz,Germany,North,IN-UK,State,"Uttarakhand, India",Jun,6,Q2,17,True,False
2026-01-01,Uttarakhand,NISSAN MOTOR INDIA PVT LTD,Petrol/Diesel/CNG/Hybrid,68,Nissan,Nissan,Japan,North,IN-UK,State,"Uttarakhand, India",Jan,1,Q1,31,False,False
2026-02-01,Uttarakhand,NISSAN MOTOR INDIA PVT LTD,Petrol/Diesel/CNG/Hybrid,37,Nissan,Nissan,Japan,North,IN-UK,State,"Uttarakhand, India",Feb,2,Q1,28,False,False
2026-03-01,Uttarakhand,NISSAN MOTOR INDIA PVT LTD,Petrol/Diesel/CNG/Hybrid,46,Nissan,Nissan,Japan,North,IN-UK,State,"Uttarakhand, India",Mar,3,Q1,31,False,False
2026-04-01,Uttarakhand,NISSAN MOTOR INDIA PVT LTD,Petrol/Diesel/CNG/Hybrid,64,Nissan,Nissan,Japan,North,IN-UK,State,"Uttarakhand, India",Apr,4,Q2,30,False,False
2026-05-01,Uttarakhand,NISSAN MOTOR INDIA PVT LTD,Petrol/Diesel/CNG/Hybrid,41,Nissan,Nissan,Japan,North,IN-UK,State,"Uttarakhand, India",May,5,Q2,31,False,False
2026-06-01,Uttarakhand,NISSAN MOTOR INDIA PVT LTD,Petrol/Diesel/CNG/Hybrid,26,Nissan,Nissan,Japan,North,IN-UK,State,"Uttarakhand, India",Jun,6,Q2,17,True,False
2026-02-01,Uttarakhand,PORSCHE AG GERMANY,Petrol/Diesel/CNG/Hybrid,3,Porsche,Volkswagen Group,Germany,North,IN-UK,State,"Uttarakhand, India",Feb,2,Q1,28,False,False
2026-04-01,Uttarakhand,PORSCHE AG GERMANY,Petrol/Diesel/CNG/Hybrid,1,Porsche,Volkswagen Group,Germany,North,IN-UK,State,"Uttarakhand, India",Apr,4,Q2,30,False,False
2026-01-01,Uttarakhand,RENAULT INDIA PVT LTD,Petrol/Diesel/CNG/Hybrid,41,Renault,Renault,France,North,IN-UK,State,"Uttarakhand, India",Jan,1,Q1,31,False,False
2026-02-01,Uttarakhand,RENAULT INDIA PVT LTD,Petrol/Diesel/CNG/Hybrid,25,Renault,Renault,France,North,IN-UK,State,"Uttarakhand, India",Feb,2,Q1,28,False,False
2026-03-01,Uttarakhand,RENAULT INDIA PVT LTD,Petrol/Diesel/CNG/Hybrid,32,Renault,Renault,France,North,IN-UK,State,"Uttarakhand, India",Mar,3,Q1,31,False,False
2026-04-01,Uttarakhand,RENAULT INDIA PVT LTD,Petrol/Diesel/CNG/Hybrid,38,Renault,Renault,France,North,IN-UK,State,"Uttarakhand, India",Apr,4,Q2,30,False,False
2026-05-01,Uttarakhand,RENAULT INDIA PVT LTD,Petrol/Diesel/CNG/Hybrid,71,Renault,Renault,France,North,IN-UK,State,"Uttarakhand, India",May,5,Q2,31,False,False
2026-06-01,Uttarakhand,RENAULT INDIA PVT LTD,Petrol/Diesel/CNG/Hybrid,12,Renault,Renault,France,North,IN-UK,State,"Uttarakhand, India",Jun,6,Q2,17,True,False
2026-01-01,Uttarakhand,SKODA AUTO VOLKSWAGEN INDIA PVT LTD,Petrol/Diesel/CNG/Hybrid,214,Skoda-VW,Volkswagen Group,Germany,North,IN-UK,State,"Uttarakhand, India",Jan,1,Q1,31,False,False
2026-02-01,Uttarakhand,SKODA AUTO VOLKSWAGEN INDIA PVT LTD,Petrol/Diesel/CNG/Hybrid,140,Skoda-VW,Volkswagen Group,Germany,North,IN-UK,State,"Uttarakhand, India",Feb,2,Q1,28,False,False
2026-03-01,Uttarakhand,SKODA AUTO VOLKSWAGEN INDIA PVT LTD,Petrol/Diesel/CNG/Hybrid,120,Skoda-VW,Volkswagen Group,Germany,North,IN-UK,State,"Uttarakhand, India",Mar,3,Q1,31,False,False
2026-04-01,Uttarakhand,SKODA AUTO VOLKSWAGEN INDIA PVT LTD,Petrol/Diesel/CNG/Hybrid,164,Skoda-VW,Volkswagen Group,Germany,North,IN-UK,State,"Uttarakhand, India",Apr,4,Q2,30,False,False
2026-05-01,Uttarakhand,SKODA AUTO VOLKSWAGEN INDIA PVT LTD,Petrol/Diesel/CNG/Hybrid,159,Skoda-VW,Volkswagen Group,Germany,North,IN-UK,State,"Uttarakhand, India",May,5,Q2,31,False,False
2026-06-01,Uttarakhand,SKODA AUTO VOLKSWAGEN INDIA PVT LTD,Petrol/Diesel/CNG/Hybrid,44,Skoda-VW,Volkswagen Group,Germany,North,IN-UK,State,"Uttarakhand, India",Jun,6,Q2,17,True,False
2026-01-01,Uttarakhand,STELLANTIS AUTOMOBILES INDIA PVT LTD,Petrol/Diesel/CNG/Hybrid,26,Stellantis (Jeep/Citroen),Stellantis,Netherlands,North,IN-UK,State,"Uttarakhand, India",Jan,1,Q1,31,False,False
2026-02-01,Uttarakhand,STELLANTIS AUTOMOBILES INDIA PVT LTD,Petrol/Diesel/CNG/Hybrid,8,Stellantis (Jeep/Citroen),Stellantis,Netherlands,North,IN-UK,State,"Uttarakhand, India",Feb,2,Q1,28,False,False
2026-03-01,Uttarakhand,STELLANTIS AUTOMOBILES INDIA PVT LTD,Petrol/Diesel/CNG/Hybrid,5,Stellantis (Jeep/Citroen),Stellantis,Netherlands,North,IN-UK,State,"Uttarakhand, India",Mar,3,Q1,31,False,False
2026-04-01,Uttarakhand,STELLANTIS AUTOMOBILES INDIA PVT LTD,Petrol/Diesel/CNG/Hybrid,10,Stellantis (Jeep/Citroen),Stellantis,Netherlands,North,IN-UK,State,"Uttarakhand, India",Apr,4,Q2,30,False,False
2026-05-01,Uttarakhand,STELLANTIS AUTOMOBILES INDIA PVT LTD,Petrol/Diesel/CNG/Hybrid,3,Stellantis (Jeep/Citroen),Stellantis,Netherlands,North,IN-UK,State,"Uttarakhand, India",May,5,Q2,31,False,False
2026-06-01,Uttarakhand,STELLANTIS AUTOMOBILES INDIA PVT LTD,Petrol/Diesel/CNG/Hybrid,5,Stellantis (Jeep/Citroen),Stellantis,Netherlands,North,IN-UK,State,"Uttarakhand, India",Jun,6,Q2,17,True,False
2026-01-01,Uttarakhand,STELLANTIS INDIA PVT LTD,Petrol/Diesel/CNG/Hybrid,9,Stellantis (Jeep/Citroen),Stellantis,Netherlands,North,IN-UK,State,"Uttarakhand, India",Jan,1,Q1,31,False,False
2026-02-01,Uttarakhand,STELLANTIS INDIA PVT LTD,Petrol/Diesel/CNG/Hybrid,6,Stellantis (Jeep/Citroen),Stellantis,Netherlands,North,IN-UK,State,"Uttarakhand, India",Feb,2,Q1,28,False,False
2026-03-01,Uttarakhand,STELLANTIS INDIA PVT LTD,Petrol/Diesel/CNG/Hybrid,7,Stellantis (Jeep/Citroen),Stellantis,Netherlands,North,IN-UK,State,"Uttarakhand, India",Mar,3,Q1,31,False,False
2026-04-01,Uttarakhand,STELLANTIS INDIA PVT LTD,Petrol/Diesel/CNG/Hybrid,5,Stellantis (Jeep/Citroen),Stellantis,Netherlands,North,IN-UK,State,"Uttarakhand, India",Apr,4,Q2,30,False,False
2026-05-01,Uttarakhand,STELLANTIS INDIA PVT LTD,Petrol/Diesel/CNG/Hybrid,4,Stellantis (Jeep/Citroen),Stellantis,Netherlands,North,IN-UK,State,"Uttarakhand, India",May,5,Q2,31,False,False
2026-06-01,Uttarakhand,STELLANTIS INDIA PVT LTD,Petrol/Diesel/CNG/Hybrid,2,Stellantis (Jeep/Citroen),Stellantis,Netherlands,North,IN-UK,State,"Uttarakhand, India",Jun,6,Q2,17,True,False
2026-02-01,Uttarakhand,TATA MOTORS LTD,Petrol/Diesel/CNG/Hybrid,3,Tata,Tata Motors,India,North,IN-UK,State,"Uttarakhand, India",Feb,2,Q1,28,False,False
2026-03-01,Uttarakhand,TATA MOTORS LTD,Petrol/Diesel/CNG/Hybrid,1,Tata,Tata Motors,India,North,IN-UK,State,"Uttarakhand, India",Mar,3,Q1,31,False,False
2026-01-01,Uttarakhand,TATA MOTORS PASSENGER VEHICLES LTD,Petrol/Diesel/CNG/Hybrid,734,Tata,Tata Motors,India,North,IN-UK,State,"Uttarakhand, India",Jan,1,Q1,31,False,False
2026-02-01,Uttarakhand,TATA MOTORS PASSENGER VEHICLES LTD,Petrol/Diesel/CNG/Hybrid,645,Tata,Tata Motors,India,North,IN-UK,State,"Uttarakhand, India",Feb,2,Q1,28,False,False
2026-03-01,Uttarakhand,TATA MOTORS PASSENGER VEHICLES LTD,Petrol/Diesel/CNG/Hybrid,707,Tata,Tata Motors,India,North,IN-UK,State,"Uttarakhand, India",Mar,3,Q1,31,False,False
2026-04-01,Uttarakhand,TATA MOTORS PASSENGER VEHICLES LTD,Petrol/Diesel/CNG/Hybrid,769,Tata,Tata Motors,India,North,IN-UK,State,"Uttarakhand, India",Apr,4,Q2,30,False,False
2026-05-01,Uttarakhand,TATA MOTORS PASSENGER VEHICLES LTD,Petrol/Diesel/CNG/Hybrid,641,Tata,Tata Motors,India,North,IN-UK,State,"Uttarakhand, India",May,5,Q2,31,False,False
2026-06-01,Uttarakhand,TATA MOTORS PASSENGER VEHICLES LTD,Petrol/Diesel/CNG/Hybrid,208,Tata,Tata Motors,India,North,IN-UK,State,"Uttarakhand, India",Jun,6,Q2,17,True,False
2026-06-01,Uttarakhand,TATA PASSENGER ELECTRIC MOBILITY LTD,Petrol/Diesel/CNG/Hybrid,1,Tata,Tata Motors,India,North,IN-UK,State,"Uttarakhand, India",Jun,6,Q2,17,True,False
2026-01-01,Uttarakhand,TOYOTA KIRLOSKAR MOTOR PVT LTD,Petrol/Diesel/CNG/Hybrid,341,Toyota,Toyota,Japan,North,IN-UK,State,"Uttarakhand, India",Jan,1,Q1,31,False,False
2026-02-01,Uttarakhand,TOYOTA KIRLOSKAR MOTOR PVT LTD,Petrol/Diesel/CNG/Hybrid,233,Toyota,Toyota,Japan,North,IN-UK,State,"Uttarakhand, India",Feb,2,Q1,28,False,False
2026-03-01,Uttarakhand,TOYOTA KIRLOSKAR MOTOR PVT LTD,Petrol/Diesel/CNG/Hybrid,196,Toyota,Toyota,Japan,North,IN-UK,State,"Uttarakhand, India",Mar,3,Q1,31,False,False
2026-04-01,Uttarakhand,TOYOTA KIRLOSKAR MOTOR PVT LTD,Petrol/Diesel/CNG/Hybrid,252,Toyota,Toyota,Japan,North,IN-UK,State,"Uttarakhand, India",Apr,4,Q2,30,False,False
2026-05-01,Uttarakhand,TOYOTA KIRLOSKAR MOTOR PVT LTD,Petrol/Diesel/CNG/Hybrid,237,Toyota,Toyota,Japan,North,IN-UK,State,"Uttarakhand, India",May,5,Q2,31,False,False
2026-06-01,Uttarakhand,TOYOTA KIRLOSKAR MOTOR PVT LTD,Petrol/Diesel/CNG/Hybrid,133,Toyota,Toyota,Japan,North,IN-UK,State,"Uttarakhand, India",Jun,6,Q2,17,True,False
2026-01-01,Uttarakhand,VOLKSWAGEN AG,Petrol/Diesel/CNG/Hybrid,2,Skoda-VW,Volkswagen Group,Germany,North,IN-UK,State,"Uttarakhand, India",Jan,1,Q1,31,False,False
2026-03-01,Uttarakhand,VOLKSWAGEN AG,Petrol/Diesel/CNG/Hybrid,1,Skoda-VW,Volkswagen Group,Germany,North,IN-UK,State,"Uttarakhand, India",Mar,3,Q1,31,False,False
2026-01-01,Uttarakhand,VOLVO AUTO INDIA PVT LTD,Petrol/Diesel/CNG/Hybrid,1,Volvo,Geely,Sweden,North,IN-UK,State,"Uttarakhand, India",Jan,1,Q1,31,False,False
2026-02-01,Uttarakhand,VOLVO AUTO INDIA PVT LTD,Petrol/Diesel/CNG/Hybrid,4,Volvo,Geely,Sweden,North,IN-UK,State,"Uttarakhand, India",Feb,2,Q1,28,False,False
2026-03-01,Uttarakhand,VOLVO AUTO INDIA PVT LTD,Petrol/Diesel/CNG/Hybrid,1,Volvo,Geely,Sweden,North,IN-UK,State,"Uttarakhand, India",Mar,3,Q1,31,False,False
2026-04-01,Uttarakhand,VOLVO AUTO INDIA PVT LTD,Petrol/Diesel/CNG/Hybrid,2,Volvo,Geely,Sweden,North,IN-UK,State,"Uttarakhand, India",Apr,4,Q2,30,False,False
2026-05-01,Uttarakhand,VOLVO AUTO INDIA PVT LTD,Petrol/Diesel/CNG/Hybrid,4,Volvo,Geely,Sweden,North,IN-UK,State,"Uttarakhand, India",May,5,Q2,31,False,False
2026-03-01,West Bengal,AUDI AG,Petrol/Diesel/CNG/Hybrid,1,Audi,Volkswagen Group,Germany,East,IN-WB,State,"West Bengal, India",Mar,3,Q1,31,False,False
2026-04-01,West Bengal,AUTOMOBILI LAMBORGHINI S.P.A,Petrol/Diesel/CNG/Hybrid,1,Lamborghini,Volkswagen Group,Italy,East,IN-WB,State,"West Bengal, India",Apr,4,Q2,30,False,False
2026-01-01,West Bengal,BMW INDIA PVT LTD,Petrol/Diesel/CNG/Hybrid,54,BMW,BMW Group,Germany,East,IN-WB,State,"West Bengal, India",Jan,1,Q1,31,False,False
2026-02-01,West Bengal,BMW INDIA PVT LTD,Petrol/Diesel/CNG/Hybrid,42,BMW,BMW Group,Germany,East,IN-WB,State,"West Bengal, India",Feb,2,Q1,28,False,False
2026-03-01,West Bengal,BMW INDIA PVT LTD,Petrol/Diesel/CNG/Hybrid,51,BMW,BMW Group,Germany,East,IN-WB,State,"West Bengal, India",Mar,3,Q1,31,False,False
2026-04-01,West Bengal,BMW INDIA PVT LTD,Petrol/Diesel/CNG/Hybrid,53,BMW,BMW Group,Germany,East,IN-WB,State,"West Bengal, India",Apr,4,Q2,30,False,False
2026-05-01,West Bengal,BMW INDIA PVT LTD,Petrol/Diesel/CNG/Hybrid,45,BMW,BMW Group,Germany,East,IN-WB,State,"West Bengal, India",May,5,Q2,31,False,False
2026-06-01,West Bengal,BMW INDIA PVT LTD,Petrol/Diesel/CNG/Hybrid,20,BMW,BMW Group,Germany,East,IN-WB,State,"West Bengal, India",Jun,6,Q2,17,True,False
2026-01-01,West Bengal,BYD INDIA PRIVATE LIMITED,Petrol/Diesel/CNG/Hybrid,6,BYD,BYD,China,East,IN-WB,State,"West Bengal, India",Jan,1,Q1,31,False,False
2026-02-01,West Bengal,BYD INDIA PRIVATE LIMITED,Petrol/Diesel/CNG/Hybrid,11,BYD,BYD,China,East,IN-WB,State,"West Bengal, India",Feb,2,Q1,28,False,False
2026-03-01,West Bengal,BYD INDIA PRIVATE LIMITED,Petrol/Diesel/CNG/Hybrid,13,BYD,BYD,China,East,IN-WB,State,"West Bengal, India",Mar,3,Q1,31,False,False
2026-04-01,West Bengal,BYD INDIA PRIVATE LIMITED,Petrol/Diesel/CNG/Hybrid,20,BYD,BYD,China,East,IN-WB,State,"West Bengal, India",Apr,4,Q2,30,False,False
2026-05-01,West Bengal,BYD INDIA PRIVATE LIMITED,Petrol/Diesel/CNG/Hybrid,31,BYD,BYD,China,East,IN-WB,State,"West Bengal, India",May,5,Q2,31,False,False
2026-06-01,West Bengal,BYD INDIA PRIVATE LIMITED,Petrol/Diesel/CNG/Hybrid,20,BYD,BYD,China,East,IN-WB,State,"West Bengal, India",Jun,6,Q2,17,True,False
2026-01-01,West Bengal,FORCE MOTORS LIMITED,Petrol/Diesel/CNG/Hybrid,4,Force,Force Motors,India,East,IN-WB,State,"West Bengal, India",Jan,1,Q1,31,False,False
2026-02-01,West Bengal,FORCE MOTORS LIMITED,Petrol/Diesel/CNG/Hybrid,3,Force,Force Motors,India,East,IN-WB,State,"West Bengal, India",Feb,2,Q1,28,False,False
2026-03-01,West Bengal,FORCE MOTORS LIMITED,Petrol/Diesel/CNG/Hybrid,2,Force,Force Motors,India,East,IN-WB,State,"West Bengal, India",Mar,3,Q1,31,False,False
2026-04-01,West Bengal,FORCE MOTORS LIMITED,Petrol/Diesel/CNG/Hybrid,1,Force,Force Motors,India,East,IN-WB,State,"West Bengal, India",Apr,4,Q2,30,False,False
2026-05-01,West Bengal,FORCE MOTORS LIMITED,Petrol/Diesel/CNG/Hybrid,1,Force,Force Motors,India,East,IN-WB,State,"West Bengal, India",May,5,Q2,31,False,False
2026-06-01,West Bengal,FORCE MOTORS LIMITED,Petrol/Diesel/CNG/Hybrid,3,Force,Force Motors,India,East,IN-WB,State,"West Bengal, India",Jun,6,Q2,17,True,False
2026-01-01,West Bengal,HONDA CARS INDIA LTD,Petrol/Diesel/CNG/Hybrid,104,Honda,Honda,Japan,East,IN-WB,State,"West Bengal, India",Jan,1,Q1,31,False,False
2026-02-01,West Bengal,HONDA CARS INDIA LTD,Petrol/Diesel/CNG/Hybrid,130,Honda,Honda,Japan,East,IN-WB,State,"West Bengal, India",Feb,2,Q1,28,False,False
2026-03-01,West Bengal,HONDA CARS INDIA LTD,Petrol/Diesel/CNG/Hybrid,110,Honda,Honda,Japan,East,IN-WB,State,"West Bengal, India",Mar,3,Q1,31,False,False
2026-04-01,West Bengal,HONDA CARS INDIA LTD,Petrol/Diesel/CNG/Hybrid,121,Honda,Honda,Japan,East,IN-WB,State,"West Bengal, India",Apr,4,Q2,30,False,False
2026-05-01,West Bengal,HONDA CARS INDIA LTD,Petrol/Diesel/CNG/Hybrid,86,Honda,Honda,Japan,East,IN-WB,State,"West Bengal, India",May,5,Q2,31,False,False
2026-06-01,West Bengal,HONDA CARS INDIA LTD,Petrol/Diesel/CNG/Hybrid,52,Honda,Honda,Japan,East,IN-WB,State,"West Bengal, India",Jun,6,Q2,17,True,False
2026-01-01,West Bengal,HYUNDAI MOTOR INDIA LTD,Petrol/Diesel/CNG/Hybrid,1795,Hyundai,Hyundai,South Korea,East,IN-WB,State,"West Bengal, India",Jan,1,Q1,31,False,False
2026-02-01,West Bengal,HYUNDAI MOTOR INDIA LTD,Petrol/Diesel/CNG/Hybrid,1392,Hyundai,Hyundai,South Korea,East,IN-WB,State,"West Bengal, India",Feb,2,Q1,28,False,False
2026-03-01,West Bengal,HYUNDAI MOTOR INDIA LTD,Petrol/Diesel/CNG/Hybrid,1480,Hyundai,Hyundai,South Korea,East,IN-WB,State,"West Bengal, India",Mar,3,Q1,31,False,False
2026-04-01,West Bengal,HYUNDAI MOTOR INDIA LTD,Petrol/Diesel/CNG/Hybrid,1491,Hyundai,Hyundai,South Korea,East,IN-WB,State,"West Bengal, India",Apr,4,Q2,30,False,False
2026-05-01,West Bengal,HYUNDAI MOTOR INDIA LTD,Petrol/Diesel/CNG/Hybrid,1547,Hyundai,Hyundai,South Korea,East,IN-WB,State,"West Bengal, India",May,5,Q2,31,False,False
2026-06-01,West Bengal,HYUNDAI MOTOR INDIA LTD,Petrol/Diesel/CNG/Hybrid,761,Hyundai,Hyundai,South Korea,East,IN-WB,State,"West Bengal, India",Jun,6,Q2,17,True,False
2026-01-01,West Bengal,ISUZU MOTORS INDIA PVT LTD,Petrol/Diesel/CNG/Hybrid,4,Isuzu,Isuzu,Japan,East,IN-WB,State,"West Bengal, India",Jan,1,Q1,31,False,False
2026-02-01,West Bengal,ISUZU MOTORS INDIA PVT LTD,Petrol/Diesel/CNG/Hybrid,1,Isuzu,Isuzu,Japan,East,IN-WB,State,"West Bengal, India",Feb,2,Q1,28,False,False
2026-03-01,West Bengal,ISUZU MOTORS INDIA PVT LTD,Petrol/Diesel/CNG/Hybrid,2,Isuzu,Isuzu,Japan,East,IN-WB,State,"West Bengal, India",Mar,3,Q1,31,False,False
2026-04-01,West Bengal,ISUZU MOTORS INDIA PVT LTD,Petrol/Diesel/CNG/Hybrid,4,Isuzu,Isuzu,Japan,East,IN-WB,State,"West Bengal, India",Apr,4,Q2,30,False,False
2026-05-01,West Bengal,ISUZU MOTORS INDIA PVT LTD,Petrol/Diesel/CNG/Hybrid,1,Isuzu,Isuzu,Japan,East,IN-WB,State,"West Bengal, India",May,5,Q2,31,False,False
2026-06-01,West Bengal,ISUZU MOTORS INDIA PVT LTD,Petrol/Diesel/CNG/Hybrid,2,Isuzu,Isuzu,Japan,East,IN-WB,State,"West Bengal, India",Jun,6,Q2,17,True,False
2026-01-01,West Bengal,JAGUAR LAND ROVER INDIA LIMITED,Petrol/Diesel/CNG/Hybrid,4,Jaguar Land Rover,Tata Motors,UK,East,IN-WB,State,"West Bengal, India",Jan,1,Q1,31,False,False
2026-02-01,West Bengal,JAGUAR LAND ROVER INDIA LIMITED,Petrol/Diesel/CNG/Hybrid,9,Jaguar Land Rover,Tata Motors,UK,East,IN-WB,State,"West Bengal, India",Feb,2,Q1,28,False,False
2026-03-01,West Bengal,JAGUAR LAND ROVER INDIA LIMITED,Petrol/Diesel/CNG/Hybrid,5,Jaguar Land Rover,Tata Motors,UK,East,IN-WB,State,"West Bengal, India",Mar,3,Q1,31,False,False
2026-04-01,West Bengal,JAGUAR LAND ROVER INDIA LIMITED,Petrol/Diesel/CNG/Hybrid,9,Jaguar Land Rover,Tata Motors,UK,East,IN-WB,State,"West Bengal, India",Apr,4,Q2,30,False,False
2026-05-01,West Bengal,JAGUAR LAND ROVER INDIA LIMITED,Petrol/Diesel/CNG/Hybrid,5,Jaguar Land Rover,Tata Motors,UK,East,IN-WB,State,"West Bengal, India",May,5,Q2,31,False,False
2026-06-01,West Bengal,JAGUAR LAND ROVER INDIA LIMITED,Petrol/Diesel/CNG/Hybrid,7,Jaguar Land Rover,Tata Motors,UK,East,IN-WB,State,"West Bengal, India",Jun,6,Q2,17,True,False
2026-01-01,West Bengal,JSW MG MOTOR INDIA PVT LTD,Petrol/Diesel/CNG/Hybrid,116,MG,JSW-SAIC,India / China,East,IN-WB,State,"West Bengal, India",Jan,1,Q1,31,False,False
2026-02-01,West Bengal,JSW MG MOTOR INDIA PVT LTD,Petrol/Diesel/CNG/Hybrid,103,MG,JSW-SAIC,India / China,East,IN-WB,State,"West Bengal, India",Feb,2,Q1,28,False,False
2026-03-01,West Bengal,JSW MG MOTOR INDIA PVT LTD,Petrol/Diesel/CNG/Hybrid,161,MG,JSW-SAIC,India / China,East,IN-WB,State,"West Bengal, India",Mar,3,Q1,31,False,False
2026-04-01,West Bengal,JSW MG MOTOR INDIA PVT LTD,Petrol/Diesel/CNG/Hybrid,140,MG,JSW-SAIC,India / China,East,IN-WB,State,"West Bengal, India",Apr,4,Q2,30,False,False
2026-05-01,West Bengal,JSW MG MOTOR INDIA PVT LTD,Petrol/Diesel/CNG/Hybrid,134,MG,JSW-SAIC,India / China,East,IN-WB,State,"West Bengal, India",May,5,Q2,31,False,False
2026-06-01,West Bengal,JSW MG MOTOR INDIA PVT LTD,Petrol/Diesel/CNG/Hybrid,87,MG,JSW-SAIC,India / China,East,IN-WB,State,"West Bengal, India",Jun,6,Q2,17,True,False
2026-01-01,West Bengal,KIA INDIA PRIVATE LIMITED,Petrol/Diesel/CNG/Hybrid,608,Kia,Hyundai,South Korea,East,IN-WB,State,"West Bengal, India",Jan,1,Q1,31,False,False
2026-02-01,West Bengal,KIA INDIA PRIVATE LIMITED,Petrol/Diesel/CNG/Hybrid,558,Kia,Hyundai,South Korea,East,IN-WB,State,"West Bengal, India",Feb,2,Q1,28,False,False
2026-03-01,West Bengal,KIA INDIA PRIVATE LIMITED,Petrol/Diesel/CNG/Hybrid,594,Kia,Hyundai,South Korea,East,IN-WB,State,"West Bengal, India",Mar,3,Q1,31,False,False
2026-04-01,West Bengal,KIA INDIA PRIVATE LIMITED,Petrol/Diesel/CNG/Hybrid,551,Kia,Hyundai,South Korea,East,IN-WB,State,"West Bengal, India",Apr,4,Q2,30,False,False
2026-05-01,West Bengal,KIA INDIA PRIVATE LIMITED,Petrol/Diesel/CNG/Hybrid,539,Kia,Hyundai,South Korea,East,IN-WB,State,"West Bengal, India",May,5,Q2,31,False,False
2026-06-01,West Bengal,KIA INDIA PRIVATE LIMITED,Petrol/Diesel/CNG/Hybrid,363,Kia,Hyundai,South Korea,East,IN-WB,State,"West Bengal, India",Jun,6,Q2,17,True,False
2026-01-01,West Bengal,MAHINDRA & MAHINDRA LIMITED,Petrol/Diesel/CNG/Hybrid,1438,Mahindra,Mahindra,India,East,IN-WB,State,"West Bengal, India",Jan,1,Q1,31,False,False
2026-02-01,West Bengal,MAHINDRA & MAHINDRA LIMITED,Petrol/Diesel/CNG/Hybrid,1267,Mahindra,Mahindra,India,East,IN-WB,State,"West Bengal, India",Feb,2,Q1,28,False,False
2026-03-01,West Bengal,MAHINDRA & MAHINDRA LIMITED,Petrol/Diesel/CNG/Hybrid,1201,Mahindra,Mahindra,India,East,IN-WB,State,"West Bengal, India",Mar,3,Q1,31,False,False
2026-04-01,West Bengal,MAHINDRA & MAHINDRA LIMITED,Petrol/Diesel/CNG/Hybrid,1184,Mahindra,Mahindra,India,East,IN-WB,State,"West Bengal, India",Apr,4,Q2,30,False,False
2026-05-01,West Bengal,MAHINDRA & MAHINDRA LIMITED,Petrol/Diesel/CNG/Hybrid,1080,Mahindra,Mahindra,India,East,IN-WB,State,"West Bengal, India",May,5,Q2,31,False,False
2026-06-01,West Bengal,MAHINDRA & MAHINDRA LIMITED,Petrol/Diesel/CNG/Hybrid,666,Mahindra,Mahindra,India,East,IN-WB,State,"West Bengal, India",Jun,6,Q2,17,True,False
2026-01-01,West Bengal,MAHINDRA ELECTRIC AUTOMOBILE LTD,Petrol/Diesel/CNG/Hybrid,83,Mahindra,Mahindra,India,East,IN-WB,State,"West Bengal, India",Jan,1,Q1,31,False,False
2026-02-01,West Bengal,MAHINDRA ELECTRIC AUTOMOBILE LTD,Petrol/Diesel/CNG/Hybrid,91,Mahindra,Mahindra,India,East,IN-WB,State,"West Bengal, India",Feb,2,Q1,28,False,False
2026-03-01,West Bengal,MAHINDRA ELECTRIC AUTOMOBILE LTD,Petrol/Diesel/CNG/Hybrid,102,Mahindra,Mahindra,India,East,IN-WB,State,"West Bengal, India",Mar,3,Q1,31,False,False
2026-04-01,West Bengal,MAHINDRA ELECTRIC AUTOMOBILE LTD,Petrol/Diesel/CNG/Hybrid,133,Mahindra,Mahindra,India,East,IN-WB,State,"West Bengal, India",Apr,4,Q2,30,False,False
2026-05-01,West Bengal,MAHINDRA ELECTRIC AUTOMOBILE LTD,Petrol/Diesel/CNG/Hybrid,103,Mahindra,Mahindra,India,East,IN-WB,State,"West Bengal, India",May,5,Q2,31,False,False
2026-06-01,West Bengal,MAHINDRA ELECTRIC AUTOMOBILE LTD,Petrol/Diesel/CNG/Hybrid,77,Mahindra,Mahindra,India,East,IN-WB,State,"West Bengal, India",Jun,6,Q2,17,True,False
2026-01-01,West Bengal,MARUTI SUZUKI INDIA LTD,Petrol/Diesel/CNG/Hybrid,4473,Maruti Suzuki,Suzuki,Japan,East,IN-WB,State,"West Bengal, India",Jan,1,Q1,31,False,False
2026-02-01,West Bengal,MARUTI SUZUKI INDIA LTD,Petrol/Diesel/CNG/Hybrid,3192,Maruti Suzuki,Suzuki,Japan,East,IN-WB,State,"West Bengal, India",Feb,2,Q1,28,False,False
2026-03-01,West Bengal,MARUTI SUZUKI INDIA LTD,Petrol/Diesel/CNG/Hybrid,3448,Maruti Suzuki,Suzuki,Japan,East,IN-WB,State,"West Bengal, India",Mar,3,Q1,31,False,False
2026-04-01,West Bengal,MARUTI SUZUKI INDIA LTD,Petrol/Diesel/CNG/Hybrid,3210,Maruti Suzuki,Suzuki,Japan,East,IN-WB,State,"West Bengal, India",Apr,4,Q2,30,False,False
2026-05-01,West Bengal,MARUTI SUZUKI INDIA LTD,Petrol/Diesel/CNG/Hybrid,3324,Maruti Suzuki,Suzuki,Japan,East,IN-WB,State,"West Bengal, India",May,5,Q2,31,False,False
2026-06-01,West Bengal,MARUTI SUZUKI INDIA LTD,Petrol/Diesel/CNG/Hybrid,2177,Maruti Suzuki,Suzuki,Japan,East,IN-WB,State,"West Bengal, India",Jun,6,Q2,17,True,False
2026-03-01,West Bengal,MASERATI S.P.A,Petrol/Diesel/CNG/Hybrid,1,Maserati,Stellantis,Italy,East,IN-WB,State,"West Bengal, India",Mar,3,Q1,31,False,False
2026-01-01,West Bengal,MERCEDES-BENZ AG,Petrol/Diesel/CNG/Hybrid,2,Mercedes-Benz,Mercedes-Benz,Germany,East,IN-WB,State,"West Bengal, India",Jan,1,Q1,31,False,False
2026-02-01,West Bengal,MERCEDES-BENZ AG,Petrol/Diesel/CNG/Hybrid,2,Mercedes-Benz,Mercedes-Benz,Germany,East,IN-WB,State,"West Bengal, India",Feb,2,Q1,28,False,False
2026-04-01,West Bengal,MERCEDES-BENZ AG,Petrol/Diesel/CNG/Hybrid,2,Mercedes-Benz,Mercedes-Benz,Germany,East,IN-WB,State,"West Bengal, India",Apr,4,Q2,30,False,False
2026-05-01,West Bengal,MERCEDES-BENZ AG,Petrol/Diesel/CNG/Hybrid,2,Mercedes-Benz,Mercedes-Benz,Germany,East,IN-WB,State,"West Bengal, India",May,5,Q2,31,False,False
2026-06-01,West Bengal,MERCEDES-BENZ AG,Petrol/Diesel/CNG/Hybrid,3,Mercedes-Benz,Mercedes-Benz,Germany,East,IN-WB,State,"West Bengal, India",Jun,6,Q2,17,True,False
2026-01-01,West Bengal,MERCEDES-BENZ INDIA PVT LTD,Petrol/Diesel/CNG/Hybrid,41,Mercedes-Benz,Mercedes-Benz,Germany,East,IN-WB,State,"West Bengal, India",Jan,1,Q1,31,False,False
2026-02-01,West Bengal,MERCEDES-BENZ INDIA PVT LTD,Petrol/Diesel/CNG/Hybrid,34,Mercedes-Benz,Mercedes-Benz,Germany,East,IN-WB,State,"West Bengal, India",Feb,2,Q1,28,False,False
2026-03-01,West Bengal,MERCEDES-BENZ INDIA PVT LTD,Petrol/Diesel/CNG/Hybrid,40,Mercedes-Benz,Mercedes-Benz,Germany,East,IN-WB,State,"West Bengal, India",Mar,3,Q1,31,False,False
2026-04-01,West Bengal,MERCEDES-BENZ INDIA PVT LTD,Petrol/Diesel/CNG/Hybrid,39,Mercedes-Benz,Mercedes-Benz,Germany,East,IN-WB,State,"West Bengal, India",Apr,4,Q2,30,False,False
2026-05-01,West Bengal,MERCEDES-BENZ INDIA PVT LTD,Petrol/Diesel/CNG/Hybrid,24,Mercedes-Benz,Mercedes-Benz,Germany,East,IN-WB,State,"West Bengal, India",May,5,Q2,31,False,False
2026-06-01,West Bengal,MERCEDES-BENZ INDIA PVT LTD,Petrol/Diesel/CNG/Hybrid,24,Mercedes-Benz,Mercedes-Benz,Germany,East,IN-WB,State,"West Bengal, India",Jun,6,Q2,17,True,False
2026-01-01,West Bengal,NISSAN MOTOR INDIA PVT LTD,Petrol/Diesel/CNG/Hybrid,85,Nissan,Nissan,Japan,East,IN-WB,State,"West Bengal, India",Jan,1,Q1,31,False,False
2026-02-01,West Bengal,NISSAN MOTOR INDIA PVT LTD,Petrol/Diesel/CNG/Hybrid,65,Nissan,Nissan,Japan,East,IN-WB,State,"West Bengal, India",Feb,2,Q1,28,False,False
2026-03-01,West Bengal,NISSAN MOTOR INDIA PVT LTD,Petrol/Diesel/CNG/Hybrid,120,Nissan,Nissan,Japan,East,IN-WB,State,"West Bengal, India",Mar,3,Q1,31,False,False
2026-04-01,West Bengal,NISSAN MOTOR INDIA PVT LTD,Petrol/Diesel/CNG/Hybrid,158,Nissan,Nissan,Japan,East,IN-WB,State,"West Bengal, India",Apr,4,Q2,30,False,False
2026-05-01,West Bengal,NISSAN MOTOR INDIA PVT LTD,Petrol/Diesel/CNG/Hybrid,163,Nissan,Nissan,Japan,East,IN-WB,State,"West Bengal, India",May,5,Q2,31,False,False
2026-06-01,West Bengal,NISSAN MOTOR INDIA PVT LTD,Petrol/Diesel/CNG/Hybrid,95,Nissan,Nissan,Japan,East,IN-WB,State,"West Bengal, India",Jun,6,Q2,17,True,False
2026-01-01,West Bengal,PORSCHE AG GERMANY,Petrol/Diesel/CNG/Hybrid,2,Porsche,Volkswagen Group,Germany,East,IN-WB,State,"West Bengal, India",Jan,1,Q1,31,False,False
2026-02-01,West Bengal,PORSCHE AG GERMANY,Petrol/Diesel/CNG/Hybrid,1,Porsche,Volkswagen Group,Germany,East,IN-WB,State,"West Bengal, India",Feb,2,Q1,28,False,False
2026-03-01,West Bengal,PORSCHE AG GERMANY,Petrol/Diesel/CNG/Hybrid,1,Porsche,Volkswagen Group,Germany,East,IN-WB,State,"West Bengal, India",Mar,3,Q1,31,False,False
2026-04-01,West Bengal,PORSCHE AG GERMANY,Petrol/Diesel/CNG/Hybrid,1,Porsche,Volkswagen Group,Germany,East,IN-WB,State,"West Bengal, India",Apr,4,Q2,30,False,False
2026-05-01,West Bengal,PORSCHE AG GERMANY,Petrol/Diesel/CNG/Hybrid,2,Porsche,Volkswagen Group,Germany,East,IN-WB,State,"West Bengal, India",May,5,Q2,31,False,False
2026-06-01,West Bengal,PORSCHE AG GERMANY,Petrol/Diesel/CNG/Hybrid,1,Porsche,Volkswagen Group,Germany,East,IN-WB,State,"West Bengal, India",Jun,6,Q2,17,True,False
2026-01-01,West Bengal,RENAULT INDIA PVT LTD,Petrol/Diesel/CNG/Hybrid,154,Renault,Renault,France,East,IN-WB,State,"West Bengal, India",Jan,1,Q1,31,False,False
2026-02-01,West Bengal,RENAULT INDIA PVT LTD,Petrol/Diesel/CNG/Hybrid,124,Renault,Renault,France,East,IN-WB,State,"West Bengal, India",Feb,2,Q1,28,False,False
2026-03-01,West Bengal,RENAULT INDIA PVT LTD,Petrol/Diesel/CNG/Hybrid,138,Renault,Renault,France,East,IN-WB,State,"West Bengal, India",Mar,3,Q1,31,False,False
2026-04-01,West Bengal,RENAULT INDIA PVT LTD,Petrol/Diesel/CNG/Hybrid,149,Renault,Renault,France,East,IN-WB,State,"West Bengal, India",Apr,4,Q2,30,False,False
2026-05-01,West Bengal,RENAULT INDIA PVT LTD,Petrol/Diesel/CNG/Hybrid,177,Renault,Renault,France,East,IN-WB,State,"West Bengal, India",May,5,Q2,31,False,False
2026-06-01,West Bengal,RENAULT INDIA PVT LTD,Petrol/Diesel/CNG/Hybrid,103,Renault,Renault,France,East,IN-WB,State,"West Bengal, India",Jun,6,Q2,17,True,False
2026-05-01,West Bengal,ROLLS-ROYCE MOTOR CARS(IMPORTER:SELECT CARS P LTD),Petrol/Diesel/CNG/Hybrid,1,Rolls-Royce,BMW Group,UK,East,IN-WB,State,"West Bengal, India",May,5,Q2,31,False,False
2026-01-01,West Bengal,SKODA AUTO VOLKSWAGEN INDIA PVT LTD,Petrol/Diesel/CNG/Hybrid,180,Skoda-VW,Volkswagen Group,Germany,East,IN-WB,State,"West Bengal, India",Jan,1,Q1,31,False,False
2026-02-01,West Bengal,SKODA AUTO VOLKSWAGEN INDIA PVT LTD,Petrol/Diesel/CNG/Hybrid,191,Skoda-VW,Volkswagen Group,Germany,East,IN-WB,State,"West Bengal, India",Feb,2,Q1,28,False,False
2026-03-01,West Bengal,SKODA AUTO VOLKSWAGEN INDIA PVT LTD,Petrol/Diesel/CNG/Hybrid,182,Skoda-VW,Volkswagen Group,Germany,East,IN-WB,State,"West Bengal, India",Mar,3,Q1,31,False,False
2026-04-01,West Bengal,SKODA AUTO VOLKSWAGEN INDIA PVT LTD,Petrol/Diesel/CNG/Hybrid,187,Skoda-VW,Volkswagen Group,Germany,East,IN-WB,State,"West Bengal, India",Apr,4,Q2,30,False,False
2026-05-01,West Bengal,SKODA AUTO VOLKSWAGEN INDIA PVT LTD,Petrol/Diesel/CNG/Hybrid,164,Skoda-VW,Volkswagen Group,Germany,East,IN-WB,State,"West Bengal, India",May,5,Q2,31,False,False
2026-06-01,West Bengal,SKODA AUTO VOLKSWAGEN INDIA PVT LTD,Petrol/Diesel/CNG/Hybrid,94,Skoda-VW,Volkswagen Group,Germany,East,IN-WB,State,"West Bengal, India",Jun,6,Q2,17,True,False
2026-01-01,West Bengal,STELLANTIS AUTOMOBILES INDIA PVT LTD,Petrol/Diesel/CNG/Hybrid,14,Stellantis (Jeep/Citroen),Stellantis,Netherlands,East,IN-WB,State,"West Bengal, India",Jan,1,Q1,31,False,False
2026-02-01,West Bengal,STELLANTIS AUTOMOBILES INDIA PVT LTD,Petrol/Diesel/CNG/Hybrid,13,Stellantis (Jeep/Citroen),Stellantis,Netherlands,East,IN-WB,State,"West Bengal, India",Feb,2,Q1,28,False,False
2026-03-01,West Bengal,STELLANTIS AUTOMOBILES INDIA PVT LTD,Petrol/Diesel/CNG/Hybrid,11,Stellantis (Jeep/Citroen),Stellantis,Netherlands,East,IN-WB,State,"West Bengal, India",Mar,3,Q1,31,False,False
2026-04-01,West Bengal,STELLANTIS AUTOMOBILES INDIA PVT LTD,Petrol/Diesel/CNG/Hybrid,9,Stellantis (Jeep/Citroen),Stellantis,Netherlands,East,IN-WB,State,"West Bengal, India",Apr,4,Q2,30,False,False
2026-05-01,West Bengal,STELLANTIS AUTOMOBILES INDIA PVT LTD,Petrol/Diesel/CNG/Hybrid,8,Stellantis (Jeep/Citroen),Stellantis,Netherlands,East,IN-WB,State,"West Bengal, India",May,5,Q2,31,False,False
2026-06-01,West Bengal,STELLANTIS AUTOMOBILES INDIA PVT LTD,Petrol/Diesel/CNG/Hybrid,4,Stellantis (Jeep/Citroen),Stellantis,Netherlands,East,IN-WB,State,"West Bengal, India",Jun,6,Q2,17,True,False
2026-01-01,West Bengal,STELLANTIS INDIA PVT LTD,Petrol/Diesel/CNG/Hybrid,15,Stellantis (Jeep/Citroen),Stellantis,Netherlands,East,IN-WB,State,"West Bengal, India",Jan,1,Q1,31,False,False
2026-02-01,West Bengal,STELLANTIS INDIA PVT LTD,Petrol/Diesel/CNG/Hybrid,5,Stellantis (Jeep/Citroen),Stellantis,Netherlands,East,IN-WB,State,"West Bengal, India",Feb,2,Q1,28,False,False
2026-03-01,West Bengal,STELLANTIS INDIA PVT LTD,Petrol/Diesel/CNG/Hybrid,8,Stellantis (Jeep/Citroen),Stellantis,Netherlands,East,IN-WB,State,"West Bengal, India",Mar,3,Q1,31,False,False
2026-04-01,West Bengal,STELLANTIS INDIA PVT LTD,Petrol/Diesel/CNG/Hybrid,9,Stellantis (Jeep/Citroen),Stellantis,Netherlands,East,IN-WB,State,"West Bengal, India",Apr,4,Q2,30,False,False
2026-05-01,West Bengal,STELLANTIS INDIA PVT LTD,Petrol/Diesel/CNG/Hybrid,7,Stellantis (Jeep/Citroen),Stellantis,Netherlands,East,IN-WB,State,"West Bengal, India",May,5,Q2,31,False,False
2026-06-01,West Bengal,STELLANTIS INDIA PVT LTD,Petrol/Diesel/CNG/Hybrid,8,Stellantis (Jeep/Citroen),Stellantis,Netherlands,East,IN-WB,State,"West Bengal, India",Jun,6,Q2,17,True,False
2026-01-01,West Bengal,TATA MOTORS LTD,Petrol/Diesel/CNG/Hybrid,59,Tata,Tata Motors,India,East,IN-WB,State,"West Bengal, India",Jan,1,Q1,31,False,False
2026-02-01,West Bengal,TATA MOTORS LTD,Petrol/Diesel/CNG/Hybrid,42,Tata,Tata Motors,India,East,IN-WB,State,"West Bengal, India",Feb,2,Q1,28,False,False
2026-03-01,West Bengal,TATA MOTORS LTD,Petrol/Diesel/CNG/Hybrid,38,Tata,Tata Motors,India,East,IN-WB,State,"West Bengal, India",Mar,3,Q1,31,False,False
2026-04-01,West Bengal,TATA MOTORS LTD,Petrol/Diesel/CNG/Hybrid,46,Tata,Tata Motors,India,East,IN-WB,State,"West Bengal, India",Apr,4,Q2,30,False,False
2026-05-01,West Bengal,TATA MOTORS LTD,Petrol/Diesel/CNG/Hybrid,30,Tata,Tata Motors,India,East,IN-WB,State,"West Bengal, India",May,5,Q2,31,False,False
2026-06-01,West Bengal,TATA MOTORS LTD,Petrol/Diesel/CNG/Hybrid,25,Tata,Tata Motors,India,East,IN-WB,State,"West Bengal, India",Jun,6,Q2,17,True,False
2026-01-01,West Bengal,TATA MOTORS PASSENGER VEHICLES LTD,Petrol/Diesel/CNG/Hybrid,1262,Tata,Tata Motors,India,East,IN-WB,State,"West Bengal, India",Jan,1,Q1,31,False,False
2026-02-01,West Bengal,TATA MOTORS PASSENGER VEHICLES LTD,Petrol/Diesel/CNG/Hybrid,1271,Tata,Tata Motors,India,East,IN-WB,State,"West Bengal, India",Feb,2,Q1,28,False,False
2026-03-01,West Bengal,TATA MOTORS PASSENGER VEHICLES LTD,Petrol/Diesel/CNG/Hybrid,1345,Tata,Tata Motors,India,East,IN-WB,State,"West Bengal, India",Mar,3,Q1,31,False,False
2026-04-01,West Bengal,TATA MOTORS PASSENGER VEHICLES LTD,Petrol/Diesel/CNG/Hybrid,1145,Tata,Tata Motors,India,East,IN-WB,State,"West Bengal, India",Apr,4,Q2,30,False,False
2026-05-01,West Bengal,TATA MOTORS PASSENGER VEHICLES LTD,Petrol/Diesel/CNG/Hybrid,1099,Tata,Tata Motors,India,East,IN-WB,State,"West Bengal, India",May,5,Q2,31,False,False
2026-06-01,West Bengal,TATA MOTORS PASSENGER VEHICLES LTD,Petrol/Diesel/CNG/Hybrid,576,Tata,Tata Motors,India,East,IN-WB,State,"West Bengal, India",Jun,6,Q2,17,True,False
2026-01-01,West Bengal,TATA PASSENGER ELECTRIC MOBILITY LTD,Petrol/Diesel/CNG/Hybrid,221,Tata,Tata Motors,India,East,IN-WB,State,"West Bengal, India",Jan,1,Q1,31,False,False
2026-02-01,West Bengal,TATA PASSENGER ELECTRIC MOBILITY LTD,Petrol/Diesel/CNG/Hybrid,234,Tata,Tata Motors,India,East,IN-WB,State,"West Bengal, India",Feb,2,Q1,28,False,False
2026-03-01,West Bengal,TATA PASSENGER ELECTRIC MOBILITY LTD,Petrol/Diesel/CNG/Hybrid,118,Tata,Tata Motors,India,East,IN-WB,State,"West Bengal, India",Mar,3,Q1,31,False,False
2026-04-01,West Bengal,TATA PASSENGER ELECTRIC MOBILITY LTD,Petrol/Diesel/CNG/Hybrid,154,Tata,Tata Motors,India,East,IN-WB,State,"West Bengal, India",Apr,4,Q2,30,False,False
2026-05-01,West Bengal,TATA PASSENGER ELECTRIC MOBILITY LTD,Petrol/Diesel/CNG/Hybrid,170,Tata,Tata Motors,India,East,IN-WB,State,"West Bengal, India",May,5,Q2,31,False,False
2026-06-01,West Bengal,TATA PASSENGER ELECTRIC MOBILITY LTD,Petrol/Diesel/CNG/Hybrid,138,Tata,Tata Motors,India,East,IN-WB,State,"West Bengal, India",Jun,6,Q2,17,True,False
2026-01-01,West Bengal,TESLA INDIA MOTORS AND ENERGY PVT LTD,Petrol/Diesel/CNG/Hybrid,3,Tesla,Tesla,USA,East,IN-WB,State,"West Bengal, India",Jan,1,Q1,31,False,False
2026-03-01,West Bengal,TESLA INDIA MOTORS AND ENERGY PVT LTD,Petrol/Diesel/CNG/Hybrid,2,Tesla,Tesla,USA,East,IN-WB,State,"West Bengal, India",Mar,3,Q1,31,False,False
2026-04-01,West Bengal,TESLA INDIA MOTORS AND ENERGY PVT LTD,Petrol/Diesel/CNG/Hybrid,1,Tesla,Tesla,USA,East,IN-WB,State,"West Bengal, India",Apr,4,Q2,30,False,False
2026-01-01,West Bengal,TOYOTA KIRLOSKAR MOTOR PVT LTD,Petrol/Diesel/CNG/Hybrid,657,Toyota,Toyota,Japan,East,IN-WB,State,"West Bengal, India",Jan,1,Q1,31,False,False
2026-02-01,West Bengal,TOYOTA KIRLOSKAR MOTOR PVT LTD,Petrol/Diesel/CNG/Hybrid,450,Toyota,Toyota,Japan,East,IN-WB,State,"West Bengal, India",Feb,2,Q1,28,False,False
2026-03-01,West Bengal,TOYOTA KIRLOSKAR MOTOR PVT LTD,Petrol/Diesel/CNG/Hybrid,418,Toyota,Toyota,Japan,East,IN-WB,State,"West Bengal, India",Mar,3,Q1,31,False,False
2026-04-01,West Bengal,TOYOTA KIRLOSKAR MOTOR PVT LTD,Petrol/Diesel/CNG/Hybrid,459,Toyota,Toyota,Japan,East,IN-WB,State,"West Bengal, India",Apr,4,Q2,30,False,False
2026-05-01,West Bengal,TOYOTA KIRLOSKAR MOTOR PVT LTD,Petrol/Diesel/CNG/Hybrid,464,Toyota,Toyota,Japan,East,IN-WB,State,"West Bengal, India",May,5,Q2,31,False,False
2026-06-01,West Bengal,TOYOTA KIRLOSKAR MOTOR PVT LTD,Petrol/Diesel/CNG/Hybrid,282,Toyota,Toyota,Japan,East,IN-WB,State,"West Bengal, India",Jun,6,Q2,17,True,False
2026-01-01,West Bengal,VINFAST AUTO INDIA PVT LTD,Petrol/Diesel/CNG/Hybrid,22,VinFast,Vingroup,Vietnam,East,IN-WB,State,"West Bengal, India",Jan,1,Q1,31,False,False
2026-02-01,West Bengal,VINFAST AUTO INDIA PVT LTD,Petrol/Diesel/CNG/Hybrid,16,VinFast,Vingroup,Vietnam,East,IN-WB,State,"West Bengal, India",Feb,2,Q1,28,False,False
2026-03-01,West Bengal,VINFAST AUTO INDIA PVT LTD,Petrol/Diesel/CNG/Hybrid,22,VinFast,Vingroup,Vietnam,East,IN-WB,State,"West Bengal, India",Mar,3,Q1,31,False,False
2026-04-01,West Bengal,VINFAST AUTO INDIA PVT LTD,Petrol/Diesel/CNG/Hybrid,18,VinFast,Vingroup,Vietnam,East,IN-WB,State,"West Bengal, India",Apr,4,Q2,30,False,False
2026-05-01,West Bengal,VINFAST AUTO INDIA PVT LTD,Petrol/Diesel/CNG/Hybrid,24,VinFast,Vingroup,Vietnam,East,IN-WB,State,"West Bengal, India",May,5,Q2,31,False,False
2026-06-01,West Bengal,VINFAST AUTO INDIA PVT LTD,Petrol/Diesel/CNG/Hybrid,18,VinFast,Vingroup,Vietnam,East,IN-WB,State,"West Bengal, India",Jun,6,Q2,17,True,False
2026-01-01,West Bengal,VOLVO AUTO INDIA PVT LTD,Petrol/Diesel/CNG/Hybrid,6,Volvo,Geely,Sweden,East,IN-WB,State,"West Bengal, India",Jan,1,Q1,31,False,False
2026-02-01,West Bengal,VOLVO AUTO INDIA PVT LTD,Petrol/Diesel/CNG/Hybrid,8,Volvo,Geely,Sweden,East,IN-WB,State,"West Bengal, India",Feb,2,Q1,28,False,False
2026-03-01,West Bengal,VOLVO AUTO INDIA PVT LTD,Petrol/Diesel/CNG/Hybrid,3,Volvo,Geely,Sweden,East,IN-WB,State,"West Bengal, India",Mar,3,Q1,31,False,False
2026-04-01,West Bengal,VOLVO AUTO INDIA PVT LTD,Petrol/Diesel/CNG/Hybrid,8,Volvo,Geely,Sweden,East,IN-WB,State,"West Bengal, India",Apr,4,Q2,30,False,False
2026-05-01,West Bengal,VOLVO AUTO INDIA PVT LTD,Petrol/Diesel/CNG/Hybrid,2,Volvo,Geely,Sweden,East,IN-WB,State,"West Bengal, India",May,5,Q2,31,False,False
2026-06-01,West Bengal,VOLVO AUTO INDIA PVT LTD,Petrol/Diesel/CNG/Hybrid,3,Volvo,Geely,Sweden,East,IN-WB,State,"West Bengal, India",Jun,6,Q2,17,True,False
